core,enrich_Tumor__Tumor,logoe_Tumor__Tumor,enrich_Tumor__T,logoe_Tumor__T,enrich_Tumor__Macrophage,logoe_Tumor__Macrophage,enrich_Tumor__B,logoe_Tumor__B,enrich_Tumor__Stroma,logoe_Tumor__Stroma,enrich_Tumor__Endothelial,logoe_Tumor__Endothelial,enrich_T__Macrophage,logoe_T__Macrophage,enrich_T__B,logoe_T__B,enrich_Stroma__T,logoe_Stroma__T,tumor_immune_nbr_frac,tumor_immune_mixing,n_cells
MB_img1,24.614841297724944,0.19461032798737385,-12.961994631688219,-0.5296737082737966,-27.471530144938868,-0.9657963982022455,-7.670575585944696,-0.5367753175089903,-11.280971536392903,-0.7183678822013223,-6.722342157662316,-0.6656833224352604,-3.9786011912973174,-0.5452080554956588,6.7166638551608315,1.2300917905200301,-3.519609519403445,-1.2554000179372815,0.13197424892703863,0.6255069851284363,1590
MB_img10,30.16338910637293,0.41145962675411163,-14.615696663305217,-1.5840491135169277,-27.733537786014725,-1.217801359148151,-16.952360301287282,-1.32666656231684,-11.043974345661939,-0.41056103575018954,-9.861918756163645,-0.6437336193257068,1.0056941431182305,0.15747822351120125,11.693142253015685,1.77431375293851,-2.429480498557051,-0.5259495363138024,0.09031413612565445,0.4550641940085592,1324
MB_img100,39.70748035804907,0.22445191199833575,-22.088478304069042,-2.040325181503719,-35.91524209531311,-1.3420094106715448,,,-30.409881148372843,-1.3120930649577978,-18.74281099238019,-2.013340439714939,14.948340574231123,1.756053565303757,,,16.60811465725907,2.018967504640809,0.031203148425787107,0.5530839231547017,1673
MB_img101,50.793127882128054,1.4514878237320576,-5.318405738112964,-2.572081209424424,-14.775211252518135,-1.5034867987152327,-7.542155325365018,-2.622800231863413,-32.89207597332884,-1.9489606682592897,-21.231199201677,-2.891136917355988,0.7314858729119293,0.22302904488471584,2.1865563978243086,1.012072832300575,-0.6861483526788502,-0.12432813500220176,0.03777258566978193,0.4221556886227545,1031
MB_img102,9.500173827976885,0.04216584442708628,-6.577691893792336,-0.43586706141778486,-6.433174518529729,-0.18610228804996148,,,-6.7711790774527065,-0.22976885897226648,-5.773632314855679,-0.443767370580208,2.822933951088188,0.7740276883877513,,,1.4822490469530978,0.5428184910585785,0.06738437001594896,0.9223744292237442,1456
MB_img103,35.60503802370557,0.723873277018301,-14.137940159640886,-1.587777919521134,-18.450899896012263,-0.7819911359758603,-1.244266161293038,-0.29977495264881215,-26.118537454228093,-1.6684724924950871,-10.500184695756374,-1.6912428388910394,1.8787828715996833,0.18609629211345788,2.5714606066439263,1.0209908969159731,8.700928246940153,0.7557273884881068,0.15526574803149606,0.5288184438040345,1100
MB_img104,10.191159809750557,1.3262055664339811,-5.978786998076482,-0.5252465289203976,0.011020607911128051,0.001217787767241607,-4.116539690776921,-0.5719903430167447,0.42024099001113785,0.04942180423882963,-2.644699786364488,-0.537521982381139,-3.2513683679497767,-0.18372955471258495,-0.7086502041691194,-0.04518561183007329,-5.1715400126788005,-0.3375939781114581,0.5137362637362637,0.1793411956079707,873
MB_img105,13.014963365648729,0.21361775396859733,-5.654836067621553,-0.7472731150102084,-4.989198220842848,-0.5181519457762533,,,-13.768370896415261,-0.6398097845237636,-8.582857001690185,-0.7508663211508936,4.633638931753941,1.5413180280622867,,,0.8389501642199588,0.20398683751594526,0.03689024390243902,0.861878453038674,596
MB_img106,35.05700151879281,0.5319182816742217,-34.34774633369985,-1.1138348858846387,-10.738142861461395,-0.5601714641531562,-15.164376967297597,-1.3637654179411427,-13.109786155848399,-0.48811012350217403,-10.476547532369747,-0.6836964543065157,5.062352486131281,0.35984550874033294,9.161072925773492,0.7323833924352027,-0.26031765459996853,-0.01583920175905895,0.16692954784437433,0.45687203791469194,1932
MB_img107,37.382315365046665,0.3578303952190196,-8.467367609665246,-2.149882577468341,-20.81492843828171,-1.3292597165248847,-7.713857909440571,-3.502924600211961,-31.801626211250664,-1.277732210007269,-33.508027784745614,-2.4828931667147027,6.2168692422641,1.7420365837136282,1.404456157363119,0.6723126358239528,2.7130742453445027,0.7583050663766442,0.017821535393818543,0.6666666666666666,1420
MB_img108,25.318959405099616,0.19089766916377687,-6.55076524443654,-0.9503170798566338,-19.423280859934323,-0.675159884213046,-3.598254670759067,-0.5983255004884015,-18.910047710692435,-1.0991749546989569,-16.408956011737192,-0.9407704489868449,4.024750786581286,1.038598926835721,-0.6511194373839027,-0.43295940727610627,5.861903977292164,1.6438561897747246,0.06408629441624365,0.76440329218107,1282
MB_img109,25.532309623375106,0.17777104630790216,-6.823503644511327,-1.0686115149234947,-21.631458708225026,-1.1314524219227664,,,-22.18319105628823,-0.8669819699206791,-16.55705664446035,-1.5814930353792982,2.665624578120286,1.0588936890535683,,,7.67438403990292,1.8262329322632933,0.02640845070422535,0.7613636363636364,1063
MB_img11,32.48407699712593,0.5512626046545713,-3.9114073468395327,-0.7031788895130858,-10.804036270811778,-0.7231023918397507,,,-28.215789773812325,-0.7590310185949558,-4.525918362892241,-0.6333097472792377,0.24314442797015273,0.09310940439148145,,,3.1991325290236823,0.46774241938602523,0.04027777777777778,0.7889182058047494,1286
MB_img111,21.63485272196985,0.04880836191340741,-12.784236191923684,-0.7660388033322538,-22.89373853264336,-0.660183146896305,,,-22.059243510029834,-0.7203226274681305,-12.342682584131046,-0.8376327845967608,4.725683676653718,1.3538373428421062,,,5.408169138866062,1.5226104918951766,0.02760166156536948,0.8048090523338048,2487
MB_img112,61.691563793890566,1.2849952958960615,-23.148194691247355,-3.089598025151926,-8.198981991763205,-1.0379370335882625,-54.998145039227666,-5.61623165229581,2.733541762858396,0.1665556075346363,-5.605866986915565,-1.30578023784579,10.779601352678498,1.3357052334001864,-10.89474654160038,-0.6688612808752568,2.036655768986094,0.25993594115314117,0.036016949152542374,0.053507340946166396,1301
MB_img113,11.040254920842694,0.04891034354469053,-9.6824903960952,-0.2596282623463729,-6.507030418869972,-0.29490537689095947,-3.9993769287134637,-0.37822945191126056,-9.21592232963441,-0.3041093543200873,-5.9342199365075725,-0.340150780371484,-2.3509010392427503,-0.6891814327590188,1.9378041930597703,0.709484857744099,-4.189099198271849,-1.1191717009776776,0.08355224751897257,0.8511326860841424,2036
MB_img114,31.380625382982814,0.18678486805305322,-12.380382236251767,-1.4997699737447214,-36.6393408695082,-1.207397642059607,,,-26.648130275303085,-1.2484280726485917,-7.621575110147527,-1.9227687229171269,9.629494694665405,1.62570398485928,,,8.10427135871248,1.8365012677171204,0.05411877394636015,0.5829823083403538,1617
MB_img115,9.716974676226176,0.01640522265152037,-7.320051058269922,-0.4842584582096831,-5.809285559616671,-0.43765020526821047,,,-3.7155348933766787,-0.18352103571469308,-16.05983089173862,-0.7155719860417339,10.157273993255023,2.5658536777734513,,,3.0673265620107513,1.325539348439741,0.007753623188405797,0.9097222222222222,1792
MB_img116,,,,,,,,,,,,,3.00131585450106,0.8230970161951153,1.7306276394633815,0.7642729401619416,-3.11916602795393,-0.6906033338391712,0.041666666666666664,0.02197802197802198,265
MB_img117,29.005343549077846,0.8244885737621246,-10.065315759646023,-2.795974694206668,-14.212083511495173,-1.6703703698357453,,,-23.885930881552635,-1.0863156459497911,-10.802999240457071,-2.1551255512578744,7.364053674728785,1.4128024948955353,,,3.8449947899730064,0.413357667875136,0.024849397590361446,0.4619289340101523,749
MB_img118,20.801710573901513,0.301963260823171,-2.5704547940849407,-0.5299344953887664,-15.647452534394512,-0.883067687454299,,,-20.815984396445646,-0.8482289332639303,-9.355457443554114,-0.6875615178513153,1.404474804712282,0.6145689628064795,,,2.0119177582188024,0.6672920663593951,0.052067082683307335,0.7660550458715596,969
MB_img119,31.827903504934287,0.510813588167117,,,-4.853713361586844,-0.48671437303070214,-14.225723812389054,-2.2446919394920695,-31.735339872678882,-1.3434491064414371,-19.74749374283449,-3.2887424422432385,,,,,,,0.027607361963190184,0.7463414634146341,803
MB_img12,85.7957097369738,2.1772521364053863,-24.796143668154404,-1.311484910244791,4.352867587731546,0.6060857922869102,-44.58610352054669,-2.85923891460418,-13.084127046774716,-0.8549013653167631,-14.76288168089789,-1.8429331327737384,-0.07017465490369086,-0.009500740308882955,-24.305703326771052,-0.7113621418217494,4.010467041907996,0.146565850130877,0.16583665338645417,0.1066951566951567,3035
MB_img120,20.43953366555769,1.3626814887087442,-3.5307704074577613,-0.17963692451390698,-17.419382765896614,-2.3509472154655393,-3.375189905165868,-0.38031012135602743,-0.4190549252471713,-0.08645328966807776,-5.425802064989399,-0.5156102936150421,-20.045960326984723,-1.1935464806839282,-5.2537892364465035,-0.3272596379041727,-4.192687488085683,-0.6418077424743436,0.4432471264367816,0.21544471153846154,1087
MB_img121,17.068951752636835,0.15521787240786852,-0.7975974154368534,-0.048534511504857436,-8.804683544060515,-0.5272885241026608,,,-14.313946666788208,-0.6978173396034812,-13.410283552343792,-1.612296324507901,-2.173057418183217,-1.1516423745930924,,,-2.81234302065977,-1.0662614422687215,0.05588235294117647,0.8758169934640523,754
MB_img123,28.47371197663512,0.14426952129308124,,,-14.274810215200215,-1.1355984166771158,,,-31.730661067019533,-1.1638010763208888,-20.958973656504735,-1.3961546383002765,,,,,,,0.006126295947219604,0.8560606060606061,1252
MB_img124,7.76018379275667,0.33825552347798715,,,-4.5517684425336284,-0.5405683813627028,,,-8.558420120768076,-0.7231104412484648,,,,,,,,,0.07216494845360824,0.8735632183908046,164
MB_img126,10.974400335558109,0.15232615117262463,-2.646168961352796,-0.429137696323698,-5.831441296100153,-0.3466738686896733,,,-8.634379038858885,-0.44021786859831497,-11.260284474455446,-1.401318397571867,3.649699044338913,1.2615924316598874,,,-0.5283206137742925,-0.29042440386529966,0.06553708439897699,0.8343558282208589,511
MB_img127,30.97169664708295,0.3100774338204746,-14.83089104250634,-0.9868594417116034,-9.016602034218135,-0.4954367586827556,,,-29.031316777793425,-0.6834897993696809,-6.242781592443156,-1.4413608935113753,0.3271092127767191,0.07446084466059792,,,9.929617816604443,0.6957789596350549,0.05414572864321608,0.7865853658536586,1572
MB_img128,62.646323622448016,1.4587065912660038,-33.048101271316874,-2.4311870544231162,-31.063157325251687,-2.2954515275563074,-9.393271803310366,-3.533652334801488,-28.150971550245874,-2.5341707012437817,-8.649365766112881,-4.1340840032087875,1.9232156726586376,0.0834880631693939,1.9393825240752265,0.27164125332130235,4.641323342229354,0.22804293031557626,0.09404205607476636,0.13950850661625708,1372
MB_img129,30.784873487489,0.3700405848051157,-4.2341564432575245,-0.8786076457175303,-5.161665170115703,-0.7397476469641001,-6.276522873730087,-1.8873086336001206,-30.42838407979129,-0.8837483838224962,-9.875901096355252,-1.4677763190497877,-0.8736179166018327,-0.769771739249448,-0.49411038139300106,-0.3448284969974413,5.751567262912279,1.0791870281591118,0.005934718100890208,0.9487179487179487,1014
MB_img13,32.09565323763829,0.4946771225739145,-4.811987013636788,-0.80711243192494,-27.09367584721105,-2.2069970887214962,-1.1347981709683683,-0.21913872779438093,-22.171976895721983,-1.051337571872818,-14.13093098823437,-1.4903867564337665,1.1990864236210408,0.3953355848362957,-0.7114891020775245,-0.6415460290875238,3.4644884997455607,0.7529660728599215,0.023351648351648352,0.37115384615384617,886
MB_img130,-1.7144903599137953,-0.012838854146705388,,,,,,,,,,,,,,,,,0.011284722222222222,1.0,149
MB_img131,3.2017917651237147,0.00504569963696194,-5.590496249769142,-0.2513914204037494,-4.528809549886178,-0.27058431245771,,,-2.941335636263688,-0.21066593282360985,,,7.342019062896584,2.2515387669959646,,,12.46344546925748,2.7501409829139396,0.018145161290322582,0.9128630705394191,1465
MB_img133,17.43216360976947,0.31241490090457813,-3.9397232979779564,-0.5802527041507448,-15.031546577411165,-0.8673013278367567,,,-14.152654757233257,-0.677430914722133,-6.7593054110269115,-1.2786984816683244,5.4001397522443995,1.18395623968034,,,2.1647075335605055,0.5345851896210931,0.07984293193717278,0.6339622641509434,599
MB_img134,35.62245247971643,0.7120377649951327,-5.402063235136733,-0.735040717241714,-11.787594401567258,-1.1051053331733465,-2.4107493271208447,-0.3995439956547224,-31.684308042933555,-1.0109388406419346,-10.176869758187534,-1.4012914919100226,-0.24848601598527073,-0.06935846322382239,1.0455334646902914,0.529370174757839,3.6584429540868664,0.34969171148514416,0.058576233183856505,0.7198879551820728,1008
MB_img135,37.23904767841624,0.12427947161316942,,,-15.337795195659352,-1.4182770146350434,,,-34.71571637987065,-1.21983026348958,-35.53221720770167,-1.8467082105863775,,,,,,,0.004177807486631016,0.9545454545454546,1707
MB_img136,36.95353727082791,4.35684651109059,-7.02486950419189,-2.6663305363496237,0.7217809455223155,0.21340363810919336,-4.886727740703244,-4.615298579092115,2.014914573968712,0.41961328239473666,-5.062531751373131,-2.2034249166956386,-2.330436121656624,-0.19998714391877256,1.394065392724773,0.08255182317005097,-14.583220095081822,-1.1198336835787077,0.15625,0.014796547472256474,796
MB_img137,50.87020780836397,1.0605430208646052,-13.160697459156173,-2.0676094268460075,-23.85357326938416,-1.8987887971115542,-11.440241656004309,-3.377540251574055,-34.14751877489262,-1.5117898825671268,-11.177939486402417,-2.285606299216359,8.507121133573618,0.9103581830543368,5.167297569535699,1.231437560939455,1.8334706099829536,0.14114810282126594,0.05344036697247707,0.30116279069767443,1439
MB_img138,8.22736410937058,0.027534771055187195,,,-7.776761677485513,-0.23896328843866357,,,-5.401119120576895,-0.25954300731520397,-4.625899171187119,-0.3389811476397176,,,,,,,0.04881716118684844,0.9051851851851852,1371
MB_img139,14.41529329195076,0.11611241846599125,,,-7.856235102924669,-0.7578558507959786,,,-16.777477699914854,-0.7076894572204803,-5.558482517879975,-0.43929068104201746,,,,,,,0.02003338898163606,0.852112676056338,726
MB_img14,5.416135970313406,0.0056457983297807405,,,-4.644222906826926,-0.1972756777321487,,,-7.115623164372412,-0.351557662450426,-2.877677707079251,-0.18985383702110017,,,,,,,0.01013684744044602,0.9748743718592965,2019
MB_img140,,,,,,,,,,,,,1.6430271506477405,0.13279540498139844,4.256841156793863,0.5585710018297553,-11.056746797928017,-1.0878479900129796,0.125,0.004767580452920143,595
MB_img141,,,,,,,,,,,,,-9.024487416557283,-1.5573365626837044,6.586776534323082,1.0704614644468713,-1.61715341662268,-0.40159523636677114,0.125,0.007782101167315175,441
MB_img142,,,,,,,,,,,,,-3.571690405894117,-0.17082533414979237,-1.7802480483125125,-0.49057013044620135,-4.464764479176443,-0.21943907502007198,,0.0,1469
MB_img143,23.388682038780804,0.11734215321640906,-3.1394620261159356,-0.15849466946769222,-22.736655242698227,-0.6746883036130973,-5.087300550477567,-0.8091400110905228,-22.644643578615806,-0.706656086670779,-7.0017908446945505,-0.823320306017857,-0.6266237764332471,-0.20257444256179935,-0.09353117716620137,-0.0738202332916713,3.2349355770621147,0.6821327577519027,0.061377245508982034,0.8135135135135135,1838
MB_img144,14.968971899734102,0.05289494843212555,,,-15.46902402356551,-0.5419939193438116,,,-12.483692122244051,-0.6996369526174417,-12.642711664462214,-0.9802864924257221,,,,,,,0.025295420974889217,0.8565656565656565,1480
MB_img145,12.075523059165457,0.06247855781760788,-9.612621469787673,-0.4382016912001877,-13.266489747048492,-0.41200086806555664,,,-3.391649213454478,-0.16883130041746158,-5.010111011437128,-0.3185086861364563,4.206463357910006,0.6418685499091572,,,-1.3839046999380444,-0.7942425592394536,0.08821321321321321,0.7941386704789135,1584
MB_img146,17.386683993061368,0.11217189483221716,,,-13.16865197453072,-0.3901018681469318,,,-12.060932489137278,-0.39298057840564654,-19.38233103381592,-1.2890317612327613,,,,,,,0.07697426796805679,0.8459958932238193,1435
MB_img147,11.992089323026002,1.6663352346075717,3.0608542387028534,0.23556891306246266,2.8591741274213143,0.854034897501869,-1.6375205681708211,-0.7262084261569078,-10.081282168485671,-0.8635757363954389,-2.5837111956678345,-0.4442305196111265,1.5139900718952812,0.37225168650461865,-2.3767043426506573,-0.684936821861935,-20.582662925861626,-1.2119365180927604,0.38306451612903225,0.29545454545454547,616
MB_img148,19.971221770704947,0.0577635351752722,-3.9960408029288987,-0.35702754381547447,-24.077007219191167,-0.5549614737294906,,,-7.839314916498659,-0.37992063698530765,-4.905150759733299,-0.3154287861146606,2.734527692538179,0.9253891766579173,,,1.173786723328669,0.5813602640409606,0.05528011898859692,0.7962830593280915,2265
MB_img149,27.331161771933395,1.6282685685924838,-9.346550547427825,-0.8345419946396855,-15.794942615588514,-1.1026507972608774,-12.099084596774114,-1.1020910531753285,-0.09551508239946303,-0.020235488401988678,1.5432744600025623,0.15577013718611088,-8.088294293486218,-0.43664170474795616,-7.842069964941858,-0.533326412900138,-0.5319589231625232,-0.09650971277912655,0.3476123595505618,0.16467576791808874,1069
MB_img15,7.307568212191065,0.029874039110199514,,,-8.154272501702362,-0.6023125826965856,,,,,,,,,,,,,0.01873536299765808,0.8285714285714286,447
MB_img150,22.27496901545803,0.2105696197988237,-9.78905917430705,-0.4745174250061095,-19.424356366535385,-0.8741801053710591,-7.134401726721954,-1.5169156495239373,-14.514077373009467,-0.6255075266485615,-6.060974705232137,-0.4743954810805922,4.458123974294215,0.5932654495982572,5.141399330881972,1.6989977439671857,-0.389663122963401,-0.07014825594817033,0.09345637583892617,0.7063740856844305,1045
MB_img151,19.116449844246546,0.12996038056695533,-13.851805267715976,-0.4577978821653437,-11.860919524512129,-0.6577475947479967,,,-20.52559853467273,-0.9919934430067363,-6.725041983007648,-0.5106907105086721,-4.510239447898991,-1.690315500867385,,,-7.166187709775736,-2.1859722333844105,0.09141610087293889,0.765625,1297
MB_img152,17.0418350490324,0.3067779361401538,-21.909162356850572,-0.7852760924897093,-4.195453639257877,-0.34107342281453246,,,0.9428221856211645,0.09329617311993037,-6.074168238957792,-0.6172810664548655,-10.673689291356935,-2.777156666004501,,,-7.419949669648334,-2.493134922305505,0.2154535864978903,0.5452920143027413,806
MB_img153,15.30703852644272,1.7898521584679643,-2.5614724707356697,-0.2442781985781443,-10.243025617195912,-0.9170509587207148,1.7847733039525868,0.14584302930027349,-3.2128697222648643,-1.955126781261366,-2.406174350567773,-0.8301031759200362,-14.327754321525761,-0.59038085881134,1.9651108724091222,0.08859973524276168,0.6771012888190603,0.12352638910585377,0.6807065217391305,0.12228838792003403,1160
MB_img154,20.30939870032327,1.1240263436456683,-5.341748934466371,-0.6063557672425252,0.36509680758148055,0.042186682215165375,-2.85337418187723,-0.37203300090068336,-0.4159397411759332,-0.061400544664143256,-15.186784775231377,-0.5670628289125934,0.4239783267509304,0.07358647005762345,-1.0114267067220226,-0.193563482870531,-2.0552933757155,-0.4412647402840846,0.1540084388185654,0.5344827586206896,1189
MB_img155,21.945775504245198,2.013815109667622,-3.835982887135363,-0.29747967517798013,-2.689907491824073,-0.6934471309995536,-4.829559920681205,-0.4858259079199109,0.05997131706330121,0.009693396203844093,-4.968293733522788,-0.33604004182096836,-5.4228262051538225,-0.6435384971744269,-1.0261531025466184,-0.04672386559084133,-11.691499370406396,-1.68326457433296,0.36637931034482757,0.15797979797979797,1689
MB_img156,19.89410053141199,0.7422479598268361,-1.047603080824821,-0.08222958265991864,-11.910019100120554,-0.7071265554445232,0.5110304055555688,0.12573267172554606,-13.363588123685899,-0.7697829317384285,0.22755577812876518,0.025305337543915344,-6.600643292375419,-0.8916211813216633,1.5701498791066295,0.6281623826695796,-6.16003818327366,-0.7972638793387383,0.2140748031496063,0.5376647834274952,728
MB_img157,28.760631534109194,0.748419830811441,-11.615881217739778,-0.4573238612192671,-12.430135677255556,-0.8374387148563734,-20.452393652307453,-1.2367683678807109,-1.7509178077331853,-0.1827325215425376,-10.174090504468682,-0.6743344460297589,-5.749863970732319,-0.45932994521388665,-1.770279076289081,-0.1096767962429677,-6.122108542263969,-0.8641107639554859,0.2921717171717172,0.40900791235544737,1377
MB_img158,27.482384502523942,0.5349101625757726,1.0094540240217,0.08877233207374127,-17.001866624826636,-0.9483328977431541,-4.960313736489639,-0.6061356245997052,-25.48002604864872,-1.050451944194976,-11.159975204907985,-1.2734412913391178,-1.108883082391242,-0.3010998376244434,-0.4017571563255752,-0.20342491669563842,-1.4342874349892658,-0.21604395147936836,0.0908886894075404,0.7097661623108665,1068
MB_img159,17.65611716217089,0.1709857349561806,-10.34423341257378,-0.44225284786450747,-1.093955836837472,-0.10448744315944747,-14.443871792340024,-0.6615396568863056,,,-11.99317874967279,-0.32694451050268525,-0.12108258231079029,-0.04318295792656216,3.3660872986023067,0.44621581012058925,,,0.11980830670926518,0.7232394366197183,1424
MB_img16,8.214615929158528,1.2372580179372152,-1.0063853991261533,-0.14353760211141478,1.144963692071434,0.20359768674054457,-1.0996726826843848,-0.7092906357233577,-5.8310964812536605,-0.26821866099494196,1.8649981706014291,0.5171517169315346,-1.2812354149507887,-0.21922054498889326,3.040021197971225,1.0167432638345764,-0.5329163482025986,-0.020712114508404024,0.19318181818181818,0.4154727793696275,879
MB_img160,31.141384763337324,3.87655451723756,-5.37292072155013,-1.414135532984451,-1.1480785283153017,-0.17050779080224263,-6.3792372063769305,-3.4076926486656762,-1.6925201302167807,-0.9616233282869445,-5.703842024616689,-3.336521436712574,-6.105434298193917,-0.3315379696340179,-5.452288855210956,-0.3936907641874536,0.5198416247447503,0.06626316723121445,0.3522727272727273,0.036875303250849104,699
MB_img161,22.51215053341666,0.15482176464084524,-16.212473040563342,-0.8330527858466671,-17.088738427375745,-0.6259489104292354,-7.719368839320707,-0.6994949276417805,-16.956869469275123,-0.624268037655688,-7.369800136434118,-0.5239150362715271,6.428816381842277,0.7929046580754316,7.852319416697749,1.6737502991625441,7.154123874507843,0.9612422811577128,0.08830789946140036,0.7171875,1458
MB_img162,17.802566880042264,0.49905475566892765,-6.692668202931044,-0.4187892448142004,-8.199275822842683,-0.5796092662269493,-5.985558018638385,-0.4830980211102689,-11.062708161247928,-0.5767048984115108,-9.57834234465009,-0.39919900137543063,-2.547661023527254,-0.4660780803364037,1.9494841419988598,0.2917858417485301,-5.038175579111892,-0.5853143346555639,0.15760869565217392,0.6426256077795786,1263
MB_img163,21.26735445822125,1.34690940144869,-1.8777382283636743,-0.3963965015660302,-4.296094584203126,-0.41550731464328394,-2.782163170678258,-0.7464062445763251,3.000172918785556,0.41088756204864635,-16.160495393853132,-1.2271430600118793,-0.07454340361619911,-0.014355292977070054,0.8183933246520824,0.3227480409400611,-1.4954335546007373,-0.708739041359579,0.16964285714285715,0.47721822541966424,498
MB_img164,,,,,,,,,,,,,-2.840474514560123,-0.19837110785479906,-12.88470443359826,-0.8801586459567867,,,,0.0,698
MB_img165,21.784426631944804,1.033625933934954,3.5917275837030993,0.4386522971471328,-11.804015883896046,-1.9666150377717058,-2.489182578751748,-0.6204925735764412,-1.1835576792979479,-0.11569915343158656,-21.186032644599244,-1.1707191025117827,-2.5155708053458654,-1.15704371014558,-0.07921744090310918,-0.04264433740849383,-2.8381773859979393,-1.2345779597845659,0.06593406593406594,0.630901287553648,559
MB_img166,,,,,,,,,,,,,-1.4810459106648757,-0.49293779242327046,-0.31038223052835046,-0.13586316536867926,,,,0.0,107
MB_img167,,,,,,,,,,,,,-4.911376433368651,-0.24820225097558835,-0.017808973966665663,-0.0027717492500537975,,,,0.0,541
MB_img168,18.01923802123354,0.566151316107044,-4.569478877762378,-0.8966351413029086,-1.4836889160135291,-0.13267838442082888,,,-13.286317932590366,-0.4880546761544134,-10.319471794513483,-1.0728526587594878,-0.26499193994960746,-0.11325597750325764,,,-2.8607420231172362,-0.5391110784725529,0.06799674267100977,0.8739130434782608,725
MB_img169,23.938190420923647,0.4673872019993091,-8.841404156353173,-0.3389901699538329,-8.299796994420646,-0.5683204167347458,-3.11866626753224,-0.32213417945894185,-23.562798679654474,-1.069297109015508,-5.64399887125826,-0.3598497633279995,-4.853017569336975,-0.6630629852898424,-2.2856607476553883,-0.4559760600010781,-16.52036996990507,-2.021297488410539,0.20464601769911506,0.6382369776760161,1165
MB_img17,19.746801589696094,0.23625888381903953,-9.960595205883987,-2.3061031277256796,-5.270344434451376,-0.6191628183607708,-5.0808392652829975,-0.4808036621483975,-20.882453770397348,-0.6974400804899666,-11.31330389655161,-0.928738780444262,6.309144474246668,2.055557976490312,3.505198989779378,1.329677594492297,6.148629277706563,1.2353829986049236,0.02214170692431562,0.859375,874
MB_img170,51.38038413403922,1.5185209411854095,-30.52234531356369,-2.374753113347425,-26.869588099607128,-2.857904457551444,-20.893344564067373,-3.7606254831876553,-3.6604000823926444,-0.21284944661615318,-13.440032207018591,-1.9121786577071738,-1.0231307939040073,-0.05063789435338411,-0.003781104734942949,-0.00027390343547559177,-9.401370378238699,-0.7041174299779924,0.07171052631578947,0.09510390982740402,1373
MB_img171,18.35429715566769,0.391234745729196,-6.999201109668745,-0.38651149401372303,-12.719673371598546,-0.5565242262615656,-8.38369711757315,-0.6075841666841065,-13.850624110041139,-0.6231979875114066,-1.928637617788589,-0.3041803886038248,-2.4055721894567217,-0.23820454069287814,-0.7044137342437206,-0.12236211671144247,-1.427215095961484,-0.13304028616402025,0.23728070175438595,0.5662763466042154,1182
MB_img172,19.01104919990101,0.178842076246923,-18.44106471379244,-0.44338143127689766,-8.197675626604653,-0.7347342498925236,-4.342849768879922,-0.35201782432408624,-3.172517634387312,-0.2876495920950049,-12.938092643012043,-0.7095520586402684,-3.4826064531745837,-0.7382634357618533,-2.9912607333622234,-0.6664123143408982,-3.7010437025017504,-1.0501533886471384,0.1905952380952381,0.6982758620689655,1546
MB_img173,27.466921417335378,1.5759737174939015,-1.8707485990553412,-0.3498314902468047,-21.96882365569561,-1.2733720326566087,-0.9456994373570344,-0.038978595902798174,-2.185844996835083,-0.8892571977693798,-2.019403054825816,-0.6746866199279993,-5.450741529257095,-0.4456452204750994,2.733660565074605,0.22269799684457703,-0.8285025546588903,-0.6353674541583993,0.5460829493087558,0.18181818181818182,1475
MB_img174,5.1284434714787075,0.17844607471413704,-1.173390394732369,-0.14684138832927113,-4.281236381181523,-0.5933303340558302,-4.618180464763375,-0.28712748861363663,,,0.6276991446985466,0.05550787421418669,-2.507656006412567,-2.0027025203798234,0.36927484421719226,0.07336795918374324,,,0.27358490566037735,0.656957928802589,287
MB_img175,33.2152851698036,2.9705415578528074,-6.820820109450256,-1.0301398600719973,-8.22278804041619,-1.1277983383658214,-9.779898233153936,-3.1744863174603974,-2.2871583119694683,-0.2987915960894277,-5.232799321861441,-1.3023508427279622,-7.064836633364843,-0.402145815957334,-6.059551077133812,-0.5117309531147046,-4.947666796104051,-0.36230288889577184,0.263671875,0.06218905472636816,963
MB_img176,19.040964992709437,0.3036190421028876,-7.286521582052123,-0.8383755532484712,-14.872390830176144,-0.6107448008224499,-11.90227906635261,-0.37429756740505554,-1.742019669059703,-0.23815432978192866,-11.77774852433402,-1.1254812472263431,3.0972000797368637,0.5295699771043431,-1.0297470502177677,-0.17822302040530558,0.8286406936230053,0.4402634755670174,0.2705673758865248,0.5875780479789682,1257
MB_img177,26.71289912387641,0.4430644141205751,-1.2599979096432314,-0.06908362296098153,-29.457196453033337,-2.4530623924596986,-20.058809398685842,-0.6404474581624046,,,0.4857007804472831,0.02410782467948785,-7.912003219744574,-2.422074662863552,-1.4268624672559418,-0.12536180635178007,,,0.2423469387755102,0.4557284299858557,1475
MB_img178,9.631268241203642,1.0453085019673638,-3.409009544718463,-0.7188846530641558,-3.957513902661729,-0.41582625747291374,-1.266910362497607,-0.4750848829487828,-5.4137787564143895,-1.2497703822139203,0.2304062633702327,0.0157764040477652,1.7288830554490664,0.1790432184964994,5.380918031922779,1.3584539709124763,-0.47535743675026515,-0.09682668060033194,0.24845679012345678,0.3082942097026604,586
MB_img179,24.76383503659659,1.3534743688699231,-1.3113552317099082,-0.4610449205005674,-17.47150616498498,-1.3441124639533484,-6.014371630819537,-0.18560943388862805,,,4.964119879238655,1.1062494982794342,4.7245042433474715,0.7704120772593482,-3.5812675407967904,-0.5227981345903019,,,0.6135,0.19289052542132842,1700
MB_img18,41.22915012104495,2.9466841854675434,-2.4032386868651225,-0.3216282829492741,-7.733961395905736,-1.5334167701050752,-7.289003744520653,-2.5716768099709313,-7.698463087807574,-1.3349114612620632,-10.592410607369755,-1.0124982888650218,-1.616116243610536,-0.16959249019555386,0.5420823200491627,0.06960807964655287,-0.6539536420158607,-0.06100400483332335,0.13980263157894737,0.13429522752497225,883
MB_img180,23.450814800874024,1.7300113763752065,-1.9235930803816004,-0.25395282579580963,-7.631881547849349,-1.3781332445198506,-3.67731524482409,-0.7442612444747501,-5.581059598573809,-0.5055242915502637,-7.75928895584044,-0.6357391861010662,-1.1534942471100043,-0.1893089116328924,4.716148149454599,0.7287784094164388,-7.56486655937374,-0.8890765355394648,0.15178571428571427,0.28401360544217685,834
MB_img181,26.502112817610865,0.07338277962713019,-9.087447653468105,-0.9903142320379368,-12.024768780384607,-0.7427823402000189,,,-35.97057179616496,-1.345944996753353,-9.732810871534436,-0.8047763779558278,1.4205731832658555,0.736965594166206,,,14.641098532342651,2.7089512179966095,0.007452366318377382,0.9230769230769231,1770
MB_img182,33.97122937983657,0.27541922649309153,-9.824377891529593,-0.5058115539195943,-39.71001956104837,-1.0700337091160455,-11.862400887070187,-0.5435500708510204,-5.140982001844629,-0.5192987615111385,0.1280561354137132,0.012042523899593089,1.8977136075693903,0.1965609895651484,1.298953227958901,0.26636271327846583,5.601848751520732,1.4908615842822897,0.161783305227656,0.5518110236220473,1750
MB_img183,24.591742301909314,1.1710671021890728,-2.248282068349594,-0.5221673739852599,-5.2024767676707375,-0.6805289509081598,-4.996740571100969,-3.421559944901823,-4.631371123518272,-0.8570068736426658,-25.652441339548925,-2.1486717438642313,1.4978049944347058,0.4446746410107545,0.4085736881298637,0.23871472663838078,-0.21965386145402221,-0.09895848008816899,0.07633587786259542,0.6956521739130435,376
MB_img184,61.17606410106112,2.9105507118403113,-9.554933368611046,-2.0892760439891696,-27.98967171175881,-1.6637664553823475,-6.149122499200705,-1.2681664499735976,-5.471087153563764,-0.9971117206751736,-0.8531703375964002,-0.36667191611176,-13.761069306269796,-0.5768282852465062,7.076629560153835,0.6741268369946972,2.017967807186898,0.23517263047928438,0.2417883211678832,0.06303782269361617,1445
MB_img185,21.924418665466167,0.5376555950899209,-0.9951538106899532,-0.21504577253438706,-12.123091117759516,-1.2237443143364068,,,-19.549859385217104,-1.00925458266559,-4.705498817036359,-1.2176184853510479,1.041761988765722,0.4890380807226206,,,1.5888570563910382,0.35206564294992876,0.04214015151515151,0.6402116402116402,486
MB_img186,42.19428943957163,0.5185441172436002,-7.235127279001102,-2.2925977202664525,-17.818638555678234,-1.1707419829522445,,,-43.77075454231543,-1.2379364777986157,-16.069164270967217,-1.55396820419941,2.2874743420056407,0.9280848178776417,,,5.524774890328778,1.0024064977070952,0.021690767519466074,0.8059701492537313,1516
MB_img187,56.660233647068935,3.4874440572644922,11.791271104433589,1.364920566413707,-0.37242763907634685,-0.09423606984576563,-40.12121151898269,-1.9174622736246423,1.486384521062557,0.6062036482953266,2.327010093478411,0.45941201693566613,3.708599445568916,0.7690382999383818,-21.257475160702768,-0.6854321521072637,-0.7944936087409471,-0.4347394137213921,0.3627232142857143,0.0426731078904992,2182
MB_img188,8.708423069251095,0.1585879407921593,-1.6089231646509616,-0.18462178685262992,-1.9660725778550587,-0.16250241882446953,1.3649162896280673,0.2060473828372227,-9.018726961679935,-0.18630163192512453,-3.9280137261045813,-0.3245245190155547,-1.719519110343509,-1.1199094637351967,0.8410267703531189,0.4873517040947341,-0.8349160386846753,-0.11000338570408241,0.04617117117117117,0.9154929577464789,1494
MB_img189,31.373142079154164,3.9785202725895483,-5.172001852858192,-0.8055998183850749,-3.558106875701227,-1.1824478350838694,-2.827946660015568,-1.0107798387532425,-2.447308447864917,-2.710393192170516,-3.875904959631408,-1.5357764954034816,-11.024013997295805,-0.707320216176477,-2.7065761443867093,-0.153740308598374,-3.65237682318017,-0.4760622931814179,0.3819444444444444,0.034074074074074076,632
MB_img19,8.34500796208533,0.032665634434719176,-3.9176202564053124,-0.16657462366384165,-3.997319846856121,-0.25377625628770334,-6.141279226077895,-0.36441002607713974,-2.8404824835385063,-0.14386799706410153,-8.765488538972987,-0.342451307940736,0.6214803630701458,0.2926014236178505,1.6363887977282434,0.6678490453965215,-1.7530319931458478,-1.6712933724815757,0.04665213946117274,0.8888888888888888,1426
MB_img190,17.145823281002905,1.3442195665828036,-0.5994754206580832,-0.08754987904958075,-6.3556129615638275,-1.8777442499490022,-2.3504630146292516,-0.6421764398648209,-9.29229644930694,-0.8288799154593335,-6.252356926990105,-0.7313570497816616,-3.3933653205295333,-1.211679747306733,-0.005395896774000405,-0.0016021045965015474,-8.004458531521909,-1.2796249891203206,0.13734567901234568,0.46530612244897956,392
MB_img191,33.81231296387748,0.7212853717692648,-4.096820250690501,-0.15954362989762771,-35.73216019120729,-1.845517094180353,-12.048834677325775,-0.9661856743957438,-6.1628068977391965,-1.0812127748148317,-2.1771279340964105,-0.18809840644835119,-22.145284303037442,-1.8998486015426466,-2.2203163483789568,-0.21577733602186205,-7.250995472397495,-3.105733943256541,0.30159474671669795,0.3760041461518528,1370
MB_img192,15.158038582099069,0.08870849998461677,-6.273103098358708,-0.5322865461479617,-16.081052334030232,-0.6169222421187011,-2.518390344801501,-0.36231150871623435,-8.435223632159174,-0.4606338965497594,-9.0571670710158,-0.9251639321842047,7.220800929228487,1.5115454801321901,0.3643292465556106,0.2515387669959644,1.0992031250967387,0.4802065137588997,0.06038251366120219,0.7745504840940526,1071
MB_img193,10.641088626788017,0.24352571302440856,,,-16.063894131887302,-0.8617952066710622,-1.3313865919389973,-0.11282003894887724,,,,,,,,,,,0.19796137339055794,0.594885598923284,351
MB_img194,18.667005178995783,0.35462473898608143,-15.165033164388147,-0.4879257207619563,-5.293171919614605,-0.3756993513283431,,,-11.867885102508385,-0.6658391234742391,-9.353096708041189,-0.8908982893542705,-5.988509221026813,-0.7938716926939818,,,-8.371079295490755,-0.839033169899182,0.22823383084577115,0.6074498567335244,1122
MB_img195,14.023123390158716,0.1465583742123438,-5.865730604875214,-0.5182500777204566,-3.881810744921155,-0.20715921570338325,-4.943951826672459,-0.9644472741236828,-9.54763478717573,-0.4556728731715975,-17.082945653072937,-1.2047667506546131,-0.362455135050499,-0.1416705847391117,-0.24371651424294127,-0.17632277264046295,0.06675837163535096,0.02099089691597333,0.06695688225538972,0.8955555555555555,787
MB_img196,2.5535931952109534,1.1413558492455416,2.586667370374478,0.5115317323890319,-2.5288298058212764,-0.6483653982964471,-2.254439315686056,-0.459894441196222,3.739388679474398,1.2238960119268358,-1.7303755024649012,-0.7013272574129404,-10.130277956885344,-0.37720319383167533,-20.284726458490926,-0.5838957973574622,5.795029062532724,0.39739800997143426,0.7666666666666667,0.010632526852555061,2891
MB_img197,61.04758580381237,2.4569096602372733,-19.729603316514492,-1.2108267070376433,-6.618027513334221,-0.7439034155807933,-21.748113988674934,-1.4028894462977914,-0.9214962744856855,-0.1304874022508316,-6.477751099327679,-0.9213679698245775,-4.270099590648315,-0.2261666022264643,-18.254240659831375,-0.4784693811149773,-2.6621907145257344,-0.16090866648418128,0.30709876543209874,0.09790398918187965,2242
MB_img198,46.04206831103689,2.1996757093343193,-10.83403858138079,-1.1517585891716533,-15.391649899067676,-1.347857804277266,-14.758125124335264,-3.0181368529312267,-0.06459587344453585,-0.00671979973325903,-0.7207367961825133,-0.0669147467224135,-6.679007291560126,-0.3389312610891281,-3.4499805348322803,-0.23739855231050347,-3.1179009376391194,-0.2683944678809683,0.2007142857142857,0.10080183276059565,1370
MB_img199,28.788728148196178,0.9277889434588229,-0.47346744573548194,-0.0357083577005153,-6.097649484897132,-0.42789762043867313,-13.49571040220148,-3.0380933110331503,-19.317977564896612,-0.7647766511583854,-15.61735457151222,-1.6916762753597834,0.8266798054538088,0.12517904814945102,-4.431040653662415,-1.6698513983076693,-2.432297519793275,-0.16947931251665216,0.13622931442080377,0.6017699115044248,1286
MB_img2,21.874357638365986,0.20563752875684987,,,-8.112882246973012,-0.6323883099839649,-3.884072441548198,-0.4678011564884072,-23.113501193329114,-0.7479418224089024,-12.19902694170063,-1.6524045445622173,,,,,,,0.02870493991989319,0.9176470588235294,1013
MB_img20,39.57879601194153,0.7032809061687731,-16.979213176221155,-0.9628935447628841,-10.113963904695108,-1.2412535075202764,-8.48358593948612,-2.1796047165621384,-15.068461945024813,-0.9328423872805311,-34.746107956557694,-1.4637520674027749,4.560225088616539,0.6371661608242205,0.07086913361846445,0.01980848108018036,-2.403161742156332,-0.27890761277549353,0.0812992125984252,0.5531914893617021,1357
MB_img200,19.50633888689276,0.12973097095482297,-4.756164576539446,-0.21710660808339172,-15.643815718392567,-0.7315004947531389,-4.997395717720914,-0.4924564504253062,-20.25553520563208,-0.6150050708389749,-3.835147177091294,-0.4651613106639244,1.8718383917969252,0.43874175987011227,3.5475692234106724,1.2502182222439122,0.22891449379473577,0.040432153206031524,0.0680129990714949,0.8245614035087719,1374
MB_img201,16.444023047342252,0.10100340363969118,-2.582449840978763,-0.24259353977178233,-6.971395902373165,-0.28908546453722284,-3.244071817628212,-0.417761970635729,-16.715422853886558,-0.621732421054533,-7.858482099393623,-0.5637159901577945,-1.3022694162358561,-0.8429788317883256,0.29899263796035574,0.2009126939259963,-0.3295735233443735,-0.13356352574110586,0.04640427599611273,0.9182948490230906,1246
MB_img202,26.499483440824843,0.14984677898976131,-1.8308312672043496,-0.1096894950698872,-26.565111270995306,-0.6080323896952431,-22.860467774812474,-0.5386950811474822,0.1756923247722555,0.02482301296387616,-1.197542812668463,-0.15506556767925792,-0.833412426098531,-0.1741449001780324,-1.3750253748208094,-0.35708275919489024,1.2524081375356029,0.7249929525001302,0.17168411867364747,0.6783625730994152,2324
MB_img203,28.92649456339104,0.19822892400357991,-3.4984225942770464,-0.4459620724737443,-15.989373688990483,-0.6353979254124401,-13.482333984087154,-0.9721249777800248,-24.384428807656494,-0.6567126909858664,-12.82664310497616,-1.126013433728515,1.9038339424084352,0.7315111640740981,0.2026048601579219,0.12291018192472344,2.7192946775213964,0.81868999160066,0.05456504702194357,0.7822120866590649,1739
MB_img204,16.455718165535128,0.35426470736406607,-0.9136099297574777,-0.06450557160862272,-6.542674166000681,-0.5395755140544288,-5.829840755427145,-0.6978089291701712,-15.414548217208464,-0.8482163199507433,-9.36834693654966,-0.7683607904417405,-3.7968947663673847,-1.561326136453918,-0.947167079936275,-0.37527117097329854,-6.926923696498081,-1.6995709445463396,0.11397058823529412,0.7889087656529516,640
MB_img205,25.786808150046127,0.19581856913240894,-10.356873203455587,-0.6593604757681211,-11.769180358745421,-0.48483876848647367,,,-26.600333092569212,-0.6320526257284502,-13.879114045346586,-1.7448119392137964,6.309326386747063,1.2586281917822837,,,6.661315012841434,0.7599807698588278,0.04955456570155902,0.8647594278283485,1864
MB_img206,,,,,,,,,,,,,-0.751641701652828,-0.09135506294604542,-0.04027647302463137,-0.016496319896195925,0.49441611786048484,0.0996092823185463,,0.0,178
MB_img207,14.03871627758274,0.05208305630750047,,,-9.800909474507504,-0.4645016548031334,,,-17.759301487074087,-0.843736866816984,-11.518508400897412,-1.990954860396993,,,,,,,0.029175311203319503,0.875,1053
MB_img208,,,,,,,,,,,,,-1.145260597387649,-0.0998685647666871,-3.8658665324593775,-0.3252877204820144,3.0132137106540173,0.614023259512621,,0.0,1482
MB_img209,21.340230916308194,0.36824848141043853,-4.98397788894888,-0.40576391646187543,-23.811824121345502,-0.9376270124383003,3.739380488031641,0.36080579991211936,-12.621575941611997,-0.7075247908996078,-7.490648587816947,-0.8961103561065978,5.281842169119679,0.5857950649690706,1.9376659852391873,0.7358730571651942,-0.8929828720888277,-0.22285034707934642,0.15928449744463374,0.5819622181596588,999
MB_img21,29.301201509140125,0.16603814863993058,-8.213878503070818,-0.922922729728481,-13.3325934031287,-0.727104743107056,,,-29.985618010088764,-0.8105066855916561,-19.886258147620403,-1.113911781109075,3.7152723194462225,1.3219280948873624,,,4.789669132057236,1.0109863081619987,0.019844213649851634,0.8637770897832817,1699
MB_img210,20.897798487172583,0.18468092651983428,-3.722362957006874,-0.2286263183319997,-13.132178692924974,-0.5629525487361713,,,-3.6277824923027513,-0.5150059164337294,-26.59046699595092,-1.222304523372752,2.1202415003838073,0.4958518065893346,,,-0.02200658207051861,-0.014355292977069892,0.07309746328437917,0.833570412517781,985
MB_img211,23.354751265242964,0.17534380828478732,-0.4425027174249897,-0.03077107594783983,-4.823169707699737,-0.2078735158056362,-2.1772473109600563,-0.21546872258173821,-35.7548194389536,-1.227461816175808,-4.6635953981919,-0.38123479118810566,-0.3849380114523829,-0.19444732057638128,4.965316901055588,1.7858751946471525,-3.5810356832743904,-1.2735158897021166,0.050505050505050504,0.9252173913043479,1412
MB_img212,23.55800585926211,0.49077097155988125,-6.54037305830143,-0.42003678883149026,-12.290016973870255,-0.5791057179188381,-6.398370090898943,-0.9652138830532357,-11.7959980149319,-0.4874099134493438,-11.275907162056654,-0.8543564774751691,-0.08323691210057563,-0.009156789171301284,-0.2344361574112668,-0.07523059096089711,-1.7875426655380067,-0.18571954902602777,0.15784499054820417,0.6380880121396054,1133
MB_img213,19.02510786604921,0.13410182780358929,-8.40398629357389,-0.47222780298904454,-4.666502327113232,-0.853995647176393,-11.967075472561593,-0.651293790398062,-2.492781948878093,-0.38306240340236997,-19.75789451730819,-0.6278457786089876,0.43419983396107686,0.2717166489335946,3.1792984327101244,0.8124271327382631,-0.3928080269153413,-0.2898344651775092,0.048466735966735966,0.8362235067437379,1225
MB_img215,41.56476931628483,0.20351713743154454,-7.093454475281261,-0.6488218840522005,-43.258965971974995,-1.8934822391278416,-16.09354451284589,-1.4243846715380966,-35.020162119428406,-2.196060881052152,-26.35054809852073,-1.411426245726465,3.3572185422570184,0.9497357767039101,3.881243809516767,1.5533656558268174,3.721441646088183,1.188803011648002,0.02807848443843031,0.5135483870967742,1801
MB_img216,15.027678330907753,0.21525803308074917,,,-2.72162839103745,-0.29142221241523075,,,-14.304401558915863,-0.7391890536120093,-14.6668608659268,-1.127785308107125,,,,,,,0.017333333333333333,0.9620253164556962,502
MB_img217,21.18341558810429,0.11368779246255166,-8.710553822399604,-0.4182530107920671,-19.84908788711925,-0.5802337451447469,-6.812231234232961,-0.4058350062328179,-12.098088282459385,-0.5311916165933291,-7.701040619557084,-0.44088038821697995,0.42642420615353227,0.07902077276437044,-1.9945787919498683,-1.2308178418610831,3.352360807934925,0.7646656919246071,0.09365264797507789,0.7739541160593792,1621
MB_img218,40.66800799815802,0.965892101960115,-36.52709156246407,-2.3126043913949217,-13.447691365968016,-0.8675856923823609,-9.537449104230932,-1.7146215094794746,-14.406100567116654,-1.1879603216736536,-8.793908576609944,-0.9367702851300906,-1.7224424904510205,-0.11555058847426128,5.332529852430845,0.5448902411594533,1.2075684264037094,0.08734326798770908,0.14380787037037038,0.26704278326281145,1077
MB_img219,14.47921751615865,2.9890497004394594,-2.1226370312072294,-0.25170226316932376,0.8826265741930022,0.35090716185912807,-2.3916407941769067,-1.4449320489421822,1.5265586630437202,0.3236824363327985,-3.98860825080946,-1.029051255807235,-4.173646785435094,-0.3010950070078624,-4.95514432699461,-0.3374723139388373,-12.024395513750644,-0.46520835830350826,0.48863636363636365,0.036170212765957444,1347
MB_img220,37.74672735971017,0.2612391714557581,-40.02249386624465,-0.7473687921999285,-0.5536843766125538,-0.07587486697512762,-6.743559135071171,-0.4877017108962445,,,-18.051164462336388,-0.6104691538521371,-0.7544031286025407,-0.23725777090037184,2.7472052643818183,0.33956825402309276,,,0.163141567963903,0.621297429620563,2683
MB_img221,12.886913624076154,0.8194674111715211,2.2388719701625517,0.2567301905210899,-9.740881021811976,-0.4655503795597482,-4.716029618583942,-0.5647220954334591,-1.2771829173167504,-0.11404033510189407,0.2391044525890299,0.050267005355324974,-5.602905180519288,-0.511643883384093,-0.06646287757424789,-0.012490944183196845,-1.8422441112504677,-0.37937451602830863,0.45375722543352603,0.3249475890985325,781
MB_img222,47.46337522867194,0.47252299393960395,-24.015592650241178,-2.662932283334824,-34.52677695765804,-1.5233653823314288,-11.332493296583369,-2.7773320376744293,-39.0174113705019,-1.8657828874386826,-15.630158537110125,-1.5806623632875307,4.412688989412443,0.5439614830438959,9.744936825061346,2.107572992616333,3.616462001113527,0.4175300176186383,0.04810531496062992,0.4282051282051282,1579
MB_img223,36.6377425643463,1.066704090325247,6.114253908829147,0.4094945608487277,-9.642650397975125,-0.9156812249424988,-9.00354039066206,-1.9351229449460758,-26.017502013826626,-1.3197834692002846,-23.286068187653754,-1.6884784648524591,-3.5437208976231824,-0.7827785657947712,0.6850065743539295,0.1940197279186132,-8.723534034494268,-1.0841740213438082,0.13007614213197968,0.6449934980494149,1166
MB_img224,2.7793807855356736,0.0034279125204552834,,,-4.897586365402353,-0.33154708910519376,,,,,,,,,,,,,0.007623426911907067,0.927710843373494,1047
MB_img225,14.98420619934787,0.5454767844000361,-3.9247955493054296,-1.09536185612286,-8.766890864404573,-0.8225790922638451,,,-10.109448985416941,-0.593027097713205,-11.685591026283182,-2.1894292458097566,0.09772924505535142,0.04229172171643871,,,2.8545897336279378,0.6118104628439163,0.07102272727272728,0.7005649717514124,361
MB_img226,20.78567420785229,0.338276007006073,-7.691883203324913,-0.579880669857143,-6.0827197604054435,-0.4005117821987312,,,-23.21953731850333,-1.1794490082115576,-6.248668056273207,-0.5330568159533101,-4.717126823558632,-2.4776773275653072,,,-8.627240815213431,-2.92989617724993,0.08455882352941177,0.7372549019607844,638
MB_img227,35.1790124302992,0.5374830500595703,-5.7352520361234,-0.9532208872912473,-28.14778245387085,-1.1420946626587407,,,-23.62933161413425,-1.1152575124357471,-15.786314603087018,-1.5615676951401622,1.5092483799990017,0.30711611489084456,,,3.011322337634402,0.6294780057784333,0.10147270114942529,0.5291445874337622,1258
MB_img228,14.380942421907706,2.4970148014454536,1.7065222627830996,0.24096952528577723,-1.1792320367716203,-0.5993177936982262,-3.7274135762822893,-0.34792330342030686,-0.9880118685639313,-0.2219680368530556,-1.1045935591684994,-0.08643227837759711,0.3883224581327604,0.07121396068943639,-8.602948934020217,-0.33050748467681795,2.1953754512051313,0.18628562421812989,0.4344262295081967,0.06588619656956167,2492
MB_img23,7.598699062520809,0.4418440971675321,,,-1.1907744509180302,-0.10714174917946985,,,-1.4794882260349669,-0.32081073711299457,-7.613822537276584,-0.5218359625453891,,,,,,,0.12871287128712872,0.7857142857142857,239
MB_img230,16.564812897966917,0.34057383641532707,-8.866851874807763,-0.49125359123778684,-7.7050973979347654,-0.6859822897540939,,,-9.114275667226694,-0.8894914044101712,-17.91202614508802,-1.7741295317998684,2.8168669120798953,0.4536310862507329,,,-1.4742265517683324,-0.3175582106271418,0.14714285714285713,0.6588541666666666,566
MB_img231,28.508215646567102,0.7990586663661138,-15.037409301574392,-0.5730253631688136,-9.410533301433594,-0.7443074273068802,-14.931497946953455,-0.8667477010387252,-3.1910232328372143,-0.5233059093723602,-7.326695245053433,-0.6341285575250405,-11.608761512180168,-1.0290187490684533,-4.232593684547443,-0.20181306681436134,-1.297273444421858,-0.1976827961254586,0.3493520518358531,0.3807682392369167,1367
MB_img232,31.771684124000114,1.387090337923602,-3.1729414857448917,-0.20801704524885495,-26.034739111868955,-0.9743190648443036,-0.2907092897042656,-0.01301989782981988,-6.491985030140646,-1.620053165189518,-10.247352332981098,-1.1993698410959468,-11.092505422374057,-0.47832565912555164,-0.4688921722466837,-0.026378526823290654,-1.5239337993313389,-0.33855240973026757,0.5109126984126984,0.22860507720492018,2237
MB_img233,62.56748617852015,1.0496292519147854,-34.61691943969941,-5.336592843708335,-47.95735267815138,-3.4489419517478375,-17.076935655102304,-3.812853622435855,-19.671050860954047,-2.193635477563527,-9.444705346405575,-2.205204812786776,12.35156038424425,0.5771865759435516,4.474805527287443,0.673523204421006,9.838308498167459,0.9664964759926803,0.028527874564459932,0.07145859604875998,1271
MB_img234,24.53721209939218,0.6398985094392032,2.065983406663055,0.20953014152475066,-10.855806279992311,-0.8064662894203994,,,-23.565868329236853,-1.2886246795294514,-6.576555529248725,-0.5860789937789863,-2.1909122649363875,-0.6071630350618599,,,-5.34925569139159,-1.1660934149017894,0.10730769230769231,0.680073126142596,692
MB_img235,19.8501232046222,0.47950674787718345,,,-4.720518315845552,-0.5466928285233955,-9.284623400057882,-2.328884323541886,-9.684890930321323,-0.4373636024001361,-19.702178148359106,-2.2082656651432173,,,,,,,0.026750972762645913,0.7863247863247863,461
MB_img236,22.332492070864475,0.8958541644491407,-4.942101773447493,-0.6308963383131538,-11.730958522103826,-0.45377424581276476,-13.858507802097348,-0.5765106207305501,-1.7731992541929857,-0.557450937152585,0.04280984152617658,0.0037816405424267543,-6.835326715979392,-0.6155800630886762,6.963617823848737,0.4872193229284358,0.9849385870407232,0.4246876693125632,0.4896816037735849,0.2957350413997813,1794
MB_img237,4.5464007948913645,0.08304299216102885,-0.270155401523312,-0.03197920453106911,-5.054313816756352,-0.8020107012807698,,,-5.717085645302076,-0.5767043497188474,,,0.42158858337198946,0.25368723357454115,,,-0.26796291480602374,-0.14404636961670705,0.065625,0.8099173553719008,191
MB_img238,15.609909054382577,0.04714389977584351,1.5663238061549196,0.1318212358321192,-7.020351934413555,-0.5572537341316823,,,-21.734655116088618,-0.9526755344761718,-12.205718234866003,-0.7604744288603597,-0.6362330040357497,-0.5058909297299572,,,-0.8601025699472635,-0.6803243568440163,0.010235732009925558,0.967741935483871,1298
MB_img239,20.24172991337809,0.22599755461664048,-8.733616506453725,-0.34727396867946864,-10.317078076750146,-0.5135793958917523,-4.67319543563972,-0.6294731967869486,-11.622930191802714,-0.6657076133793881,-16.89693435673879,-0.6991025198387418,2.353455355730137,0.3491095677389364,2.977076486042272,0.8576725571217177,-0.03816990995251933,-0.006447642260979274,0.10888116308470291,0.7789373814041746,1196
MB_img24,30.429501788045023,0.3587991493558901,-28.916609315890053,-1.3154014844255826,-23.611348061474796,-0.6847547566685185,-6.284348743443079,-2.578938713093386,-4.010153617283764,-0.2906551837879066,-5.990960129450265,-0.6409750491295862,9.916380836152253,0.5469726390603158,5.635526135959818,1.5057672754544174,1.0504111743522933,0.1776097495811162,0.15944564047362755,0.5183900069396252,1498
MB_img240,25.12956445007037,0.24186568197158395,-8.489803223379143,-1.0058096876095024,-28.588088095552255,-1.0182383949502176,,,-13.523929957838547,-0.7891315873716847,-5.291726453861967,-0.5489297694763998,8.15125632739594,1.23005440366855,,,3.6204579304457827,1.0588936890535683,0.09243421052631579,0.5665878644602049,1044
MB_img241,4.972022849504197,0.8016425105054691,,,-0.8754668876597548,-0.16019977118429005,,,-3.175587333601567,-1.230271340584265,-3.771873507330227,-0.7963741224992852,,,,,,,0.2421875,0.6571428571428571,50
MB_img242,18.593078413617146,0.18204084105973403,-8.847848040762031,-0.3307814200591279,-7.251171727108705,-0.3314662627444638,-8.78907908197107,-0.4872150742036119,-6.980783588401569,-0.33035698827506954,-14.63241000798506,-0.38696906832961264,-4.608734971519294,-1.0332444022790601,-2.175510498967671,-0.4591229877577614,-3.869486234344532,-0.9402937538757323,0.12769709543568464,0.781787895613548,1908
MB_img243,29.118079572601825,0.5712033230305527,-15.40885339569723,-0.519728982304718,-17.26285649319796,-0.9675107248950352,-14.270474136161758,-0.8921292175394177,-2.9555146816324225,-0.3629758437077005,-10.593351151427859,-0.48933568164974706,-12.926914005872764,-1.034588606463551,-4.304388910497845,-0.3142706425924959,-3.812222349749217,-0.9544622204495372,0.25577176781002636,0.47116627876907163,1768
MB_img244,29.531763809678132,0.2647027377986113,-12.131087711270713,-0.8206039980556524,-18.601450513161343,-0.647075966021743,-2.9995176350237163,-0.2399904557122156,-27.624807806416783,-0.8913971545765512,-6.762300854058318,-0.5498375664655348,3.2139611228678087,0.43692802893556126,0.5249333887311342,0.2050643371964638,6.936131810266487,0.8778432908154431,0.11018344308560678,0.7036797934151066,1602
MB_img245,40.10374377274003,0.12826725151132945,-17.560784344930692,-0.9326753957720169,-41.75376019464801,-1.5665458455243586,-10.371045925094801,-0.4433119532740202,-29.356962472865202,-1.6560777410204748,-12.637581981638062,-0.7138587115906544,12.55348436140754,1.7995905777248873,5.530236799293618,1.4446106146621909,11.516080425535543,2.190716926820108,0.04575306479859895,0.6119027661357921,2003
MB_img246,21.463594940748433,0.39187727822533286,-2.243979405666602,-0.3077423641010231,-11.656081327803996,-0.8964485559553258,-7.180777607818694,-1.187335173356233,-18.537441241801208,-0.9718031081693481,-9.501094692230687,-0.8682584878018916,-0.17426673865864672,-0.07244885006969246,1.2101928802486308,0.6344940865710333,-1.6981786665638832,-0.5310694927259543,0.04824029126213592,0.7380281690140845,646
MB_img247,17.40265426712945,0.10334307182458746,-7.538082425463823,-0.7296151721080343,-11.143092123893277,-1.4136714449338412,,,-8.217976827960035,-1.0020866015667853,-22.95418257402638,-1.147843134905427,3.1501963095744636,1.392768335437811,,,3.7271945150750083,1.4507415609605223,0.014234293193717277,0.9130434782608695,867
MB_img248,23.99697868836871,0.2032848879837139,-6.032486642272036,-0.39657641603355615,-25.401692023318855,-1.271938115298674,-20.986027429914365,-1.1395091134157753,-5.856903936072786,-0.5365575029028713,-9.461930967073165,-0.36996791980571614,-3.5704135371610093,-1.5224463982663519,0.5753070709152336,0.1610482330480571,3.216908144046014,1.1697446758323171,0.08428423236514523,0.5586715867158671,1310
MB_img249,17.22052955017145,1.5087474566434524,-5.114545422989767,-0.7679281265270647,-1.7556815154172931,-0.3320304984253255,-1.5401310684911032,-0.5147534984397534,-7.841258605143217,-0.6828861630905176,-5.4113776278952415,-1.024339381549692,2.003650614561869,0.3503385593573004,3.9301420548189685,0.9134175026976694,-3.5936163542271484,-0.3269604491319358,0.17137096774193547,0.38028169014084506,312
MB_img25,24.888162272799534,0.1623775516628996,-3.313688078327931,-0.2079766805222912,-35.09133642126234,-1.0486216655024416,0.10656355008074207,0.010581481821846797,-8.59984406151284,-0.5557006886530871,,,2.1533146640317944,0.4221211225485646,2.1844817394717406,1.1078032895345147,-0.9368768008034687,-0.5704629310260413,0.0935615848406546,0.6066048667439166,1477
MB_img250,35.299918575871644,0.3892337602744165,-9.188273528219264,-0.5127536290225974,-31.85007171965016,-1.634606894073026,1.2619747124753,0.12182155645790249,-23.1175383828816,-0.7037672103705397,-14.432569992022387,-1.0246534239290486,2.839392438424372,0.33583106195180584,1.2229901146381237,0.4142978453067903,-1.6959200880935343,-0.18572456407144478,0.0796979865771812,0.5799557848194546,1742
MB_img251,,,,,,,,,,,,,1.6529591327834374,0.26786650054482325,-1.116983019386357,-0.4554916206284681,-2.7197488662105513,-1.0792927672728534,,0.0,368
MB_img252,14.304718607445587,0.237246963196342,,,-6.322830358449669,-0.6833221657998403,,,-11.681185079403326,-0.48253391454883005,-5.6456640499003115,-0.35690095512789277,,,,,,,0.019752358490566037,0.9245283018867925,635
MB_img253,34.81743447019543,0.9642643876606604,-4.483855811970748,-0.2946241005498814,-10.341328490821544,-1.0056763661037587,-27.27212335013124,-0.7917604800921766,,,-7.854043215097042,-0.5366703307814106,-0.390954631738476,-0.0577263778683605,-1.7506117122555704,-0.07972719247073407,,,0.36368015414258187,0.32807451054932524,1778
MB_img254,38.049988869238234,0.9092169423421342,-20.341622296600956,-0.9631067789649452,-18.493413437708696,-1.4316101032447928,-12.280791671809496,-0.6144779927622162,,,-13.556664700625292,-0.5414583774616758,5.262705383811589,0.30707967150350535,0.6032046147843693,0.033735148724139005,,,0.2475834797891037,0.3442976543542734,1779
MB_img255,,,,,,,,,,,,,-4.383915417180213,-0.25739429799903757,-10.461448382025239,-0.4510005275492681,-1.763845637876432,-0.23004926529350037,0.75,0.006418918918918919,882
MB_img256,,,,,,,,,,,,,0.9688560683561837,0.25977634216621037,-1.228005374877334,-0.4864569557687311,-0.995622330058526,-0.5528688710113029,,0.0,185
MB_img257,,,,,,,,,,,,,1.1228340427851597,0.23496454246044862,2.6096336976525207,0.6653500060727283,-3.500260060375703,-0.13935718428804986,0.25,0.028169014084507043,1579
MB_img258,5.868202889387475,0.19427202487646197,0.6630302337820583,0.115820757138404,-1.208090819895466,-0.1394005589225324,,,-6.204535606053843,-0.27655517818452385,-0.656590495669592,-0.09949720117019005,-0.5381777951060656,-0.3877301532831084,,,-1.4784328566880185,-0.41359408240917517,0.07967836257309942,0.9185185185185185,312
MB_img26,22.058411780373262,0.10185821535834524,-11.022907016071228,-0.760078976869771,-17.988794602416842,-0.7402032765936183,-14.142084889805147,-1.19621629926124,-13.67772389466505,-1.5131078748974898,-25.827738966454987,-1.2062207417399562,8.975183870401604,1.7278960849203595,5.435989808559201,1.766867079880068,7.686664417810191,2.15200309344505,0.037183544303797465,0.7496087636932708,1460
MB_img260,22.23258290584606,0.3539424435606254,-9.47847633728396,-0.460321199947569,-15.826892940578695,-0.7820194873128958,-6.372943336502567,-0.4981120868013571,-10.87694922267971,-0.6886196953988822,-7.680552247269286,-0.8113355216732213,-5.844061437085806,-0.7722375841388978,13.105100785093674,1.3594658306089051,-8.082891050092032,-2.127633279725874,0.19429097605893186,0.6063132817153067,949
MB_img261,25.518832575526112,0.39401224703324744,-14.629264370899092,-0.5027557626421559,-10.13199462390207,-0.6219262712780539,-7.9311554428878965,-0.8044478687636979,-11.463221950019921,-1.1413615628779534,-9.22855459290469,-0.5184927036548473,-13.352945726749121,-2.45620537048424,0.6101276317435831,0.07053360460944297,-10.787261270371715,-3.568260168801403,0.2276570048309179,0.5948625506985128,1180
MB_img262,21.338676641130345,0.43182778879610945,-4.0480223569746805,-0.16867060365624897,-18.194532868776363,-1.3724041002953813,-14.51344642643772,-0.9141319804026004,-9.30074358283198,-1.4838666800430738,-5.0479469472648235,-0.26333624821801943,-4.5089365322453325,-0.5368330516940668,-1.1529966333899617,-0.1120811101741319,-3.906956627658119,-1.3992762810198176,0.22606382978723405,0.5418307086614174,1060
MB_img263,,,,,,,,,,,,,2.5498607292562503,0.5319633097038274,,,,,0.20833333333333334,0.0958904109589041,72
MB_img264,,,,,,,,,,,,,,,,,,,,0.0,182
MB_img265,19.306530305894903,0.5437866618373266,-2.545978093737107,-0.19787093230627228,-11.159300574062769,-1.1755478550496206,-4.783714901028219,-0.949431175597363,-10.18551454352647,-0.6475346119472852,-10.429352991487198,-0.5723745964757243,-5.636552511327895,-1.9360882361798069,-1.592994065023809,-0.8189868635117086,-7.867974690822469,-1.9353740236280224,0.10583067092651757,0.6755725190839694,697
MB_img266,14.611363584760008,0.033135890390332524,0.84449497651926,0.06618759191278215,,,,,-16.95101722166368,-0.973681914491302,-17.70384404928948,-0.7163716023941301,,,,,-1.1066234158987363,-1.137503523749935,0.010255417956656347,0.9830508474576272,1373
MB_img267,17.297702884618786,0.16094032001328024,-9.086724057575099,-0.3426730994666015,-8.941504197681562,-0.7143065828305044,,,-5.607019993914182,-0.4111330448229279,-17.518390786484634,-0.781098713241491,-4.9402935829041,-3.738497643889787,,,-5.303950179905115,-3.3293628293641464,0.09827357237715803,0.7774122807017544,1023
MB_img268,19.667472930524443,0.9146788067171512,-10.333472885359164,-0.5623734992212666,-7.478585710176803,-0.643278996311979,-8.259156029167622,-1.3169732129445977,-4.996765970160707,-0.5223631130861489,-4.186705711558181,-0.27142567609293455,-6.205275723574525,-0.5558161550616395,-2.626767050712972,-0.3195967229315399,-3.3682149535490766,-0.35699274947729864,0.2777777777777778,0.36689814814814814,874
MB_img269,13.971528755550192,0.3452795477830323,-12.582223710494127,-0.4964035343498092,-0.204878240948261,-0.016939558983876,-5.569857356991234,-1.0760636519846734,-5.283812475262558,-0.6290891437989522,-7.026924116522821,-0.6064422281316078,-5.5460518525648075,-0.8259825331370639,6.670853217080976,0.9547933235708472,-7.0444424238360135,-1.6441331606342235,0.2668504901960784,0.5988732394366197,767
MB_img27,10.954583195044851,0.8602827347678468,,,-4.6642852880199595,-1.6895476654096246,,,-10.628116908293915,-1.1059603228413217,,,,,,,,,0.021341463414634148,0.7142857142857143,103
MB_img270,,,,,,,,,,,,,3.4686229236084456,0.817512732689639,2.5563073488027537,0.9874313264969443,-1.9774389895177453,-0.36768169005297824,0.09375,0.030303030303030304,224
MB_img271,33.442688503608466,0.5353668674075738,-11.597011447591242,-0.6783559694902687,-17.42454782472963,-0.8806163613767851,-23.093545232171188,-0.8585500831554985,-13.93202503059098,-0.591744371571433,-9.352854458909912,-0.9605261054716345,-1.5797882876789857,-0.20614757636000017,2.851487554512207,0.2343199451773252,3.0240938292822004,0.31308462987745367,0.21307471264367817,0.48354503464203236,1836
MB_img272,14.235913759654522,0.08429256794410063,-6.315709800444303,-0.30174581950553686,-7.534110798418564,-0.3897073956266299,-6.432704110857959,-0.5002596253179826,-12.837804289867822,-0.40964972594554033,-9.406802517785327,-0.4636421961375565,2.3822554313989732,0.6764989138164608,0.6875041005584804,0.3107008394641082,0.11339017251785447,0.02424754624667752,0.055405965202982604,0.8711484593837535,1499
MB_img273,5.4246774097636425,1.7369655941662063,-0.6683892537447343,-0.14280239882104057,-2.2959142940011037,-0.7588513714079024,-0.26336348970475126,-0.017869777153306995,1.6547806388311335,0.44782333990809636,-1.053339693035712,-0.33611532973145786,-2.703387221705291,-0.2860304423889021,-11.477012494970806,-0.3010998376244432,1.8217952585225838,0.19363866960762544,0.7881944444444444,0.03835290619889996,1954
MB_img274,19.25773640820207,2.107532944730784,-1.0085976156237237,-0.1911414873520083,-5.636785495738173,-0.5847240190211522,-0.7090237407541925,-0.10433665981473544,-3.2259951975352976,-1.565597175854225,-9.246901052345871,-1.2735158897021166,-5.0983423683175495,-0.5317888844151901,1.5821095821487985,0.21918492778743115,1.2834666551844796,0.34633652154021577,0.41517857142857145,0.19288079470198677,557
MB_img275,21.924472981842186,0.5997065991446129,-4.046299833408507,-0.17794954758672704,-6.988603827132647,-1.0144029058891018,-19.479846359167688,-0.528720815872729,,,-3.335216455266847,-0.13302813068404873,-4.073022858398727,-0.8851838663203511,-10.440545431697767,-0.4460344248593948,,,0.3922087745839637,0.41334300217548947,2175
MB_img276,27.789367549043636,0.8983361259209537,-12.020361901856901,-1.3063245409413275,-8.36162322102407,-0.9704661976332026,-6.037945782490424,-2.2513944902779195,-10.138001962222438,-0.9107125729939597,-25.060061243531262,-2.5628977220104328,1.205196632370876,0.20563791638735618,-0.8733310273783141,-0.4152951003938734,1.5750734257991839,0.20218309962799447,0.08920940170940171,0.47417840375586856,550
MB_img277,44.79175230966585,1.0994275148092016,-11.742535279450248,-0.7156482735168519,-13.848174150430237,-1.3272451587960676,-35.120790753315895,-1.777802767063849,-6.486009325238268,-1.801710514201561,-11.570130215000153,-0.5264914424250179,-3.2064821785478803,-0.3120065421647813,0.46513708196183146,0.020967988813223416,0.6103374657637375,0.15467722774337553,0.20110789980732177,0.2618918918918919,1660
MB_img278,20.197793183348804,0.18656314170036709,-13.633001890422365,-0.7613441072437671,-9.459074272322276,-0.3503698993631851,-4.786342361950226,-0.7171476153915577,-17.35616427716904,-0.5179646095744546,-4.028811296393874,-0.3880429411736291,3.047730825209572,0.508127763564576,3.5495351529708863,1.4441838449383602,5.830138891819194,0.6695545249002484,0.08955987717502559,0.8044692737430168,1394
MB_img279,15.807449546327476,0.17619964764941037,-2.8451516106342316,-0.23779251463019344,-4.4382793241839895,-0.3644758307998952,,,-19.3707191862815,-0.4311631174268139,-3.331843507158802,-0.26132250221221665,0.43287130594158746,0.2116125825832053,,,-3.3742656664822226,-0.6341762270732249,0.03519553072625698,0.9041533546325878,1349
MB_img28,1.246928023603404,0.047762023826863634,,,-0.4108888050433195,-0.05694224413819337,,,-0.2727703993440704,-0.02716680635668702,-2.175250208760273,-0.20758054618694963,,,,,,,0.07091346153846154,0.96,154
MB_img280,18.9163476874213,0.06367575372697155,-7.207952045344144,-0.43380518417985237,-21.65209527723431,-0.8480571682471075,-7.429487427981326,-0.820330780740599,-15.737947277632495,-0.7141899392585358,-3.411528023449059,-0.25494794112135766,4.592747675167533,1.302132556703525,2.5539729399071134,1.2863041851566412,4.238118125389873,1.308700935715377,0.028945427728613568,0.7850467289719626,1509
MB_img281,23.079608782153336,0.4494941303079069,,,-13.714812457673828,-0.90363819677295,,,-21.430197293801367,-0.764899148199259,-6.5970639173033545,-1.0926758371332554,,,,,,,0.045,0.7046783625730995,855
MB_img282,47.231379675524764,2.1179041263384644,-11.676412298036622,-1.9103169318961222,-27.513131945547954,-1.8453412862675058,-14.43356931447738,-1.931501734236606,4.633216257372176,0.6080300661476896,-8.950385486923278,-2.5052981515520276,-3.230853794565016,-0.14711443304938754,-3.8653807645211944,-0.44112421707249355,-3.5639453803305563,-1.135133518095122,0.1929611650485437,0.09652217741935484,1181
MB_img283,24.144474431100257,0.4676514287687723,-7.044414888740013,-0.7551928021415178,-13.222431496694627,-1.15767255073502,-4.867616701713239,-0.8580378489842873,-20.333074875432413,-0.6583233033830248,-9.395974936943576,-1.0897813207746114,5.50518240581309,0.9990594186078512,1.8629232651366612,0.7914133781885824,-1.0935793367534472,-0.12756979060487014,0.055865921787709494,0.6596244131455399,1028
MB_img284,19.633395923423507,0.1799174456001633,-3.6308894180997733,-0.2746837947352635,-13.490661834988027,-0.47419038271327335,-2.453721196269463,-0.27779882101032843,-17.425102468874336,-0.5662947875443582,-7.822446074524752,-0.6396802979725601,0.3804635551962948,0.09199291133365112,-0.14803590365700242,-0.09985623683206646,1.0721048981036907,0.21263577059835517,0.09215591915303176,0.798941798941799,1473
MB_img285,,,,,,,,,,,,,2.6986859277611948,0.5495455922162564,,,-3.7567545469309054,-0.8364750366597303,0.25,0.012422360248447204,206
MB_img286,10.3028593079205,1.0706634659931114,-8.089686444983476,-1.0453158778622706,-1.9391259773248006,-0.4307169203618131,-5.563223709225983,-1.9215055762905269,-0.6363364785948338,-0.11444450796933335,,,-0.08905333656354504,-0.013759998955465653,1.1582657687836737,0.17413901039969437,0.19897439631570943,0.03151422352634922,0.2534722222222222,0.27089337175792505,126
MB_img287,42.814456180801734,2.881884236134855,-10.76978066722398,-1.1164267888086914,-8.800423757506511,-1.1972575628613498,-19.470360168746133,-1.4362292134264034,-1.742539623524853,-0.42402628250609853,0.6472158213529421,0.12143515512228126,-1.707577475485857,-0.08613852524445047,-20.11214854752913,-0.7061975314325025,2.0494760593657517,0.21612279391333583,0.337,0.06344510190664036,1662
MB_img288,20.163787173415226,0.2573022490121682,-14.059363045156687,-0.9383001231731074,-4.106715100692479,-0.20213558088984832,-15.945144090763534,-0.500505948302294,,,-13.673683217348565,-0.7350155287547078,-3.9725282934538946,-1.3932985143098637,8.066974655631507,0.7247483968287577,,,0.21421632124352333,0.6548089591567853,1256
MB_img289,28.73908807492665,0.686234691733738,-4.938909473733513,-0.48946650349279663,-16.254255977308585,-0.7873776257151529,3.409877243804248,0.4538981036568049,-21.564697205397643,-1.2199690365477933,-5.239788999213101,-1.5713198927624883,0.5436462544648498,0.07013475711035547,-2.0945465429201024,-1.8073549220576042,3.6067131036786897,0.44884899060692174,0.18240489130434784,0.565500406834825,828
MB_img29,21.484242369221455,0.21154301498535139,-10.222487889748452,-1.7954552720441213,-6.048029373826301,-0.622443611697986,,,-21.131346773327067,-0.6464644787108637,-15.51410375307492,-1.2232421425829694,-0.6322284952315459,-0.4515408330178321,,,3.6045214917679482,0.7322276751595431,0.011948529411764705,0.8839285714285714,1110
MB_img290,,,,,,,,,,,,,0.4057659489211643,0.055465427813955685,-2.730584554876409,-0.2662542229867182,-0.050996762352928784,-0.017647865819424628,,0.0,355
MB_img291,36.504704435704184,0.5318930804526312,-4.38399806850995,-0.20364913840232593,-30.667623024638768,-1.7405375337430655,-12.307177982963005,-1.663873190795419,-27.98964343605953,-1.7839804136837951,-9.954993521066184,-0.6149336890252474,-4.585004799855757,-0.6276068381296499,3.117761750181322,0.6192705514964517,-3.208549760633481,-0.4053187015255108,0.1183127572016461,0.5381991814461119,1308
MB_img292,0.5955278879670833,0.2713020218173943,0.08761344927856451,0.02354907368842549,-2.133672633006313,-0.9647066700053344,,,-1.109548100472374,-0.24245007367770138,-0.599244517370606,-0.32864501110194316,-0.42651840438009914,-0.10715924822477454,,,-2.7548052989722387,-0.4745326974477682,0.375,0.34523809523809523,63
MB_img294,40.027481424351315,1.0051833637075365,-21.680611269512166,-1.6376416808284384,-22.915431659455013,-1.535041310828034,-22.01476724285902,-1.1928422327927095,0.8180794143409601,0.07124883606676251,-8.378636371909995,-0.49532884791073867,4.860029598058067,0.31714506618577315,-4.535448548523076,-0.2967315990781064,-4.7373486155233975,-0.8275889725200577,0.17881944444444445,0.2534690101757632,1496
MB_img295,23.73174930573657,0.2544088746346635,-4.877630496125273,-0.327974725005777,-10.308029193378013,-0.41892608122978436,-4.806724756245586,-0.5150447460517025,-22.134033492558597,-0.9140908725119832,-11.382551604610182,-0.5666707018779193,0.5027103999733068,0.09212908208255609,0.780266787015486,0.3543495725797397,5.196079250639682,0.7357224273155741,0.11315028901734105,0.785,1347
MB_img296,30.406738150275586,0.48009105123018503,-20.99463770785424,-0.802401993439125,-24.415164385144006,-1.0184975038619213,-8.935390478680475,-1.015192698281926,-14.473571327225395,-0.6493979587606981,-6.216966668353778,-0.5854433189362012,1.6852894386682769,0.10720547945639286,6.505573486813915,0.8087562772342164,1.8547928381426493,0.13620835141191073,0.17642773892773891,0.4984204984204984,1625
MB_img297,24.60546602422117,0.45166936772234967,-25.10194354955067,-0.59801489167408,-3.494444660075877,-0.40466095763916743,-4.5170579974505625,-0.4979468542423491,-2.7716733838595817,-0.6053088034081119,-8.344173937535558,-0.7048719644563528,-4.023571250982842,-0.4902531730354116,2.3035046801218395,0.23237682143632893,-4.130595098542154,-1.2383501424531964,0.31994238156209986,0.4964601769911504,1648
MB_img298,17.013929075462286,0.1183831750362275,-17.32657047309123,-0.49364733397521005,-9.239437408846802,-0.32378270386112123,-3.1627535034444456,-0.3406054253715876,-8.410596394304171,-0.6673395436505959,-11.034153171693035,-0.6546668085488122,1.036977589903971,0.1343810659371107,1.5996467857149856,0.4665677999189259,-0.43232879183800527,-0.11572381088107621,0.13934034416826005,0.7548906789413119,1379
MB_img299,26.62007497803758,0.2036070140752074,-7.701379174702037,-0.7334367230550604,-29.40498998157845,-1.1419660031044716,,,-12.111255411334023,-0.6284628213309061,-10.475909962152306,-0.9348309855199441,4.714673750289214,0.9607212046486324,,,3.137726789732859,0.9316731385654945,0.06708381839348079,0.5696078431372549,1132
MB_img3,46.23156774344486,1.9299369875714225,-9.433158098894786,-1.3181612172207495,-35.22006524964238,-1.1549072857822351,-5.102312032128888,-1.674686619927999,-1.8285075851038546,-0.4954983822867402,-3.6876908030992968,-0.7401803295380758,-7.508989149076996,-0.2568009457459315,8.445431192859528,1.2821212450245607,1.6127127375831642,0.42662547355405556,0.3430451127819549,0.13899933730947647,1619
MB_img30,28.851049559105157,0.19329285149291528,,,-14.316286081769462,-0.7544559586725568,,,-34.56134527143238,-1.4186645945235705,-18.442965424993545,-1.7666293557029604,,,,,,,0.018513789581205312,0.8938775510204081,1202
MB_img300,29.52231482688208,0.7812492172169514,-7.146650720247743,-1.1978361399260165,-23.626242017226918,-1.2370493642491045,,,-15.712478577393043,-1.3100680620723553,-3.7157535237550663,-0.5551759531248467,0.8880477569337383,0.13004520506213385,,,5.032139112092907,0.8394420818332652,0.11099585062240663,0.4306930693069307,516
MB_img301,18.153602973848777,0.45225466586460616,-0.3492817083449242,-0.02688152966929058,-13.08811364302903,-0.7411907907354534,,,-13.390753248694905,-0.6424471165469503,-9.979635940791345,-1.0616778653783956,-4.940760355117146,-0.9621201163289108,,,-4.439467182676532,-0.6724427499514282,0.14993990384615385,0.6684782608695652,837
MB_img302,20.982326323899105,0.21209128965264898,-0.2821677588464937,-0.04071712290734662,-21.03742449585155,-0.7574617964269679,-3.7528429622677844,-0.6651828379722479,-11.906835258040271,-0.4653128055715269,-7.3003858029804585,-0.975905273523699,-1.8225451708505622,-1.1850736378767617,-0.49886832215167587,-0.32768736417604716,1.1011764469428267,0.4699292577749162,0.08546077210460772,0.7107355864811133,1118
MB_img303,31.232529784019555,0.28310920111516763,-23.827319009922334,-0.5021277372233922,-17.82301976246541,-0.986766496194531,-8.892739639344994,-0.9566319867308569,-10.773725788209816,-1.1908343115478814,-18.324812689833767,-1.066098320928585,-5.661926668625431,-0.5423827119823177,-1.1953500436017113,-0.20504124123572046,-0.7173058159298885,-0.10690661642047264,0.20607850609756098,0.6290280324862457,2087
MB_img304,22.583166861068168,0.5272629283015472,-7.463881620636349,-0.9263790251998786,-21.132564234900297,-0.8449849285016817,-6.490421397855422,-0.8117058824009209,-5.1279085072538075,-0.34457029654200694,0.6304933463176362,0.12333255363511733,0.10078197314350933,0.014219353118359694,2.2614027497279263,0.7866527182665589,3.504261601706313,0.7390710600431244,0.19209809264305178,0.475253807106599,746
MB_img305,18.977168194049852,1.921600363459595,-11.842756470331933,-1.8922041846205322,-5.689686451322845,-0.4371532911622975,0.8262322979644121,0.17601092962373557,2.2096642485924445,0.23496454246044862,1.1957740486786548,0.18147661793370154,-6.6580479944211985,-0.2705892409846543,-3.252502996243976,-0.5598255000437845,-13.576542539294557,-1.2095520755630234,0.38953488372093026,0.1176027139087825,1000
MB_img306,55.1669622113616,1.3151217190096485,-12.785359727433715,-1.5742141856285186,-48.984645666857496,-1.9435222653909074,-14.008770940217927,-0.8070649039561371,-5.122776891457374,-4.138732569720239,-0.7476088254332344,-0.12955778983235808,1.564394845585927,0.08684885742641388,-4.17667627590115,-0.6546073891361931,1.929895036600758,0.9256903027372592,0.2259980988593156,0.18616835487251135,1730
MB_img307,41.46702013506686,0.835435991739796,-39.20131863022913,-1.3848175213975762,-17.633353771242195,-1.0940844545820152,-14.508002383373015,-1.3828476610370026,-8.80617332828723,-1.2605833054759126,-6.708980129213351,-0.7263243145850277,2.8678707818812486,0.13786052339069468,2.9888623339615115,0.19623604458450503,6.554266197199592,0.6343452435796704,0.20560213414634146,0.30883103624298114,1542
MB_img308,16.3562455685639,0.21688600754222562,-0.35072116444619217,-0.04997920270779126,-4.450743766696581,-0.3255085268982729,,,-14.413144641624406,-0.7053962716040438,-14.091747771311052,-0.8445022862570821,1.0987365512496545,0.5370751713246062,,,-0.8521311435282398,-0.46640960099986944,0.05005411255411255,0.927007299270073,650
MB_img309,24.271370754087297,3.6524693200794327,-0.653129283406758,-0.20906339534927063,-2.3372304050107027,-1.6682704378168753,-2.982883982581825,-3.309612772454123,0.12453103340053451,0.0610421556321452,-2.5151185504901497,-0.4549857136061051,0.5952934248685369,0.06660579900591283,-3.3793678525877624,-0.44028782084041973,-3.961611189418147,-0.7024728547852833,0.1375,0.02702702702702703,733
MB_img31,,,,,,,,,,,,,-2.506822593592829,-1.0179219079972626,,,-0.35827983874601244,-0.052345152421636586,,0.0,173
MB_img310,29.68205437419042,0.6025850769860781,-0.6619051156009436,-0.05522757439259814,-22.30751342196216,-1.280804303891283,,,-10.240214729838227,-0.38574861300512314,-13.98152710862742,-1.2747066280571493,-2.042089671059698,-0.30626223972785066,,,-3.1747322432092724,-0.4151817615699384,0.1068840579710145,0.5049900199600799,1073
MB_img311,12.000834488897093,0.10529786270121107,-6.247292771983416,-0.6237904347642836,-1.9789583269513993,-0.21339303001842175,,,-16.58186148976484,-1.52824336841536,-8.163690496636853,-1.606611429450149,1.0483569466463702,0.5670405927238937,,,4.621421917607235,1.5275122285372564,0.026923076923076925,0.8990825688073395,367
MB_img312,26.619792742092738,0.6299809433202622,-3.964864141307538,-0.6659638296846803,-29.861873890304604,-1.0495844717197955,-2.7999598911659382,-0.25717375441255147,-0.16273923615023936,-0.017351841787774797,-3.3496238745741636,-0.44805516771718734,0.9841564566653964,0.13863170524128776,0.6378523897306948,0.25631748961921297,0.23892653677964,0.1408255441335644,0.24170480549199086,0.3998425816607635,951
MB_img313,6.837468479659005,0.01964533115117943,-2.1724581880301717,-0.19558988483565948,-10.643536349872178,-0.3135186461946021,-7.128290135550276,-0.7345435576276143,-3.691314338738362,-0.17603548175064201,,,3.2951812618975453,1.2361635411090484,3.8427156596051106,1.3099554532212865,-1.013717391988355,-1.0356239097307212,0.0469804318488529,0.8429752066115702,1605
MB_img314,16.70196360498859,0.44000816896716705,-11.471317836955132,-2.508876022954861,-14.061528658319295,-1.199612460022106,-1.779497283109535,-0.3516673161189826,-9.053602570693677,-1.0091381228103173,-5.806478941012002,-1.5112993523372473,8.064430684188311,1.2983501363601138,2.0975815941543927,0.8641368346313207,5.114287569091732,1.1360615495760282,0.07647058823529412,0.4791666666666667,268
MB_img315,12.965361680421898,0.7332908069553953,-9.305456204302265,-0.8569768787044004,-6.714539530914122,-1.1008247793759744,-10.365719718510292,-1.7346418864742876,,,-3.1408897588496454,-0.5934457121612785,0.26725878194354263,0.04278985795407909,2.191015903741944,0.29489816061631435,,,0.22443181818181818,0.36186770428015563,208
MB_img316,16.821802857330713,0.12915230186805937,-9.962193212066333,-0.9380643413228306,-6.607675471488634,-0.8626166958277263,,,,,-22.33966134472224,-1.7602653091005707,0.4570978978704267,0.2601518973006726,,,,,0.022494305239179953,0.85,503
MB_img317,17.99437357273351,0.07560415676706066,,,-9.915419601471543,-0.5186998449701143,-3.3918444526102633,-0.30634060187631695,-20.751789013056953,-1.3111860280189058,-17.306831006510222,-1.13448265842271,,,,,,,0.027114427860696518,0.886039886039886,1119
MB_img318,44.6418286236991,0.8873504092128734,-14.394385863537579,-0.9923086830043376,-41.11249657767445,-1.43402429531794,-19.432874736747877,-1.6576131065690578,-3.699648559909581,-0.7285066266283908,-0.5733327306766917,-0.053870344791649136,-0.7374750403454627,-0.03688055331631147,1.1445054868434148,0.13156218701754513,1.0226719034743739,0.3163570095353582,0.22678571428571428,0.2656755009696186,1612
MB_img319,36.36744799546206,1.526729315408061,-12.987710780460898,-1.498529398008301,-28.997815917250026,-1.0721301674890102,-5.2967425977201446,-2.722247417751847,-3.0249674319073483,-0.34900762894364656,-1.8883358452495127,-0.354467409524339,-2.242852212541523,-0.08179120796191569,3.6003135923547163,0.8067539243230687,-1.0563125062480352,-0.15327950869833085,0.309115523465704,0.18775885872066267,1289
MB_img32,44.724039578177866,1.7847663725798457,-14.247621683166049,-2.5668889378313438,-14.892288757818237,-2.2514872412529674,-9.545441454225436,-3.799346387522287,-19.312831057687486,-1.049985254184854,-9.933227476383017,-2.0886121592625533,-0.8332978700354093,-0.1041353394840293,3.4454391815339673,0.5861445022868929,0.521810532019188,0.02803037469113692,0.029228855721393034,0.15342960288808663,893
MB_img320,21.743001350634334,0.06499990331199033,-5.857573232927139,-0.4411084776204184,-11.416175184455827,-0.7125479338326188,,,-17.651661898229893,-0.7201100539752254,-21.332381132372618,-1.0061599008709778,5.248351907038342,1.7369655941662063,,,5.821142056607456,1.6767900791368076,0.015,0.9035087719298246,1544
MB_img321,24.46623977480578,0.30615950245293866,-11.206212170134433,-0.5366341093196735,-20.839646705532726,-0.7823902509205956,-16.423261434041496,-0.4983774789578935,-3.481318408996123,-0.16285586779059846,-5.567460501063485,-0.7064414296212513,-3.4769584308457433,-0.3940778806431977,0.6739940621690355,0.059828169166797264,1.4732020408306958,0.22744482595925045,0.23484848484848486,0.571078431372549,1752
MB_img322,31.864625909277652,0.45717267956364344,-12.740305406131382,-2.0085670350576534,-18.022006903148416,-1.0270678903574306,-5.5882421309605235,-1.5993177936982261,-16.255357129333216,-1.0419211357825007,-27.77707374500451,-2.838111378368216,-0.05945816158718783,-0.014090748181080142,1.4868548617271757,0.807805834716655,0.7506881442924631,0.1790748396948728,0.06074108818011257,0.5887372013651877,832
MB_img323,,,,,,,,,,,,,,,,,,,,0.0,99
MB_img324,33.894190888578215,0.7734914701913203,-4.632105152903736,-0.40136778007591567,-13.095041899020949,-1.175166656654125,-20.952232594093005,-2.6217588567097323,-16.15436436935983,-0.9908353917339268,-26.363494210481736,-1.910752138699847,-1.223790046291133,-0.3230097106128138,-2.8535709417764776,-0.8490511229269518,-2.2404649253260276,-0.4528309318942766,0.08010752688172043,0.4763092269326683,987
MB_img325,27.319444447042915,0.3932947593259387,-22.929730338638187,-0.595094669075887,-9.22178985113969,-0.6678335045446413,-6.510918737371399,-0.5306282696212621,-7.00569137662246,-0.5393037837294555,-13.172234262351504,-0.5636936973934422,-5.785516830358878,-0.6232533544009593,4.241543389627812,0.370137187929982,-7.818731626685857,-1.1276772972096953,0.22317708333333333,0.5723817812590658,1878
MB_img326,39.376262402933776,0.16520924898834974,-15.686427345311476,-0.776823184517976,-45.53904260654655,-2.0159739876574982,-29.011137060109817,-1.4922017239725267,,,-13.955499872631467,-0.9225301308850851,8.605620277184803,1.2740995697967474,2.9728924612088194,0.6238266188154712,,,0.053943710910354416,0.4605529332434255,1734
MB_img327,38.183945280785785,0.23533831369155264,-10.529782146331405,-0.8715081380331803,-18.42967088218452,-0.8549634018518347,,,-37.652700466717526,-1.1795647481624907,-15.699984757033334,-1.2462331833192881,5.786126425815854,1.4225029495254096,,,5.951628411892389,0.9555298512857341,0.031003159557661926,0.7926356589147286,1669
MB_img328,,,,,,,,,,,,,,,,,,,,0.0,99
MB_img329,27.33301690363284,2.0309876924836843,-2.7738201624435495,-0.23765626105742887,-16.35794286909645,-1.0493992883753853,-1.778793396134169,-0.6725123797707369,-1.4291986903908025,-0.34929664482900025,-1.1610066521682136,-0.1969724837997875,-14.889425408248615,-0.4890832951660318,1.0068929151433146,0.19506344025941733,-1.4347970225097988,-0.19315752331740885,0.4732905982905983,0.12404397705544933,1171
MB_img33,15.339227985823541,0.17197999427299626,,,-12.962466240393914,-0.8538246002805986,,,-13.870739370301816,-0.700158737510953,-12.825296355706397,-2.073041198205573,,,,,,,0.026821862348178137,0.8,616
MB_img330,18.3873751987432,1.0090003940046135,-1.352433855143325,-0.14711184343705747,-10.799007163849382,-1.1514966741019137,,,-12.328965193391378,-1.2068843781643024,-4.662360864070079,-2.3936907641874536,-3.61539304153305,-0.596024363723345,,,-4.8317394525056985,-0.7503990372455281,0.19158878504672897,0.4569672131147541,307
MB_img331,24.644211755673837,0.7381202121076981,-5.247414834676068,-1.1296809468994653,-25.280397385933522,-1.8475278691644297,-5.30077915971415,-1.1829570850806463,-5.464312738050704,-0.7240793263343613,-9.155339699909284,-1.1061943726285897,-0.4337683221733422,-0.08615664374971443,-1.0924944468581466,-0.9945797242157469,3.313340881959636,1.0943923702749547,0.08561643835616438,0.29238329238329236,439
MB_img332,33.02146997582283,4.061042155632145,-5.60683577456247,-0.846167771328549,-2.6478402475926783,-0.5298547052314355,-5.277189849240038,-0.7338019388067797,1.3577066203654504,0.46964382992931414,-1.405741859268514,-0.5660401959838814,-14.681720395316136,-0.5640248631412632,-19.76090592776995,-0.4965219973646241,2.5292282616288713,0.20239793584136925,0.51953125,0.020359598096245372,1997
MB_img333,13.494899497505248,1.5386661606154615,3.2951683600511337,0.38719949195931136,-5.6333546109705726,-1.1126167375621436,-1.6108755071143332,-0.5917591921598935,-0.1435459050305747,-0.022982321443907303,-10.26146066655748,-1.090283888368296,-4.4241817783198485,-0.6324621130928278,0.14931335952638736,0.04071367298854742,-2.6378601729519136,-0.4854268271702417,0.3347457627118644,0.3377609108159393,435
MB_img334,28.115798674533842,0.8354737776006926,-3.3183112025263948,-0.39161062352845655,-28.14354843121635,-0.6039588617649748,-1.3872761643394276,-0.16947098466789876,1.059608742071092,0.19863843035712828,-4.913214844297864,-1.1500596956170281,-2.9002974228303544,-0.16606263040816102,0.8240303548256173,0.3046000107473782,-0.48299654797281555,-0.3001237245690139,0.43662280701754386,0.3397632617273126,1899
MB_img335,11.73624804074317,1.4286925233383154,2.0711877735860273,0.28084327782478447,-4.585465586473041,-0.9241999234344155,,,-9.455160702033698,-1.9791402655254444,-3.373728479510618,-0.6142214425752892,-5.414696091488805,-1.144454313926194,,,-6.162032020982572,-0.926305560741115,0.309375,0.4259927797833935,229
MB_img336,18.288646386807173,0.10090526926263721,-6.896304176335631,-0.6650137030030073,-14.721131505646527,-0.6391759856019092,-2.5829899049411913,-0.37761637343233107,-17.639193213787035,-0.5706258750831095,-7.090891105279875,-0.791235256694327,6.324270656307926,1.6427831551094987,2.5811320137230958,1.1255308820838588,4.963230631427828,1.3481331652347561,0.03468208092485549,0.8300180831826401,1433
MB_img337,26.44693066373276,0.39250203870135103,-16.92273182648836,-0.4421190507981498,-4.913014875245795,-0.4235430955108619,-3.694104822907377,-0.7229516986183774,-26.447187372683743,-0.9923145997026439,-9.613087631426769,-0.9034848557969885,-3.956427921596732,-0.7228461311893717,2.2237328787986916,0.4481148965282752,-16.409160140268487,-1.0713113911121488,0.215016146393972,0.6104347826086957,1754
MB_img338,21.849903916287747,0.10024838077587327,-11.121180517058296,-0.523920345089011,-22.38508324196233,-0.4883153014187231,,,-5.138974117118064,-0.4089805443416665,-5.395563162899084,-0.445011853291208,5.691750023783827,0.6986454450751559,,,2.5176200944894482,1.0484122051852458,0.10175561797752809,0.7663398692810458,2164
MB_img339,,,,,,,,,,,,,,,,,,,0.3333333333333333,0.3333333333333333,69
MB_img34,29.655252537623596,0.16910285678211906,-6.42044560110059,-0.6192749007911218,-16.788301944061054,-0.5912231782348228,-4.325355732647455,-0.7408761758853459,-26.10333585657555,-0.7769499747186441,-8.33045721525913,-0.6129631031407604,3.2246432166833543,0.9254349961374089,0.8727827854508178,0.45898084686644086,3.3087733818040626,0.8395100175894589,0.05575396825396826,0.8117782909930716,1638
MB_img340,47.28685665493444,0.7573435758854049,-29.003703860725707,-1.984346563870913,-24.492241750538355,-1.6692253664944061,-3.6753549081442682,-0.8202253878963871,-22.68625027031646,-1.5198663298832038,-18.565528498459383,-1.2953367990208284,3.36168305437483,0.2599870423599827,2.456743833373303,0.6677217169430705,6.097506279658322,0.4254820376313008,0.061046511627906974,0.3399122807017544,1191
MB_img341,24.311305416766515,0.07578458507510992,-2.873427481158557,-0.2880129199419112,-13.739077061170457,-0.7112647671765593,,,-28.58022315762129,-0.7020519810863611,-11.124563160287588,-0.7402972551829657,2.4735235166794283,1.1778817252706555,,,5.480599198427002,1.510940703329836,0.01315423162583519,0.935361216730038,2028
MB_img342,11.034182482867505,0.44161573268975296,,,,,,,-16.7343922463896,-1.4564001625461658,,,,,,,,,0.006377551020408163,1.0,153
MB_img343,35.96150868063751,1.1174498867750626,-16.954790812372423,-0.5112594187254349,-12.616655114028307,-1.0434899076778608,-4.8620267843318965,-0.7828079268789585,-11.441862685566605,-0.6957890738715108,-5.574383219846706,-0.4971170759712845,-5.0690126251487335,-0.20734390612906087,3.1917271401380765,0.22514150277839837,-19.247939110298766,-0.7920963082606371,0.34867021276595744,0.31209927611168564,2027
MB_img344,24.58718348577329,1.777166497112064,-9.285937531710188,-0.8341085328353007,-8.716254113417909,-0.7599336125695455,1.204664372217575,0.2032835983887434,-8.092285982171326,-0.5390677995179596,-2.2980551188899203,-0.40458370696094026,-6.786448829448643,-0.3404642451629247,1.7608481222823795,0.21906781501333034,-9.336154827651008,-0.4315106502094116,0.30438311688311687,0.1972972972972973,1220
MB_img345,22.572338778328852,0.05684258095980804,-17.401608533127543,-0.6598400098020734,-23.980361276693955,-0.9158096149143579,-4.801426937719945,-0.28384312203596773,,,-18.031150446581865,-0.5866745558307324,12.443839128126255,2.0262998566580546,5.068817970454506,1.6249070869737348,,,0.03419972640218878,0.7541713014460512,2422
MB_img346,24.83633066894131,1.2465610908415792,-13.875274650313381,-1.279261630084626,-6.782587790943061,-0.47135068160587534,,,-6.56068990009965,-0.7889787105466856,-11.128094113546085,-1.711110276551716,-3.204305366921962,-0.20594380739767348,,,-3.798658576712216,-0.3914791396096721,0.25149700598802394,0.3359746434231379,630
MB_img348,7.8186073032536205,0.10705373447738527,-3.387775706177618,-0.21404674659127151,-8.511816853105838,-0.9282123838824732,0.08959083631544548,0.011548668603128828,-3.620937285602649,-0.117232057071799,-9.167228452726015,-0.5595375093246716,-2.703600801731975,-1.6455863859136073,-0.9222150201582047,-0.6099912952126786,4.9723201774743275,0.7057468635554859,0.0695142378559464,0.8509719222462203,865
MB_img349,32.3715249692169,0.7582917796186034,0.7833339561355173,0.10696144488322659,-25.36954421510309,-0.8022034564103738,-16.851288192555476,-0.6119738172853394,-2.1076466823712505,-0.1754661809520172,-0.4528447919643769,-0.07823977785838039,-3.3157339122029215,-0.5874183341928638,1.0266988266183468,0.1767301793474269,1.4514274073543714,0.5173237838457929,0.3555194805194805,0.36626030835424883,1787
MB_img35,31.48121057690895,1.402420814970638,-14.118050991507072,-3.069942710303406,-9.252248637132508,-1.2063717801763136,-7.6306209513404,-1.5963196253213592,-10.358578252330327,-0.4373644256336535,-15.701578950991225,-1.9543292715446015,2.1415439219605013,0.2794155474172498,8.928235717551118,1.1991682015237302,-7.941558404289211,-0.5688628476346829,0.05912162162162162,0.22164948453608246,953
MB_img350,12.268499532085645,0.36740206331498426,0.21627516172246214,0.015018166387518905,-7.399824689607249,-0.9952926401489678,,,-9.209257089606048,-0.5174678831367895,-9.923229668154798,-0.959213738784609,-3.8265052485086724,-1.4475791965488825,,,-8.000648534226311,-2.04839604991595,0.13420542635658914,0.7455357142857143,475
MB_img351,22.092830155052766,0.30811613396169035,-22.054389401390146,-0.7786226414839593,-9.86045607406532,-0.48920534001686494,-4.568245697585321,-0.4878202929553793,-9.587148401113907,-0.3678112401367071,-9.06082721962774,-0.46016309399422717,0.7871378873891715,0.0715519672447506,0.40136408971043497,0.07181191598094228,-2.664983307530984,-0.20910113901588848,0.1629488574537541,0.5994741454864154,1621
MB_img352,11.711987705053332,0.16356272945910913,-6.901166167568489,-0.314250319810036,-8.282083274577195,-0.46635967396931793,,,-9.756692034790394,-0.639658680633282,,,-0.08758298546592432,-0.014585663443170636,,,0.6180754238925967,0.09749758958232087,0.1633720930232558,0.7469342251950948,622
MB_img353,28.803228618928266,0.20652325528833457,-19.018755552500927,-0.917236523900001,-20.65619030213646,-0.7176790168793764,-5.86812664879763,-0.835285854805396,-21.72768415744134,-0.7681052338626423,-10.059714267033492,-1.8484186855495897,3.427912453198686,0.4342098085536897,2.194483440868556,0.8809758968577256,9.036258463413564,1.0813892739884454,0.08680257510729614,0.6978873239436619,1575
MB_img354,31.892150251820453,0.2486582445356045,-4.140373467768821,-0.5864044748950626,-31.10670818935196,-1.0774143752016057,-4.967163297288911,-0.610227589544693,-21.987997560269136,-0.9748016146588284,-3.6396100058469933,-0.42760617278189933,1.6924706055909515,0.4601617383467049,-0.7662983196863343,-0.6780719051126377,0.8629593674610266,0.3770696490798233,0.08872161895360316,0.5921985815602837,1384
MB_img355,21.171213350787053,0.07519342189138459,-8.162103549963602,-0.5414578222688073,-15.716986408864656,-0.49940709173655745,-6.89213082911413,-0.5801454844233803,-9.959417454169095,-0.4348899289222891,-23.235141246718083,-0.9419752101939659,6.339313696323288,1.448305380656918,3.928496545293499,1.6214883767462702,4.140040476269686,1.3091040545297787,0.048283261802575105,0.8284153005464481,1881
MB_img356,15.990808944204897,0.30366069910876886,-9.219159801977995,-0.6367317553413432,-1.8933106946438778,-0.17149901426774414,-5.501186001881145,-1.084849262562928,-15.9197496382339,-0.9078871967178958,-7.688522725778266,-0.8428014039846841,3.0665188402086403,0.7115938044578947,3.195021285607229,0.9151353495927224,1.692383253439514,0.20426841629062956,0.09596994535519125,0.748898678414097,566
MB_img358,11.419723235193281,0.11173684564543963,-4.3360351576755765,-0.3528678518684969,-6.972834429536971,-0.36523306447500387,-4.552101483283572,-0.40651911500605625,-8.340017495699874,-0.2485677941483253,-4.395155131975747,-0.292985961982866,2.5858171221405235,0.6551715030025589,-0.20050620042043737,-0.10936055940423021,0.20145873511811951,0.044380859354676845,0.05778739184177997,0.8597662771285476,1105
MB_img359,32.578221263162106,0.7966347493454745,-4.406477449375905,-1.2491081840287097,-4.801877147882039,-0.35750530930553853,-13.125021239167928,-6.754954292054497,-28.18507427308474,-2.0434158844449146,-26.886017908734146,-3.3818024831687747,13.98857015529707,2.4251087097477386,-1.2537695197947818,-1.06177619758669,-2.2123343657807335,-0.8270799390269296,0.07797427652733119,0.6151761517615176,633
MB_img36,25.52434754959545,0.27605455206606194,,,-18.605767224121088,-0.9648014376370488,,,-30.23283244225006,-1.2987702313377827,-13.47606999283549,-1.213323227929548,,,,,,,0.036775106082036775,0.6885964912280702,966
MB_img360,17.369397054612037,0.7849493302755891,6.187370712935383,0.4268916499437941,-6.3391579166822245,-0.9914252642619902,-3.9765059222147467,-1.3840498067951597,-16.1413145487396,-0.8424142130187855,-7.632200208783494,-0.8281794894736492,-4.32630064382054,-1.5262964917818278,-2.2386526312605026,-1.550900664647523,-10.017045278239182,-1.2493891537144652,0.17866492146596857,0.6773504273504274,544
MB_img361,48.60163291722916,0.9198887814215595,-30.422340889557464,-1.071522155572585,-24.39257548061275,-1.1911825151611015,-19.90814813683869,-1.5288344883426457,-7.250734586919137,-0.3461215604486632,-4.362543291867518,-0.32942056933520214,2.2454176559516843,0.09477488120370119,-2.052188850190519,-0.128480568704272,-7.1646130382271505,-0.4663280229033117,0.21364221364221364,0.305188400078911,2187
MB_img362,4.58996599775189,0.0439636246827201,-3.6394710180247483,-0.3273410702686002,-5.680503793448138,-0.6022384833865684,,,-4.375680161194451,-0.5859239769586012,-3.290112837766053,-0.30909301345405343,-2.019772533116974,-2.1259816538547156,,,-1.455472404443274,-1.4982508675278254,0.04758308157099698,0.8372093023255814,372
MB_img363,16.811424237351257,0.17974210536457882,-9.25609608575509,-0.3642508030635503,-6.986206968669411,-0.23270698442188223,-1.6490925894639998,-0.29164889087290335,-10.509497005466185,-0.5236090417336059,-17.071856840384424,-0.8575529101914383,-0.17760971971386602,-0.02165592009208744,0.02911053131942768,0.015714470853974347,1.4096959843298125,0.188232384535382,0.15190880169671261,0.7952622673434856,1385
MB_img364,18.23605466072208,2.6633085524408973,-7.022439601537679,-1.656877682843514,4.754218258665659,1.1191331108857085,-2.448067689043629,-0.8257856274647914,-0.9415171509083334,-0.9068905956085186,7.065480565750639,2.0588936890535687,-14.786601233110526,-0.38575117847035734,-31.1298270288772,-0.6939740595062291,0.7159096272844045,0.05937000943677245,0.6944444444444444,0.004966403739409875,2431
MB_img365,28.101565795800827,0.11035695554527176,-13.798773246701431,-0.5258556317572051,-24.67247314668998,-0.9369741939505253,,,-18.70117785284354,-0.6691682564848102,-21.21436236964688,-1.428822307056646,0.7249173463969524,0.16468835307616528,,,-1.4818220909562516,-0.40760453477405645,0.04563971031985516,0.7586933614330874,1960
MB_img366,31.596374004930542,0.7173392727297595,-25.489816144849577,-0.7317613242393219,-16.451480993902223,-0.8189058808773383,-8.387849266222299,-0.8659882516721608,-6.012647165081,-1.411225355237957,-4.176128619645525,-0.7052742215455025,-4.589435820147409,-0.17927586129169892,1.5280516526896024,0.11337051178742025,0.2520870598711914,0.03491841620322829,0.3294141914191419,0.38365167385500104,1544
MB_img367,18.27880202913734,0.18156659255450477,-0.1921409816549208,-0.011894455288380049,-15.369714797129255,-0.6400526260981246,,,-15.401150438744848,-0.5016769309661967,-10.261427442202201,-0.9188507957258054,1.9670074652530514,0.5064768703243704,,,-2.2730737665349503,-0.5710233097632824,0.0773741418764302,0.8171355498721228,1221
MB_img368,22.390198869922877,0.1601715982658162,-15.430061172880588,-0.5045506961091101,-7.784861580498278,-0.3178231167722227,-7.916260368084113,-0.44838106103467684,-14.641390318482964,-0.8037931988473772,-15.099670811877656,-0.4518412030228554,-3.179917427738959,-0.683666110206968,5.611351045973007,0.9119488854315476,-1.1146133345600893,-0.221877081077034,0.10529556650246305,0.8045845272206303,1975
MB_img369,44.70902420056781,1.3356920689764535,-12.481791604055951,-1.3910095336409154,-35.408308714343335,-1.1198528229700482,-4.198628875045231,-1.240886713804971,-10.241003159823475,-0.7598163892947314,-3.3476007803792545,-0.5284483461860315,0.22397817936187028,0.010798933372792655,0.7568111563320117,0.3012686243212692,1.5280662558177083,0.19535055466754528,0.24753086419753087,0.24345485686322485,1522
MB_img37,21.47472264425742,0.18658332515519463,,,-21.202852333674453,-1.3682251218825923,,,-17.44965386148529,-1.4908984396371663,-20.023392769896997,-3.1183412666630406,,,,,,,0.019054878048780487,0.6053639846743295,596
MB_img370,19.12625676517074,0.16880544900958572,-16.438792515993736,-0.6079117528559372,-14.841917547202822,-0.5947254696610534,-3.3264530470581826,-0.2783043001414585,-8.073712177938528,-0.38963926349109673,-10.81531133887444,-0.6632893430586535,5.634614018478307,0.5352080186337573,1.3920864194952893,0.3510744405468788,0.04183060114198166,0.008063744713440226,0.13318926296633302,0.6930591259640103,1512
MB_img371,68.78842908567125,1.4308440994035487,-29.36233314157205,-1.9285466871671877,1.6368228422806663,0.1175780238550623,-59.39669519138396,-3.169436682811604,-13.68539681738344,-2.265482556838518,-9.891104920657261,-0.9712691172780961,7.073011063454786,0.6036890015001058,-18.06655309493114,-0.637760155181028,5.426450133481636,0.5490772204444515,0.13319088319088318,0.14005423512521933,2283
MB_img372,50.114612888396245,0.9956433719827437,-31.027067181608537,-2.7406921111689173,-42.023584206032545,-1.9769325746785913,-18.059132345499307,-0.9540811205556121,-4.7804111962383224,-1.2623270289915325,-0.03873234029219302,-0.006278922567217895,3.667727908726311,0.18012489692329942,-0.4957292510568435,-0.03674092391127314,3.1336415361033536,0.8043785155752233,0.18304248861911987,0.21647587898609977,1659
MB_img373,28.79611691370128,2.1239021424293383,0.2775915323184784,0.03963178689293547,-23.562946556377746,-1.5751212157191639,-2.4242776497459575,-0.38583931685016126,1.90536227668268,0.7589919004962051,3.4123327994348593,0.6210616070224394,-12.553839700583236,-0.6630579868505275,8.867475544855033,0.9782849648887955,-1.9144816596972343,-1.5582676340557358,0.38671875,0.11079545454545454,794
MB_img374,28.795120907826888,0.34197781242771164,-1.544583544557204,-0.09416711560792773,-29.03024932543911,-1.0611937261080489,-15.36514735886905,-0.6849641548151078,,,,,-6.01518817482921,-1.079429315002915,-1.3113497175710993,-0.3332390451195643,,,0.20474910394265233,0.5130718954248366,1355
MB_img375,34.60656599084132,0.49178113710065197,-36.88507862314492,-1.1003803691087115,-4.3504214367026846,-0.4774355630773223,-5.693449115297012,-0.8915164002176925,,,-14.003442910342509,-0.6839394968993443,-6.702064300840054,-1.456463344181721,4.747890686123857,0.6658028276453959,,,0.16829427083333334,0.4583171772004653,1402
MB_img376,27.516218888718026,0.611242672808734,,,-6.267520125756615,-1.051607256004425,,,-5.059241729752157,-0.5279613513997701,-33.801615294816955,-4.643366844997705,,,,,,,0.009433962264150943,0.6785714285714286,348
MB_img377,14.26707761556676,0.3743376693076269,-6.984253337994325,-0.27014157930222066,-13.805203294441942,-0.9645951048548934,-7.6657981603978635,-0.670443812122809,-3.34139625050701,-0.5531638705094962,-3.2274602498888068,-0.17605076377046544,-12.097455183357543,-1.4595823625944784,-1.9557560013925972,-0.23657179091153052,-1.7573883259375185,-0.4166396038753454,0.2763736263736264,0.5497478220999541,980
MB_img378,20.662176287675468,0.4519518896512952,-8.622126141426666,-0.45929614795398377,-21.463765063134247,-1.1322728369212263,-2.064102710414653,-0.33634687139795727,-11.433199626812488,-0.9423353569167355,-7.78744221139437,-0.5183640167295844,-6.0395756611510185,-0.7158933705476049,0.38478770618966457,0.12914213563623764,-6.386412929170365,-1.3565194631478217,0.16943866943866945,0.5507246376811594,885
MB_img379,2.0592580307149784,0.054523717338580614,,,-0.9684287084952401,-0.09091232678068797,-3.3452210954262567,-0.3863864995609795,-2.9899729634175993,-0.3065008748331633,-1.8332659219239442,-0.1665594593851863,,,,,,,0.13266871165644173,0.8392156862745098,233
MB_img38,40.42466144770836,0.796729619139217,-10.72670193808338,-1.5306014145168336,-31.102496178969556,-1.64293864774129,-7.959097795662954,-2.181224901179253,-24.786643675500883,-1.2571229932614258,-11.387663817033836,-2.2039551730797715,6.569096482183971,0.7291672236057989,1.4321223658985223,0.6551715030025588,1.313648287268517,0.20376566482423597,0.07688492063492064,0.34379905808477235,1046
MB_img380,20.983360808466195,0.11497388786937708,-1.2873499224372567,-0.060819731339021105,-2.937211522880531,-0.18518081299926673,,,-29.305364288517225,-0.7374685001789667,-4.871822409459889,-0.36448579001605635,-1.42725964585463,-1.0191088229477048,,,-6.332151343562153,-1.9855004303048849,0.036554921540656204,0.9255533199195171,1742
MB_img381,31.458814419295578,0.1907193496351895,-8.323717338543974,-0.6649799324469287,-9.64497136976054,-0.69446969484767,,,-33.73540075634779,-1.047371675629804,-11.950846473462342,-0.6769832546770828,-0.08068638331145662,-0.04381109448048876,,,4.913030228335943,0.829187459285839,0.022589141004862236,0.8913043478260869,1580
MB_img382,24.437979185328036,0.6352520169666084,-2.319373805981477,-0.13704639918863296,-28.475074415099677,-1.3504752042107588,-8.485689896665376,-0.6592508041225356,-2.3318989116477082,-0.3496887880879758,-2.2287385746528727,-0.16384755609739082,-9.543351183582441,-0.9225412586392094,3.655854472839817,0.4580666066698525,-2.261435723953648,-0.899175630480513,0.25509510869565216,0.4051607062019013,879
MB_img383,37.442612316072946,1.1042189772350763,-3.6890880314842627,-0.35682486705614436,-22.6483515732562,-0.9975507109441393,-22.209160114905995,-0.5968179851470405,-1.5883405879800223,-0.18541350871131998,-3.6612549645092933,-0.40621918068737056,-2.037220271312741,-0.19967234483636445,-3.111428595430818,-0.20315932189065836,-1.376444103418565,-0.38183708390604737,0.424625468164794,0.2692460580363058,2213
MB_img384,14.261489665952379,0.4849225011711242,-4.273336286381647,-0.3857105119060897,-4.8879087443079765,-0.6354378140814004,-2.538853667963092,-0.38178675528659084,-5.304325834983317,-0.32283898308402564,-15.977108125912922,-1.066092255616339,0.08613589239543591,0.02620507034739392,5.517767589014762,1.1207298958200378,-0.7474488319035513,-0.10068699525700839,0.11322463768115942,0.6985645933014354,620
MB_img385,16.26356148698437,0.17753006887324171,-7.588619161635117,-0.7011150694281246,-12.773694290666567,-0.6203142148447949,,,-13.810709640127731,-0.7438582593255691,-3.695478789904551,-0.33413917883823674,2.3648881301476252,0.5369165898415238,,,6.466287156247505,1.2955304048227547,0.08787593984962407,0.7588424437299035,714
MB_img386,9.91919029907871,0.4196326904689922,-1.082482978533201,-0.18443899801570204,-2.829544400883147,-0.4503619082734078,-10.780808232589278,-0.731649509016131,,,-2.215758697893156,-0.5875061893746345,-0.5904620448237768,-0.3276873641760474,2.0612803187891857,0.3611335234682962,,,0.2865566037735849,0.5235507246376812,202
MB_img387,17.664124740561107,0.4552607566443848,-0.4067424890004667,-0.06322116593008874,-12.467970978502553,-0.670477804144288,-14.360129732563033,-0.6627520814897527,,,-4.586955630809773,-0.3909959604167966,0.2018079954989924,0.0454934659712697,0.8886333138960438,0.18297874334891626,,,0.3076923076923077,0.4774023694602896,848
MB_img389,16.691522785588923,0.09649995664448381,-12.893957108366294,-0.30183719375862733,-16.409486911969513,-0.8115677388715326,-14.446643771906666,-0.577641425950399,,,-4.355037726194932,-0.3781558853550247,0.8203952393836123,0.1252030341013349,3.3384735933479672,0.38550974569073226,,,0.14032941943900848,0.7547600913937548,1921
MB_img39,55.56709438846426,1.1202447884952826,-18.938782504145504,-1.2071319893202017,-29.67658696676869,-1.3524410312328294,-3.594895643527739,-0.5502187363573129,-25.40317856885872,-1.8893928373983542,-25.919035365783152,-3.0679183151906244,-0.4876721535510221,-0.025778938504869,-0.7344254528999621,-0.18671183318721565,6.084694023496765,0.3834049040247955,0.16501584786053883,0.3275181040157999,1759
MB_img390,16.99034721598953,0.058858421515908886,,,-13.248842844939462,-1.1621987268690344,,,-12.327518917267398,-0.8180324746580947,-17.781058230621408,-1.23902457223577,,,,,,,0.006435926773455378,0.8349514563106796,942
MB_img391,23.75635486940073,0.3387933754854679,-0.29813045179895326,-0.03128660457468986,-12.048442311249852,-0.9658217162640375,-17.432572928357423,-0.7231738629431284,-24.048959607855544,-1.0950118581566757,-2.0311618530733537,-0.08406426478847463,-0.9885853786551533,-0.5878450092542774,-2.5780315441928208,-0.9104374813308569,1.4625499313053867,0.3427288101534625,0.11851851851851852,0.6241947029348605,1430
MB_img392,,,,,,,,,,,,,-0.7335170621887594,-0.14603966836371635,-0.496794790936169,-0.10586960727296486,,,0.375,0.0035087719298245615,567
MB_img393,11.717476327159519,2.1392357973711724,-1.7698767823356392,-1.5861642459309093,-6.292837595979722,-0.45076099335719205,-2.270376089254366,-2.6644828403646827,1.688470553392162,0.5079206163134362,-1.796655455584844,-0.6742520339558336,2.6229345720800388,0.28286085557788293,-0.3699794178344004,-0.269033146455237,-0.9066348884002557,-0.8298495598446907,0.5818965517241379,0.10037878787878787,420
MB_img394,17.173243897671377,0.07072224001660483,-3.401188933729868,-0.30054213960700743,-14.102435439072003,-0.45926328270607797,-16.55878288519777,-0.42214696539363245,,,,,1.532388999486747,0.6678490453965215,1.53154463998781,0.5617071484208533,,,0.1075,0.7817418677859391,1770
MB_img395,23.62695914784928,0.796118858786946,1.1220765170616407,0.06220482244841769,-9.845110964812129,-0.958415969633996,-2.346448102382272,-0.5620634252265969,-8.522963742315191,-0.49928335115084455,-24.454101424250172,-1.8569145702613064,-4.239603516906743,-0.6265149901656621,-1.1606285961651908,-0.40017356664685355,-7.205831888619204,-0.7947757453793423,0.21469740634005763,0.6080357142857142,1007
MB_img396,32.74218800719422,0.22077639391167023,-5.109587821956945,-0.4243069561753622,-23.96471054807929,-0.9761961523531034,-3.6567073503102607,-0.49665408259349575,-35.229160068142235,-1.673928392653771,-15.324454286462938,-0.8952269469101001,4.781695130286713,1.2260036748888268,6.157004792743031,1.934197941604254,-1.127756018512874,-0.46100460993347414,0.03513572679509632,0.772795216741405,1459
MB_img397,29.809143398648615,0.48013922568888523,-13.718880694534853,-0.5654485715628285,-29.866716843813492,-1.079316677341841,-10.560674680021997,-0.5589502691374454,-3.5863554256819157,-0.7425651938137687,-10.3297855843335,-0.4677467886396344,-1.7531964130986806,-0.12047050614662923,2.6253757454988436,0.2550901331446417,1.3308396728844012,0.42921326804321136,0.21583601286173634,0.48892363825905655,1859
MB_img398,20.211677473102068,0.3155842225258024,-9.302193311526272,-0.9191260081891119,-15.680874966637415,-0.8788117886847525,-8.380884979494253,-0.9510085746577954,-9.01162316465425,-0.9575957274735164,-15.051538069488544,-1.2343224798758252,3.3145677401185956,0.546933019275319,1.6115886150463172,0.5620620986110774,-2.2618163871414105,-1.3857071246579336,0.10930735930735931,0.6134969325153374,692
MB_img399,,,,,,,,,,,,,2.3942307577779243,0.6683388749740681,-2.899968432366452,-1.36667191611176,-1.7334799493837096,-1.1529946054924352,0.08333333333333333,0.0213903743315508,452
MB_img4,24.95655430122856,0.3611353313442074,-3.7714214659622822,-0.7475275102085867,-5.191840982525268,-0.5889644312786525,-9.00598537267186,-2.385932975109652,-31.171847327262654,-1.2889225685408487,-6.336352158364281,-0.9367334258617864,7.576922596924921,2.2735650733259636,3.7325632116311005,1.4819685073978306,0.48555345307811937,0.12898644072007817,0.019114688128772636,0.7686567164179104,746
MB_img40,16.980719961936554,0.1658584369197029,-4.826232365512914,-0.8045417361661116,-13.175510217633263,-0.7737290709844089,-7.681591401563408,-0.9265170392186755,-0.7007699780651895,-0.0908534304511137,-19.775789590420874,-1.6155267994581513,-0.07445802770653796,-0.03703073094496691,-0.9502173038162458,-1.0214797274104517,0.8368479297515411,0.4441838449383603,0.053916309012875537,0.753315649867374,577
MB_img400,32.67433522753861,0.9462497411747995,-11.702138447876807,-0.6413942223802873,-7.027400151658902,-0.9691385021614713,-21.290616681252683,-2.515719547098066,-7.397318075870028,-1.019973957197451,-15.358743826012013,-0.9853382623201713,-3.2830785243800884,-0.5758309437327036,0.8230726007095689,0.07306474549846075,0.24562039270045968,0.031208812116408833,0.1743827160493827,0.36908077994428967,911
MB_img401,52.14815370256819,0.9042338701906245,-25.050143296502245,-7.28828934218097,-48.022271919221126,-1.5508611375957042,-31.542108692882067,-3.6329801598540543,,,-7.004034152491131,-2.4445534881840696,2.4595248276350796,0.1528353375067153,5.191524580453868,0.5881757419830216,,,0.13088037634408603,0.2150462962962963,1620
MB_img402,21.940521810233548,0.10821564905603345,-22.85353404434128,-0.4343794926684474,-17.092477969816187,-0.7198453679863118,-8.77912882770664,-0.4698258794226367,-10.118653741880317,-0.9282366833366041,-8.43134675965451,-0.45106674012814985,-1.6611032605661162,-0.25446290814504946,10.8354472728482,1.17685008917095,-1.9350989554110598,-0.7366770263002799,0.13076424870466322,0.7405475880052151,2446
MB_img403,34.531620421326,0.46498083416527314,-8.836841914740221,-0.6778108675929101,-25.30814808767212,-1.0023540490023983,-14.297514343118022,-0.8728500135100952,-21.467138849786327,-0.8162346452509621,-4.738910581643955,-0.2830803480355519,1.383149323929984,0.1675387308514032,-0.7018822270917633,-0.16179285868624305,2.9272708945547947,0.4017970000385171,0.13839811542991756,0.5291647223518432,1568
MB_img404,34.08993779348585,2.563191537457547,-15.916931390475538,-2.49209864054623,-9.186589699216242,-1.129626474877999,-4.9320405382484935,-0.6187085123137874,-1.443147080275358,-0.8549930167569999,-1.7797060872216368,-0.8399595874895318,-13.903375836514174,-0.7306412844931054,-9.119956590740498,-0.5745954708410866,-1.7349128671602065,-0.474392776895265,0.2927215189873418,0.08501594048884166,704
MB_img405,30.83279046583428,0.3360601911000762,-8.055791530294188,-0.26092486814516147,-23.191078824723817,-1.2355279006347402,-5.524071766992082,-1.7210080202632299,-31.59501241233289,-1.0639885872114587,-10.629221353170436,-0.9472250546783558,-0.9505384826055424,-0.11296200365251581,1.094991275817487,0.4490993353524767,-2.718976052759471,-0.19836656721917928,0.11831494057724957,0.710352422907489,1876
MB_img406,20.286238275505404,0.2713676368983582,-0.8912602501603292,-0.1406658438782234,-8.399724073502902,-0.5804915447693969,-10.24996041091711,-1.1165865562219144,,,-26.880728282667157,-0.9195860874722855,0.5807651294570124,0.32192809488736235,-0.2970995333379487,-0.24184018356467063,,,0.062278368794326244,0.7706855791962175,848
MB_img407,33.14862445849046,0.17894738358892284,-5.8780238448390305,-0.2076917324438571,-34.70903255567584,-1.3647801445369048,-5.758981112147751,-0.4010346398798694,-30.73732025350948,-1.5273425595221086,-7.871211319904402,-0.3460439638029693,-1.0493733555077744,-0.19203890044049585,8.00226492942891,1.6491699896711927,-0.2084026394151328,-0.040663764149385315,0.07575987841945289,0.703030303030303,2121
MB_img408,32.215825325609266,0.212288874159917,-15.950929865378237,-1.512150253397988,-27.492380167665665,-1.2937943760417983,-7.893667799055921,-1.4630338553174926,-15.942662781043243,-1.1990466854373545,-32.6199077211872,-2.2039429654207368,7.543817578641785,1.3383536428004734,2.7551245445815895,1.2142402255729887,8.48899105922254,1.9801612529077652,0.04408766564729868,0.5803571428571429,1221
MB_img41,7.127597210873563,0.03057694574517121,-3.48400906021193,-0.38263178521364166,0.22010525962950306,0.012331671549213202,,,-10.275389677781682,-0.3537825073084588,-8.076560904415867,-0.7763786737670523,0.03191638204851505,0.021804370318348337,,,1.9397435505800262,0.8073549220576041,0.023026315789473683,0.9829059829059829,1171
MB_img410,,,,,,,,,,,,,,,,,,,0.25,0.1111111111111111,57
MB_img411,33.816897065381525,1.521239037024075,-13.727406738255807,-0.5639958795443515,-11.893737371618291,-1.5511499531773911,-1.8089793606139348,-0.15059480385751708,-6.848883134851222,-3.7975318395719624,-16.590521232188266,-1.654987465675679,-18.73988554986377,-1.2735033524317791,2.2999066737664826,0.11080361849171398,-11.517028682728315,-3.3910802967567855,0.41017110266159695,0.24235065565808644,1458
MB_img412,6.382592384692366,0.4707683656158042,3.12857928448225,0.4916191877361123,-2.09703247231916,-0.3098783547595737,-1.4468180797684955,-0.29278174922784583,0.17414458719491674,0.015534420928198314,-6.013252105953009,-0.5542019506516844,-3.046963236495643,-3.3582555867051274,-2.249588779112495,-2.5533605033353277,-1.851160837318361,-0.6874340083163287,0.1636904761904762,0.7135922330097088,227
MB_img413,26.11984944230907,0.6086597460460552,-12.679706858803737,-0.5472554654820626,-7.227141484112572,-0.6043695944398583,-24.13934305563871,-2.162164333794811,-9.522251032191242,-0.8785987865081266,-7.128191646685652,-0.3715908726759955,0.3076737996827417,0.03524701420894462,-5.034632899804385,-0.43540427313654323,2.356334688588267,0.2669603491116847,0.2016728624535316,0.4382849718492854,1229
MB_img414,15.734271781022233,0.5818397133351186,-4.483716555092186,-0.2988620908478252,-6.924097095879666,-0.4946478914335743,-1.7720935575894976,-0.2741169894539394,-5.146779417064454,-0.31004005577929733,-10.057442737842209,-0.6686386995117486,-0.4918765896161579,-0.06543928356271558,0.5911429015616235,0.1496006032297453,-0.6317855462068925,-0.0683167440392098,0.20278776978417265,0.6,758
MB_img415,28.003834895069048,1.2341480383672998,-17.144891422541324,-0.6679927697905684,-10.424674538735832,-0.8003782656479067,-11.79256385194401,-0.6715685121869752,-1.9099110057824185,-0.7944736307608717,-4.000234147349515,-0.8615832318077679,-25.641833228738875,-1.5394572553236798,-8.27252030128005,-0.2525569850576055,-1.7015314212576569,-0.4375983020796265,0.49421965317919075,0.2264750378214826,1705
MB_img416,14.57679036043979,1.475278871794159,-0.9972475605539765,-0.33163356717102954,-3.8080759289172703,-1.2980298271899975,,,-6.437198472208939,-0.4709716556053025,-5.516339554569048,-4.699884728697476,0.5656237548010663,0.2567004721117431,,,-0.42690492922531387,-0.06033093779748326,0.059782608695652176,0.5081967213114754,244
MB_img417,19.91831537860002,0.07745225631967424,-2.5913205050464287,-0.22236297828007118,-22.672755307380786,-0.7102055824833726,-4.808228864206822,-0.4385885767089903,-13.652120400693216,-0.5358179595050989,-10.013807237893648,-0.6790432207360031,-2.5057973691422517,-2.790772037862,3.479700264952961,1.429537068973959,-0.7350449314564206,-0.5025003405291831,0.044202434336963484,0.7937427578215527,1783
MB_img418,31.32014465757158,0.41583007612301076,-18.649783099290158,-0.7465715180152793,-21.10571268600448,-0.7899325542564736,-3.0636979443228376,-0.15747804659469578,-12.130393116521269,-0.757099806422617,-6.663117695155589,-0.32653221208387073,1.2563465670226723,0.07258236018598072,1.5346466401120575,0.15904023874001344,-0.6350751826647133,-0.08251374077574554,0.2291196388261851,0.5354691075514875,1731
MB_img419,36.68452523250526,1.449116693414102,-0.1304667789698039,-0.0054921836357763945,-11.538324697930728,-0.911269735607428,-8.955100480633122,-1.0726027149740136,-13.27498309046085,-2.2733224785749133,-21.298827382374824,-1.397883713636341,-18.646543187204422,-1.6012607108109507,-8.69598749131099,-0.8926216541675736,-15.649528037165155,-1.956366476324447,0.32336182336182334,0.35881174899866486,1798
MB_img42,37.30228306962364,0.15436477800102488,-4.5543474268230355,-0.2472805460630514,-28.142366825861167,-0.9989191285526441,,,-36.90177127597644,-0.9890524811415067,-18.532932229777735,-1.4709272574751266,1.8365521835206187,0.5436318939005333,,,3.7353690248854248,0.6959216801611643,0.03165623495426095,0.8201438848920863,2538
MB_img420,30.294732283282663,0.5759280802514196,-1.9773038450849982,-0.0919367382105852,-10.13798528864248,-0.8299179550868819,-4.449263615084443,-0.3562508099440518,-25.472345300070508,-1.080674830826509,-17.592950703793797,-0.7207795246330772,-2.983746870216687,-0.6338538852406268,8.172962218723647,1.149642717720163,-12.682410484144803,-1.72999039482686,0.1420196671709531,0.6936370777690495,1461
MB_img421,16.658300478565792,0.05707248097374774,,,-12.45810731591312,-0.4942501432446501,,,-20.662624763075698,-0.8165449044549232,-3.433703901667574,-0.43746079951104694,,,,,,,0.013930163447251115,0.8932926829268293,1474
MB_img422,24.06719402802537,0.26774168401885096,-8.768341802083338,-0.5893276932825581,-9.416784479830138,-0.43042673613585536,-1.2790770144461756,-0.17139585290764342,-24.18105983710081,-0.5803759628447765,-8.93962135550648,-0.8327212680342622,1.2837256018993115,0.2718980857747932,0.3765070794700576,0.18579140690133336,6.026746271938776,0.496817493826148,0.07847155255544841,0.8237837837837838,1682
MB_img423,35.29958444796129,1.1589827637634955,-5.296588344940957,-0.2572074432875118,-20.815619739842056,-1.7860333275522013,-1.5945370747841956,-0.27325258414259207,-20.239985333128427,-2.263673756626836,-10.441126985564413,-0.9040728309610387,-18.762625846606404,-1.7504103379914793,6.7918674503487075,0.8860393565725845,-12.855653273738898,-1.3286155545194465,0.2525,0.3519163763066202,1214
MB_img424,17.771557555895455,0.05016072272421551,-10.341977302417945,-0.6093609877193304,-17.3140963802567,-0.7834168674008488,-8.49245951881643,-0.875300587162287,-15.73870475349722,-0.7142282656043358,-6.616587662546869,-0.38736254083599525,6.494865499616153,1.704137064191834,7.908424541780216,2.3351034836350957,2.124960429603743,0.8400186080393605,0.024953212726138492,0.7775590551181102,1745
MB_img425,47.75366031404751,4.2627660224192185,-8.993082980521747,-2.7618171425071414,-4.374307530759119,-0.6814104899654629,-0.37527111706528943,-0.1140338005502672,-1.7723375822422271,-0.8683904530544542,-6.24021790756438,-2.6131387086036666,-10.7360586928666,-0.38950760119692174,-3.879150626337008,-0.31750490785317703,-2.4290848133052028,-0.2818795542781803,0.31896551724137934,0.027540360873694207,1143
MB_img426,26.56310675825796,1.4105296063159036,-7.842354981100002,-0.6449574637366595,-8.854269043567463,-0.960264567498996,1.7989884006669596,0.444610614662191,-18.27047354525866,-1.7542355462415746,-7.6738864230152215,-0.8391243267223534,1.230087503991436,0.11062992265508734,-0.05514559985899598,-0.019701914442548166,0.7473178393017417,0.048742389650799835,0.20421511627906977,0.39927623642943305,727
MB_img427,25.413770240618252,0.23683492089835767,-8.585472934521295,-0.5039092646364888,-7.766113959671727,-0.6517803083267028,-7.639426664009686,-1.1382205944705746,-21.208605783998994,-0.6633126082043878,-21.241059012080164,-1.4060537583568595,-1.055087099479173,-0.5224862544730231,-0.4213577147596268,-0.2524762141352174,0.33172342549455675,0.04073744416942877,0.044093406593406596,0.858139534883721,1307
MB_img428,33.10826935294503,0.5730903323517381,-30.144979558570828,-1.1035047780197176,-5.489158165322342,-0.34360095781054517,-18.455394801924918,-2.121823050057339,-2.7499563337044965,-0.1964251388803657,-11.96024138573091,-0.7188364443145392,-0.6945363569007403,-0.06099062988914835,5.587365303165639,0.40930852168633675,-0.3401678897103072,-0.034521223635851285,0.18240343347639484,0.42934782608695654,1420
MB_img429,62.88226686985371,0.7791840591805614,-27.914877200875306,-1.149328582158763,-48.130610672875584,-1.5633843360721271,-22.72303022647092,-1.466600156651789,-7.916528075140239,-0.7945576475934897,-18.80025689436949,-1.8873354753655143,2.8551401608742557,0.11585980091946826,3.941823748194847,0.3232115499235533,3.29311863913971,0.4464504519103053,0.1602508650519031,0.3238880918220947,2450
MB_img43,31.987480151931226,0.16337901152094286,-14.135067062834304,-0.8926033274428703,-40.367466306236835,-0.9642218964719266,-15.199522308991694,-1.4475791965488825,-7.935129291668566,-0.26597197119278043,-9.317437325912207,-0.6371385094290508,8.886625164639359,1.1023019280313688,2.3045048596445845,0.9667238451257013,2.1173378147688373,0.5206266966306021,0.080291454442558,0.6016674386289949,2298
MB_img430,44.10923569086881,0.8005572069337374,-10.186119996311344,-1.0927663314944382,-34.898662325116355,-1.7501112605037916,-6.719697692189427,-1.87561626005487,-22.640597784923415,-1.188454290245001,-20.93459966387627,-1.5822275329999174,-2.478776738165951,-0.35673690172011885,4.142151643964193,1.394347640511659,6.104981327957602,0.7693487680170094,0.07685512367491167,0.3543123543123543,1197
MB_img431,26.733953641533496,0.22391557996115377,-10.980875454554287,-1.2669364233027853,-20.206354613777936,-0.6659589813564052,-6.066702815290637,-0.8695643704595379,-22.99516597625082,-0.820942348019222,-9.331799431659753,-0.8770079932140185,6.393899063390553,1.0999563456754549,9.101372169593887,2.415037499278844,3.560030254987569,0.6871526277180484,0.06106046065259117,0.7372421281216069,1431
MB_img432,14.470499248184435,0.16534998609309437,-13.863396079550432,-0.4677935421366166,-11.391869608167896,-0.4008700952290357,-5.2652853387415535,-0.44385525626801997,-4.855043908939504,-0.30921276511253315,-3.4630635251870983,-0.24332187095395405,-5.601592090267308,-0.6418203094367038,-1.3602725059755607,-0.3194252537269683,-3.1463285264109424,-0.7619943886577285,0.19808352402745996,0.6876606683804627,1297
MB_img433,32.9368639585305,0.27223950735992986,-3.1916659851488967,-0.15704371014558016,-31.466787769336314,-1.213507311814221,-22.507193067150496,-0.6143670834909158,,,-12.205823011104604,-0.3153164652817635,-2.0626539147736196,-0.36988520228401733,-0.6570019215125259,-0.0831519439247235,,,0.15529548472775564,0.5996038483305037,2437
MB_img434,17.854896365005082,1.375213365869939,-7.159659513405808,-0.8246587632965476,-0.35525433940443335,-0.058043007540800634,-1.5010660772430633,-0.6989592715864612,-0.16261898290957555,-0.015715043351892704,-10.282763563316163,-0.7365449686173251,-0.7391327870743388,-0.10182825758616203,0.0717921735740087,0.023528535496240805,-4.618221572058257,-0.49071893859908106,0.17672413793103448,0.3730769230769231,715
MB_img435,15.041383550784754,0.08815357745766793,-3.0106709618571954,-0.24591022804258475,-2.644376770094765,-0.15887904106066766,,,-12.22989917321548,-0.5801079347749857,-20.995456144791554,-0.9978538578164428,-1.3305267975152588,-1.1243281350022014,,,-2.7982760450186346,-3.084064264788475,0.03436085972850679,0.9076433121019108,1041
MB_img436,15.049412562496613,0.03155803305284759,-19.79937901137582,-0.6607755005675764,-11.721894741186235,-0.47168081980142074,,,-8.942840463533688,-0.8916293696904027,,,5.958322230199985,1.395296054071106,,,7.24520914249437,2.170440341701726,0.03349767981438515,0.8102941176470588,1831
MB_img437,26.223169245069418,2.3408232010668977,-6.808901465604314,-2.1929224926227793,-6.913535707257691,-1.12526432181939,-5.17378194255484,-3.7366048753142485,-2.4205008410021986,-0.4612605160394896,-10.764099409646573,-1.2062368618298092,3.4538705679486776,0.3655475372386112,1.1087584585517423,0.2601518973006726,-2.177749077575477,-0.4230609462098682,0.11403508771929824,0.13829787234042554,475
MB_img438,20.98591289450562,0.1847487878839393,-20.425849361310867,-0.41539931409218134,-2.346004908229357,-0.26935669322512595,-5.323461292945245,-0.2759847828690875,-4.765813655867046,-0.28093540869146477,-14.555261574255395,-0.3388072109758424,-2.452291956148858,-0.8229850185468769,3.9014015729119302,0.38361226844396284,-8.648949152973127,-2.2737193201798886,0.1746342737722048,0.7342319430315362,3053
MB_img439,27.44662109461383,0.4537968526152019,-4.409438729581549,-0.3806622917461342,-15.935126939675825,-0.9328146959456084,-4.746289717014727,-0.39438065315560444,-11.927337669899076,-1.0908831372336592,-29.667768229353477,-1.9530381702902508,1.9109751918987388,0.3277363135881884,2.459245283439342,0.6357173915992271,0.0025946321346547083,0.0007595130688128249,0.14038825757575757,0.6235849056603774,906
MB_img44,19.18763251530811,0.4061778711376025,-0.3478607852154888,-0.053938807110803726,-15.348095261413,-0.9451560314193387,-5.611177764612864,-1.4903726497750436,-11.606108122814794,-1.1237765406384228,-9.013994664163809,-1.9829264866410585,-2.5765971854168046,-1.187677270419932,-0.06449078319008103,-0.046141781644720666,-2.6111563146109065,-2.8619553641448694,0.10490196078431373,0.6103896103896104,406
MB_img440,11.906305729308313,0.18974219271730378,-6.817533361895518,-0.40514076260323834,-11.58524321367256,-0.7971059220154192,-9.121820749706442,-0.9335282059463593,,,-10.056687335929372,-0.9218012748099647,2.3148329808439376,0.38122217751611404,1.937626411192908,0.4642787919191748,,,0.16256830601092895,0.608092485549133,519
MB_img441,12.574824644006537,0.16589317440683873,-6.961376755996753,-0.3121364878964996,-5.042399414722862,-0.28688114778816154,-1.4729849265146697,-0.22744237348222593,-11.837968170095596,-0.5234631717753563,-7.846141661509365,-0.8214115616301667,-5.962993354166168,-2.0836002016179407,0.061678383417095355,0.0328313924673725,-5.812169034497777,-1.3571151258486411,0.1362763915547025,0.7841981132075472,761
MB_img442,29.046407669541882,0.5316635312981328,-21.08597039873987,-0.6714132103880222,-15.55578460243467,-1.1299473034937733,-15.622662042348818,-1.8432761618565414,-10.767358424696873,-0.7994610480647136,-10.633848561367664,-1.432342739157767,-1.1666168157123216,-0.0898586073857821,4.080340275044159,0.3434288919615301,-1.6522571479136343,-0.12770234421602233,0.23372894333843797,0.4642737336464274,1340
MB_img443,26.56374752602536,1.707811364948771,-14.15170973556031,-1.800974200997123,-19.57659822228361,-1.600519192494933,0.2922995732891443,0.02272007650008345,-1.0557544097159988,-0.12602886941463137,3.7764283870730373,0.2711575009228917,-5.279078643227252,-0.23201934042707564,-8.723034515357254,-0.7802895107319465,-1.1087444601771168,-0.1099566443572382,0.30097087378640774,0.1382667964946446,1489
MB_img444,33.214155819777865,0.09249339702537662,-14.38824494960783,-0.618017293248011,-29.019169277674088,-1.4575127798243177,-5.620260530244804,-0.5783667320560488,-6.7383356006262165,-0.8804183842473275,-43.673004708370264,-1.2476847285893182,3.3813724277368973,0.9799423476587464,7.170561511621519,2.2142402255729885,-0.9299532698540014,-0.9486008474933558,0.021117747440273036,0.76,2627
MB_img445,28.5134384327512,1.2362792866925176,0.8141747119787407,0.04184529516158398,-4.8605127386647755,-0.5843005621727745,-3.646144665655628,-1.047795511096383,-17.664923338896205,-1.042164727312128,-17.909704007323427,-1.4474240509701943,-5.8590523299359205,-0.7328398393649863,-4.810712076293991,-1.79115104615024,-17.468169796682417,-1.0725589757843175,0.2811284046692607,0.4606971975393028,1134
MB_img446,9.593071903014337,0.10222077043256803,-3.9804347661170194,-0.5102117853512689,-6.886203684993955,-0.3025417500517432,,,-7.211401236023016,-0.2835062521411961,-9.42216635209235,-0.5294122013053875,1.0435239676441095,0.38389898746993967,,,4.237414302004826,1.0556769763700258,0.0625,0.8955823293172691,944
MB_img447,24.709167428976865,1.26568123046718,-1.0672882196527818,-0.11500633101069085,1.0795694786710521,0.1072465152145321,-7.542289921980047,-1.730639955916791,-18.01008736296549,-1.241370861816586,-9.596781831883103,-1.5146229200769104,0.19697385250716903,0.044948639970890394,-1.1809969341298283,-0.30610312772567977,-1.0668979581846394,-0.09439479090218714,0.15476190476190477,0.6339066339066339,562
MB_img448,46.910061156568155,2.877820855259297,-10.369565982449897,-0.8230986787108497,3.2816269002942855,0.3075907468828457,-22.312802193729425,-2.692150683468852,-5.837329323343002,-0.9213745685161817,-0.6826542103053354,-0.10442268557671741,-8.1591489320254,-0.40111823762431753,-16.917669804612597,-0.5679724641614299,-5.174024753103896,-0.3084209076606883,0.36013986013986016,0.07929368649008829,1992
MB_img449,25.844805591185448,0.19743859395997362,-16.205014834789818,-0.5249846855772214,-27.332063983536003,-0.8043587787647775,-12.224239626160522,-0.6421387307272183,-8.136732959264354,-0.5300242718818455,-6.293511171291763,-0.4449594581059772,1.9677325360811713,0.1885076730352155,3.021178361966101,0.4291950278995743,0.49937155227573576,0.11270411077426103,0.15286885245901638,0.6350851221317543,1723
MB_img45,,,,,,,,,,,,,-1.543156508396125,-0.1262131549781072,2.9004506144910387,0.4350528331862318,-3.156457540815506,-0.2882169578848397,0.125,0.0008968609865470852,712
MB_img450,50.39442289969025,2.377199768136587,-4.482706010215046,-4.509062386361898,-20.196743455913683,-1.0144881259527407,-18.528301363789026,-1.1255152363336238,-3.7848493597620645,-3.69655030107857,-3.9194837303979573,-3.628773595201645,0.1676371265726448,0.01962460187298257,-0.9890680023397198,-0.15198333036392056,-1.1393466577920406,-1.140778655782796,0.4096590909090909,0.10158572844400396,1962
MB_img451,15.188194548480881,0.08064956334027869,-2.796172202269567,-0.14187703421730027,-15.695121031038681,-0.45698980516201443,-4.355769490606184,-0.3317425973443747,-9.64815930706706,-0.3351537915424089,-9.161316931107923,-0.49290427766435846,1.2314766283598388,0.2865357016525063,-0.2575824976885026,-0.14241343787374133,0.7509181262594566,0.2143996305829172,0.08932584269662922,0.8251695553880934,1653
MB_img452,32.09582029200532,0.8770426384747322,-32.173034190629295,-0.7880995321688861,2.278569181650493,0.1459985689835323,-3.3086723087111003,-0.44477048028143645,-1.1905878379698664,-0.3059121701566207,-5.334892639581721,-0.5087341011781729,-13.60538320410223,-0.7630252072901701,-0.9949465948349379,-0.07202087461986724,-5.155166248144194,-0.9026649179328972,0.4074835526315789,0.328847279110591,2027
MB_img453,36.08111976810114,0.2913919159992823,-33.92396882861663,-2.0771272567581307,-22.394936875196702,-0.9964855943676982,-7.884746974600633,-1.9044403062202322,-11.629985667523698,-0.6235175313115243,-24.647662110936356,-1.5459844103681937,12.939391732628245,1.1695893069475962,7.192206655618789,1.8938344427830722,5.091352956328572,0.7041913970534447,0.04961734693877551,0.4863883847549909,1349
MB_img454,46.26650652893002,0.14800883697863293,,,-56.06831647703094,-1.7310088056505346,-16.71428854910068,-1.4945140777927426,-22.31801153891233,-1.2047667506546131,-13.505835442371467,-1.1206007738451655,,,,,,,0.03010597302504817,0.45376344086021503,2405
MB_img455,46.19962607274257,1.0677544378376862,-20.59948396144357,-0.6562031508513949,-11.84432800319531,-1.7930955413318093,-19.886054299518744,-1.4093079009400682,-15.341602046775598,-1.0683185724893955,-16.731777912396115,-1.051647436762815,1.5881008618022725,0.13150136239741744,-7.437630849301979,-0.3674443994075496,-1.4345067848909914,-0.06162000576550957,0.25276548672566373,0.3571591687599909,2236
MB_img456,28.462322815119272,0.48372509620315274,-6.029489554029981,-0.800211119210393,-21.31381237015359,-0.8083198744424828,-5.639005313749779,-0.3303511781572392,-19.385590505704975,-0.8910401569112305,-19.92057510127845,-1.0315203682337282,1.625370110034403,0.35552463987380467,2.5531420321615963,0.8429562898544201,0.697908468820939,0.1958874218241916,0.13230519480519481,0.6175324675324675,1464
MB_img458,20.11590483060514,0.20379351392372566,-8.03179636974106,-0.3185188853155515,-4.658576096322942,-0.34819044443410385,,,-11.915223741540355,-0.4574130904249622,-23.595892203877955,-1.1278127987971152,-1.3543200888522184,-0.3863240703640279,,,-5.7352449837857264,-0.9567088358875886,0.08922313084112149,0.8004613610149942,1245
MB_img459,13.350940677711309,0.10465188715547553,,,-4.527663870520776,-0.2612442392796314,-3.500172067388448,-0.5518577670174812,-15.872616453888098,-0.32024214238522897,-5.555713360396399,-0.4169313212470325,,,,,,,0.028945111492281305,0.9444444444444444,1601
MB_img46,35.62172687374914,0.20594903308707235,-21.53601929792068,-1.238568517544946,-18.669510793197066,-0.7291815592576543,-6.808242497942448,-1.078524445389077,-36.59801862399353,-1.6918543724537272,-22.18677007024314,-1.813571865486981,11.4331113703092,1.4926281895349542,-0.09985896725725216,-0.07496205768122212,4.114123182349988,0.7115072023988559,0.05429497568881685,0.7,1564
MB_img460,18.715084830777233,0.12977531114860041,-4.8104139457260295,-0.19780118674622665,-17.759532110936533,-0.9028511417318329,-0.8727110748511013,-0.08139891344676449,-15.224478331983,-0.9450183809599549,-20.73654267787944,-0.8358628432189528,0.22180768076869375,0.05271889192560527,2.291215686360875,0.8929817501178795,-3.0406116905346496,-1.3964335312509921,0.07714483394833949,0.8173076923076923,1376
MB_img461,2.4835472010240522,0.1277733944134082,-1.3298452291807767,-0.2574129874851315,,,,,-2.0358278783762755,-0.15041762310530904,-4.754271493596444,-1.0715910731011509,,,,,-0.8815068630256023,-0.27202318906104855,0.04487179487179487,0.9473684210526315,127
MB_img462,33.19600055931096,2.036366778645058,-2.2594321496532155,-1.7949356628035362,-36.64709720468945,-1.102134523425533,22.2057977119806,1.4253397567106287,,,,,0.47076764791099834,0.04711425869643211,1.3197841007144835,0.5694173560965267,,,0.5973557692307693,0.1217610891523935,2125
MB_img463,25.642782971382317,0.19935382766404416,-18.753097558674334,-1.1663920749658498,-20.635193033216396,-0.9956529352326142,-2.1248853239211805,-0.24387214874689947,-21.39492836100134,-0.9283133557638545,-7.781875601812871,-0.8256887275056665,3.390543272714261,0.6726049258889516,-0.04651169111066791,-0.028569152196770954,9.936924294243676,1.3078529096756395,0.06158088235294118,0.6506666666666666,1066
MB_img464,7.181262666751241,0.04571237157553238,,,,,-9.909926021438693,-1.0697880796889516,-4.258754422717637,-0.4463277726254835,-3.066165606604908,-0.26891097217046306,,,,,,,0.02217741935483871,0.81,339
MB_img465,23.09697118581922,1.226855720075898,,,-21.87125684061672,-0.7676608338227857,-4.63889467483378,-1.1943780451668513,,,,,,,,,,,0.46710526315789475,0.22492307692307692,777
MB_img466,24.60983959579317,0.29687952783465066,-6.891147850300054,-0.5945826715460959,-20.377911410332374,-1.18720640613751,-4.347056463020616,-0.4759495488667178,-20.05903312581329,-0.6379008171643997,-7.399508759995863,-0.6267694101934935,5.458820768830949,1.0266486523612315,-1.8078410977885149,-1.6369145803558778,1.8067719881134348,0.26983293967646527,0.05867665418227216,0.6441379310344828,1226
MB_img467,39.31543390496146,0.6947150745029085,-3.1081925084945294,-0.5528688710113029,-12.735629377944218,-0.9685078416877332,-7.597015910441383,-1.1251836399832247,-32.12592302918367,-0.9740461318029195,-11.563966090987895,-1.5080501712240333,-0.3166610894748484,-0.15137177625395343,1.4255731083528085,0.6974372299795686,-1.1603780045141572,-0.1909308595626147,0.037218045112781956,0.7303664921465969,1412
MB_img468,40.302142440056556,0.4084047463242398,-3.542901898294917,-0.24098721667009693,-22.158774763583306,-1.4843604023039758,,,-39.54847310878988,-1.3981501408678763,-10.558249248929187,-0.6893918034517164,0.785969785164855,0.22214197518689302,,,-1.2206743648470288,-0.17254160406619515,0.039913700107874865,0.7587628865979381,1428
MB_img469,47.24993543961038,1.3382520128228543,-24.417294156095746,-1.94177050883222,-18.996809708016755,-1.6190127696859065,-15.942952814164741,-4.338651307139281,-14.714118466770845,-1.7471023708825326,-9.848497586616311,-0.862596958972461,4.1801975308453185,0.23569159402090212,6.8161716119019005,0.5689084616249039,-0.5125447689161422,-0.047003078118651974,0.11063664596273291,0.17682926829268292,1070
MB_img47,25.67339318530098,2.254183488251528,-2.1363922930589476,-0.4351944116594147,-10.670273685416708,-0.6941654257820734,-1.0539797994845626,-0.43295940727610605,-6.3426246727854725,-1.6956757235835562,-7.756632359352441,-2.04343200192307,-3.830148854006762,-0.23835864015656963,7.3429394424352346,1.5795139561894098,0.7103785856412752,0.1205742871090386,0.40166666666666667,0.1574025974025974,690
MB_img470,19.808022308315056,0.0840556079460673,,,-5.827370358790116,-0.43264506038720835,,,-23.643472980134998,-0.9900676989711722,-19.736293434464294,-1.562378121076431,,,,,,,0.009365244536940686,0.9658119658119658,1072
MB_img471,17.551455412517257,0.14274159179009194,-7.62826759292898,-0.4695604217112206,-21.71565590788402,-0.7552845001895031,-4.731202576772755,-0.766350519662004,-6.828380484323328,-0.33335690361326836,-6.44988862202964,-1.1387859827575912,5.5421751013722265,0.7585509072888967,-0.20465017383040995,-0.14839183989267116,-0.13367775045928085,-0.042232315403440045,0.0942838370565046,0.688785046728972,978
MB_img472,35.07353829502856,0.8306179136487486,-10.09107464186567,-1.084995623629057,-13.113884264641701,-1.2980314267445567,-5.859801882799047,-1.357484978901289,-21.388361082149466,-0.9684695855808624,-23.09153442207852,-3.049379440260089,6.853226888089282,1.0140772350782556,-0.1125696705080384,-0.058893689053568565,-0.295568961547776,-0.030637532538000015,0.058529411764705885,0.5781637717121588,971
MB_img473,14.161742716146765,0.07672400893403851,-2.4514286684556925,-0.313861467346674,-11.396159770448909,-0.44231759777344976,-7.339287103117703,-0.6755568231348265,-13.234125010399804,-0.6161040468921489,-8.270330666729507,-0.4814201790933154,2.7978787679284416,1.1380446358551306,-0.6690951078434839,-0.5008020530571575,-1.4179067184471137,-1.5801454844233804,0.039461678832116785,0.871404399323181,1270
MB_img474,15.63095049261433,0.14134357146008747,-4.5591090429463605,-0.4201808025548036,-9.614939544563143,-0.4692152926499431,,,-9.016799939589045,-0.48731676199394386,-17.637557933159915,-1.3063789107109631,2.5718154466644543,0.7606310564667628,,,-1.7280187958896112,-0.9840424260970237,0.056458003169572106,0.8402366863905325,795
MB_img475,20.64119808570465,0.05997775885694692,-4.951120409238102,-0.315911624066401,-27.098445452327905,-1.0935544950416214,-5.507522665152909,-0.5994620704162712,-14.48216592369697,-1.6338670918356248,-13.956008201293672,-0.8054835486299708,1.4715613470938655,0.6265416044725555,4.293147236612939,1.6170561304310096,-0.21138130395233215,-0.16027483140859328,0.031030444964871194,0.7153996101364523,1399
MB_img476,4.050130258514944,0.003905565843395387,-1.501898633091485,-0.0758302321257414,-1.6689553856606985,-0.07286658978513633,-5.385169628239704,-0.33342373372519163,,,-6.12745073527802,-0.41030013990737546,-0.8228929321471767,-0.765534746362977,1.3055425844620938,0.6159501932048402,,,0.013092133854845719,0.95,2346
MB_img477,19.382266475384515,1.0675837926757112,-6.943886822697148,-0.7596275074084798,-14.688791573235672,-0.6074448221767678,-2.202935751337388,-0.481395824154128,-5.080337925278126,-0.3278262768598774,-3.2086608750437824,-0.5823954270173578,-3.993631973737751,-0.20753677351262825,2.54713301607556,0.6623296798210379,-1.8379813074538387,-0.17463622823265,0.38326446280991733,0.284375,1171
MB_img478,25.850020044333302,0.6461532496667436,-25.465888315849558,-2.0473018105323266,-5.752507506280849,-0.5600301231263046,-5.791506270840434,-1.175331872813818,-6.1181927645157534,-0.511956437612659,-8.267379380504687,-0.5739965858541931,3.4447557603464425,0.40592140920538056,3.2810740187475647,0.6446248755442049,-3.361580748681377,-0.5955317424313435,0.0918769716088328,0.3532608695652174,644
MB_img479,27.420757757195158,0.3645860813567078,-22.462257626783607,-1.376669604711432,-11.99928092719422,-0.5866030339745272,-8.979464846247692,-1.5452476650556055,-18.249888281607483,-0.9730252788991776,-13.030777917012143,-0.9846845647394619,3.7682169960672147,0.44905725157431686,5.5810022240515496,1.2496317012313054,13.22108367969638,1.1198626982319013,0.09841269841269841,0.6174974567650051,996
MB_img48,34.47805336110181,2.2355047841545983,-8.47601718388288,-2.063198372787933,-4.633069196799316,-3.384395238388068,-4.044655020423155,-1.7142455176661224,-8.648683031358539,-2.1089243924027556,-19.548237844515878,-1.421466203364561,2.0667307923316427,0.6168232310777086,-0.45617082481843285,-0.17189656996355002,1.822559942789699,0.3012175997216819,0.028125,0.26666666666666666,483
MB_img480,21.809755306937898,3.021804370318349,,,-0.7828948670322796,-0.33087705161484526,-2.3355621130312203,-2.471187460386985,-3.1686573760734027,-1.7629865648805763,-11.85799988299838,-3.5856493348407175,,,,,,,0.019230769230769232,0.34782608695652173,140
MB_img481,,,,,,,,,,,,,1.6694680812836804,0.5465263190650483,0.014055707657946453,0.0027276675750489005,-0.6509796821907533,-0.3362833878644325,0.125,0.004291845493562232,326
MB_img482,8.695955897928116,0.012230311595418765,,,-12.658887623725523,-0.35128612153098004,,,-7.078749074676155,-0.41318213883595156,,,,,,,,,0.022416020671834624,0.8835616438356164,2006
MB_img483,19.47637334436338,0.0775017333746265,-5.649005971265328,-0.6346472948857763,-21.921062426864985,-0.4755497917576591,-8.214195854642496,-0.7116172674525774,-11.491525288398538,-0.4017284743320086,-5.575176759364899,-0.2540476534258318,2.944748407975147,0.9280848178776417,2.9981434028184615,1.2995602818589078,3.2293532239139497,1.2688167584278,0.08026030368763558,0.7941690962099125,2218
MB_img484,17.505147843897962,0.635796080567879,,,-3.0854803614599025,-0.5903443405573489,,,-20.447820906242058,-1.2209668792092294,,,,,,,,,0.02364864864864865,0.8,292
MB_img485,32.416105352669184,0.4408116863754607,0.09180769821065705,0.011068664294841535,-34.641954025995105,-1.1030045557060404,-5.247806146858962,-0.7206189701588325,-6.214878078635766,-0.49297134834804884,-6.3372573928700024,-1.2810912397176066,-1.2762510041146558,-0.23725777090037203,-1.072705527814413,-1.2078928516413328,3.008505375790193,1.107285173155849,0.17302452316076294,0.46528861154446177,1261
MB_img486,,,,,,,,,,,,,-3.3030292827340975,-0.9893527558004916,-0.806721400859461,-0.5849625007211563,2.360883410355256,0.18951273700974197,,0.0,788
MB_img487,58.16819013649366,2.476801294382442,-18.48715457369301,-3.308986150898613,-13.796217413276077,-1.2210727825150633,-22.511158050126777,-3.4854790473294224,-0.10159136615712737,-0.013506482377439547,-4.046563113483743,-0.8589756142920199,-13.890295482225701,-0.6693143443764182,-2.9981756847318275,-0.12600004483681548,2.506166875699426,0.2062374768249414,0.15782122905027932,0.061855670103092786,1351
MB_img488,,,,,,,,,,,,,-1.7178512998163293,-0.14784047673550532,,,0.8268898952866218,0.11879359730757841,,0.0,90
MB_img489,8.784212050048858,0.48718728503467906,,,-3.051892680534593,-0.5265869280462534,,,-8.075855951250688,-2.241488206567628,,,,,,,,,0.045454545454545456,0.7358490566037735,67
MB_img49,29.87236605058693,0.3320329254585852,-7.949097927517717,-0.6773972590640679,-27.890844335600278,-0.9407388422480998,-5.644630468228647,-1.567368440706418,-10.343684745742703,-0.6067534444355878,-15.555185219554058,-1.7881805004246794,4.100635723259388,0.5480739702633073,3.184010150706669,1.3461756411340393,0.5432617180261652,0.16349873228287956,0.09628378378378379,0.6059113300492611,1098
MB_img490,22.728669163172142,0.4777541393298438,-4.903473762142333,-0.7827080967546486,-8.302432853625065,-0.6662974179550475,-3.594121444628654,-0.49200024897463973,-17.540138292249686,-0.5278372020571214,-8.691947411665888,-0.7045833196107694,1.8907188739604448,0.5936447438209571,0.8744702378728845,0.45600928033515,3.5899230529116744,0.458401490038808,0.05406746031746032,0.7610389610389611,1054
MB_img491,27.37992572991705,0.29324126557398894,-7.421167199563499,-0.3666935101227083,-33.829253004814554,-1.4509546099131025,-2.3984650942683405,-0.1684516419822717,-20.465497956662666,-1.6355858991593515,-12.175794197512008,-0.7728572791171696,-4.243230649869441,-0.6963648289383275,9.193016183128705,1.5416513294478258,-3.0611949585719915,-1.0948694327186974,0.11056231003039514,0.5961435457953936,1442
MB_img492,17.036636250614407,0.1141742979476169,-1.3873147739917235,-0.08352407118464591,-16.60981836636021,-0.47448923781447166,-3.8388478679741134,-0.23949491249700866,-13.244832270318586,-0.6185234355097012,-7.510693745708412,-0.8562387598970819,-1.553245736258953,-0.4118433904571114,0.6007560002446046,0.27005885496676246,-2.8220959552811777,-1.99397621237223,0.11587893864013267,0.7980437284234753,1538
MB_img493,19.24114302181589,0.6045675706489807,-6.8070822189251885,-0.35624399390233286,-9.253579961469697,-0.5043558251257896,0.7429952445145378,0.16968226067987532,-4.656781212995493,-0.4629597180973104,-18.590180462899085,-1.508629185996958,0.21817013947359457,0.016267861925161546,1.9213513099761796,0.5607679957083638,-2.204109533736842,-0.3220760560218841,0.2862537764350453,0.5270516717325228,839
MB_img494,36.89660948180043,0.4458888827309263,-7.837930368465196,-1.6104456730441845,-16.14047151042566,-0.7862251551369541,-3.3035542816295314,-0.7804336227423155,-28.71651600660613,-1.0491621510357951,-10.674371122824903,-1.4508585679038875,1.2860351456867745,0.39329457839126203,-0.7203908088023828,-0.6182386555954548,5.151743664520451,0.7975300362042882,0.05267295597484277,0.7544910179640718,1048
MB_img495,28.95806201044842,0.28974839496156024,-7.646339312297283,-1.2312840887567527,-16.15233469494125,-0.7393283764665212,,,-31.086516952831946,-1.682474811619913,-12.492542792396339,-1.5489018601211926,6.994965373237549,1.5346574188730906,,,6.022743851871,1.3190223637119514,0.05312954876273653,0.7396551724137931,943
MB_img496,42.0188628405934,0.6148988498590886,-20.381057548342923,-2.1824894486361117,-11.814489634029107,-1.2162633571762023,-28.851585054981204,-4.148310482615233,-18.117573458824854,-0.7923131940491417,-23.021455158379656,-2.385110869631084,2.7340332211772336,0.5290179590643533,13.963693599279766,1.3249685492074135,-1.3675704717216637,-0.1691999870067529,0.0365546218487395,0.24719101123595505,1071
MB_img497,10.091763672200054,0.0998028494864371,,,-4.532407579403614,-0.3700663644928745,,,-16.490946987569032,-0.6245979948335225,-1.2821114997534153,-0.09124889251722201,,,,,,,0.021236959761549927,0.9692307692307692,845
MB_img499,14.161744025885671,0.058342525311526415,-5.2244131246934025,-0.19104970379301156,-13.394506370045566,-0.4814380005649186,,,-12.38671565967886,-0.4721635981822151,-6.962013702951851,-0.464328249316061,6.4071389016876505,1.1202942337177118,,,-0.24940149613132082,-0.0674798676607105,0.06285260930888575,0.8612836438923396,1652
MB_img5,33.323422742923086,0.14386986731122461,-17.045714186684044,-0.9217622034534111,-34.58593124491362,-1.0018777064733184,-10.961701800744214,-1.2270222186305175,-9.961905097680049,-0.6128342415382865,-25.872110016780248,-1.7489186896351,9.056634840280557,1.1110717084154358,7.894041938596891,2.1408255441335644,3.885398483461923,1.1728983177563999,0.06196384803921569,0.6254876462938882,1975
MB_img50,32.86220204289393,0.14047997217274744,-15.318196652432604,-1.034026273404624,-25.490686503228694,-0.67552221168565,-7.940954638367775,-0.7214941854037662,-26.73244850975437,-0.8774258201824086,-16.10762208147908,-1.3582250033135126,10.236346101256672,1.5464259821007285,4.3159323559321745,1.5104570643575266,7.606919126476233,1.3668858770937318,0.054664067186562686,0.7748953974895397,2040
MB_img500,41.81057548943258,1.8873053356398166,-6.360124647519669,-3.056930288382672,-6.949584757400133,-1.4433322792206644,-4.910796743524173,-4.376776571882982,-25.585653520460873,-1.4247941500169368,-14.27913471405358,-3.0332874513021415,0.37673122045108515,0.13804463585513055,-0.8797199638441542,-0.7527485914071339,0.5442731340463597,0.05526858554244962,0.01849112426035503,0.3950617283950617,811
MB_img501,28.65130775427087,1.3850109320264314,-12.828562287017848,-1.1940462697940457,-9.838674407055791,-0.6969059760118294,-14.33186779096003,-2.539003674268171,-6.111143451184876,-0.7776367590933806,-6.5260496665672685,-1.4149473280209073,-4.343920439860758,-0.30757730761749813,0.40339528153741305,0.03341410336356996,-1.703048158572652,-0.16883649768167047,0.26263297872340424,0.22908745247148288,759
MB_img502,24.584848007008397,2.81458649128868,-4.8576218483026805,-0.8010568559237728,-2.16606616968945,-0.2946080741595535,-3.8453642770017282,-1.031180365653309,-3.42812582406243,-0.5133347734979643,-5.84221238232882,-1.0595150238702122,-5.153077474597822,-0.3156490319972158,-0.18068490549004146,-0.017771912411559298,2.607589888669248,0.12936853915784063,0.3431818181818182,0.1006590772917915,1071
MB_img503,23.46858041726579,1.327781853635632,1.1254593329235236,0.10910255778669442,-10.765382447477124,-1.4156950486174766,-5.9354273875888754,-3.990728003718974,-3.5662583303614754,-0.4787074362846256,-15.29943885112228,-1.445957327507774,-3.964963622555387,-0.55593583609708,-3.069137170309839,-1.7761039880731644,-4.690871045008747,-1.0400954055777984,0.21074380165289255,0.36524300441826213,489
MB_img504,2.5871279031607735,0.022302902653595816,,,,,,,,,,,,,,,,,0.012096774193548387,1.0,130
MB_img505,22.1829073634267,0.15264348483274426,-0.84503650511176,-0.02605817394663205,-14.535130407568454,-0.8349538690793512,-6.838500237317364,-0.8690435337441471,-29.64601163471231,-1.027563665790474,-5.616561843651986,-0.3389591754152036,-2.8325522044952747,-1.095794617034672,-0.36231295065574015,-0.19786539135373807,-8.244640725340567,-1.7347397230946855,0.07930544272948822,0.8744053282588011,1626
MB_img506,10.843247239312849,0.11869300320345925,-3.530351687297718,-0.5430008774024255,-4.9762587994554135,-0.24112183829001488,-5.908941093450311,-0.8623274005179862,-7.29870382892143,-0.34155670569779994,-6.914634652234714,-0.44382763562874483,0.9741735026881099,0.4503308292735096,4.058283153584227,1.5950968778548695,4.2048989886376535,1.2819124160394832,0.07196969696969698,0.8624229979466119,705
MB_img507,35.02894855621786,2.0350762907454762,-6.3511382990784195,-3.298108403211416,-10.254725559566895,-1.6011418318677355,-4.729570237869852,-4.12639473762014,-6.05031483828782,-0.6702542429298685,-20.873674364500197,-1.9907970508320916,1.7570547824153513,0.35003471793450475,1.4386516497886945,0.6979943626533739,-0.46730909850576596,-0.09015857430721085,0.045550847457627115,0.24031007751937986,662
MB_img508,15.339025793738006,0.07778452864079928,-4.355945101312178,-0.4350298185817722,-9.454645966558758,-0.7606104254450429,,,-16.991459080230896,-0.6308019538155418,-12.582710295423697,-0.8347112158047248,-1.1081172092305542,-1.1076878693143737,,,3.5474191908499955,1.1035897432641943,0.014057331863285557,0.9407894736842105,1037
MB_img509,12.558281381052103,0.09283880336925171,-7.251509661538052,-0.37350901551800725,-9.188300578056372,-0.3695192178709173,-16.83564507864919,-0.7878665740320393,-0.4993040493472329,-0.05699963038556369,-0.6824671606382804,-0.05330809890492305,-0.39342739576549596,-0.10046018177921252,6.741910585878098,1.1659833949407665,-0.8678656688001365,-0.7865963618908066,0.12455035971223022,0.7274119448698315,1042
MB_img51,25.44934877222231,0.04745953001643317,-29.767294035750986,-0.8956626961248345,-22.575648612359483,-0.8063196691575982,-17.47818696700541,-0.6760171017841679,-14.878377369839736,-0.6384152763053785,-7.908332239664365,-0.3433706130634089,18.567519936166374,2.4510702305236003,9.889232406793319,1.9258682704227854,16.199887145985855,2.4159537870459986,0.031814310051107325,0.7231160033869602,3193
MB_img510,26.871723748294407,0.2029211162460003,-4.783549138853613,-0.5406518682433654,-15.989271789757593,-0.678182401420346,,,-26.132171489606062,-0.8961507309765614,-10.588509030104932,-0.8265816459607854,1.851668143295563,0.694141694240723,,,2.835978824205368,0.7429893817939761,0.04153885480572597,0.8566108007448789,1281
MB_img512,10.268048245855509,1.664288089679538,0.4494645818478816,0.16084661261017894,-2.2808963992968683,-0.769771739249448,-1.6736696588253592,-0.8619553641448694,0.026599857480989173,0.007594100968349496,-6.3733843001765935,-0.9087360644126287,1.4753402134623097,0.5446545120676193,-1.0035657193525205,-0.8539956471763933,-0.8827275141161354,-0.5496691707264904,0.09868421052631579,0.5,113
MB_img513,,,,,,,,,,,,,2.5996814167509394,0.7409786566728296,,,-0.5070785146730817,-0.14916644127551495,,0.0,53
MB_img514,46.94886336336228,1.8635327622068578,-8.551982717966007,-1.34560282121724,-9.58540325132594,-1.579028138187377,-28.0467078134938,-1.4561524758180044,-8.050172449962,-1.8452749747831367,-9.615785834250008,-2.072902040519802,4.268767048733047,0.5961994726038603,-3.0559570935548797,-0.17798625049285735,1.2797695681433905,0.2781441235781339,0.22593896713615025,0.1547732318426895,1058
MB_img515,35.82382158835851,0.4846469009742948,-16.341738908112458,-1.2253999504404072,-32.98808344251207,-1.364685125866483,-9.540686582001115,-1.4735818619813006,-24.670907701541687,-3.3987487209317493,-7.917777296277019,-1.3010185200897777,5.789209341054607,0.48087178577717965,2.15906410920706,0.6884357002385477,8.054697744783125,1.1716424828008096,0.1244140625,0.4300423985463356,1050
MB_img516,22.495737001557508,0.11691035544815326,-3.280178835654097,-0.46988597627446355,-13.537650140947616,-0.5613007930385219,-3.425173352199877,-0.3717857600654164,-31.503679913784,-1.273336560205222,-8.702580567262777,-0.6944441942274139,2.437054353451964,1.0892673380970872,3.536940695663592,1.2688167584277998,3.9162046251479987,1.3189256067258388,0.03354814253222138,0.8657487091222031,1561
MB_img517,23.968697219551046,1.2352970178808114,,,-7.9487345550571895,-1.2234225499349372,,,-18.170814798313753,-1.1567540026495318,-5.622935145296375,-1.8071963754295102,,,,,,,0.06691919191919192,0.5488721804511278,317
MB_img52,,,,,,,,,,,,,,,,,,,0.375,0.15254237288135594,36
MB_img520,18.482231965862745,0.8278915641804414,-5.0759875806855845,-1.0286796485044791,-6.603289366431075,-0.6714623795505094,-0.08743469515331534,-0.029579089263487592,-13.957091297002465,-0.49845393015368505,-4.42941149177487,-0.6549085362320843,-0.2397712922138695,-0.06851448027096085,2.3511475861893083,1.049904905826314,-0.28660963312356846,-0.029007176328271034,0.07874449339207049,0.6555555555555556,779
MB_img522,,,,,,,,,,,,,,,,,,,0.0,,22
MB_img523,52.019322674581076,1.360154749880001,-21.269065905394044,-3.2084918531201017,-47.06184839349728,-1.9233683285805743,-1.9276528729117393,-0.11261756328069547,-9.760505840772396,-3.228049047884462,-7.1666904098596405,-5.2253520607761015,-4.999968861158346,-0.2312355040112983,-5.6884750728371,-0.7653932987388735,12.60258468721308,1.6868590727599984,0.24288154897494305,0.18887083671811536,1505
MB_img524,14.089626416470397,1.3892004896649557,-3.3406702452000037,-0.1892086974798874,-5.501957052509179,-0.8011586560936985,-0.3344903827241035,-0.09288396567848438,-5.58381571519926,-0.5904733873761687,-3.1500423677266673,-0.5882252877301571,-14.8517536555239,-1.0535853095375447,1.1983212056960622,0.1408255441335647,-18.22220165084082,-0.9647519641353494,0.48702830188679247,0.21963470319634704,908
MB_img526,20.957175845488244,0.29657167576836446,-23.685393648551315,-1.5075432090499148,-8.250085644892875,-0.4464907681412093,-6.617274274336454,-0.954072202249598,-6.7940315301863805,-0.4621201493600748,-10.129346332073142,-0.8746469430169318,-3.446729146110385,-0.5972331890861309,5.466156877071499,1.128395267619553,6.862899390721838,0.9019019435746687,0.10993657505285412,0.5934684684684685,713
MB_img527,30.952202059562445,0.4196084304169681,-6.724466672044168,-0.887886260369616,-18.52123303547964,-0.9242738905816591,-4.3178096474042285,-1.0166641092768856,-25.97335612717909,-0.8297742627598694,-13.218647233579292,-1.0925579092542863,3.4829704384723223,0.8630211880364963,1.379159047867446,0.8067539243230687,2.3991964763510456,0.39229488084485475,0.039967105263157894,0.7302904564315352,1276
MB_img528,5.286034251177449,0.6203678368523549,-1.4143564070432277,-0.4379379013889226,-0.312736589643765,-0.03639251149598811,1.5166564046022024,0.4528695728045828,-0.6279213442584556,-0.04346623845309964,-5.1083310700872095,-0.758426619160374,-0.12128895661994799,-0.03636451295072703,-0.5972492212260614,-0.48284828306846533,0.4129963227313434,0.07700098815620031,0.21641791044776118,0.5138888888888888,334
MB_img529,,,,,,,,,,,,,,,,,,,,0.0,79
MB_img53,34.48064388745332,0.47754126912837275,-11.735259627694898,-3.3032936802991175,-32.45011475682665,-1.1367589435380583,-8.174503534822975,-3.5103290194905723,-14.53226669412573,-1.5763596854750477,-21.060817884769722,-2.9051032950957922,11.847625909015404,1.2854419996048407,0.08023599268362464,0.05514155419246085,1.3269708175331683,0.5729898590550804,0.12480063795853269,0.4597912829957029,1037
MB_img530,13.632144184145103,0.09632485652944947,,,-10.252085814530984,-0.6979777564683859,-8.873904485797137,-1.240096218358786,-12.133038116234214,-1.1429426181767894,-12.692772973696812,-1.3981644813219063,,,,,,,0.028409090909090908,0.8218623481781376,628
MB_img531,47.0254075683865,0.9218414174531931,-25.287164540256796,-1.420875255147986,-26.164462482165476,-1.5883612405801992,-14.581034624056903,-2.130644421887279,-24.00852622920734,-1.165205231279917,-10.223490832304922,-1.4459473630284383,6.632938315495002,0.35811735757868934,5.647670580312272,0.6548446392139301,-0.7754300115033466,-0.04118172693161453,0.1209608843537415,0.3175422138836773,1429
MB_img532,22.978055792715224,0.4932650911005646,-6.170030879850947,-1.4572103787206188,-7.849029581274857,-1.1292830169449666,-3.702624674866017,-0.8179843374885104,-9.094700752260643,-0.8834998913418941,-27.35158030359501,-2.1378146221816605,-1.3891385396543205,-1.5969351423872322,0.3075414590741054,0.19264507794239583,1.8635818544887979,0.7571434761038365,0.023832684824902722,0.881578947368421,418
MB_img533,27.543691659603596,1.4649055296967466,-2.8247118751140077,-0.503857532577429,-11.651006911681664,-1.0994102163534887,-5.17279257599157,-2.950235100485688,-9.752614084917687,-0.7287031174404827,-8.359072261448206,-2.61580301792274,-0.7342211725409677,-0.11458196759853735,-0.3210387082268337,-0.17312743348065618,2.733177058892062,0.3430908732184945,0.12698412698412698,0.3226837060702875,519
MB_img534,22.954585405120238,0.22560972522604292,-11.202757353244094,-0.8133668192926317,-17.200528940332255,-0.4947003284898118,-23.378721036420913,-1.933443881768274,-12.45838233671048,-0.4958263346058738,-7.597979080739028,-0.6017963770094694,3.1560185270480625,0.44953707943256715,7.866046179289891,1.5618204209087132,6.005138638850642,0.9343188564130986,0.125,0.6690909090909091,1597
MB_img535,11.467506072321173,2.6770230537099238,-0.36804046178729494,-0.20163386116965057,-0.3085969043572176,-0.13385574673479061,-4.037246801358614,-0.7186532912673983,0.3365893381197186,0.12452235702294284,-0.7305262921115958,-0.362703656074854,1.159805222502672,0.2651278317439195,-2.6662271531449266,-0.21288056634438465,-1.591411285664409,-0.3772581178951317,0.5138888888888888,0.028917283120376596,467
MB_img537,17.060664814990997,0.6712939969168912,,,-2.744170504833415,-0.39305993182288496,-3.0487947645773663,-1.1030779465975724,-12.297610707911335,-0.3744294539413927,-8.305596302918753,-1.6749524197612577,,,,,,,0.026785714285714284,0.8425925925925926,821
MB_img538,28.16746773483334,0.4366814253445788,-8.380884196444416,-0.8022315197664518,-14.587017780924278,-0.7700524270205942,-1.4797629018238136,-0.34103691783506696,-24.972249686206705,-0.7702417490405049,-9.781838405809504,-0.804795216152579,3.420918268878999,0.6110029355128511,-0.24249978674651246,-0.16992500144231243,7.19554333053942,0.7258572040331281,0.07681159420289856,0.7089262613195343,1224
MB_img539,9.993367847657723,1.931958426965025,,,-1.795295447209646,-0.8594016698271993,,,-4.674175593681671,-0.26515275199465843,-2.3958809991799326,-2.0669502439246266,,,,,,,0.024193548387096774,0.4666666666666667,457
MB_img54,,,,,,,,,,,,,,,,,,,,0.0,198
MB_img540,16.798862501955423,0.13347072684544042,,,-3.5919045224249526,-0.30730606052251724,-3.8636415500661094,-0.6708403358815617,-22.026409254339477,-0.9004389695220716,-13.167473639889922,-1.5094958333782174,,,,,,,0.016967621419676213,0.9285714285714286,974
MB_img541,5.396223506141633,0.02378795745272333,,,-3.492058288111992,-0.23910856658831345,,,-5.516592749467922,-0.18903382439001687,,,,,,,,,0.01226042841037204,0.946969696969697,979
MB_img542,33.884420377134695,3.370340300072608,-2.774402713425163,-2.927896453728821,-12.202356421786996,-3.1281283990034745,-1.8302556958725031,-1.3286450111019432,-0.9048101943648854,-0.21572296606375707,-4.021454669498204,-0.5443205162238103,0.7069893185700639,0.11493185710729927,-0.9688879876185722,-0.84197311892718,-0.45216669610238847,-0.16671544496642215,0.0546875,0.016129032258064516,537
MB_img543,31.25568421682539,0.4838624558603589,-25.510456900300095,-0.9441637864365114,-15.275915343230121,-1.0600144337666408,-20.29245761569901,-2.4425142326569933,,,-9.286239142774715,-0.9112806942137341,1.7604180971563466,0.13862535594767908,3.364647162717607,0.3472875448814788,,,0.1815677966101695,0.43261802575107294,1042
MB_img544,33.07524261143323,2.3900207207873954,-8.133951548513387,-0.85656716801262,-5.380791819566248,-1.2204136257533438,-8.248659120007153,-3.1485726174182367,-8.404575582319172,-0.48654412866215985,-5.631900074640092,-0.8154615753297123,1.0772799760271234,0.0887484230394043,2.6602907187779445,0.2584652859713142,-21.772034390410045,-0.8853257675894024,0.15213178294573643,0.12630844382414516,1375
MB_img545,23.497627924609322,0.891128629605862,-18.063813877408496,-0.7265198552009425,-5.836688101117243,-0.5244184453779214,-2.9716570147893475,-0.7264959015072441,-5.851424300948765,-0.49136359662141027,-2.2894944209690844,-0.33739394659153493,-4.236866855909535,-0.2988289124300452,-0.2723830009809276,-0.042881720385728454,-9.992146119443863,-0.6905605808675771,0.32196969696969696,0.3476987447698745,877
MB_img546,,,,,,,,,,,,,0.7427909620658667,0.2584251525812043,,,-1.5385102464671365,-0.8777442499490019,,0.0,72
MB_img547,15.03873509794607,0.970561597285344,2.853955380244457,0.32605036394939735,-1.9501785157122142,-0.4786904956743657,,,-11.637740459981702,-1.0528870368569823,-10.938824718284039,-2.7426222207142206,-0.38960180176100273,-0.16707241516269825,,,-4.360545607086916,-0.7091947214168445,0.1558219178082192,0.743421052631579,206
MB_img548,25.027338132683372,0.6549718327750628,-19.394657506037994,-0.5228602997717055,-4.733414615419478,-0.4781481810423616,,,-7.285196010226238,-0.7711534105833583,-13.23839951946571,-0.7500069178352686,-5.287436200147585,-0.5519103366620619,,,-4.53358121538322,-0.43937205859886064,0.3125,0.4625243800501532,1565
MB_img549,33.564277014658785,0.8450759007972307,-12.020098006675427,-0.44235782795003986,-11.127110829455846,-0.914582574217321,-2.990804074913152,-0.8266897133730492,-23.2580635108455,-0.8675141948336409,-8.382943016091026,-1.2313729457024933,0.4401609423032096,0.030645707903297084,1.1279046354352495,0.26123216319980846,-16.67995753288681,-0.6666213169232323,0.24320428336079078,0.4614597544338336,1807
MB_img55,39.593925646766024,0.21279097815552278,-16.167876106023478,-0.9911586370509072,-45.40528154750864,-1.043048321648093,-7.727094106013885,-0.888012585402829,-7.407583881523091,-0.5210507369009633,-5.55201106100679,-0.475931907802639,7.711793519608384,0.821229781130662,-1.6469158238262307,-1.8155754288625725,5.142753173390041,1.4887716796433135,0.103315649867374,0.5569852941176471,2487
MB_img550,5.490557473886031,1.434402824145775,3.1663971331930916,0.7435382480896923,2.9362601572987677,1.1413558492455416,-3.6522850538686877,-1.6765683145222499,-1.4467944099821581,-1.5945485495503542,-1.332356918134367,-0.5350575948948423,7.301238375731852,1.2618807112174235,-28.87666327848476,-1.6029250979782161,-2.388635147307931,-0.31927241987905375,0.675,0.011945392491467578,1035
MB_img551,23.163825297508588,0.24469767190449598,-11.578221146877707,-0.312205340441148,-11.439832129979004,-1.055427059333789,-3.319936439736179,-0.6306384460554397,-24.716386436970662,-1.2312733325661371,-14.196186134463831,-1.2016591536380006,-2.020921364896756,-0.3904842649198058,-1.0603945123109277,-0.49276880251140975,-1.1408876549383007,-0.10374939697487447,0.1604251012145749,0.7596002104155708,1499
MB_img552,46.6068129710359,1.2151287971360238,-13.13962761820903,-0.4864186705365701,-38.313619372282176,-1.7794213668757257,-7.4236736457114425,-1.315651051490977,-10.324692521151938,-1.361880627038438,-18.127709796603526,-2.126467622478871,-15.609105513972207,-0.5672688753071472,-0.8855932121503056,-0.1183524234050232,-1.1562046411539628,-0.10836491394879978,0.2935153583617747,0.2745409604519774,2030
MB_img553,13.557540434509963,0.13427561998324988,-13.053038225190628,-0.33601201546384607,-3.7726125621443956,-0.40531168259744504,,,-9.855108791316594,-0.47615083505073713,-6.041660957770423,-0.49610256933103264,-5.588707168211295,-3.250203656499297,,,-11.816004161716366,-2.433760681965345,0.1641304347826087,0.7302752293577982,1136
MB_img554,,,,,,,,,,,,,1.3706698349819535,0.24257975430432008,,,-1.345873065302306,-0.2811542008131769,,0.0,132
MB_img555,29.99831261049371,0.5255054996850756,-8.119956546959967,-0.7262862897206739,-20.976327924473456,-0.6022770316653338,-7.083403232663602,-0.5955185790953712,-22.038892216713474,-0.8982907916055196,-5.357770971754993,-0.4667962788475042,1.1421022842339397,0.11229443181813185,1.3328980804491655,0.3673870956824842,4.552037956720155,0.555482006980325,0.22545402951191829,0.5360070257611241,1925
MB_img557,35.69283823603968,0.4805066109356343,-22.478628173528836,-0.6642880481204212,-21.09302370398969,-1.0498166101879374,-10.038738133378752,-1.0818777925505865,-14.396660350024757,-1.187709354979192,-13.00543707127598,-1.2135972457411894,0.7251723391887028,0.041789666133818605,-0.3502174796879301,-0.04166503885476689,4.699199505257204,0.3975431198195713,0.2144320843091335,0.5051753881541116,1614
MB_img558,46.102168449888616,2.607043996440964,-12.103723643189445,-1.9047516848521837,-23.443109887247047,-1.1747902887377069,-4.139672175570029,-3.8155754288625725,-1.0440022965624074,-0.27699286342371343,-2.356400601998429,-0.5561666214889407,-18.00976538778013,-0.6799112713644195,-0.05720758525125935,-0.01695006892993765,0.031064288214522607,0.006051864091313132,0.2930327868852459,0.0865650969529086,1134
MB_img559,23.269797523287107,0.8049833066539126,-4.677517924426441,-0.3721775501889297,-12.893411780962031,-0.7410307219884639,-1.6845307233631612,-0.44022740774014557,-10.78121164068575,-0.42755774597735047,-7.6143436640170865,-1.0511430988727395,-2.5873083030900683,-0.26705011696393915,-0.6407817604169045,-0.31531779676653593,-7.132467808803769,-0.6047459110535651,0.1684931506849315,0.4697535474234503,1153
MB_img56,22.224110855658914,0.1261143132926493,,,-13.692571005756818,-0.7155102081922666,,,-24.41519530949409,-0.7418332196269294,-12.261464972048682,-1.0020248354774903,,,,,,,0.015494137353433836,0.8736059479553904,1430
MB_img560,9.79093190944635,0.020209953210377874,-0.6172988600272138,-0.04546383568955491,-2.3905506224158435,-0.1911812249961938,,,-8.687600751020907,-0.30744051911537923,-18.063233076527737,-0.9260273342118559,-0.6227794288153704,-0.44890095114512785,,,2.7153646400078775,1.2064508774674263,0.009938590820943762,0.9851851851851852,1629
MB_img561,14.900433587551303,0.7301905984814276,-9.890479393079232,-1.398359646666036,-5.959568216937357,-1.0124874109327868,-5.037818616496605,-0.8000668603660192,-4.615457125392885,-0.2727632045769557,-7.682731241700823,-0.6649663124942475,6.330450420752553,1.094090393289888,1.5881132714097643,0.35465096916739647,0.33940564632542947,0.03659077604720766,0.1,0.45857988165680474,451
MB_img563,,,,,,,,,,,,,,,,,,,,0.0,77
MB_img564,35.452604748237476,0.7409384036536992,-25.67291329870768,-1.067800524838533,-2.6273731607540007,-0.42559357765305866,-6.036190715867389,-1.312897472897257,-24.80935062052434,-1.1912628311986937,-6.005270649500044,-1.9722841899469243,1.7288766723630067,0.3102725917864308,-2.7036001680810817,-0.6797104005083918,-0.21513470797777937,-0.010179493044148757,0.11827689243027889,0.46267605633802816,1099
MB_img565,64.57408943463851,1.2417914910877368,-40.07332328832897,-1.986013461511489,-23.671205725273566,-1.8230242254126805,-24.94655950206889,-2.587410713848419,-18.88543471057502,-2.7364502539067925,-14.959035267480505,-3.1993545150035447,4.030640728634665,0.16865563529367378,-3.853142203304752,-0.22395827893837242,4.652003655796512,0.3034704238511713,0.12827332242225858,0.17498811222063718,1726
MB_img566,18.78211803001494,0.31269848708305065,,,-16.43362920849154,-1.004479105895494,,,-16.81345090576814,-1.0294676100947753,-6.533575941623315,-1.6522406298837602,,,,,,,0.08320668693009119,0.5980629539951574,494
MB_img567,23.392313299089658,2.3955956826675977,-8.426305019826463,-1.7744725182210592,-1.930405558351509,-0.1584876294993932,-0.28557616442311246,-0.10223819393073778,-2.764398236325635,-0.3271071954348024,-3.303595152630547,-1.096557042258569,-5.13878013545493,-0.28371594789377147,0.23715475577846493,0.049022668786258265,0.6216612000318934,0.03552986892132978,0.3834745762711864,0.13579576317218903,790
MB_img568,47.915428217273316,0.6951733322551381,-33.773735292134575,-3.598367495953877,-16.914539673602132,-1.7485009892640346,-19.323949952355914,-3.945576491891856,-21.066929737324976,-1.2506719048160748,-25.05660644555212,-2.1713598051815484,11.54288192049345,1.1469600564380993,13.872141509397993,1.5012075947932835,-1.7422257861098833,-0.1958638975944114,0.02463355048859935,0.2054958183990442,1107
MB_img569,9.273161852881525,0.06749790058009623,,,-0.3047642322116099,-0.03249272013286938,,,-13.297392606072584,-0.3998555811655467,-4.647940118669466,-0.4499708524991089,,,,,,,0.0076824583866837385,0.9714285714285714,934
MB_img57,59.709085739647534,0.6089629875340283,-22.726440488516896,-3.058769087283065,-35.753182595944494,-3.0612122859892525,-18.98007103756762,-3.012529809366612,-14.547007618436554,-3.7032730013759663,-49.44637422792315,-4.321834814175181,10.26191257367769,1.163934633273802,3.493610484244173,0.87704172904206,5.3832378623498505,1.359139173984435,0.022698209718670075,0.19776119402985073,1234
MB_img570,39.13776103048994,2.202257864224746,-6.1142737454103155,-1.7020242268570842,-10.573406319943222,-1.1480443444708046,-15.95968088817307,-1.4385637877084758,-9.029815774471421,-0.7411873091650604,-9.699661614829067,-2.287373787383486,-0.29675236186539455,-0.03820681381590008,0.5623640447649301,0.04959904616431399,3.9343917321765907,0.37100730114951275,0.22012578616352202,0.135030198446937,1217
MB_img572,25.81229847125681,1.3140369746911638,-1.9994325435220555,-0.7140956194852109,-3.7224196211841845,-1.2076326017910937,-2.796700460795668,-1.3636383467721995,1.1748681216306756,0.05606734021685319,-24.751096521445863,-1.5100862549296903,1.6066165135039834,0.807805834716655,0.2963915417912108,0.18442457113742758,-1.543998048659778,-0.45359074004823685,0.014037433155080214,0.7027027027027027,844
MB_img573,3.7016132446690273,0.005747794138956779,-0.31443982258403164,-0.025189908461301615,-5.1449718498103385,-0.24338588239625794,,,0.885312794265624,0.06658808084356907,-5.455175479610938,-0.5304252167117237,-0.7195925629892488,-0.6915341649192001,,,-0.41999868091073633,-0.21412480535284734,0.013521180030257186,0.9696969696969697,1357
MB_img574,48.898702720929656,1.956131005987704,-9.506233004100546,-1.2517339419458415,-13.088414244117944,-1.0763792521582491,-32.40280620027545,-2.5375268230359374,-9.269948189078178,-1.4073527511400399,-12.191041532893736,-3.1866590172021136,5.435065152701785,0.4214532101115661,-6.640292743234622,-0.44120521364601467,0.41761219147321,0.05338370766129039,0.1924273858921162,0.12325647594648449,1240
MB_img575,,,,,,,,,,,,,-6.9740466300744846,-0.7977047520238847,-53.85892748041952,-1.5292013477773572,-6.337192480466705,-0.2556434009961956,0.46875,0.002492581602373887,2676
MB_img576,35.65165075409465,0.4308969908486918,-7.379909516042351,-1.9772799234999165,-1.9157937377588183,-0.3074285251922473,-4.314939243275735,-0.5434566034377247,-38.51399719903381,-1.5173806890278942,-15.88124812078407,-2.3229376281205614,-0.7280305860054682,-0.5801454844233803,0.30296809715988077,0.19264507794239583,6.700944185186273,1.2889456781879338,0.01062596599690881,0.8818897637795275,963
MB_img577,15.266666676467441,0.08310310288257908,,,-4.657083255752148,-0.371896295671831,,,-19.204958292143555,-0.7151165687355461,-14.681430111105946,-1.5483818204246955,,,,,,,0.010318704284221526,0.96,1088
MB_img578,18.099275406995442,0.09763935776252151,,,-22.062863021155813,-0.8905248003619145,,,-13.321261706499316,-1.0819720048256958,-5.977799518772894,-0.6395751924468485,,,,,,,0.03415395284327323,0.731829573934837,818
MB_img579,29.225744006328746,0.8719939247257364,-5.554448977022727,-3.098172484404936,-5.6136615930191605,-1.1118928800708971,,,-21.569268866638627,-1.2584802698773274,-19.9871219353754,-1.7609548211104507,4.709796443550669,1.5670405927238937,,,0.1588114310121824,0.04198768097270185,0.013132295719844358,0.6607142857142857,592
MB_img58,19.609174067778202,0.06149746483423183,-12.275040305714016,-0.3603423269022864,-12.336916062156982,-0.5016485084720674,,,-15.071364008880465,-0.5757702149054776,-20.64034480980459,-1.1608196320869981,-0.3171737550828167,-0.10991769207803548,,,-3.861122173581772,-2.3795516533654935,0.04869067103109656,0.8333333333333334,2068
MB_img580,24.13244525592843,2.0631487324028317,-5.96823961228757,-2.0670937028857046,-6.650170092415624,-2.785849432005684,-0.9396084692988876,-0.3640120535586146,8.984470246347522,1.0638178077771192,-17.86041943351026,-1.655455915408955,2.3955741682005827,0.5194627483510512,1.430293291206611,0.5680124317912187,-4.207547752256648,-1.7967534769736975,0.025793650793650792,0.23214285714285715,413
MB_img581,,,,,,,,,,,,,,,,,,,,,25
MB_img582,17.347643549515208,1.2601518973006725,,,,,-6.5823826999000365,-2.36695161658586,-8.929614452125413,-1.0978380225159938,-6.211070668132546,-1.333709954347277,,,,,,,0.03260869565217391,0.4411764705882353,157
MB_img583,7.30231435477653,0.018563246011428374,-7.079903065043192,-0.4556908686353159,-2.2860743862064448,-0.07212942910085726,,,-3.4747700070239937,-0.11503324294624002,-15.744837594193948,-0.4655079247969356,-0.7132755256462655,-0.5285713188707577,,,3.2393032247421307,1.3142199997520994,0.023710974456007568,0.9620253164556962,2312
MB_img584,9.67856251708234,0.069073468935972,-5.485843184177557,-0.9491613713782371,-8.33173179925546,-0.3817699786899376,-3.0256943557868508,-0.23429054170594024,-5.762865558524904,-0.20621517470011644,-11.452468464763436,-0.5626134726620822,4.100893671025368,1.5283789723547887,2.2902190494896217,1.1163791837143289,2.775844512432505,1.1168136649827498,0.04607892107892108,0.8895131086142322,1219
MB_img585,18.25386715861414,0.16524103325875825,-2.911398796903797,-0.37796751800840106,,,,,-19.252499365909284,-0.3976702175240516,-9.339732547005656,-0.9064875006859763,,,,,2.4909644780105085,0.5313814605163121,0.006820214669051878,0.974025974025974,1584
MB_img586,3.8391956335428286,0.007789633713123334,,,-2.2209317711416605,-0.14533779773888333,,,-2.1968002553742365,-0.09018179150041589,-5.669624471384494,-0.4069670987755067,,,,,,,0.00949248120300752,1.0,1384
MB_img587,38.06126556942645,0.39536273168321645,-8.418703611025155,-1.202658823734237,-18.65244905169922,-1.1580898650053426,-11.323109724347244,-1.392053168717963,-32.216460670362274,-0.8833387834723774,-14.911291975047005,-1.0322602635896778,3.7907715027574884,0.948469699359918,1.9245671376248596,0.9453995579127346,6.367562446062271,0.8000586153653159,0.02809633027522936,0.7167019027484144,1759
MB_img588,15.058283718717634,0.28301732980512034,,,-4.374898717729765,-0.3665226155722574,-2.591208763288431,-0.4449320489421823,-7.081773450662809,-0.5224777644857879,-19.6814776579501,-1.1141115597951374,,,,,,,0.06126760563380282,0.8658536585365854,546
MB_img589,43.74724008127238,2.1660430396947508,-1.7440101238852923,-0.2996354202689084,-23.570041601578364,-1.1592871762764132,-0.1955169493173311,-0.05961485629722265,-11.639063307826076,-1.0333735767683891,-4.421336402238335,-1.1025381617124377,0.8721418429433105,0.053040962808130955,-0.12238018462397071,-0.07176266930009141,-0.5381920075404025,-0.06756152131074439,0.2645631067961165,0.14834110227584316,1549
MB_img59,10.787734078589537,1.8234056101054372,-4.89290070208207,-2.3793437073146055,-1.5153003937198262,-0.5786600839926606,-3.6851874895725607,-1.6197064500458902,1.8246361024199589,0.19115340621803112,-3.429490005257109,-0.7275120868553571,0.7923143650487046,0.20468642100808437,3.608548624694328,0.8296059057098257,-2.2794070957056056,-0.2913088598289705,0.075,0.1564625850340136,235
MB_img590,,,,,,,,,,,,,0.5308781950777974,0.1370958631877025,,,-0.17560258303663334,-0.052088511148454225,,0.0,113
MB_img591,28.866428227486047,2.4791187161510364,-1.9966749327319053,-0.48083955767459,-0.17802660584309554,-0.043300754364182376,-4.116667891789043,-2.693394027289567,0.36178200560419876,0.06165659134879586,-19.054871535932694,-1.8449550586168155,1.107920395749905,0.2962348212065901,0.9675331599642006,0.3376425657413365,3.1728444261569297,0.635492716840098,0.09953703703703703,0.38064516129032255,441
MB_img592,-0.5337762850923261,-0.00042048717215121574,,,-1.5068127553434578,-0.06682271287120561,,,,,,,,,,,,,0.008328819068255689,0.950354609929078,1865
MB_img593,,,,,,,,,,,,,,,,,,,,0.0,47
MB_img594,13.5525642174842,0.11201839502255194,,,-7.513125317607282,-0.3870167899301099,-4.701039648040276,-0.564565775202635,-13.616918678097448,-0.2903457593101879,-2.7338788586160003,-0.31517975963866035,,,,,,,0.030475206611570247,0.926829268292683,1713
MB_img595,5.106991472708934,0.03341672576681629,,,-5.704135553245827,-0.21676497503303938,,,-1.2803654436093896,-0.06520150663031284,-2.812778447386146,-0.3572459923057921,,,,,,,0.06160071942446043,0.9187898089171974,954
MB_img596,19.389800602653445,0.10224091289748097,-8.182016569928855,-0.4537726373902959,-17.595627402928095,-0.47583289409054624,-2.4913341870051693,-0.35513711487992083,-17.730655301222004,-0.5133663641438198,-8.43835490006981,-0.5220963996633639,6.072090403824484,0.9419891709326317,-0.11404267841389332,-0.08065766334522516,3.5489777460534424,0.7027786318061596,0.08250497017892644,0.807831762146483,1907
MB_img597,20.577489544215116,2.898798174659797,-3.9185610661974626,-1.3248106034204836,,,-5.605584131007357,-0.890591573789371,-4.1523275168918445,-0.9126498648972036,-5.518017333472467,-3.6968284645887133,,,-7.783864375238902,-0.742631146459835,-0.4053908486056007,-0.035861644763126914,0.3072916666666667,0.09242424242424242,363
MB_img598,45.848315319211025,1.892570419061305,,,-9.002755769665523,-0.9510036269592538,-10.890443863176664,-6.399683808997009,-33.970681544071724,-2.6695667569224883,-8.974584261759327,-2.987118708703268,,,,,,,0.051957831325301206,0.23201438848920863,731
MB_img599,14.807382706528756,0.12121031746823024,,,-20.424190555889744,-0.8533209118236786,,,-6.674143364770457,-0.7157469709289409,,,,,,,,,0.05550918196994992,0.6703645007923931,706
MB_img6,17.94630836830483,0.18639906505236017,,,-10.487916758402092,-0.6305660126133145,,,-14.74179741599213,-0.8221567390507705,-20.069161735100042,-1.6304054714823233,,,,,,,0.03426079734219269,0.8821428571428571,768
MB_img60,30.36738001742483,0.25733398234866295,-28.04488587324469,-1.2710017086880028,-17.664850755666336,-0.5291214813989135,,,-20.065514664284517,-0.6516918324282536,-10.257440535781777,-0.9849851426352375,6.35239492618134,0.5412649429152487,,,-0.8008064106630884,-0.08442238693028833,0.10620980707395498,0.6239141543178334,1825
MB_img600,41.65060154776929,0.25507493654855296,-10.941404610478559,-1.52291131884686,-19.04431248589267,-1.0461092863175374,,,-47.362107388784466,-1.554631057564123,-19.001605162090286,-2.415696272065183,3.234852340203701,1.2084700451040786,,,12.006766454983353,1.845260827358761,0.018910007757951902,0.7784810126582279,1669
MB_img602,15.213042969856602,1.0417168800121108,,,-12.968717962179486,-0.6722456735286805,,,-4.580799369784041,-0.6071075121782266,-2.5739716247497855,-0.8875252707415874,,,,,,,0.3557692307692308,0.32695810564663025,399
MB_img603,40.50478015950205,0.5659334941507385,-17.315617849979446,-1.3229238977136928,-13.066420660368527,-0.7249636651168455,-6.3199651210529115,-1.7157103687028883,-28.492826079059114,-1.1194216473788496,-25.48929229878397,-1.5067161793743353,3.8625813940107765,0.5374241119577956,3.502227171321039,1.2701544451633116,2.6423766563830458,0.2198546156753296,0.07182230869001296,0.6208425720620843,1457
MB_img604,21.22718734705328,0.034112560658441,,,-26.118217431261108,-1.1581945999047532,,,-17.72587219263699,-0.8522338994414208,-17.018441059681575,-0.8669757042634256,,,,,,,0.0060431184668989545,0.6928571428571428,2402
MB_img605,,,,,,,,,,,,,,,,,,,,,43
MB_img606,14.81623865732471,0.23268055133195262,-7.819212241567164,-0.9253389950881148,-3.963479263300908,-0.2875782298945178,-5.334998776593062,-0.9390445380180699,-12.92055304998298,-0.5948340512605111,-12.40430117666448,-1.0937872695183417,2.6190421376485706,0.7341059400269655,3.433108837646519,1.3421059768249928,3.8970370866122086,0.7388163898541478,0.06408045977011494,0.8046875,647
MB_img607,15.772474986231002,0.19132905870796066,,,-15.167723708723608,-1.3477331397558974,-7.259590215007578,-1.3487095206584887,-13.245492439470581,-1.1940186777637083,-10.21408325543828,-2.6484654430273142,,,,,,,0.01069078947368421,0.5941176470588235,368
MB_img608,16.77556020471189,0.2015502807643843,,,-10.043205686279476,-1.3169732129445977,,,-14.886505065938042,-0.6517336373934867,-9.781687403655395,-1.9202933002110067,,,,,,,0.006812796208530806,0.6283185840707964,546
MB_img609,8.95237773558412,0.06823159096453943,,,-2.0789275582146822,-0.17388887068674633,-4.5470444104583505,-0.42125390662382717,-8.934052227708312,-0.47867318253747043,-11.975797573414884,-0.5250122349695406,,,,,,,0.028800940438871474,0.9209302325581395,767
MB_img61,29.8145308843019,0.21794706518470033,-2.14897502068015,-0.37088756544604684,-11.491867599390687,-0.6182057927569687,,,-32.50345867359043,-0.8089597433386222,-6.525939306825313,-0.8690378714423611,0.7590526121867415,0.4271103315794187,,,0.9337545700235296,0.30195252812212553,0.02679343128781331,0.8920454545454546,1569
MB_img610,54.67682629344262,2.0727536180071713,-14.94750535380638,-4.4380848835459075,-23.59344644461081,-1.9420964577432942,-3.9998768232474804,-1.1953475983222193,-17.921509512016105,-3.2239571344303393,-27.589537052549417,-5.298939300953347,5.5221586660003945,0.35330944493018723,1.2922822066152548,0.37324230553282106,0.09191581930800807,0.011498018542952302,0.07984581497797356,0.13998510796723754,1100
MB_img611,2.7671599001581915,0.8429562898544201,0.19196489933270694,0.058357071959455886,-2.220076809133681,-0.9588426752432403,-0.3300854174702854,-0.27202318906104855,0.6809339412391782,0.14230330776838965,0.8623177838640943,0.29689930039583995,-1.0514443468407209,-0.05593787711338165,0.6904154120232513,0.11650530995831254,-2.5538909932940057,-0.09604851268081935,0.2857142857142857,0.013671875,1448
MB_img612,18.941508430485523,0.6189403316433716,-5.0785254052114706,-0.3113329796481633,-4.391329008344843,-0.7244077408353816,,,-13.004088906345002,-0.6038044720704777,-5.332180842188454,-0.6414952147578462,-0.4111036429704652,-0.10184925395564103,,,-5.282875484371351,-0.398640237747446,0.1390625,0.6693548387096774,581
MB_img614,29.561940550080312,0.14173123334656018,-39.25532741486879,-2.880784564977475,-8.909341749682639,-0.3146456024830268,-12.21881220634694,-3.3047543908939216,-8.343321141855064,-0.25194307134347615,-17.55346925319411,-0.6126308130254738,10.795575340597635,1.4054514504496456,14.144001908646517,2.8872998672506376,-0.7288474897515314,-0.156749612694579,0.040967039800995024,0.6028571428571429,2026
MB_img615,45.35431960619893,0.45597243353413813,-29.819282263838797,-1.484665175569152,-33.29624519243302,-0.9681842700151302,-24.06778048548191,-0.9723250415571518,-19.55890942204194,-1.5273454669997164,-14.765071318177757,-1.7494221968981472,6.743446568527313,0.39941655121157305,7.371905035062374,0.6428184396106531,7.8708814329031425,0.9150786461972251,0.15012517882689558,0.47054794520547943,2335
MB_img616,39.572006435514226,0.9542584246587135,-13.374778140164993,-3.051628003071696,-17.59685485974549,-1.5369058858738893,-12.659149892894105,-3.6281319955852656,-21.05108660305596,-1.4047783979128199,-20.332913376917322,-4.45129354919362,3.542498157917308,0.5119649409212061,2.944571787512161,0.7622766826953937,6.780510825115778,0.7345837979865307,0.05323343848580442,0.34385964912280703,715
MB_img617,,,,,,,,,,,,,,,,,,,,0.0,71
MB_img618,17.305058731765243,0.2683725876190347,,,-1.4692832052447506,-0.18973672089156496,,,-14.949220043463136,-1.4057260460208671,-14.791927200156024,-2.3510628989403854,,,,,,,0.009004237288135594,0.84,303
MB_img619,55.4551477286638,0.46551401097239486,-14.304076849469748,-4.1224360756609935,-41.672344232489436,-2.1770544655004174,-19.632947703803456,-2.5360839924707017,-41.22164956307526,-1.5143058898147688,-18.894173240734073,-2.0486536451341792,8.483296400215785,1.3600493432312935,9.273782074153559,2.1681227588083267,6.310703882158681,0.9518081088787379,0.018806990881458967,0.28894269572235676,1991
MB_img62,16.692113403684242,0.08607030943043303,,,-9.821298582608653,-0.5272068530935553,,,-19.483803712091586,-0.7185928087429496,-8.51354884824631,-0.6063511115091701,,,,,,,0.022947416974169743,0.882943143812709,1259
MB_img620,,,,,,,,,,,,,,,,,,,0.125,0.09090909090909091,60
MB_img621,20.761376499906433,0.18270421729000047,-2.7469523161545757,-0.222461696745978,-16.589938125163712,-0.44938128910224984,-4.127450288289414,-0.43055591643967456,-15.867660585364478,-0.4553535907269044,-12.039924425950305,-1.0899387563781378,1.6173589001882152,0.3367387003656313,-0.5379616341093316,-0.48284828306846533,2.9827288009798028,0.6493498521642119,0.12660377358490565,0.766270783847981,1930
MB_img622,27.845052628935974,0.1019320902997603,-24.082659950807074,-2.24971302733596,-7.006273267880091,-0.36690928008868745,-20.31199650390347,-1.69950487602778,-19.082086794854906,-0.8956073058521988,-26.007348765825817,-1.5936500049214848,5.8143686932566085,1.651767580760729,22.473017654319353,3.193603997911823,10.659922944941576,1.9564221814583957,0.020761839396019218,0.6931330472103004,1654
MB_img623,11.626313726752173,0.030411045230728455,,,-4.431743806466884,-0.16412253080530181,,,-12.658393066182075,-0.36226593312432265,-9.080339509918156,-0.37758986298401803,,,,,,,0.017416452442159384,0.9815303430079155,2124
MB_img624,55.21170107690547,1.3219923711746262,-29.352186222694787,-4.500887014927615,-35.27286310209867,-1.425197836926873,-21.277817250954104,-2.1074382668254916,-18.377171124966793,-3.62760683812965,-10.749879702107458,-6.068240861312821,-7.601384413001727,-0.395913575145135,10.989521266618706,0.6849864658590633,4.365415095181456,0.4260795067262535,0.15547024952015356,0.17305458768873402,1568
MB_img625,18.743961238287053,0.08542714839669882,-9.590891224790155,-1.2278897602070402,-17.190841938782132,-0.5139267994616618,-10.080877812499967,-0.9422520648445517,-10.569442468734445,-0.5271874896838962,-10.146190233124752,-0.35799918063623387,8.497286943508144,1.9510903995190536,4.713540957118162,1.736965594166206,2.656419473121274,1.2064508774674263,0.06151221264367816,0.7963525835866262,1659
MB_img626,10.928601247239884,0.36624745918511803,,,-5.994277073010757,-1.3891320249672638,-9.233969215170177,-2.4955246212158806,-2.5887352760737827,-0.47963438054094526,-10.05189188115559,-1.5185865215853693,,,,,,,0.012396694214876033,0.5,171
MB_img627,36.79749076705033,0.9695601924206425,-15.74473756584186,-2.9782634366537173,-17.656766817251572,-1.5741997207611238,-26.827674190033527,-2.6466174455991083,-14.36895633993023,-0.7665225553990958,-9.26164385106412,-1.323112679354624,2.905084304079333,0.3975500725500027,4.075760141551531,0.4517747746802448,2.9760308281915235,0.31876534416251456,0.06610275689223058,0.18877887788778877,992
MB_img628,11.715009021186065,0.058172109581827454,,,-2.1615426896558803,-0.18080537080042622,,,-13.19940483841775,-0.2900163344259277,,,,,,,,,0.006978367062107467,1.0,1691
MB_img629,47.66525970203123,1.5793529551098682,-5.240977684721136,-4.444600813711502,-4.19685649533611,-0.6446533863741913,-38.1017815152223,-7.772339319765014,-5.029839482880756,-0.4794569347940195,-7.612754526663681,-1.124855549735797,3.7060981638637083,1.2880646430210783,0.5775969596099653,0.10903837580948184,0.04171738578426947,0.017741582387266887,0.012437810945273632,0.04139433551198257,662
MB_img63,42.493894675261195,1.1679840862813944,-5.400712643980346,-1.5385381636298043,-23.131778935082856,-2.2009857210622092,-7.217889893483822,-3.1004731206901672,-12.75469334466341,-0.8711708846930234,-21.92549211449154,-2.036440033116329,5.631249509115538,1.0408597662233068,-1.4675876844611975,-1.5680321047712789,-0.6818255723505176,-0.20493145127022547,0.03551136363636364,0.25321100917431194,717
MB_img630,33.52833601301636,0.4790084512996258,,,-29.902230131311292,-1.3630955163143548,-7.150266492849036,-2.5801454844233804,-16.826213976232197,-0.8581378279185666,-10.345840740878621,-1.5888339311674486,,,,,,,0.057231404958677685,0.4516994633273703,981
MB_img631,48.82560109536682,1.7041196668479208,-20.297954613983173,-2.093504281013747,-12.132109969218645,-0.910720708722878,-22.909656894135317,-1.5151973232665363,-8.304802984449642,-0.39094968386685097,-6.150708872211937,-0.7470650937257215,-4.220137296916821,-0.2653165497964492,-6.786877086975089,-0.3327637889747038,-4.879378078983585,-0.2641126306625137,0.19796650717703348,0.16852215673433749,2212
MB_img632,52.748097018888885,0.60312940368133,-25.711166816404205,-2.2270083375534635,-32.12531945069584,-2.05054953549384,-12.856582999721555,-1.4486668044204576,-29.385897988541657,-2.086681877301254,-33.972690103850674,-2.5883077328507675,8.771700861478879,0.8431819871991645,4.14643700507381,0.8127389951583032,10.514675134100331,1.034419980441112,0.049452319587628864,0.3621197252208047,1296
MB_img633,0.8604082699501394,0.4890380807226206,-1.217640959675018,-1.3161457422933565,1.8563013230782168,0.7174254077705611,-1.5046682780948524,-0.7899378689801947,-1.0280941097398415,-0.24744786750104295,0.19547221830388994,0.046532303043947766,0.8361934365809585,0.3437324652057108,1.2002034705528568,0.39885207153790536,0.5132875988541147,0.11024834758062918,0.2708333333333333,0.09523809523809523,309
MB_img634,41.21879470965549,0.36220513880975774,-17.913180671208227,-1.6575933439842523,-20.182263276971188,-0.9916377640241069,-8.465753534567401,-1.2645749239095763,-40.056112235586944,-1.1224103443330604,-14.487192756626087,-1.2240287303950137,9.451173482061789,1.4128089681681943,1.95614126392139,0.8839680065528897,3.9465631629898796,0.4053890055802056,0.0352371409485638,0.6872370266479664,2291
MB_img635,32.93601760244052,0.8391282468105742,-2.389469384863522,-0.14454715470060808,-26.991317782957495,-0.8545157741440034,-10.010642739265972,-0.4757110720943271,-4.149627951580242,-1.6752513860502591,-2.6740719094347067,-0.35444443160079603,-8.340797567012427,-0.46147998937239704,-1.7601043235345017,-0.16315477559757424,0.7932312724559109,0.3370349872775706,0.43200325732899025,0.32577747062888734,2027
MB_img636,24.292930659249343,0.944866520615813,-9.081488469252957,-0.7005411788398971,-2.397093674657957,-0.7612852733616192,-3.8438613659040377,-1.3024652873324054,-1.718402957278863,-0.16132482089855782,-21.192562867961964,-1.4246511468434633,-1.6196405496785997,-0.7676547982373464,1.4174774436932236,0.4658138609099028,-3.145378728322128,-0.5117210327076213,0.1013157894736842,0.5344352617079889,539
MB_img637,30.74550321542416,0.40820517980768867,-12.335090077281762,-0.970874100553888,-22.177881727533133,-1.1082271471344813,-4.050958424835685,-0.6757608633233066,-22.628512163347096,-0.786871312626967,-10.307792807083722,-1.067547407729433,7.326544773160381,0.8401199535127852,5.455169616513565,1.584241333477502,2.5973737724154096,0.2820044138952641,0.08414396887159534,0.5812897366030881,1313
MB_img638,17.072163995364317,0.03909434926592026,-5.224414331315318,-0.3540490943235136,-13.462692331159749,-0.5284435587162539,-14.4891818480582,-0.8814426150049282,-16.327570761960065,-0.5437483721015572,-13.134613227202921,-0.4483622929199771,5.17766508087758,1.7858751946471527,0.14300083994301807,0.10082436951948698,3.2167966464267326,1.2213241539489568,0.025024838549428715,0.8342857142857143,2210
MB_img639,24.834352906158536,0.17222002712542855,-2.4204886371316596,-0.29917952042599655,-9.166245604734154,-0.5622641143295483,,,-25.67999943825295,-0.5715137641756094,-17.222698078175,-1.253989266230787,4.0330142674719935,1.588573754273535,,,0.43091486190275363,0.130476916637763,0.01834955393349554,0.9087301587301587,1664
MB_img64,9.859341951077322,0.5896268331041655,-0.4214517902523735,-0.10067189482744061,-5.299805723522927,-0.5474939685671671,,,-3.7063038779296615,-0.3945141419559588,-4.965764411077535,-1.026983169581207,-1.7579430184846618,-0.7745235295902319,,,0.7687309776595441,0.2935196797016084,0.13380281690140844,0.6343612334801763,158
MB_img640,12.173015631616536,0.02499226471029634,,,-8.566797441813804,-0.3969000238659176,,,-14.082191998483584,-0.5363475453356927,-10.538112302809173,-0.807602220011109,,,,,,,0.011439267886855242,0.9317269076305221,1895
MB_img641,22.11145045793772,0.6236156143452455,-6.164321207332475,-1.1156251785544578,-20.85429484154446,-0.7414984152691187,-8.222415512411619,-0.34746394535952346,-2.8834296430889417,-0.8684233796452943,-3.4243518831414304,-0.4612776778026703,3.715689241820684,0.43561175277232916,0.35171214978726867,0.058893689053568614,1.1780442508211049,0.658014252771384,0.40345744680851064,0.4044222539229672,1272
MB_img642,23.76436444560509,0.3740701572910312,1.1073984111343158,0.1139376616544004,-13.157149430250103,-0.8717961562851052,-0.7701797582734219,-0.15977820660475997,-24.76448828292201,-0.811381052271071,-10.841102639046532,-1.1393901137690736,-1.1199466409984091,-0.5277376320282061,0.18312611441251977,0.12421993693151206,-2.883826829470394,-0.6760494714464971,0.051680972818311875,0.7868852459016393,1150
MB_img643,21.622126604494532,0.9936393432698005,7.090521484013303,0.4178243375235492,-2.6071428175382585,-0.35348935677929744,-3.5180047096722817,-1.7629865648805763,-18.978159891340653,-1.3113623339399636,-11.765265659839713,-0.955061274782385,-4.603542185899261,-1.263034405833794,-0.8869946036881182,-0.3561438102252755,-15.378641716772863,-1.8330025006207566,0.24401913875598086,0.5903919089759798,748
MB_img644,11.452442419810403,0.17203029821787766,,,-1.1607024258774177,-0.16717439042627752,,,-13.348683048875035,-0.44158971241954614,-3.3258322193192003,-0.43522174903010846,,,,,,,0.014675052410901468,0.9746835443037974,685
MB_img645,,,,,,,,,,,,,-0.9776709058200396,-0.11626968931071563,-14.761994006275774,-1.123153056781262,-3.4793014786474092,-0.3458982267217153,0.375,0.0059445178335535,608
MB_img646,30.151128839796318,0.086600973505061,-5.486315557337147,-0.29322232183436464,-14.733568480328497,-1.276868829976456,,,-35.30370022295546,-3.1422318868710617,-34.65818520128359,-1.369901513537629,-0.7578545207806546,-0.5921580021253602,,,1.4792762655831702,0.6708764037084336,0.012908777969018933,0.8704453441295547,1922
MB_img647,31.644361822449596,0.26316583569997487,-3.9975768025278593,-0.34005868292152797,-38.435770963829555,-1.5821405130124073,-10.806437690096363,-2.0832701103009006,,,-8.151232600622745,-0.6758159311722697,2.57784357109566,0.47894926309903674,0.6594323174659626,0.4118350672405001,,,0.0668992718446602,0.4442793462109955,1092
MB_img648,14.586065297120866,0.183647634568913,,,-8.622638536458037,-0.3993534134258899,,,-14.59625168750663,-0.8383818176782287,-13.110652254049947,-1.3854516425600594,,,,,,,0.0668145956607495,0.8579654510556622,674
MB_img649,16.574681365106024,0.6595881181392418,2.0051717590802776,0.25773503295987005,-6.586835432147063,-1.1993669802377243,,,-17.545911370238308,-0.9460877917833311,-4.688673428041543,-0.3861481380268386,-1.3358595447817505,-0.8539956471763933,,,-4.097913559059703,-0.8529975876133163,0.05714285714285714,0.8129496402877698,503
MB_img65,5.425166210221158,0.005629923673224218,,,-8.760874944538141,-0.4173799759730227,,,,,,,,,,,,,0.008281573498964804,0.875,1468
MB_img650,16.462205242003254,0.4807865734404575,1.1024334073127653,0.11083963836836595,-5.683592665584326,-0.6542063779442918,,,-4.389047203942754,-0.5474984898146773,-19.33312070298687,-1.0648966835342022,-0.9980226328162585,-0.43722773891290967,,,-1.7790634802579974,-0.8439838440483266,0.09642857142857143,0.842911877394636,467
MB_img651,17.023521694141838,0.18861784231086728,-2.904772574837654,-0.2966506038952541,-15.68172320920119,-0.6957628155846463,-2.467154339275886,-0.3031992297377743,-14.702344500665529,-0.5115136402068495,-4.815647053312263,-0.4266307197083023,3.4942601086180036,0.9567721661059431,-1.1130138703086807,-1.1667154449664223,0.32467084134908775,0.09450906013152235,0.06785195936139332,0.7855946398659966,967
MB_img652,31.134665746484362,0.9863799830260012,-5.243888011393342,-1.049929431433542,-10.960777439427304,-1.1439019369035317,,,-17.32541525747014,-1.688929743913639,-22.72152704472643,-1.865224518704467,2.5708779332527025,0.6228762508705128,,,2.7461031366590403,0.5133469126276784,0.04724880382775119,0.6090534979423868,491
MB_img653,35.660298686079656,0.37679279858450726,,,-7.992706422541936,-0.8238409396424761,,,-40.11369662211914,-1.479760846143751,-17.536561987003015,-2.9145645234939392,,,,,,,0.01032258064516129,0.8921568627450981,1106
MB_img654,,,,,,,,,,,,,,,,,,,,0.0,43
MB_img655,43.082444443080796,0.9039581437367227,-18.321293262292055,-0.8311578656834909,-13.704398863956053,-0.7850674155457327,-21.652467857473304,-1.0581727600640964,-22.3946957592918,-1.2663928579098254,-17.931326639397184,-1.428627369101932,0.059027943412350306,0.004091303814981476,-3.052118879018491,-0.1831525512597969,-3.359394694581336,-0.22108982895918944,0.23493150684931507,0.3899210995164164,2005
MB_img656,24.06050541980465,0.17312649025446056,-0.6122237291767503,-0.06135586591644015,-22.88543553819065,-0.8186527655705998,,,-20.608251617570936,-0.5836937413797683,-9.486771370350185,-1.1488690435310007,-0.22928139886578916,-0.10768786931437367,,,0.04791764105214017,0.014955037746534717,0.049219427580225496,0.7679558011049724,1526
MB_img657,27.749992848759874,0.47471671714527447,-5.959517319760464,-1.4431878518091519,-8.025168285610535,-0.7737353691475624,,,-22.12349551134429,-0.9921621592707676,-20.39410495281397,-1.1704503019842765,1.4830802845646518,0.6896598793878495,,,3.596310093622381,0.7584212768596815,0.01977272727272727,0.8444444444444444,928
MB_img658,18.911160566008,0.5398241260866614,-7.5089520770985025,-1.1558751356381516,-9.751180899365453,-1.118380821995301,,,-14.665349505008265,-2.0272696219714863,-12.328876719512886,-2.156983806267776,2.41347009070093,0.6810858930630731,,,2.805757869450401,0.660506262098267,0.06896551724137931,0.6369426751592356,240
MB_img659,25.004357068261083,0.9078757813797975,-4.870991910542485,-0.5943799349009746,-19.88592043087411,-1.427445589635855,-1.2553316974514959,-0.2619605724824759,0.4276797041685699,0.11656537395023131,-12.967591685734968,-0.9045199264700848,-0.9892524953356919,-0.1477241573441859,-0.9824585657634558,-0.5791801481271501,-1.4079852698688888,-1.1358631653686793,0.13873626373626374,0.3934659090909091,478
MB_img66,25.478058094611647,0.283909770627241,-0.06352023458512529,-0.008599128926198839,-27.749498095903103,-0.6646122258145841,-5.6939945469252855,-0.8462489951630685,-4.700623278509416,-0.4509451527494687,-5.3878992931336285,-0.6334312103556321,-0.11644744057362914,-0.027979695583508744,-0.830841803823707,-0.713695814843359,-0.0889100304115325,-0.06695024392462665,0.19877254509018036,0.596441947565543,1561
MB_img660,33.58331962924034,0.6835225355853309,-5.546101611941568,-0.4544306437749255,-13.837744623458725,-0.5779715520921771,,,-27.36568138904705,-1.1489928920589993,-14.055860543124759,-1.2484832434941349,-0.5906966085960084,-0.06807608040345335,,,2.121601960891218,0.23350484416570277,0.15472175379426645,0.6302405498281787,1315
MB_img661,32.2426625178697,0.35088670249166937,-6.211940189785843,-0.9731167058490527,-9.037642493366725,-0.7954760525216246,,,-35.29445363592025,-1.0658032036022191,-5.7799310154994705,-0.5197230477976983,0.8919277519032992,0.5063526660247898,,,6.093325315801664,0.9516265825471008,0.01764173703256936,0.9411764705882353,1231
MB_img662,9.683782067044993,0.47677016030996905,,,-11.548108648038218,-1.3209406499054617,,,-2.9963170095842377,-0.6193227095281556,-2.6741159119354965,-0.5505358871384018,,,,,,,0.09642857142857143,0.41968911917098445,122
MB_img663,29.990059534535153,0.18458633050573028,-10.51315750574717,-0.42666452241561204,-7.3736183402599345,-0.5052488199414034,-18.33749900591076,-3.0422756916824842,-21.281673572418256,-0.5713937360441126,-23.064856920382272,-0.6956896306026714,-1.6785703571968085,-0.732631003902315,2.9607689802415207,0.9121600328709248,-6.084788468322081,-1.23427541285237,0.042267879548306145,0.7449822904368358,2158
MB_img664,23.805343587849055,0.06447269053921308,-8.263378601575107,-0.5297376716843252,-18.75794820242203,-0.6455690152614162,-4.62364220345978,-0.536585817210213,-15.286021349429326,-0.4743221816323233,-23.25581625146193,-1.0409890478542543,3.3511004048331574,1.128156351490682,2.685286445299731,1.1255308820838588,6.676828849894407,1.7704120772593481,0.02541003976143141,0.8476027397260274,2254
MB_img666,32.57496886684637,0.5426068077933167,-7.654462820553997,-1.2924042286079005,-8.64041646285339,-0.8145666990780928,-1.5312766382659377,-0.20026107981327115,-25.744393627864245,-0.7168288290489576,-20.753118137235546,-1.442173242973256,1.2213709587066641,0.5073776714255543,-1.4398137212208262,-1.5558161550616398,4.406779423430904,0.49183009435996927,0.030566280566280565,0.795774647887324,1574
MB_img667,21.846805348236074,3.1240627035336246,-3.1577952797181275,-0.9887351739041857,-1.0273139248711867,-0.41142624572646497,-1.1854698671949362,-0.7363884007034607,4.80840614465111,1.163327756335667,-11.817914836945684,-1.1566842495629583,1.2895946158107074,0.21141697352564912,2.0941839421522617,0.44639374331412707,1.5923593301951025,0.28012700258668516,0.12962962962962962,0.10333333333333333,759
MB_img668,11.342019714978168,2.4890380807226204,0.6681332921316542,0.18070340569835816,3.66195800000564,0.5786285669991058,-6.903908909448567,-3.1274269298662802,-2.1148557613453636,-2.3533232911628965,-1.0156249636959587,-0.8278190246173196,-7.595299326727175,-0.4074559009215263,-18.1903768214528,-1.1063102999434398,-2.8128604407956015,-0.4823518804069636,0.85,0.020193637621023514,893
MB_img669,25.083788932934176,2.3446189998081284,-4.572093917576998,-0.4885545581454427,-1.1226283424663734,-0.26566192452189014,-2.710575287201306,-0.6439221400405992,-2.4976416733304676,-0.4785404415850019,-8.563312773878307,-0.5987158593246613,0.738873391948042,0.08677391362421048,-1.1381720519836214,-0.11129493871033418,-2.372547576249419,-0.24033365403237145,0.22965116279069767,0.18908382066276802,1145
MB_img67,10.438296433259284,0.6143667279587421,,,-2.716255579072174,-0.2586250840679951,,,-8.282745464101716,-0.6185727916456756,-6.9827350554779155,-1.775732271222852,,,,,,,0.1090686274509804,0.74,247
MB_img671,19.894301345949273,0.16572908250316667,-13.82642614265334,-0.4958054523024956,-8.30288337825148,-0.33007309982671273,-5.2838097443756515,-0.682691565580697,-18.172669629475806,-0.8561516941242735,-15.976395896385334,-1.05867994062131,-0.3657874500191165,-0.053250384702249944,4.544099999709356,1.2801594449357323,-6.886991710146711,-1.8348215178072167,0.11989795918367346,0.7637075718015666,1461
MB_img673,16.449868372511858,0.7168003409169095,,,-2.4590219310254966,-0.5350161089337205,,,-15.275840292203839,-2.0101288030739233,-11.870537456612421,-4.117030053010187,,,,,,,0.01461038961038961,0.8518518518518519,137
MB_img674,46.570598801546076,0.27523612168443173,-33.59063230012771,-1.538111551653342,-40.13679533771046,-1.0366802776151756,-23.84748731651769,-2.2670563181786862,-14.172369178139858,-1.6612935558553066,-9.883051979270379,-0.6871246929112694,10.349090162641547,0.6727678111495596,13.245392922293906,1.6551715030025589,5.045127015665127,1.1653306250920425,0.1017605633802817,0.4888888888888889,2434
MB_img675,10.628126550029018,0.4495606870544887,-2.4449014952139967,-0.4526707339038514,-4.068580124854171,-0.6154947707074154,,,-5.650844508347908,-0.3633071332686302,-10.65363091788119,-1.091599439319253,0.3758153018470782,0.1891162664621495,,,-1.4251129547355355,-0.4376664099536338,0.04875886524822695,0.826530612244898,282
MB_img676,,,,,,,,,,,,,,,,,,,,0.0,107
MB_img677,31.90577661754027,0.9565771106775389,-9.907854900405544,-1.40619856206894,-11.1103997285941,-0.9708770958347019,-5.825396113307048,-1.3501708085623447,-16.481336521603126,-0.6096716853487693,-18.478746865869123,-1.3162988265041977,4.003060677025351,0.6308825414001845,1.2693531348028393,0.4670117743926217,0.8974367311862133,0.07559416694195459,0.05823529411764706,0.4900398406374502,1272
MB_img678,52.772400546923215,0.7995032016442071,-26.728190719702447,-1.721005067342811,-32.981663639026806,-1.305699615136654,-16.970388769914685,-1.9747646125090128,-20.20796921859896,-1.3403873590407267,-17.062042868110453,-1.512648295905266,7.952916903026966,0.40126705445144933,5.672344873878466,0.7676830753372644,6.467426626212348,0.5706072077440859,0.13239827373612822,0.33992222942320155,1745
MB_img679,11.874700626310524,0.20683279954233572,-2.7380347846153095,-0.3792415473982601,-6.1018707387721145,-0.674783452680548,,,-7.1744354985254795,-0.4572440593995333,-10.445457080215903,-0.9095750206989653,3.8880819102729993,1.3473987824034805,,,1.539265468176238,0.6003731503586996,0.04057835820895522,0.8769230769230769,365
MB_img68,8.76422125594598,0.027984211543183497,,,-7.16261170009583,-0.3080856962514021,,,-6.582574257991604,-0.3152481690696425,-7.286135484314009,-0.4597126357548736,,,,,,,0.021809895833333332,0.9368029739776952,1240
MB_img680,,,,,,,,,,,,,-2.5958620524937697,-0.3158439421874737,-1.8134479436675286,-0.35049724708413327,-0.4402762764760206,-0.17225474767470017,,0.0,234
MB_img681,18.803796838946862,1.2583265438500297,0.8869980270982136,0.13068910508265,0.19235638569318605,0.056504838055671434,,,-13.290440520152496,-0.34449643023386417,-6.016401350419531,-0.9636373155412485,-0.46790403142345127,-0.27381424458703646,,,-0.7733895820118993,-0.03309813887751656,0.0487551867219917,0.8442622950819673,1770
MB_img682,50.49702640901831,3.0667772881294018,-14.381117688610955,-2.4557482080844504,-5.22929443118724,-1.1622669148272315,-9.56071316714748,-4.842978831788325,3.1327553602520246,0.6124112250345007,-20.559989141587725,-2.069361675784273,-3.067744860146515,-0.30025029500576483,0.023366713343604986,0.001924876924492193,-4.019626774813706,-0.861785258415403,0.07301980198019802,0.06053268765133172,1108
MB_img683,28.38185512784515,0.49093654877352044,-20.873290536712034,-0.7111663064023063,-9.658200592752971,-0.5411132838901834,-7.279140236701518,-0.921406653152742,-12.913211612718058,-0.6918003584593537,-12.857757691027171,-0.5160860819695916,-1.7471209103521064,-0.13002686591266413,1.3467396979069344,0.19129054060083944,-1.5642112754488127,-0.11609403987330974,0.19932844932844934,0.5407517677707481,1777
MB_img684,14.620631371857751,0.051578088960710713,-8.089261758609954,-0.986253992631179,-10.749985184107517,-0.36510311670810136,,,-11.2148463321853,-0.40441412240550034,-11.893822729617508,-0.43511283795584393,7.783237105370965,2.272297327162762,,,5.0629125109487045,1.625529541968134,0.027446483180428135,0.9164882226980728,1849
MB_img686,75.14108360695066,2.0312206061154923,-13.733641340951493,-2.8892114283736934,-38.07746475485995,-1.3168960394430083,-20.657300923922076,-2.101642258960614,-8.88327378000994,-1.048521550767744,-7.3614747129395495,-2.0467238655908413,-8.398617266269538,-0.4410828591754844,3.253250963390929,0.275234859439321,6.065828995192778,0.8893504034597295,0.23246753246753246,0.12297778996435427,2185
MB_img687,23.526267835955338,0.36991288648549747,-4.0528109268381405,-0.3632427122164996,-22.185015709260608,-0.6984643135828937,-12.078803528879817,-0.42540044147736844,-5.0213533331738045,-1.2811683345590281,-7.46293296292684,-0.8766869431659596,-3.387412494746306,-0.5812585319577374,1.203448608636737,0.18117349384426706,3.52825852464515,1.4764380439429872,0.29775073746312686,0.5415541554155415,1278
MB_img688,20.71132227530033,0.039797058456722184,,,-18.948209566829608,-1.114859476605664,,,-3.9591410608587942,-0.32925409197623645,-28.08910872222378,-1.0438894593553445,,,,,,,0.005431866952789699,0.7755102040816326,1962
MB_img689,24.079305603617684,0.36419734463887615,-9.661010275159176,-1.1000684625164543,-8.816934975172744,-0.6537559268559129,-4.578799581365297,-0.6248027652529472,-21.16589697911975,-0.5915719946534692,-11.471691697210698,-0.772594938278032,0.4744697717438904,0.16974467583231712,0.3252808227343873,0.189351252217354,4.947890390146719,0.5376567859427995,0.042833333333333334,0.7587006960556845,1319
MB_img69,28.098196251638377,0.10670342216524115,-5.882921572025647,-0.2920513840379165,-15.106440817712572,-0.9010828307030371,-8.959387604184414,-0.33599557120491386,-25.54598139283107,-1.1976667778975965,-25.416118873302214,-1.0776957369769995,-1.9555174478512842,-1.4559299299257449,8.746366120679557,1.6767304870328361,3.547165230506448,0.8532965102600988,0.04905832320777643,0.858359957401491,1947
MB_img690,24.676356820440454,0.2303700143683024,-3.8448518633728486,-0.25924772833267823,-17.689920445340857,-0.6286391378042029,-22.631772712953584,-0.7467045325052944,-5.977048464547642,-0.7382558494377865,-5.248671680837135,-0.24958928560760785,-1.4033360098393999,-0.27805729740115553,1.3468385017972864,0.23030518602401887,0.14150038466272172,0.07096652135414358,0.16495098039215686,0.6339637509850276,1544
MB_img691,32.17353140607804,0.21769865898033455,-19.7810088725769,-1.2995790668282883,-27.13257116655219,-0.8506026929693212,-6.902415065607087,-1.4700595753410217,-21.216071461828253,-0.9043269846484526,-14.910607533595483,-0.7102311043524335,9.576240655020452,1.1538828266632728,3.696901938933014,1.4368418695971923,9.599341377502558,1.347100012664791,0.07192622950819672,0.6611635220125787,1632
MB_img692,28.208974772848848,0.24671900315882894,-3.931783434410875,-0.6219364169911704,-18.782933468184503,-0.9714197501063848,,,-25.61909328457714,-1.313441417721766,-17.69036773149212,-1.7424617364430917,0.7278043971702557,0.36308541964412216,,,3.04845020517104,0.9452672673215741,0.0346551724137931,0.7647058823529411,942
MB_img693,19.567907799370964,0.12557017052921482,,,-16.640104878411865,-0.7273039363546534,,,-20.70130533326352,-0.6080139438743749,-4.129206890828114,-0.48410814782713174,,,,,,,0.03145539906103286,0.7910447761194029,1315
MB_img694,30.129806100470073,1.9334629976042088,-1.7953534530561812,-0.31188266593585867,-7.718375538560812,-1.084182954649442,-12.230556750048299,-2.6639880720067044,-8.903796415566552,-0.6180326940570455,-6.852458975080034,-0.9044115109657482,1.4109998449045853,0.2115340783937297,6.227539375472059,0.8204539528203919,-7.126647219372582,-0.9669050293751592,0.12171052631578948,0.17795637198622274,721
MB_img695,50.761618459717084,0.7133694114512339,-11.845100222808604,-0.8905816712376181,-25.91574859405385,-1.1109754656246673,-8.0798841633299,-1.6814492653149578,-38.83756746352057,-1.270392380046738,-15.378298498088132,-1.223532224443331,3.293307762817399,0.3363424467649809,2.94681386545829,0.8429562898544201,5.084882617401023,0.34626654532996076,0.09846765039727583,0.5168539325842697,1866
MB_img696,40.27668256350451,1.9094758606889837,-4.610150306454075,-0.7441610955704102,-11.602154633369397,-1.625398606510926,-1.9108995448884862,-1.2957230245399685,-24.464120813557496,-0.8933166565884603,-6.978901165278771,-0.9382351946174778,-2.5277929971766,-0.45358130014925857,-0.3658566612664474,-0.2408231267436352,6.849089134888679,0.2707476804841519,0.06684782608695652,0.2795275590551181,1573
MB_img697,,,,,,,,,,,,,,,,,,,,,29
MB_img698,34.65489113237981,1.1257251975317775,-2.8973433461394684,-0.27045620980731194,-29.698190645051376,-0.9574769082485369,-10.438961717860439,-1.2396308047076696,-8.359559722088415,-0.5635372173142302,-4.718209107887322,-0.6862698093575157,-6.461491960359241,-0.3787257100210047,-1.606187806321057,-0.3387096451207643,3.4856504502580004,0.41168170441624563,0.3127659574468085,0.2693643981197629,1804
MB_img699,35.91259862455292,0.947646830356638,-20.078587933132397,-1.3814403163441518,-20.74990135489463,-0.973091411695623,-2.993940255752454,-0.7977047520238847,-10.742623627255291,-0.7318692048346146,-11.097830394863195,-0.945830380355137,2.591807975162784,0.15167892873390335,1.434760283215443,0.42275246440684927,2.111322402865968,0.15314436198246523,0.15737410071942445,0.37612732095490714,1142
MB_img7,21.3095219902448,0.1922688073553045,,,-3.6422843260240447,-0.3823977697751051,-3.260234912704554,-0.41297503282195147,-22.82639559046793,-0.5691141078714204,-7.050857864404052,-0.8428352014391711,,,,,,,0.014171122994652407,0.9863945578231292,1301
MB_img70,45.043884628771806,0.21244198202016618,-10.977637819197952,-1.984535739502716,-31.290605391367887,-1.5657386010795704,,,-49.9325480571969,-1.5680110407622718,-13.012546310109249,-2.058099988493412,7.745890392210565,2.060564442038082,,,10.371470479193928,1.8750703661185875,0.01152482269503546,0.6947674418604651,2080
MB_img700,56.1722344671411,2.9021009942038236,-21.165009125381303,-2.8725910356948825,-1.3746689122174196,-0.28706590735054377,-11.573779035391935,-3.9695386464644704,-0.06369204905217907,-0.012608400204904195,-15.815746879297624,-1.5154030141718144,-1.4920992929640855,-0.1382374084834655,-9.638751411557225,-0.6772883758191427,-3.3595512715532054,-0.3474766858323148,0.09016393442622951,0.04818042029728344,1222
MB_img701,8.5607593650931,0.03354062292967589,-10.458921056625579,-0.34858372688841505,-2.362155090600491,-0.12258906153541237,-1.2627533551177372,-0.12297942071965687,-6.890674310178058,-0.362165493389589,-3.012958777680423,-0.1959832359048397,-3.1806721187358433,-2.5867647433551415,-1.283696555768006,-1.0179219079972623,-4.101012979216897,-3.9509349283145396,0.058039294306335205,0.8793774319066148,1394
MB_img702,17.24066734630574,0.19838284742209494,-11.08159433790911,-1.1255684517780287,-11.157973587941074,-0.4347317459906491,,,-12.50295367480246,-0.8461741709481321,-16.502998797769248,-1.270311468424151,5.168283974110354,0.8427406564871718,,,4.38465846846222,0.9912827828988909,0.10534452296819788,0.7253886010362695,777
MB_img703,14.643593835061662,0.1774987538286513,-2.3817659714585773,-0.26261689894594614,-4.42285011285893,-0.2571572434897963,-1.4149477386325426,-0.15850088599411413,-12.568218126399836,-0.42017416355756276,-10.729821574570044,-0.565451676883713,0.8873907515636774,0.4246876693125632,-0.4464906299485927,-0.33342373372519185,0.07670250115902139,0.02384006282612109,0.05357142857142857,0.9192399049881235,1017
MB_img704,18.762272231664365,1.0977286364686283,-6.615097517482434,-1.3285082433110755,-9.026955943436555,-0.8904329908963894,,,-6.793956689694485,-0.6125255016848252,-7.929054882255471,-1.7448234899993509,1.28256449001662,0.17700033508548055,,,0.8735256874036434,0.12347641655531084,0.14625,0.3834745762711864,323
MB_img705,25.20529101864043,0.7213211272994264,-5.2801361620009395,-0.6963754279886994,-14.985906021319499,-1.4628262235732856,-6.34689515832876,-1.3945857178198144,-20.71524702654831,-3.102707527732391,-17.458274522203048,-2.333909735091044,1.0808636464387553,0.23781905996929667,0.024710239500638373,0.012419259254067795,4.334475636835494,0.8224732758243495,0.08097826086956522,0.5352480417754569,442
MB_img706,24.353449809617985,0.12164982664014334,-9.873573224192882,-0.2891263961360835,-13.481964062633743,-0.5496691707264904,-5.746840166922833,-0.6683785089087937,-18.06684797309581,-0.8288934672898617,-22.079723668663256,-0.7764617583483027,-1.362866297409141,-0.33208728616237787,-2.0885319168712684,-1.8339020766691634,-1.571905757655977,-0.31311389998421435,0.0757227332457293,0.8380112269446672,1930
MB_img707,46.502656474526425,0.6285054188595146,-12.268871816186854,-1.6259788734804943,-34.27163958751131,-1.4845385312399566,-4.38190632748287,-1.3417485983761233,-25.971589566656338,-0.9177636920309827,-11.619252742236446,-1.2791369557897958,7.32893677041482,0.79651958222561,-0.3796568720761423,-0.2898344651775092,6.048982482042922,0.6263419866491812,0.0607311320754717,0.42979330007127586,1623
MB_img708,,,,,,,,,,,,,-4.259188630142697,-0.1678068720614813,0.767593060290583,0.29432363349276097,0.302227529510955,0.06419740641341802,1.0,0.0016457519029006377,1393
MB_img709,,,,,,,,,,,,,,,,,,,,,40
MB_img71,38.215803224292046,0.4144396422846822,-9.19493872679589,-1.277075546464736,-26.285897239955794,-0.9996327217885634,-8.719277549436155,-1.1291693025095888,-31.572445085999462,-1.0152355516646276,-11.951855112549035,-3.5385381636298043,3.276086176177522,0.7470192588301291,4.40723086200028,1.658963082164933,5.3831781044346885,0.9026216898845779,0.061584728033472806,0.6540816326530612,1532
MB_img710,33.338480198014636,0.6341512029322441,,,-8.19499996108491,-0.9105727799233743,,,-33.53526798918553,-0.9104365013777553,-7.7708112306325186,-1.133483005474252,,,,,,,0.018089053803339517,0.9026548672566371,1119
MB_img711,11.985685395196901,0.0854977818519721,,,-7.578485355844192,-0.2405798112392098,,,-10.249955746252908,-0.2587464355599926,-9.428084528670064,-0.5459219764679097,,,,,,,0.05676470588235294,0.9267955801104972,1670
MB_img713,25.398885576727768,1.2987534054167964,,,-0.8315620922632398,-0.18175736452974794,,,-0.9534067792411726,-0.06390203132081955,-22.727155472622584,-1.8570735384679307,,,,,,,0.029166666666666667,0.8571428571428571,439
MB_img714,28.5293665018684,0.1636763764844161,-19.593032860325497,-1.9912972180257684,-4.715818245056132,-0.32633897682762475,-25.691082281405937,-2.1757969680744043,-18.92568515978006,-0.48746732381499974,-18.337920071429593,-0.8828260367994532,2.134861217532789,0.9261797667083287,22.379862909835808,3.071701465354189,2.647971968753713,0.5471141471751673,0.016188788659793816,0.5436893203883495,1979
MB_img715,14.792612297794829,0.04787085551720529,-3.017254778031488,-0.2352585177818635,-8.092232061641152,-0.31025435906490745,-6.597599958901725,-0.897168701443392,-1.536406178426803,-0.07652902598627706,-15.654683528788212,-0.46796147409763533,4.645074298790115,1.5518541889092177,2.8031607660592415,1.1255308820838588,-0.49167002472186744,-0.3868109464722167,0.02750809061488673,0.9148936170212766,1731
MB_img716,34.753497922230736,0.20360691303203965,-10.330356045503237,-1.2570808069744772,-18.239248168189793,-0.9496516511952149,,,-26.02276904888731,-1.340184872647996,-36.13501046344672,-2.1915506355155596,4.998393171623361,1.4621923518756463,,,7.375094544796217,1.7046967906938653,0.026160245183887917,0.7472222222222222,1412
MB_img717,42.657404222885674,2.483385881360456,-11.503236293782917,-0.9314298001194391,-4.977191725456412,-0.5095863756653483,-17.811415380589125,-1.9307562580295181,-3.666535652673277,-0.8204411840343887,-10.469136676775538,-1.193217655748421,-6.7625695700098145,-0.3294303918265601,-9.06624773715849,-0.36013402330543565,0.713991622438423,0.06599241605851931,0.32228915662650603,0.10788474424838061,1676
MB_img718,27.998549534224416,0.4070432965347139,0.8717071848773752,0.08368630583378754,-14.20848541398424,-0.7895013422842986,,,-29.890980322326502,-1.1289609942364431,-10.611878556204365,-1.6290479892000738,-3.503543180882438,-1.412442824775613,,,-5.37419254035521,-1.3943007187640857,0.07094594594594594,0.8129496402877698,953
MB_img719,,,,,,,,,,,,,1.4799060118486507,0.4941090702700425,,,-0.8262079620904001,-0.2586194224328342,,0.0,113
MB_img72,,,,,,,,,,,,,0.26056360674712614,0.04525628112964997,,,-1.1037259629782725,-0.13916508326151222,0.25,0.008771929824561403,275
MB_img720,17.125947670744768,0.02176073725708126,,,-18.861755681602894,-0.9825481794166935,,,-11.254643301849539,-0.8797057662822882,-22.18131905262376,-1.023766112184091,,,,,,,0.0064390359168241965,0.7045454545454546,2183
MB_img721,12.530101690450309,0.12132105088412434,-1.1045207013338667,-0.18801288100236144,-1.148304080603533,-0.10304254521014933,,,-13.168375554576592,-0.33054835030765745,-6.33905763294753,-0.7189452816023199,-0.6084673846144396,-0.4854268271702417,,,3.886949335444709,0.9761532580456324,0.016512345679012344,0.9772727272727273,1105
MB_img722,26.235567138838718,0.1836581366153434,,,-4.107745046007893,-0.46440245492698734,,,-23.592979167858793,-0.775194844880493,-22.196571631561135,-1.363578062417224,,,,,,,0.0059751434034416824,0.971830985915493,1330
MB_img723,61.98606591002742,3.4275262367488173,-8.552626335247659,-1.19391507408488,-6.118991362613279,-0.756311682971018,-26.38562781984878,-1.583215443110164,1.0483550044731427,0.30562628255826174,-2.877460401542049,-1.1661311213290748,-5.501131203461478,-0.32015420154370483,-20.584348770847683,-0.5011583112726761,0.7974955974544481,0.14586182923338087,0.34532374100719426,0.04459108178364327,2499
MB_img724,33.515634378124155,0.7328995947282704,-18.86660389276436,-2.038399213646961,-12.991123426424885,-0.8629326664327701,-11.025978007239297,-1.9070554656207988,-17.83093332184164,-0.7128564798110509,-7.886162062072566,-1.087170175656296,1.8847856147229134,0.23313985617045543,8.569602145610665,1.314290207306782,-0.0723538285657641,-0.005839440083728806,0.08460187353629976,0.42133051742344246,949
MB_img725,11.443959698816215,0.4433243054612563,,,-6.271958574028781,-0.7840851427347569,,,-9.04381478490207,-0.6195092268295332,-5.306486925815741,-1.1398241767265522,,,,,,,0.051305970149253734,0.7037037037037037,242
MB_img726,,,,,,,,,,,,,,,,,,,,0.0,104
MB_img727,,,,,,,,,,,,,,,,,,,,0.0,71
MB_img728,14.473560947501932,2.6361039140505382,,,0.2512250031710461,0.06463005860271324,-3.2024150478735636,-3.1309308698264484,-3.6251826851930047,-1.115699153431586,-2.7021529150531878,-1.7886857106135339,,,,,,,0.125,0.3225806451612903,73
MB_img729,26.549699195772654,0.13450162260802617,-6.848776270496973,-0.7892350366837922,-8.319086943551111,-0.4100696917563798,-22.899497094661097,-1.5093960732006444,-23.913953149800324,-0.6392020886192245,-13.000310787349814,-0.5440182055911184,1.5854477758694125,0.7883647466728504,3.733680135254105,1.4584300947922244,4.284740938268519,1.1797480839279544,0.030089522546419098,0.7243816254416962,1888
MB_img73,15.079619036792625,0.028234113545095706,,,-4.3233092341513135,-0.37501368020160564,-4.557593883258155,-0.4406115299979024,-20.989494483564794,-0.8680032867716374,-13.101490700194372,-0.9963887464476212,,,,,,,0.004700557103064067,0.9381443298969072,1500
MB_img730,24.10885286560405,1.2216651487498262,-1.047561773488275,-0.3514398770039071,,,-3.6245673187761174,-1.604749122619965,0.2929270882367742,0.02993355229409531,-24.838413152854507,-1.6830204840050473,,,-0.9214481356357872,-0.84799690655495,-1.0258108129114683,-0.5675454476437467,0.017716535433070866,0.9615384615384616,419
MB_img732,46.445901292951746,0.5889625593069175,-33.855478289787065,-3.573517748774587,-42.30986404032214,-1.6696261093995335,-17.782129458653067,-2.53432281330448,-7.479393019215232,-2.2598374005895057,-10.720050491453653,-1.511745125006491,3.233693349587223,0.22130242415958423,6.793896904444822,0.9763812349814186,15.235973133618813,2.5116318975176357,0.09291255289139633,0.2583295298950251,1182
MB_img733,17.304728609491747,1.3268143248724023,0.016168894155738425,0.002586248151614452,0.6779417446589792,0.1077304181744572,-15.85364900661274,-2.3787840845682853,1.4181328524003949,0.07562473013841936,-6.302222379194264,-1.1880706057662047,2.4556964967442014,0.5296100841357739,-1.926029464397379,-0.259308361141882,1.4335472674996041,0.13312476476366925,0.15416666666666667,0.2122260668973472,692
MB_img735,,,,,,,,,,,,,,,,,,,0.125,1.0,136
MB_img736,30.34264925086953,0.154318767915301,-2.87456529831325,-0.16050772539090855,-12.89047731773612,-0.5689114756586264,-6.9165193784369645,-0.7404079222848449,-33.35407713786669,-1.0362735360222108,-13.782317421293723,-0.9011685954603323,0.558102162957901,0.20714464763751114,2.653693738830762,1.1046973786666932,-1.9785232200678091,-0.532883633223899,0.03554630969609262,0.8748019017432647,1710
MB_img737,52.75116773982191,1.468883502160678,-22.64143252443929,-1.8553531535759755,-38.75622793248025,-1.6936103473793105,-11.413149473395768,-1.5865646053176576,-8.265818851772794,-4.6801836815924895,-15.52415093335409,-2.917670434361761,-3.661045969098123,-0.13040222908608182,2.8569926794904057,0.2893604692178212,2.9361908811695865,0.5596255039125273,0.18764434180138567,0.17633302151543498,1469
MB_img738,42.18693421004084,0.9494445192401155,-14.11389062303669,-1.4411489917880773,-26.64223346437468,-1.5384449375326383,-17.18841254193095,-1.9279941714755842,-22.885792655961964,-2.7351836674658263,-12.032822781982244,-1.2413626983483823,2.0307908794673177,0.20229524797611498,8.10493752259016,0.9151485754986174,11.425862991020075,1.0214138458412019,0.10053699284009547,0.3248031496062992,964
MB_img739,21.76859720039727,3.2913397750539395,0.0975734377253533,0.015592934689386372,-0.569113097422017,-0.114656722752349,-1.6825584291990183,-0.531069492725954,-2.4235733530722525,-1.0857645537783138,-7.642766201780142,-1.9518897011719287,-2.1823860528720895,-0.13912513693028217,-1.3157120779137295,-0.09946023654387015,-1.5758872462085847,-0.14994258642486819,0.4951923076923077,0.0713877784123358,960
MB_img74,22.87469480679558,0.2960799865692056,-8.051401382861725,-0.2928438259921629,-16.974197660125032,-1.0350619801456733,-5.73869964220117,-1.080547638937859,-15.13573353012085,-0.6794508230553714,-20.320293775778353,-1.639054019760641,-3.123073231772722,-0.5241592216589562,-2.5322791852280626,-1.362329610171569,-7.597140844223014,-1.091950083761473,0.12685060565275907,0.6955871353777113,1175
MB_img741,31.49921767821721,0.08996629439845322,-3.6390668393346925,-0.41117396015427543,-29.08660723776584,-0.8309784127290673,,,-32.09617706024898,-0.7815985680674652,-17.032065309908802,-0.9401219942421118,5.178029368590375,1.703297881400811,,,2.020209202408908,0.7969729035304832,0.018808524378430738,0.8171557562076749,3516
MB_img743,122.60556778692721,3.0479399947758377,-32.6926239715381,-1.9877922506281311,-5.432476686379682,-0.19970803258397332,-63.30784322259103,-2.3865160767602522,6.435091780286013,0.5510038340290133,-4.315670201054219,-1.1031792630090673,-27.779317752232995,-0.7230228612677164,-43.56988157975676,-0.6433545629308217,-4.25127253262865,-0.31607895162930627,0.31816520467836257,0.05412140217269571,9056
MB_img745,85.50300114914688,0.592236231352312,-35.370223870808104,-1.5484915378190898,-61.95386210952057,-1.6101396792199358,-13.675014379628113,-1.9073505120155894,-56.37300308598551,-1.1493118868467007,-31.200829659256428,-1.8403918464186833,13.96832390240407,0.7189958848946025,1.3194619132530274,0.3450645936852971,10.683317191497533,0.5141066586653412,0.061995967741935484,0.436595949855352,5368
MB_img746,94.60093844949232,2.87209486904686,-27.12829753451909,-2.8768892069311187,-19.970275255046,-0.8843509626339924,-29.540950354309196,-1.2326963897621932,-6.565698175620487,-1.1361326059401013,-11.990372704957467,-3.674378472468733,-12.313923727201347,-0.3091490952316936,-18.03592503269268,-0.4567611729334768,6.254509333826643,0.41221732176362713,0.33705357142857145,0.07178622521970161,5252
MB_img748,8.943020678251013,0.01435411723896635,-0.04485630786819088,-0.0022789302447617874,-10.166586315406372,-0.2302881306289547,,,-9.952929354834898,-0.2822670495703521,-2.805170206674252,-0.12320775332636771,0.3105168755230836,0.16004041251046847,,,1.0637121903024689,0.6170561304310095,0.03175620950323974,0.9308641975308642,3942
MB_img749,32.51622016667368,0.049996958006969114,,,-44.13280294222209,-0.9845679460183097,,,-17.20179977882876,-0.8003378257543453,-20.472675102737533,-0.8862674373177581,,,,,,,0.017315881763527056,0.6783673469387755,4278
MB_img75,55.16346549934662,0.7788060530851967,-26.709598119157754,-3.206094930617513,-19.240328307947266,-1.234159067840041,-13.201920855910105,-2.0899641718233704,-40.67706621252467,-1.3316928690226928,-17.153944901249645,-1.5289798129984475,7.084657387960329,0.7615650172538692,7.293730688997961,1.2711191359654805,7.319118621276272,0.39259825484258487,0.0335956416464891,0.3472987872105843,1708
MB_img750,93.6643971213368,0.41199962356381636,-15.327494446057965,-1.6291067811248092,-104.81434590426426,-1.891162962707674,-30.873363986319834,-2.1007324135651935,,,,,10.472647469601622,0.9889572555438174,6.9964656441220985,1.839079811818897,,,0.07582755966127791,0.31213001829727693,5655
MB_img751,55.936329965988406,1.653536669656596,-4.493021712152926,-0.2834648792998655,-45.757858820891855,-1.862641144403462,-20.54277318844361,-0.7400527131182709,7.920457464129773,0.8239657807963484,-1.1532484306987174,-0.03520600755390742,-5.315417348097024,-0.20038290127642966,-7.551058725382485,-0.3633152793290883,-0.7285063272629644,-0.15086190660495402,0.27890173410404623,0.14718037594987335,6028
MB_img753,26.717768583909162,0.03641001046898709,-9.248387631952973,-0.34909759134409235,-30.51707003360338,-0.437610458677017,-6.44917924170377,-0.40765329620919033,-10.508297125338897,-0.3075515186925171,-13.483106473445266,-0.5266948455419757,7.141741831376778,1.349942471056959,5.277280398000214,1.8109661756099829,4.528843543800964,1.4869551959045537,0.03952042628774423,0.8520841018074511,6131
MB_img754,73.32823305810508,0.4524005553269926,-25.179987549103924,-1.4237443409298856,-86.65010536459802,-1.5438397150254408,-16.640283540197625,-0.9528090629772822,-11.229580946403907,-0.9198534318075113,-3.4250044143594005,-0.4773664800672347,14.269927188289172,0.7669369027032384,0.5767471015302067,0.1543426897613802,3.048200347532721,0.8270116549784429,0.12090669014084507,0.3715241721472251,4484
MB_img755,90.54361207883221,0.9358783768167758,-37.11412549409877,-1.5775803155790644,-77.90588160019789,-1.5221354158093847,-29.497624939176273,-1.4591580197375842,-4.3945627804095695,-1.0431694948641097,-5.573550481170759,-1.0696377284782599,-7.381941190169127,-0.19896957831341663,8.13471165508065,0.4626887170948567,5.6536627983057945,1.2626222661249806,0.19858685661764705,0.2492760921566159,5312
MB_img757,41.351900977713335,0.1309620231015298,-11.835479577982612,-0.9089319048148591,-49.32774637561732,-0.6768054909876843,-6.924742972895348,-0.7654589725747356,-15.600612874414002,-0.42239397227803943,-9.530905492968557,-0.7986430581749155,12.152019431260808,1.4619248659874222,2.6339777910803144,1.2387147266383811,2.875553228388481,0.922354856105803,0.09439263510282161,0.7001247994294884,5225
MB_img758,86.98642774240639,0.254423571215726,-11.515246391147416,-0.9871009352847535,-71.04551010635029,-1.5343113510731683,-2.3537102650062,-0.25380407978025465,-57.286542164127766,-3.8480739715393915,-81.46218757644829,-2.267358939284108,9.09726443090373,1.4694852833012202,2.8267046877540998,1.1789701410453193,10.030543176755836,2.1212169680254,0.03292023663810689,0.5597041211694258,6203
MB_img76,16.070585906334728,0.508449935883887,0.5341219835127321,0.12160161490449835,-4.281165852495508,-0.49125149333455587,-1.974247867633551,-0.28115755459590863,-16.42566575593204,-0.5840553421960945,-7.67076467331055,-1.4254918569160102,-1.1715388424855624,-0.9411063109464314,0.6494905180672829,0.42146376843827665,-0.3801149233260006,-0.08882003329858529,0.06934628975265017,0.8041666666666667,635
MB_img760,36.01760414871558,0.3410528457663308,-9.832866194029918,-1.300123724569014,-33.04032259322251,-1.626725641522185,,,-13.731611966572324,-0.7533211860152828,-28.23382229123682,-1.2842913265707407,9.420333377726445,1.5643262080268578,,,2.6706675605298846,0.9377157217456573,0.020510483135824976,0.5558441558441558,1552
MB_img762,52.921880699820655,0.4083970755392312,-23.439797467399607,-1.426169646235804,-62.41190128199713,-1.0869573047232775,-18.179844569950042,-0.9759844909999262,3.2271824273466003,0.11355076513964996,-5.216618561994568,-0.6108165384490671,12.658374371028522,0.6495027529158669,9.674054785502705,1.310750545575877,-2.8821822377009183,-0.8329340316485635,0.17724763406940064,0.42991957104557643,4355
MB_img763,40.19461646311466,0.124358230145082,-26.51363174383162,-1.3374410942586867,-44.22303301008423,-0.7687117464329811,,,-15.851505287358771,-1.4089059151074521,-13.530902911807159,-0.9987509733847321,20.18632853621084,1.5700598370226875,,,4.620185612961246,1.4565041165742283,0.06521576266107282,0.6712439418416801,3968
MB_img764,29.163482821532206,0.037925640024525836,-10.26513487522954,-0.9139903926748395,-27.606491508818316,-0.48130400746597324,-16.246026241687375,-0.7539385374199706,-22.59091520726306,-0.4913500430912309,-26.049508931957263,-0.9021435061236828,10.908404796366247,2.6074327815248513,1.9030121661908999,0.9387998435632625,7.796582338644781,2.24889888512326,0.0257584796318391,0.8428405122235157,6330
MB_img765,41.38172686575113,0.23990179474339118,-10.67748251483603,-1.065387953400171,-31.325281672107458,-0.8441001236777065,-2.9701388844788412,-0.24204017594633045,-33.312288441113665,-1.010917663462296,-16.48268842301168,-0.912923543175723,6.3355657170276185,1.1407158501675074,0.20317817972510643,0.13606154957602856,5.614735662051153,1.0647991211260084,0.048677884615384616,0.7620099392600773,2755
MB_img767,88.82745923938023,0.9845957129577928,-61.90689880294865,-2.328054244420553,-5.876427793649208,-0.21566252038135938,-63.443104510395344,-2.4850019833286505,-10.744536263099477,-0.6238304153763727,-9.372631987041403,-0.5815121275749534,-7.236710279026689,-0.4106177407665943,2.2652133128982506,0.06154912272380287,-1.7349044283326438,-0.12404037295060667,0.1475673194614443,0.22640332640332642,4051
MB_img768,35.28657729730879,0.045126501108307356,-11.79000148095245,-0.9088478351715104,-44.71776362501277,-1.0867089431398287,-13.596573584434232,-1.4723949309568465,-17.275723973670257,-0.8089130365504343,-27.15048550961318,-1.9042559056114599,15.296628710543102,2.837974157115996,3.3637263442849217,1.2746223801090057,7.470905069697359,2.228818690495881,0.01483560545308741,0.6616616616616616,3964
MB_img769,91.42703211660731,1.2250597916436865,-44.65322081956131,-2.1808191730825497,-62.84488592583691,-1.336387342192564,-13.839760485824572,-0.466947333794806,-23.903850848494706,-1.5350647066541097,-22.867308015995167,-1.577030722125173,-4.435849516668203,-0.11301807017247058,-10.253264729183384,-0.5921089923171534,8.579776280219031,0.4415984822692713,0.2336111111111111,0.25191626409017714,5834
MB_img77,24.172753303774215,0.5828147174703013,-7.772614402051904,-0.4970209080782052,-16.568367285684104,-0.5416944330699153,-4.796800599716422,-0.6686486512260119,-13.65151840640739,-0.4477634289832525,-5.33942646469065,-0.8894735425311092,-2.906835730846011,-0.22355570252904633,3.1866550474227986,0.7814402233068112,-0.3381558361399339,-0.026745591301239262,0.2349624060150376,0.5318435754189944,1777
MB_img770,25.686296960886832,0.380501254845751,-4.315753744786689,-0.3901785120224254,-8.750715902499437,-0.3785696237646181,-4.586025137806318,-0.6329449810992995,-16.244884704511364,-0.5438480314976242,-20.778133938048914,-1.1670849075199015,0.28811289169435605,0.057954740083953585,0.44416804553042405,0.2458251158015708,1.5729431307132404,0.21805237473624575,0.09323286052009457,0.8310740354535975,1506
MB_img771,33.03764366132588,0.09290826244244664,,,-29.077367796641173,-0.7242533817604806,-11.26695201475929,-2.551955394832838,-32.41549643930853,-0.7770811588296103,-19.44729508684207,-0.9616471733692561,,,,,,,0.02238029146426093,0.8227699530516432,3326
MB_img772,33.82416697577293,0.5533913302252379,-6.056338476452327,-0.26739108548865453,-19.17386422501371,-1.002679259834889,-6.577573749248197,-0.31166647548443005,-28.187284497129532,-1.1428464432098642,-11.82917781604482,-0.49557838894282197,-6.823722115938059,-0.842181254979029,4.426076574051267,0.4813083965290979,-9.36093375195695,-1.0295655377414052,0.1792452830188679,0.6103709038530789,2098
MB_img774,57.2347848127943,2.178745194441466,-7.65785967408372,-1.3402526313026295,-1.62682400024077,-0.1691488208293216,-28.578821371690143,-2.544138370468342,-17.13282208932492,-0.7962906082043315,-11.76107722414824,-1.5116735998184359,1.8844671803482655,0.3163509853414539,1.2730825488881568,0.09518009374592436,-5.4911046302894,-0.455165818276756,0.09882671480144405,0.121716611172771,1971
MB_img775,22.50731049559724,0.0834708797400533,-3.5816580123525115,-0.31047384587904786,-22.035666763480553,-0.3667734830717575,-8.55790252968072,-0.5908886784695888,-31.092953352920517,-1.394816126790609,-7.98033910571355,-0.7400847652721825,2.910349119835521,0.7412657315998317,1.1754413808932584,0.6476181085709238,4.762619456243141,1.5533656558268174,0.10124768946395564,0.8229363579080026,3262
MB_img776,20.846440539252626,0.056643550905691946,,,-17.894208515949167,-0.48247662010181125,,,-26.90187429404585,-1.3371639724742486,-13.787918094830358,-0.9413070536846418,,,,,,,0.019194362641985697,0.8697524219590959,2604
MB_img777,13.109749485272115,0.036216869314005626,,,-9.053975942656443,-0.3894048476827475,-4.549054456757021,-0.5120863893583814,-13.477534746303112,-0.4513811711517327,-10.982651720613017,-1.2949882676914464,,,,,,,0.016099123398516522,0.919093851132686,1604
MB_img779,63.123523364634025,0.1925005800687207,-8.613826936440674,-0.377601692576521,-63.76226898134928,-1.3090555638680117,-5.008718825812081,-0.23425836177818146,-63.22191542938726,-1.5998571459316993,-27.015357987053545,-0.9837402541278603,8.439986833748597,0.9952861619461114,1.2792655423541786,0.5630386621663974,5.927596326093519,0.8937592291614086,0.049440715883668905,0.654336338203295,5587
MB_img78,46.64602281264494,1.1522964156287272,-29.081907782232307,-2.0588398274332853,-23.00753981745596,-1.3876209076179042,-16.010605522484422,-2.265431631805028,-13.853181310855664,-0.7732255438113612,-8.951705541549455,-1.5294640204900392,6.078011867728492,0.27571598190334157,4.31318270617523,0.35007835934231785,2.742189974626988,0.15204854769105283,0.12793803418803418,0.21747498075442648,1385
MB_img780,77.89374320163812,0.8140565523684218,-28.34681225081914,-2.0853717001821606,-63.56457247713128,-1.8974019365492265,-10.641130189768631,-1.0861965113374223,-39.99706151530415,-1.674166891482892,-27.55955504990801,-2.0012257699063154,15.512132592041295,0.7405751667446481,1.7497513083906298,0.4147703582650467,-0.400534434258292,-0.034031503473869365,0.08236955352339968,0.2833068992862807,3874
MB_img781,76.41127325363784,0.7199966849238307,-16.115493759139127,-1.9421174614545293,-84.05176486519643,-2.073349744461166,-9.629594182974664,-2.091065077930535,-19.18658532878662,-0.7242581540706183,-10.773199420832313,-0.9610620120239737,8.46540826261476,0.6591350622990302,6.716569890649816,1.971430847803229,3.8193185180007747,0.7157491082565106,0.08934068753206773,0.23445109224989563,3712
MB_img784,,,,,,,,,,,,,-7.170218147971237,-0.23410768555849107,0.10019557792079001,0.008767237698029184,-0.1551442945709787,-0.00726567164026096,,0.0,2189
MB_img785,69.49863592036839,0.4264411957021384,-16.407053656321924,-1.2639496187958137,-44.45788144215813,-0.9039962929952294,-12.26252568186629,-0.7340074521060838,-57.8953616396283,-1.132954251885458,-21.65487968308779,-1.4286887160538408,8.736853865379393,0.9199443375151223,-0.6735374618039862,-0.29042440386529966,12.76476334513669,0.9602291632794965,0.07341399607586659,0.6725562838415503,4989
MB_img787,57.02217389270487,1.1063533543625665,-23.70226767450302,-1.5963497078266748,-29.043660225514504,-1.219473194589085,-8.025362885715928,-1.9163237679894554,-30.570657931042394,-0.7924283638762089,-18.554929160522384,-1.983163173141889,6.553880982822734,0.33653919448403585,6.075391328509723,0.9298323012727046,1.3573548028525064,0.04999167712091137,0.09963235294117648,0.34430546412113233,3221
MB_img788,27.74641078675866,0.05903208796695942,,,-18.812805132617886,-0.4532237265975211,,,-34.877078658858196,-0.8684327499211382,-23.09908968713534,-1.1512777670574603,,,,,,,0.0252337131171487,0.9054325955734407,3791
MB_img789,42.83377810440567,0.2792261972064411,-4.112435030155477,-0.5496893676289902,-37.22295456763574,-0.6952002602921188,-5.800933561727957,-0.8022540503647386,-24.097162816054084,-0.5256791690596104,-7.25671371128767,-0.69590899609345,4.021907421139763,0.6851555283823585,-0.66648062880434,-0.5849625007211563,1.2862796936110164,0.3492354408830976,0.12185177539223782,0.6379565125606924,3799
MB_img79,26.50724680913621,0.7002160286122525,-9.380008827308714,-1.1061882901056066,-20.731209619947986,-1.4458591032069936,-4.466701920500993,-1.4346585519641817,-12.691375202286846,-1.516137183493359,-16.464055666357936,-2.6315981868694647,0.42383667551765103,0.05583200409359794,1.6850165070387675,0.7770188436866454,4.6871715525172775,0.9776094227323534,0.11996336996336997,0.41015625,527
MB_img790,35.313879451381304,0.1418619818838391,-12.983798272773496,-0.6967671789303326,-22.047979456406715,-0.4881882940544808,-7.977183346683832,-0.6465678089956782,-31.414861217897062,-0.7896174069053741,-17.403315570569017,-0.90544717873885,7.274800091742355,1.036895845264451,3.9880375885592456,1.3827015171591537,7.9681297683713534,1.1575626187869503,0.05479778710415872,0.8328460038986355,3253
MB_img791,65.2952600531112,1.8200536628774513,-21.689076731892825,-2.2098596090973968,-26.13820931211185,-1.5525992401134792,-29.54826074417504,-2.8566153596621207,-6.804842214720576,-0.566650064678178,-18.364176191044354,-1.6022219361929197,-6.182482913695841,-0.3713128578299041,7.977349215004534,0.4224976308794692,-7.697150427179582,-0.8657321038347315,0.09483695652173912,0.12617823479006,2033
MB_img792,64.7064593923466,0.15438441489074803,-9.451711059589025,-0.6582071867726719,-63.11256383087224,-0.8685897140562197,-17.105222794286874,-0.8232398441310226,-52.16602365277195,-1.058583124318156,-20.041031121774882,-0.7658169033979539,5.703114964509347,0.9575891272802413,1.33419675762395,0.6803820657998386,9.099375036963151,1.6474468992856235,0.06413634118228223,0.6951639195797863,7518
MB_img794,40.93069460481047,0.11578424510928469,-21.05273734017075,-1.2306672127553069,-46.8966376869499,-0.9412056666877253,0.017433002917304468,0.0018044968467479838,-23.06038535671058,-0.961998948607805,-15.754413254183856,-1.0121429616049893,16.977136612076066,1.7580773837843406,-0.7720473763427601,-0.6735564239901446,5.672126562888987,1.6013641076606457,0.05102749236323244,0.6561174551386623,4195
MB_img795,76.94373136208179,1.1585301328526922,-57.10506170892067,-3.5964330297776606,-37.1428798950142,-2.03654931962905,-29.680640237602947,-2.890581225621191,-15.980575140809622,-2.4823713080702934,-26.303680801759207,-2.9103396672172295,5.483335512077825,0.22225292697777047,8.25289700798254,0.4326438522484846,4.236743118077925,0.3841357757721828,0.06200787401574803,0.12449628844114528,2190
MB_img797,86.03721819737628,1.0362097381820852,-51.35194218587245,-2.239618262774816,-27.9625855115374,-1.0815052536891154,-47.68322061618395,-3.095243162283605,-14.739301778182677,-0.8258686793927913,-27.55451762586522,-2.0420237594163084,-1.531042297771526,-0.061848105585620275,4.680974173561008,0.18813040189548524,-0.9959638266344653,-0.0682578526246936,0.10926511954992968,0.2234941400926683,3467
MB_img8,25.90968892678667,1.7555000478893084,-2.028404591303909,-0.21433922090513166,-12.768585608092609,-0.5134345975781909,-11.481724754226777,-2.6681758689701374,0.9552276083059789,0.11647011082751453,-6.513315582218319,-1.9905360202021833,-7.510374787575233,-0.32811051260637875,-5.576742103013408,-0.7934500329318693,-0.7454123060176817,-0.10779821631226444,0.4703757225433526,0.16177957532861476,1370
MB_img80,20.902234069551326,0.20633826729071728,-9.398061275500185,-1.0276848769371598,-15.93672218306252,-0.5520874418280141,,,-19.519774849353446,-0.9789077909609438,-13.065782875375126,-0.8103235299397005,1.554277169839124,0.3607678367507228,,,3.4257537433062866,0.8762234593615773,0.08481613285883749,0.7614213197969543,1144
MB_img81,23.494352065288407,0.6948958666952032,-9.086763577752418,-0.660093640739623,-3.875006087933347,-0.5040923016442956,-2.8254719550308502,-0.4033061332617303,-15.301315605481667,-0.4466866129780268,-10.282168766772575,-0.8636907136600953,-2.267767943756922,-0.7001930825236202,1.613603625162408,0.3492354408830976,1.0025902813565346,0.04635574413651673,0.09738041002277904,0.6550522648083623,1360
MB_img82,31.534113803224354,0.16227821081458244,,,-28.229000097378393,-1.0074578992091547,,,-32.7005146489494,-1.0107986142697338,-11.653025646697232,-1.0015860923540263,,,,,,,0.03537234042553192,0.7088948787061995,1728
MB_img83,48.48995672378125,2.142593734714489,-31.447581387787327,-1.7735672708207575,-8.335962223475395,-0.48033846699809274,-8.995558114032166,-0.7919919040910108,-6.598030150697676,-1.3915615273864992,-6.907192182647415,-2.1094720031523746,-32.56718900767569,-1.1397298906439284,-4.345810898189152,-0.15263289499953311,-0.6914894971078227,-0.04362273795899484,0.3927238805970149,0.12261761961881915,2067
MB_img84,9.860266507124786,0.04134951875178103,-0.5813302274545772,-0.03968890955051452,-9.67056352729569,-0.39656490287664775,-2.7211699649104655,-0.3105163922283375,-7.643827305229393,-0.2937312030567103,-9.905666639488034,-0.47963080952098236,-2.0167436560474927,-2.0789513413948217,-0.6627698985052616,-0.44890095114512785,-1.954231835907357,-1.6357543912777603,0.03248898678414097,0.9116883116883117,1283
MB_img85,33.50936076486039,0.40596799003299733,-12.936989038862626,-0.8391226335510115,-28.603354499445356,-0.8344621968883897,-4.146659490388996,-0.6460270846312809,-18.946080157124857,-0.716983431076146,-12.59300106104379,-1.256192959959328,7.575616632912991,0.5791625088057404,0.025295679129777298,0.014499569695115169,3.191262213071929,0.4148823791194675,0.14501404494382023,0.5778894472361809,1858
MB_img86,39.305554350197276,0.48040917572968894,-7.701994408899017,-2.922911406258192,-16.830219000284494,-1.0949241547310002,-3.4860714933567367,-0.5331857683121005,-39.239755499339886,-1.6219426366293115,-19.224213104818787,-1.2793275030523563,2.9106334006639396,1.150223086999764,1.256792042888183,0.5777669993169521,4.251804161234304,0.990621667684139,0.024615921787709497,0.7598784194528876,1144
MB_img87,46.2494278106127,0.43889177873763063,-9.413920088750455,-1.5140890294519163,-11.164758628484924,-0.9734450921085437,-5.693200441016673,-1.049755218450655,-47.77797764777664,-1.0838422523980165,-21.032076352388057,-2.0366221337160715,2.123189262595151,0.9193423366547748,7.844460702085494,2.2250665556347733,6.741543809482897,0.8272210015025347,0.012315270935960592,0.8076923076923077,1964
MB_img88,43.60617769647483,0.8136915069231389,-35.50975670067659,-1.9498786608156344,-21.149113830212087,-0.8365021460699984,-14.91955997012752,-2.1136609498222145,-10.229369547998221,-0.7361784549045832,-10.694661191099495,-1.2899022864938474,4.074198123043276,0.1850219143223926,7.06689960697208,0.6366437601979775,-0.44464361159739707,-0.0430708758094195,0.15684133915574963,0.31557731068240713,1538
MB_img89,53.102674452258675,2.0525428569011797,-16.93262786891252,-1.4366596923271167,-17.649900798939594,-1.2918913446831646,-25.651611568480387,-2.4796412980617806,-4.484711308003136,-0.29981215900439645,-6.75572604143139,-1.35959371505681,-3.7076194160121436,-0.16432297155005268,-7.513636812971234,-0.3331087850588547,-5.942125992570087,-0.3550295345907566,0.2109375,0.10368086336481018,1840
MB_img9,9.337749963135344,0.028254416703200707,,,-5.978262894028743,-0.2521734132020269,,,-5.957741365997576,-0.22365689028216834,-7.239381901340134,-0.3933163461635807,,,,,,,0.02682648401826484,0.9625850340136054,1198
MB_img90,47.41816176742767,1.284166318490283,-23.08369990657669,-1.7445558088695552,-13.63454379660828,-0.7083222964962377,-23.049164137171875,-2.1795941285037115,-10.354039820172606,-0.839774873087755,-14.465063737489274,-2.72200227385124,-4.382350947877481,-0.2604863814364542,4.942508746724007,0.2963873782491189,5.391997108197519,0.33873045045189787,0.205607476635514,0.24445102101213376,1449
MB_img91,3.7701901248617884,0.1374650253790868,,,-2.2890417881799436,-0.2770472308883298,,,-3.993848287443042,-0.23639396919388006,,,,,,,,,0.07091346153846154,0.8470588235294118,161
MB_img92,13.334613487579373,0.07524154564517109,,,-15.413218654456616,-0.5794758221193623,,,-3.968234503399668,-0.23547478687022178,-10.341405977229591,-0.61910493901786,,,,,,,0.04606807511737089,0.8136531365313653,985
MB_img93,22.345705339648024,0.47509521903625235,-3.380047105044357,-0.6160341601210972,-9.993587573181266,-1.0119848080428486,,,-16.99617127206081,-1.2727574971345634,-23.10351188040465,-2.076427296593385,1.375746732250959,0.5946126707548754,,,3.3664062231877185,0.9060711153019697,0.031640625,0.7818181818181819,515
MB_img94,18.601915289664806,0.3305790669908042,,,-13.809849305191028,-0.7511653092475445,,,-17.353741139002064,-1.496768197289295,-12.6007720663117,-1.0064151178503196,,,,,,,0.08251404494382023,0.7024608501118568,533
MB_img95,5.7541296579819745,0.011263804398179712,-0.25267989281267333,-0.01297423504210724,-9.908195980108461,-0.4219696684231673,-4.874403100543652,-0.3798720147179331,,,-3.330742067306969,-0.1907202010179038,3.7427235274938155,1.4518374174817954,-0.8146478273357569,-0.6690267655096305,,,0.025827143821742067,0.8936708860759494,1547
MB_img96,24.654383924234487,0.4379695564501936,-4.77342296261056,-0.6657377670858791,-20.647117605636065,-0.809365510681171,,,-15.746082746394219,-0.463065183288426,-7.328087625524473,-0.8430597207480556,4.513604313824084,0.6547658527704784,,,0.7143008599212544,0.11435333277237361,0.10655737704918032,0.6159305993690851,1456
MB_img97,34.191951332399384,3.839180367913002,-4.501263949727247,-1.5982352581624122,-4.866607544215041,-4.589463892956097,-4.262813868289275,-1.7840851427347568,1.8125332509265273,0.45156337530395785,-9.219562890416658,-2.1433467680314036,2.317824273221498,0.32034868810984785,-0.6294943957756746,-0.08168691922578361,-3.171548291290277,-0.5742878546462085,0.07386363636363637,0.037037037037037035,484
MB_img98,,,,,,,,,,,,,,,,,,,,0.0,90
MB_img99,,,,,,,,,,,,,,,,,,,,,24
