core,enrich_Tumor__Tumor,logoe_Tumor__Tumor,enrich_Tumor__T,logoe_Tumor__T,enrich_Tumor__Macrophage,logoe_Tumor__Macrophage,enrich_Tumor__B,logoe_Tumor__B,enrich_Tumor__Stroma,logoe_Tumor__Stroma,enrich_Tumor__Endothelial,logoe_Tumor__Endothelial,enrich_T__Macrophage,logoe_T__Macrophage,enrich_T__B,logoe_T__B,enrich_Stroma__T,logoe_Stroma__T,tumor_immune_nbr_frac,tumor_immune_mixing,n_cells
MB_img1,23.407100816885364,0.20184659658771692,-14.661545888938978,-0.5270952688064641,-27.710224977228712,-0.9686949641276097,-8.627133556245415,-0.532157768324708,-15.317994971877132,-0.8021708317033649,-6.190785493695266,-0.6542063779442918,-4.068425073679124,-0.532371172550399,7.615272810424103,1.2258738836026175,-4.146222353109359,-1.3624698887502094,0.13317555938037864,0.6221628838451269,1600
MB_img10,27.86901556857415,0.4198381841146239,-14.349658836029246,-1.6167618276187146,-24.147516317959646,-1.2110631547444834,-15.949574092563761,-1.3399669662320361,-11.268507610754932,-0.41623297165600404,-9.201866172906932,-0.6874536540604298,0.863051917910568,0.1370227055348898,12.022137109629277,1.8197541928799676,-2.8275511375874953,-0.5751970580222093,0.09015052356020943,0.4527363184079602,1331
MB_img100,46.1992706356253,0.24334490171113338,-21.574574646718943,-2.0661413901480916,-38.53587823749881,-1.3780911963118385,,,-33.68633083488486,-1.358075546913639,-16.70907291517158,-2.064365540263628,14.75639986372133,1.7429893817939761,,,17.022050406285857,2.0074905111757517,0.030640929535232383,0.5566137566137566,1696
MB_img101,53.98562359380276,1.4847439075680247,-5.852124320735632,-2.531069492725954,-13.167901569266588,-1.511798554072524,-7.891169145696384,-2.5961400500326417,-32.68373257575366,-1.970003159096322,-21.414311254638676,-2.8343034920898336,0.5856594930875785,0.20558413364989403,2.1952004000180816,0.9785202725895485,-0.5873049066445603,-0.11166728111885252,0.037383177570093455,0.4236760124610592,1058
MB_img102,10.388924792786872,0.054850769477182405,-6.380845583034384,-0.47794524580078973,-6.5289253952887245,-0.1869197513471912,,,-8.899075418891258,-0.30584860374486483,-5.403023169594262,-0.427495587541857,3.064813331826172,0.8065710616520727,,,1.6622514724568649,0.5121216938356621,0.06539074960127592,0.9206161137440758,1503
MB_img103,36.399206242895644,0.7832262962631873,-14.242937188963696,-1.548072261759167,-18.61601943391383,-0.7377153150689535,-0.07584915351522326,-0.01876980401983993,-32.658711095284815,-1.7939758922564042,-9.332186590636196,-1.615528888265022,1.0230921337417727,0.10743425232681969,0.2514633313060655,0.15400822933542682,11.532546002057542,0.7857787868125155,0.15310650887573965,0.5435114503816794,1157
MB_img104,12.219388146758229,1.4994103735118618,-5.348016850844648,-0.6366704075464792,-0.4854233450833703,-0.05271830156434243,-3.4441106113797817,-0.5438609429727538,-0.9019515962347807,-0.06534408091219138,-1.5905705719120726,-0.3295013145921633,-2.4078105955942886,-0.16922787891563418,-1.3418891012840684,-0.11256775718924839,-5.20467649464628,-0.21525710120248245,0.36944444444444446,0.17555938037865748,1115
MB_img105,13.927263763983056,0.2261709710345787,-4.783437439876831,-0.6125063561361699,-5.054758980628716,-0.5369006301877562,,,-15.36241292806568,-0.6066878768706464,-9.648236152967632,-0.7765314837671127,2.9995536109925203,1.2327689629761243,,,0.7047536152982385,0.18347905824226987,0.03597560975609756,0.8830409356725146,611
MB_img106,37.36076218622536,0.549733738949947,-30.725148612820224,-1.1207026315932713,-10.785245634458622,-0.5627332810158289,-14.234103422694634,-1.338483297224473,-15.964272722182821,-0.5546891993157311,-10.74918232365935,-0.71053728039616,4.237443384007499,0.30891757920445245,8.291978587517674,0.7518388706477365,1.8124290325969865,0.09608589167329222,0.16277544596012591,0.4653333333333333,1978
MB_img107,42.95422698030813,0.38551876028857684,-7.6002066403796675,-2.204140716780225,-20.38920426537251,-1.3250908942353181,-8.342244448305191,-3.466192049157357,-39.46476103423255,-1.3405600120029493,-31.638533704265907,-2.5850998937064404,4.2642165770809335,1.3842939758477357,1.2055165563426387,0.5831602580871709,2.9351291794081646,0.8529893905056896,0.017821535393818543,0.686046511627907,1450
MB_img108,24.79775184585226,0.20220548657658952,-7.684337373376326,-1.0194477622282225,-18.399709607888052,-0.706618321769685,-3.710324615015544,-0.634694272754328,-22.949903563467824,-1.0052936411525752,-15.712408827812189,-0.9682708723838709,4.482346005616269,1.1403362046763543,-0.5839041496205136,-0.43295940727610627,5.907609495977988,1.515554931997205,0.06281725888324872,0.7625133120340788,1298
MB_img109,26.288341659829303,0.20120271156105637,-6.945237487004721,-1.0294224212247465,-19.256444799020315,-1.158682929532638,,,-24.158112858835487,-0.9743279366718893,-15.17149438131788,-1.61653866500296,2.1055034025888553,0.810966175609983,,,9.365375974670103,1.8176816029759606,0.026115023474178403,0.7610619469026548,1082
MB_img11,29.837716365652078,0.5626269018525326,-3.8882731161352497,-0.7066142690511816,-10.7509039374267,-0.7324627340721923,,,-29.764074754737127,-0.7673350765754313,-4.440941437060266,-0.6116304511832362,0.17343704039687133,0.06718289725814956,,,3.0223798023421464,0.44823986740484084,0.04027777777777778,0.793010752688172,1293
MB_img111,22.794986231698477,0.05465038594753688,-13.827031270239248,-0.8632977509393038,-20.812654346875338,-0.6685248223544642,,,-25.219817784442828,-0.7830851694256921,-12.343171502469216,-0.8462262810794663,4.817311602093977,1.3780067683338768,,,7.1803588824400615,1.8070775073772207,0.02717629046369204,0.8045977011494253,2504
MB_img112,59.04058949448579,1.2899547985922222,-23.214126624932508,-3.121813027392569,-7.67188717060534,-1.0891120396476546,-46.3052956295679,-5.831772620864357,-17.262284768921536,-0.8743734494045993,-5.021115412821763,-1.2674706606986583,11.66027412304782,1.361539950786219,-10.211900910929126,-0.7369413469869709,-0.25837452888479884,-0.021876193691319233,0.03177966101694915,0.06753609687936656,1329
MB_img113,11.482174175192593,0.052659792058016484,-9.316455885397183,-0.2526416857644625,-7.297239597885705,-0.3453650808274138,-3.9500136990301655,-0.36992777703303475,-9.549940341445081,-0.2900355014933443,-5.3973471379648865,-0.3406742788898381,-2.508411673464723,-0.7004397181410921,2.0515734684053357,0.7546447614010316,-4.99023181982233,-1.2140245032677175,0.08304144775248103,0.8511475409836066,2056
MB_img114,36.94359266721752,0.18791850282933703,-12.320072085883796,-1.424067013016424,-40.795034527225376,-1.215092692119514,,,-28.10714324294627,-1.2673385224797926,-9.746284952245672,-2.318718538411472,9.12741229295446,1.5583233756227848,,,8.463337856570222,1.8913279604851785,0.052847859327217125,0.5836909871244635,1622
MB_img115,10.315722530247943,0.01818176249807445,-6.850979309287089,-0.47833334130842214,-6.946207062444261,-0.5170236720645807,,,-5.130662460238954,-0.2714780228851013,-16.36974854264645,-0.7085641015408655,9.546068191508933,2.405451450449646,,,3.640800926553808,1.4672674580514016,0.007608695652173913,0.9142857142857143,1796
MB_img116,,,,,,,,,,,,,2.4761655516876773,0.7036894392919077,1.9569359324531694,0.7765774500650628,-2.565771219885934,-0.6046188013963424,0.041666666666666664,0.02247191011235955,274
MB_img117,35.46646813945315,0.8481573479534995,-10.002356998504649,-2.7767181435412054,-14.182531342898653,-1.6324692939847352,,,-29.582437920815288,-1.1164604536479614,-11.597437541010658,-2.2458607018403534,6.730027812612991,1.3968329039012533,,,3.479585595813389,0.40728998139922745,0.024849397590361446,0.4666666666666667,764
MB_img118,21.75645919468549,0.302694119623251,-2.528015393177964,-0.5306156009364973,-16.89664706329843,-0.8762325799891014,,,-20.966821372837817,-0.8442213185418531,-8.471492272586119,-0.7110487439263468,1.3161413712186283,0.5750779117893121,,,2.4314751507405,0.6874800325250546,0.052067082683307335,0.7660550458715596,970
MB_img119,33.85161427887294,0.5735329042042152,,,-4.729492825271194,-0.479448425151312,-14.508276927305111,-2.173619485000054,-32.739857169339345,-1.395818156213692,-18.9087504299809,-3.3907864796674283,,,,,,,0.026895491803278687,0.7589743589743589,845
MB_img12,84.47426536445502,2.190571893438183,-17.065886595389088,-0.9695312345729292,3.7505674939642875,0.5542222494827581,-38.9100669509317,-2.794491681664933,-25.387413760090936,-1.5241612807677871,-13.669788335725261,-1.7578093033695772,2.054159997721329,0.3470815721157006,-20.138239915434152,-0.7845512484535293,-1.1111203008104653,-0.033177047451467545,0.1555,0.13840967677969462,3053
MB_img120,22.654000747852532,1.387225224176515,-3.2129813254003246,-0.1661991872638487,-17.65451291848382,-2.3271933289793827,-2.922161914099412,-0.348917509679218,-3.3369509288314734,-0.46366027042731933,-3.929755206542853,-0.3909262027665255,-20.670932924870993,-1.3116881423785716,-5.023476176314262,-0.335041613756248,-4.9147584675565605,-0.4289109065111401,0.42557803468208094,0.21924792861695347,1128
MB_img121,16.117042247259622,0.15952381225470402,-0.7660971414315373,-0.053947184133521134,-9.743017983896076,-0.527694310454697,,,-13.685118911346033,-0.6546109401428684,-12.265854515608158,-1.6262396785476987,-2.0231100654293144,-1.1199094637351967,,,-2.770981030383245,-1.1469809972232292,0.05525210084033613,0.8747252747252747,762
MB_img123,26.76215276727391,0.15045173864332648,,,-14.62170140760659,-1.1757907073418308,,,-30.13662748176241,-1.1878025283122684,-21.27282090774352,-1.4292385805614154,,,,,,,0.0060084825636192276,0.8661417322834646,1258
MB_img124,8.32201750109811,0.3421801796967064,,,-4.590619183822122,-0.5406327859537219,,,-9.424665849785999,-0.729064664403069,,,,,,,,,0.07216494845360824,0.8735632183908046,164
MB_img126,12.319498327158664,0.17593760309758416,-2.4039913776640573,-0.4715516656393377,-6.2273971238172505,-0.39822308458135436,,,-8.84282711860849,-0.35217537758351325,-9.021642390170028,-1.3817803027725037,3.6608959500652776,1.3848976392068462,,,0.5693018168217558,0.21302353139091262,0.05929487179487179,0.8253424657534246,554
MB_img127,29.63154474792172,0.33289341392771726,-14.470254575955183,-1.0199637605029535,-9.231576329071125,-0.49439783084594985,,,-29.487884727672736,-0.6888114947148688,-5.409520421260504,-1.4013784160863176,0.3502445329719115,0.08352335556228355,,,9.217558155783482,0.6752277921680396,0.05294265593561368,0.7832278481012658,1613
MB_img128,69.32599359855533,1.644663445005142,-29.93431241379582,-2.501868233030809,-27.020450016794637,-2.1976197647935702,-8.103194491065043,-3.2254806031240184,-34.452742093253484,-2.5002719799023523,-7.23676216691757,-5.51317488460363,0.5013866027604766,0.023808617547210743,0.010350302308659458,0.0020624664568923198,1.767544245344057,0.07429394417441976,0.08450704225352113,0.14404049700874366,1559
MB_img129,35.41390385040906,0.40639687697446786,-4.61348628292908,-0.960415007179244,-5.30513630121113,-0.7285943325745371,-6.684683718438864,-3.0042766558779337,-35.826868303265286,-0.9521380963322774,-9.358825513464131,-1.4277338618593725,-0.8770401152357672,-0.7441610955704102,-0.678010231525096,-0.5008020530571575,5.941318540904652,1.041301653023192,0.005934718100890208,0.9428571428571428,1041
MB_img13,32.610588478251294,0.5497062939147895,-6.034287196267357,-1.016312270392253,-27.12140748242809,-2.2370864120023146,-0.850381418105518,-0.17705915464244235,-24.528891299056934,-1.1357075425959222,-13.765342918942386,-1.4464156877555332,0.71061235466909,0.25497785096273534,-0.7609396654469368,-0.6825732973475785,3.9497941237409218,0.7748933700595647,0.022706422018348625,0.3925438596491228,925
MB_img130,-1.2486881003924108,-0.009767776248820895,,,,,,,,,,,,,,,,,0.011284722222222222,1.0,151
MB_img131,3.0516266706815047,0.005571907718733326,-5.029301704174017,-0.24298621795023911,-4.779319690582911,-0.29387687788154265,,,-2.8346963115900587,-0.13901604708353613,,,6.921134756380302,2.2298436958966454,,,7.694326065146252,2.210419779670372,0.01850877192982456,0.9109311740890689,1476
MB_img133,18.915743278361,0.3862987638955686,-3.4942905440596146,-0.5359372023339857,-13.594247043745591,-0.8909349137162265,,,-18.336044453182517,-0.8252226921093513,-6.479946346869099,-1.3066680111836562,2.8964369005281747,0.705427195246166,,,2.103040391851194,0.4526206820870003,0.0755890052356021,0.6602972399150743,641
MB_img134,34.497149420593246,0.7517051237294354,-4.980141154049129,-0.7048719644563528,-11.952390161502446,-1.090877279606644,-2.17675156040699,-0.39493522335435266,-31.293264554546152,-1.021160048798079,-9.451232612513387,-1.3681066466775116,-0.1829932438493389,-0.05450121618256054,1.4373266839698111,0.6567952454822229,2.973785021997651,0.2844700227392855,0.05773542600896861,0.71671388101983,1040
MB_img135,35.380198048247344,0.12570289770834903,,,-16.450734569539144,-1.4194519009478148,,,-31.057853953823383,-1.2267443885480933,-36.81228255056918,-1.8544735150489942,,,,,,,0.004177807486631016,0.9545454545454546,1708
MB_img136,44.938979514199275,4.305986551018341,-7.331209038351743,-2.777607578663552,1.9439732263307214,0.511765461841287,-4.998739873053752,-4.489286022625876,0.920823563447923,0.17116535053194454,-4.725736920618231,-2.153573745254092,-2.3650711045654056,-0.18181541249245278,1.1095663107104154,0.07233527236224949,-14.38465351676808,-1.0464688240053337,0.1796875,0.01756668835393624,818
MB_img137,48.296315705747425,1.071037983969237,-13.227729910562077,-2.134108901730454,-23.806656678148528,-1.8929243063739356,-12.567062951140725,-3.3758735198501477,-37.00881230909263,-1.515705571784983,-11.750601706418902,-2.2770099706485785,8.777064905150391,0.9231266385384034,5.427050522080151,1.2393228172863253,2.059165384874273,0.15751698509087148,0.052752293577981654,0.30141843971631205,1448
MB_img138,8.548677728245245,0.029245626190876384,,,-9.059961501630806,-0.2477643242590645,,,-5.437306721748929,-0.21116955722664324,-4.415704009787745,-0.3401666090286262,,,,,,,0.047814755412991176,0.9046898638426626,1387
MB_img139,13.318697062046049,0.11848988839044328,,,-7.9514933829905035,-0.7485659544529903,,,-15.588953207199035,-0.7059096584980583,-5.5145075147648654,-0.4355730363341329,,,,,,,0.02003338898163606,0.85,728
MB_img14,4.5766966469517465,0.005776101109488582,,,-4.626442880560531,-0.19700651871405184,,,-6.069424113323357,-0.3546167135935369,-2.7993883055840896,-0.195230927339107,,,,,,,0.010585699797160243,0.9710144927536232,2019
MB_img140,,,,,,,,,,,,,1.3932607444949474,0.10623550776317978,3.4727124633430604,0.5194307364790606,-7.280142023850398,-0.6053650272745077,0.125,0.00516795865633075,615
MB_img141,,,,,,,,,,,,,-9.900868236768863,-1.6643344276728187,5.378692825538326,0.9867439032977333,-0.006958170410952506,-0.0013109451523468589,0.125,0.008016032064128256,448
MB_img142,,,,,,,,,,,,,-3.7312666343791983,-0.17336951844512677,-1.4284186209037175,-0.42200868364288685,-4.383978070859489,-0.22063375182867515,,0.0,1498
MB_img143,24.82079286945608,0.13290733751882727,-3.0782677169897754,-0.16642623434594847,-21.63857902069179,-0.7088800050902687,-7.616192496768975,-0.9829760288893384,-22.896437553511685,-0.6867772276382791,-6.395362465758506,-0.8295753301415537,-1.0319121060469978,-0.34482849699744106,0.03707167911310727,0.02914634565951651,3.7365455635025713,0.7174957299679812,0.05958721704394141,0.8169685414680649,1877
MB_img144,22.038854735718427,0.0845095007917747,,,-16.15204466397009,-0.6460653610152276,,,-20.162428635856266,-0.7326341225113353,-13.906056122999805,-1.0515709775583864,,,,,,,0.02344903988183161,0.851685393258427,1543
MB_img145,11.229285129274308,0.06237029204895014,-9.710428240788476,-0.411951021133605,-13.044243043682773,-0.4083828961886471,,,-4.306507361621348,-0.1930115433992277,-5.177067460697623,-0.30307991492640185,4.080801847527417,0.6574452545226798,,,-2.0323957309287537,-1.0268000593437152,0.08751874062968516,0.7975415762834418,1594
MB_img146,17.35569183886668,0.11503937508798336,,,-13.194943284108046,-0.393573708527915,,,-11.378110287092888,-0.3722805274311191,-17.390166597844118,-1.2675717526372998,,,,,,,0.07641969831410825,0.8463136033229491,1446
MB_img147,13.233184135914637,1.6706799778504349,2.7036529070053645,0.25868403257248823,2.3701722085605947,0.7851437903015053,-1.7953499547539902,-0.9145645234939398,-9.5137552739457,-0.8347395532175528,-2.371375732235215,-0.42665941892036796,1.9454552941258019,0.4115442892407473,-2.741837525806386,-0.7065014709282936,-22.129962122300384,-1.2330730273599415,0.3810483870967742,0.2953020134228188,620
MB_img148,22.987057093674192,0.061928021656630805,-3.685643699468665,-0.34126022795715816,-28.43628774687533,-0.5783647984867322,,,-9.081106004774902,-0.4163285234364368,-4.901317440208128,-0.3421355053686671,2.2902316190833263,0.8848642892785197,,,0.6297229397418067,0.3801957500665431,0.055231113320079524,0.7908636688079943,2270
MB_img149,28.004898541044863,1.653896986158653,-9.183825282469256,-0.7869484641631274,-14.463020669043503,-1.1598826512497338,-11.726496318785392,-1.039557791628294,0.9034097569791765,0.15363669755698633,1.445986153691044,0.16621033966633525,-8.93834602941746,-0.45686352494150173,-7.980582626535943,-0.5288733415130648,-0.17638767633879004,-0.028569152196770628,0.3516081871345029,0.16022889842632332,1071
MB_img15,7.9752428491793985,0.02944204845808242,,,-8.670667884225743,-0.5948434043493303,,,,,,,,,,,,,0.01873536299765808,0.8285714285714286,447
MB_img150,20.719120260526264,0.21521521936364055,-9.364722236887069,-0.47536852824232545,-18.647831101774717,-0.8794953357606454,-6.126053625950366,-1.5095148830067293,-13.65217111882345,-0.6371823898396058,-6.045033784387968,-0.48631910717112165,3.8399969088275667,0.57020146624441,5.98340957471607,1.7595838968282251,-0.3544661525964309,-0.06265497508864605,0.09341397849462366,0.7049009384775808,1046
MB_img151,19.096706843692658,0.13277980806242068,-14.187754711173145,-0.45978030992633717,-11.304226452088608,-0.6613350203541638,,,-17.662031726639732,-0.9523205771329454,-6.822219022345834,-0.5249401365455643,-4.039866916339052,-1.738983954700512,,,-6.837329396706419,-2.1743265151739153,0.09129485935984481,0.7684943429068756,1302
MB_img152,17.445548722200243,0.3054522809421311,-21.002313886239683,-0.7811064282127912,-4.321547194823306,-0.3433806620213042,,,0.7746151360890882,0.07289520911983428,-6.53213965675173,-0.6194022410424269,-10.622649973970464,-2.868390453054454,,,-6.8066514260840245,-2.4554916206284685,0.21578947368421053,0.5470238095238096,807
MB_img153,16.22929958174237,1.8594137933658772,-2.9488750550670666,-0.2750423225109572,-10.090621023448486,-0.9034615892248579,1.1935972888709538,0.0941793508963541,-2.4923121603022578,-1.1610814822771836,-2.563938051378065,-0.8802283872048261,-13.035779029181157,-0.5834394834330354,3.3672536307252554,0.14077005835250106,0.07874102838638801,0.01342051576232144,0.6820652173913043,0.11873570388854232,1188
MB_img154,21.90467007173966,1.1192381845967985,-5.7488172572644585,-0.605129330795931,0.29579441711886323,0.0344722172571395,-3.3081941504004524,-0.3949541710226171,-0.47830740637901015,-0.061992153734221234,-16.757764574799435,-0.5642884950109063,0.5068885703821455,0.09581922732024055,-1.011708050419821,-0.17788982458850075,-1.9587221967975899,-0.40672786570292657,0.15364583333333334,0.5283307810107197,1199
MB_img155,19.066711536027782,2.016075855064587,-3.4571035333747093,-0.2793916979447414,-2.9920109120451888,-0.7862865712430865,-4.375106070441125,-0.4418259126678942,0.4745934409514422,0.08394445271788391,-5.477740304746409,-0.34207694794683075,-6.529620080324607,-0.696810602488502,-1.2306278483977837,-0.055999323037109326,-11.773496596286112,-1.661030919684274,0.375,0.15673981191222572,1714
MB_img156,18.98038513518351,0.7596275338146815,-1.3343835498136012,-0.11317407699283084,-11.767919205967042,-0.7061075929606773,0.8763078462559855,0.17194194049838077,-13.463889559264453,-0.8034585104784515,-0.5418378529189865,-0.06172683164232715,-6.832930190258745,-0.8893710674775526,3.4016117684789506,1.0230973009867113,-5.726424427577871,-0.7487323907984414,0.21630859375,0.5376044568245125,736
MB_img157,28.91895276293026,0.7721831650572163,-11.07233958275467,-0.4585591966952372,-13.440342677163821,-0.8525933324683485,-18.51933081110962,-1.2460194055372966,-1.803492812176319,-0.16846375558371132,-10.74475118676511,-0.725546949710508,-7.031999159784872,-0.5259058965253119,-1.6871012550065358,-0.10065972421693917,-5.322002582707625,-0.6758159311722697,0.29175,0.3998811645870469,1412
MB_img158,28.985404427744886,0.5418388344746509,1.3760472429159067,0.12109863576859815,-15.96341263877289,-0.9478746654680869,-5.211761480676712,-0.6274272532609436,-27.528439540537494,-1.0385817307714849,-10.618294466906294,-1.2752646223340993,-1.0672825491229496,-0.27810372755144214,-0.43330720692026414,-0.2357270598380586,-1.5201470727137765,-0.2249887269914379,0.08925359712230216,0.7128851540616247,1076
MB_img159,16.42270132624408,0.17686642368836605,-11.829947939888747,-0.44453827291835984,-0.8434993502130754,-0.0897114252930187,-15.065147994447502,-0.6937823112958876,,,-11.37867438344585,-0.3290869220218684,-0.07008107174548124,-0.025301438362859915,4.311233416624823,0.47995497596018216,,,0.11966950959488273,0.720112517580872,1427
MB_img16,9.71465706027056,1.2945219375467103,-0.9965241116850445,-0.1569538533960952,0.7980781253962644,0.12704814886989566,-0.8360177537067978,-0.6810743932741612,-5.27057170751638,-0.24201871467719652,1.0575667948335477,0.34312231715648583,-2.045062771479536,-0.33074343209991436,3.459573039833353,1.085729874025884,0.36576423933441987,0.013140984343980915,0.18344155844155843,0.4084084084084084,907
MB_img160,31.948058017517237,3.8979018123812637,-5.194628889599954,-1.431756660194449,-0.8081699457429643,-0.13940995949598803,-7.370809343203395,-3.4001963420265775,-2.0604123753046046,-1.1462207408510439,-5.096205151463554,-3.3264894109054475,-6.20216387298394,-0.3355027416523062,-5.50313046511645,-0.3915544708454997,0.4754737610073797,0.06258585346605333,0.3522727272727273,0.03727317312408043,708
MB_img161,21.979447382124235,0.16143062798623287,-15.76331235866989,-0.9102860506172901,-17.33420673252078,-0.628586401450163,-7.823277958207813,-0.7582217172611312,-14.107627509411685,-0.49959069265619643,-7.664341262347212,-0.5639594657824171,6.698855490216143,0.8842364199271016,7.556299144983597,1.7535919127536153,7.59104917548599,0.9919075790512782,0.08536036036036036,0.7114147909967846,1475
MB_img162,21.643117232969384,0.5096509047698973,-7.2037935460089155,-0.4387653651311044,-7.37506088915178,-0.592798715837045,-6.02866651397554,-0.47675198917113853,-10.633474430488736,-0.5627308731794441,-11.233686470855442,-0.41225183507896007,-2.2193823572131444,-0.38478121114080693,2.077279047378905,0.2546375761740206,-4.4953139497352925,-0.5758239177014735,0.16027462121212122,0.6349206349206349,1269
MB_img163,19.66022844576905,1.353620817176533,-2.0452006597089865,-0.39239169088208875,-4.024457210856821,-0.42726621296077594,-3.1726543111312733,-0.7598042568929061,3.88445098637721,0.5244589649516496,-15.045373191248958,-1.228496476313712,-0.0071803255842710564,-0.0014419741739064315,0.8560968628816178,0.34090576970162934,-1.6903631869160805,-0.7713574089905617,0.16852678571428573,0.4738095238095238,500
MB_img164,,,,,,,,,,,,,-3.1999639656857157,-0.22109552502982147,-13.540865502939171,-0.8674415308217106,,,,0.0,700
MB_img165,24.22035669068574,1.042917977934705,3.0423585524473276,0.4184360757407088,-10.855281350484976,-1.9770215422774675,-2.608470407207046,-0.6012210855849462,-2.8077621985477745,-0.2697025100320188,-21.2190734918345,-1.1579150840735124,-2.665263708675925,-1.1366835776972364,0.04311216821456287,0.02473667832150655,-3.0390137210584935,-1.2130880140463582,0.06557377049180328,0.6293103448275862,566
MB_img166,,,,,,,,,,,,,-1.4197436230741145,-0.5015861264682443,-0.40354403787860005,-0.16992500144231243,,,,0.0,108
MB_img167,,,,,,,,,,,,,-4.117968648636402,-0.24560656293042507,-0.14156413427429446,-0.019982767441239883,,,,0.0,541
MB_img168,16.17756203605948,0.5622108199197582,-4.7543066920815,-0.8887432488982592,-1.6230610687139952,-0.142626533815768,,,-12.601720439443424,-0.48496988446374206,-10.192664804798161,-1.0662558860796902,-0.07424597884034646,-0.031708859727337974,,,-3.1294520940713584,-0.5374553700117205,0.06799674267100977,0.8733624454148472,726
MB_img169,24.45375651131527,0.4774708669755102,-8.576668864808871,-0.33430363238840005,-8.560432196413073,-0.5720143241057944,-3.174985208371226,-0.3264440634067462,-23.081401903257756,-1.1028153178764792,-5.454097283928515,-0.368000994723438,-5.1904740333678685,-0.6988290497616284,-2.1514003439459093,-0.4336623037776543,-17.20868362045939,-1.9996882729515377,0.20537300177619894,0.6388248847926268,1169
MB_img17,21.707284615065916,0.25811551722859655,-8.869555460695793,-2.377540251574055,-4.732106232484352,-0.6018549586359558,-5.408142954115142,-0.5226137869356429,-19.628174371898393,-0.6380503012057539,-12.109897353338235,-1.060421356853522,7.088607374373974,2.035704061681679,3.1249767261993973,1.3270898000031413,5.548603731571965,1.0104572721755463,0.02157258064516129,0.8532608695652174,901
MB_img170,52.28078751769511,1.5235359845835303,-31.72446669353668,-2.345094198925701,-25.325148171478087,-2.8723110286274305,-20.18961783024609,-3.6349729691205512,-4.946857796559113,-0.2919657242440239,-13.19255671049011,-1.945104146841196,-1.5121939358814886,-0.07920707282582207,0.3745828124907958,0.02657361446622027,-7.36724357851981,-0.5245315765291898,0.07203947368421053,0.09808871258564732,1378
MB_img171,18.207985287965258,0.3888817166429548,-7.696463046688682,-0.3918354671643331,-12.227505389828801,-0.5485236624952837,-7.96763652856519,-0.6326677335827345,-13.384970219122987,-0.6164639187122044,-2.253251810119491,-0.3219280948873623,-2.7808849891760143,-0.2707319556079069,-0.15884766891552862,-0.025696482982464287,-0.364916033594534,-0.03547495946438469,0.23708406304728546,0.5626740947075209,1188
MB_img172,17.928230575354114,0.17507799512542085,-17.88306912176861,-0.43909218188374166,-7.566821772469676,-0.7094958263140734,-4.550742413148702,-0.36661902547204817,-3.053931523436243,-0.2871176357881811,-13.15206288088951,-0.7232915732656903,-3.5050478241011755,-0.8239002935135042,-2.972991740701128,-0.6423865155901121,-4.23429003209045,-1.050501697446727,0.19034629981024667,0.6994106090373281,1548
MB_img173,28.450670301580118,1.5697827257515644,-2.2916735513490774,-0.38064421054654224,-22.508062738326743,-1.2616795918523367,-1.025606952650377,-0.04695238617442493,-2.659987823586713,-1.034059164413676,-1.9238340397326958,-0.7228302954087389,-3.8310750170701,-0.34283734908601343,1.9967666435671934,0.180707423401826,-1.0324438312639688,-0.7527485914071336,0.5464449541284404,0.18227091633466136,1481
MB_img174,5.089975640511716,0.18121744610042423,-1.208083293403394,-0.1509309788656533,-4.216880629478312,-0.6053734790388329,-4.905108997847871,-0.2928635323429093,,,0.567995046731677,0.05500068663965764,-2.410487606301195,-2.0329824166994284,0.42274646483195877,0.08501034167437369,,,0.27358490566037735,0.656957928802589,287
MB_img175,34.02192759334078,2.9841182830003348,-6.353041354225319,-1.0262485870496902,-8.754251577293692,-1.1051234451146472,-8.472655310598855,-3.154534604277776,-2.8006984489989706,-0.3844894326517373,-4.666028339274162,-1.2271506122621503,-7.433769440576721,-0.42187931708436527,-6.156437225438195,-0.5831612224551911,-4.684926205031824,-0.3575269597858062,0.263671875,0.06244761106454317,978
MB_img176,19.976415782116664,0.30606093399589795,-7.732963591555497,-0.8950440506648327,-16.471757795169946,-0.6177984305831519,-10.62828020995827,-0.37245125103528504,-1.9034379881495054,-0.26689360128942846,-11.271137150013004,-1.118304855444448,3.790410410415641,0.5875879701279794,-0.525267327111787,-0.09560127181913776,0.7829639379538191,0.45008444637804457,0.2698300283286119,0.5868066951099442,1259
MB_img177,26.69916488643381,0.45089235821163054,-1.191875592637965,-0.06439511890952976,-30.664461272220098,-2.554027178724712,-19.78874376440658,-0.6393901884235286,,,0.5189588644764567,0.0244522289190304,-8.069021240236724,-2.3482166788304477,-1.5045494766559016,-0.13203413768541183,,,0.24250681198910082,0.45234066553863506,1478
MB_img178,8.145049029040477,0.9729363212163609,-3.8060117713637136,-0.7378450181744729,-3.786597948686195,-0.4021374348023013,-0.9120397500694586,-0.36457243229585606,-4.88310253000507,-1.0754256658260009,0.55694360307784,0.03825483584691358,1.8263299760858438,0.18382357340289174,5.496123711367933,1.3476519756369998,-0.7232575392443374,-0.13466900489417633,0.25487012987012986,0.29780564263322884,586
MB_img179,23.101322458897567,1.3645099406710595,-0.45531623651444103,-0.134027613791716,-17.273520815449388,-1.3333049533102612,-5.826467185829713,-0.17825748656419382,,,4.1268127381691935,1.0841604476639985,4.200163331668394,0.6736241310040608,-4.2568161774094095,-0.5763205738208544,,,0.6204268292682927,0.18949579831932772,1718
MB_img18,42.177731579701394,2.928341151171534,-1.9284870762765953,-0.2982774462043769,-7.703320580074664,-1.585326771658804,-7.615765390230602,-2.53317995861861,-7.800352916267154,-1.3552042497616608,-9.652333320100546,-1.0217639742916567,-1.4735198824546718,-0.17367232499880433,0.6367652451998536,0.07903060453964936,0.28002074268483285,0.024128270892891834,0.13815789473684212,0.13636363636363635,886
MB_img180,21.174587743594618,1.765675354850114,-1.9385472032862756,-0.27299362013955303,-6.866689999944702,-1.3589588258323295,-3.9602507659855566,-0.6939143593809547,-6.512044911279401,-0.5627726407436299,-7.3232699327885085,-0.607507348432378,-1.452400337031355,-0.21430769120476106,5.349206867985607,0.7475785042202703,-7.777198709608736,-0.8772627157254588,0.15090090090090091,0.28376068376068375,842
MB_img181,24.62139756715298,0.0736702514245884,-8.568089769834405,-0.9886044976956047,-11.192936331334797,-0.7416611304271579,,,-34.20334801930978,-1.333723664089651,-10.75545568836666,-0.8261581540190168,1.17230330510687,0.6974372299795686,,,15.488891470006532,2.7540391075251476,0.007452366318377382,0.9230769230769231,1771
MB_img182,34.56937836159569,0.2775319529519534,-10.004369790447313,-0.502784984216292,-37.613437691526066,-1.0668203693517817,-12.080729283582471,-0.5419136828364095,-5.535339504103683,-0.5268003301235574,0.06940528606486514,0.0069597301998618995,1.7867768534769601,0.1804109210229729,0.7665240698512794,0.16398194828144233,5.731952569131838,1.4900508536956891,0.1623733108108108,0.5514752040175769,1750
MB_img183,26.127072532452594,1.169395336420207,-2.6344903696723287,-0.5237013401487969,-5.198654483832722,-0.6607437728057509,-5.283237167772631,-3.441284271927038,-4.816670210317399,-0.7487042541519007,-22.88833377489563,-2.132694340331912,1.4076273146880005,0.44762292890513133,0.41713469722122976,0.25368723357454115,-0.28832691204683875,-0.11769504266975461,0.07670454545454546,0.6975308641975309,377
MB_img184,51.36735260963902,2.9359875415165915,-9.118702618442425,-2.0957369230795777,-28.9067434838217,-1.6908383872153891,-5.903583372887553,-1.268385835152896,-6.6549656624004525,-1.066498607829093,-1.715258141112228,-1.0377336274465152,-12.384274315749183,-0.5120455890727192,5.620397510996454,0.6467573761770493,2.2538631939123634,0.25249952761104705,0.23448905109489052,0.06181597081475476,1469
MB_img185,20.842624265301236,0.5492243961301597,-1.0294302519348335,-0.21205047711498878,-11.286180960083856,-1.2426747050585971,,,-19.828354680615796,-1.042338332308116,-4.3902507373805575,-1.1977081579558506,0.843328970808156,0.3900087047873214,,,1.5575826506290016,0.3637992717323576,0.041981132075471696,0.6382978723404256,488
MB_img186,43.03003558791275,0.522617741667023,-6.955950739980477,-2.2970079492748487,-17.71986281585101,-1.189064994545057,,,-39.84103279384294,-1.2430876646827302,-16.15001297692908,-1.5481183772914782,2.541675083361265,1.004817016297776,,,5.317498410405419,0.989731664546173,0.021460423634336676,0.7962962962962963,1517
MB_img187,58.190577387983744,3.5083326418842824,11.454461348042237,1.3506144708184842,-0.33161456176481396,-0.08301693621914724,-43.18212494712808,-2.0558570592232215,0.47069153332412533,0.12651487328323374,2.8372197971043915,0.5217597134230274,5.04215349643022,0.926529485528282,-20.116695263668007,-0.7537340100305985,-0.6684317498386145,-0.21343369394279804,0.338302752293578,0.03940073139082222,2185
MB_img188,9.306292346985751,0.15590551891980506,-1.4368731557593524,-0.16081963208699804,-2.6046604260270447,-0.2025111065963443,1.563167742520335,0.2069057710675657,-8.670098521754717,-0.1795671907335272,-4.35367246616024,-0.340106086755038,-1.3208122670283782,-1.0426443374084937,0.783252702214324,0.47393118833241227,-0.39397046366011074,-0.056583528366367424,0.047136422136422135,0.9111111111111111,1496
MB_img189,30.705959237133598,3.8923833520240207,-5.535923943057595,-1.0154825453127547,-3.264879315375358,-1.1490592135790896,-2.3092761495718133,-0.8315394921462609,-2.6929165462148874,-1.7022142510104408,-3.4329538554837553,-1.4727765703909204,-12.682593802136328,-0.7687176512525637,-1.6462606330520424,-0.10349763970333636,-6.184816858814761,-0.4867074164112784,0.3680555555555556,0.032119914346895075,661
MB_img19,7.9416173430780335,0.035022087292139986,-3.4074541864862513,-0.1621124387404762,-4.322517564966078,-0.2606022854958557,-5.273680273682912,-0.317389833308044,-4.336441494896328,-0.21499000902823517,-10.108436380703036,-0.39067656016046226,0.5270022187912023,0.2675757303591104,1.723640448515791,0.6463630453852995,-2.158268060067674,-1.857980995127572,0.04621931908155186,0.8926746166950597,1429
MB_img190,18.304161787579908,1.3651206539567686,-0.5948908188730587,-0.07619070490995833,-6.995446676848618,-1.86358869203827,-2.5049095586319736,-0.6541022009546167,-9.25197018236057,-0.8354091846038806,-6.152639363874699,-0.7267876304211847,-3.5431255012710188,-1.1926450779423958,-0.01247690872450958,-0.003602236680195699,-9.349204003623619,-1.296938352129611,0.13734567901234568,0.46530612244897956,395
MB_img191,30.656075298401632,0.7258849622759695,-4.540534931369037,-0.1727589470308834,-34.30100191168391,-1.8579990305815552,-11.470999434147464,-0.9172710383918871,-6.969311486956685,-1.1388754141135484,-2.5726391304905336,-0.2032245358902594,-22.98752441109122,-1.9058527787912518,-1.7593136954535722,-0.16076478833156418,-7.102952773028244,-2.9307373375628862,0.3013475836431227,0.37506426735218507,1383
MB_img192,16.553350541055014,0.09031131911471445,-6.283585748426316,-0.5448089651821819,-16.309789420154353,-0.5941083417864242,-3.788734162302366,-0.40001738292793204,-9.194006317956266,-0.5123096027391258,-9.233233495691799,-1.007882553583657,6.277619323262427,1.4842906058937158,1.0479137210290668,0.5599337062296338,1.4659026551754557,0.5682284849613549,0.06134133042529989,0.7836338418862691,1076
MB_img193,10.465138084934573,0.26540436115537885,,,-15.217287120376586,-0.8707553606888695,-1.046007459591005,-0.09045495094550371,-7.558092512382285,-2.0309665993551174,,,,,,,,,0.1963519313304721,0.5950752393980848,356
MB_img194,19.35044022759366,0.3596618057349208,-13.595510345508993,-0.48237139036352095,-5.350632037921701,-0.3949190666162014,,,-12.067706200825903,-0.6749286896241776,-9.631765938690084,-0.8853427257382955,-5.779003510125204,-0.7931031657236097,,,-9.917616620812703,-0.8659665006446636,0.22674418604651161,0.6055796055796056,1128
MB_img195,14.156403954973186,0.1488067558148389,-7.712487879615282,-0.5843549222573903,-3.4535754074249536,-0.20316734777385037,-4.887051744136573,-0.9251999200370707,-9.096415755612508,-0.37324177456017704,-16.505685223375018,-1.2151819881716055,-0.45780397958488156,-0.20037879798402625,-0.14347894234538983,-0.10433665981473561,0.26266352160047385,0.07818286015337851,0.06446932006633499,0.8942528735632184,798
MB_img196,3.0215351896793643,1.1844245711374273,2.680291635890327,0.47415890438385,-2.5992775355350486,-0.6306485745313253,-2.239449582313636,-0.41189105646158863,3.1918760217553706,1.0399826174653524,-1.6941937505311346,-0.7088493771051789,-11.715209408626121,-0.3894777682295141,-19.50639752569208,-0.5853233079998134,6.5347881590694765,0.40690782226840216,0.775,0.01071776550828191,2904
MB_img197,55.216341780452574,2.4581106708500133,-19.64459509261405,-1.1694587734158999,-5.924952201715056,-0.7438666003963347,-20.290417895333167,-1.3786132465440821,-4.090766436074724,-0.497340222404849,-5.80506568936662,-0.9216968952190397,-5.015139844302961,-0.247292467761517,-19.214160002682515,-0.505000164896793,-0.05380432001704387,-0.002876927842443523,0.3043032786885246,0.10086375034828643,2276
MB_img198,43.76488643178347,2.2222366311477657,-12.713128193773914,-1.2404691997155763,-16.169409054708645,-1.3105798253697436,-15.490121231705261,-3.043925635821007,0.46684907286848365,0.04310801953410067,-1.0629312158622224,-0.10039896385298375,-6.853200767447961,-0.3381718970046738,-3.462371428812761,-0.23627772339983089,-3.3581881034732834,-0.25255318729160026,0.19827586206896552,0.09936635944700462,1375
MB_img199,32.734082325105334,0.9400782214799065,-0.6900451362644713,-0.04668128204517197,-6.388796152031228,-0.4413541080002431,-13.553753393097583,-2.972955176985771,-20.935074576561384,-0.7769115570159005,-16.081083753664945,-1.7145101147130832,1.0649484604012736,0.14683196308757954,-4.122967132975996,-1.610098706525008,-1.9220074414539345,-0.1330187244924119,0.135,0.6024774774774775,1301
MB_img2,20.578060051010997,0.21224630517834625,,,-9.368476914980283,-0.67656831452225,-3.6847942975387453,-0.4478436443620854,-22.968155651299956,-0.7217234517305542,-11.491425611389902,-1.6879828328525206,,,,,,,0.02820427236315087,0.916,1022
MB_img20,44.85110315116489,0.7225404432598085,-17.372225196389834,-0.9739288396435846,-10.205433185914552,-1.2676756163578329,-8.439362174281747,-2.0831632998792013,-15.960678999199375,-1.0714860174469747,-33.98524016123639,-1.4525935721286545,4.49739402861405,0.6704458127364599,-0.3378934617576774,-0.10574864430805543,-1.9652056863395384,-0.21223917570147047,0.0811611374407583,0.5506555423122765,1370
MB_img200,19.015870763288223,0.13864868403815375,-4.2904467817529905,-0.19864102123099767,-15.057545814200251,-0.732272690009497,-4.4380325655333825,-0.4716210276452113,-17.804040421023128,-0.5663252205412029,-5.067846157113336,-0.5949159747505802,1.8453140486089739,0.43663264690943676,3.346487398080954,1.134842542286867,-0.09836093082288898,-0.016227403592913088,0.06744186046511629,0.8247058823529412,1403
MB_img201,16.37634999208057,0.11113768918407108,-2.7194569098634425,-0.22498451770193592,-7.177637453286016,-0.3068515747046242,-3.5769299277451374,-0.4630590141417872,-18.175583000687872,-0.6201768817308116,-7.380572736258886,-0.5600414687365963,-1.1834821625194354,-0.7452373321297494,0.505672173892512,0.3084658350807999,-0.6662403635378592,-0.24875561738341131,0.045310981535471334,0.9165154264972777,1264
MB_img202,26.4579848716904,0.15106417465204636,-2.2456423779083847,-0.11963172689727247,-26.201018626984872,-0.6116620929350842,-19.87385045710876,-0.5380340865558122,0.061092738153209286,0.008084730131686858,-1.1710334473830728,-0.15848065751625484,-0.7971217431833644,-0.15804972356346486,-1.5015702955769274,-0.3587713289133717,1.3127135829873522,0.6896598793878496,0.17130168899242865,0.6768138001014713,2324
MB_img203,29.531200215712822,0.20410876982793583,-3.1351521753167964,-0.41323300243209593,-18.207309903186626,-0.6433487289738875,-12.790990781470024,-0.9742573624282437,-26.260862369900366,-0.6716779145569151,-13.383026906005785,-1.1239747104594893,2.1500362462872857,0.814133454688666,0.07562004234723563,0.0489096004809465,2.201690949857248,0.624133098001834,0.05446708463949843,0.78300803673938,1748
MB_img204,18.813330267287167,0.3710812982443002,-0.8927728933121711,-0.06389305048054326,-6.923703106521781,-0.6150778316292271,-5.639876128553013,-0.6596241659052202,-15.049924234847719,-0.8080489842711897,-10.402955100865581,-0.8226238082467437,-3.723775498990926,-1.5897634869849773,-0.9111382176707861,-0.34908214639108914,-7.044411183970056,-1.7619327402925842,0.1126005361930295,0.7779783393501805,650
MB_img205,27.70149784889146,0.20005401817108168,-10.30853119459186,-0.6620155588935648,-11.699917340836139,-0.5053687029289649,,,-26.110638285285827,-0.608644158280175,-13.262457809983147,-1.6936136708664866,6.486964031808286,1.2735961595268694,,,6.291956369633109,0.7529545391886253,0.04877596439169139,0.8615179760319573,1890
MB_img206,,,,,,,,,,,,,-0.2746754793467729,-0.03237215394185069,0.24369516997082083,0.10624949827943442,-0.03058182535061371,-0.004909914123806322,,0.0,195
MB_img207,13.692107616747997,0.05849094955693192,,,-10.889586886916748,-0.4953568790089684,,,-14.390056423621,-0.6245789499108652,-10.679168868461883,-1.9735500522793814,,,,,,,0.028526970954356846,0.8711864406779661,1071
MB_img208,,,,,,,,,,,,,-1.5014369185925918,-0.1235366512063953,-4.210067822725175,-0.3434971630667406,3.8030751930963747,0.7179072583505215,,0.0,1483
MB_img209,23.810635199537938,0.3762944077025153,-4.611785267872351,-0.42364491981794367,-25.653024979301488,-0.9375691001706877,3.694995940691858,0.35218184407285325,-13.181763631443516,-0.7148214874448445,-8.52430900597316,-0.9215006999567606,5.207634499035895,0.5826108692606958,1.8029666041219807,0.701341684435485,-0.9224630173399868,-0.22253962760573429,0.1622431506849315,0.5797967722653915,1001
MB_img21,28.61188947133921,0.1790353871377026,-6.954822710502981,-0.986410935252045,-12.676039990638106,-0.7413739962924494,,,-30.947172140058623,-0.8403189203143775,-18.80393479303456,-1.1336452545234847,3.4582023537724695,1.3883554566263385,,,5.314774031319595,1.261677213785548,0.019380563798219584,0.869281045751634,1722
MB_img210,20.726591533222148,0.18498106973268807,-3.785667836024324,-0.25501852211134535,-11.434116188009599,-0.5702085861431692,,,-4.152507056868199,-0.5410191531335592,-28.717212438186895,-1.23255965982576,2.3333698741512823,0.5185862353363816,,,1.5164661599736973,0.7470192588301291,0.0735,0.8283687943262411,987
MB_img211,27.00023623613935,0.214026752115857,-0.2642770507542101,-0.020709610754656518,-4.200717551747459,-0.20414882251438143,-2.4387074914881324,-0.2696492502553589,-37.63859114676218,-1.193546480683928,-4.707431269993849,-0.39362661846446684,-0.9921379795393341,-0.5479433112903502,5.979402834993123,1.9434164716336326,-3.506986345492421,-1.095586907997724,0.048290203327171904,0.9303201506591338,1468
MB_img212,24.37100092103902,0.4994974734206485,-5.85486032477678,-0.39768393252857576,-12.43293201107403,-0.6031904080495102,-5.873204569339245,-0.9458867388239082,-13.045465444255466,-0.4772369405065,-10.730458126281727,-0.8514802939684496,0.5156723633962479,0.06015659981841773,-0.08438750052362755,-0.028569152196770954,-1.1523917537689143,-0.11868404351801233,0.15254237288135594,0.6400316455696202,1159
MB_img213,21.96938045091909,0.13768110610237053,-8.293250006458715,-0.46959805237547597,-4.758771709300668,-0.8513992547636254,-12.022449669101007,-0.6500444928758238,-2.4503773090729424,-0.36477251482039685,-20.17737364855005,-0.6355679526676441,0.32231604594873353,0.20922796213800018,3.0872880568970316,0.826626519782005,-0.37820607392293204,-0.2660368939953174,0.048538622129436326,0.8359073359073359,1225
MB_img215,42.94090455435041,0.20501496960850318,-7.4450266969104195,-0.6665618392522641,-41.95588649612121,-1.881454117533919,-13.743074877090365,-1.4480688764941476,-31.89491334971963,-2.1890604107409635,-30.89554006722191,-1.4277357123426342,3.927586145269418,1.0445901510240703,4.225451006738103,1.5839323721226668,3.5801351444539384,1.1746213961070688,0.02826675693974272,0.5134788189987163,1802
MB_img216,15.17542369870355,0.24207121882501725,,,-2.9918310810072266,-0.34382042038346833,,,-15.846872795088473,-0.8333149169881923,-13.554833627316386,-1.1204019377517256,,,,,,,0.017,0.9605263157894737,515
MB_img217,19.965598330967048,0.11767145112001408,-8.72834409620054,-0.4257051114590565,-17.55002781085557,-0.5796429396964798,-7.275273491066971,-0.41322250456928894,-12.719472112923008,-0.5704485168321936,-8.484148048836397,-0.4440164498140865,0.707657253539732,0.14244826806416316,-2.202192093421069,-1.2684343935763835,2.869085555871733,0.6757063459995094,0.09306853582554517,0.7730352303523035,1625
MB_img218,36.39387960130845,0.9895016484205617,-34.44924838491712,-2.4009582340414397,-13.800662304715571,-0.8651431336714144,-9.262140290083018,-1.73370610306052,-15.377347043356599,-1.2505262230545955,-8.39667770656982,-1.0153191483113735,-2.0806169217535815,-0.1367913686380633,4.202739325180201,0.5135255907620258,2.733046214256599,0.1757382540202301,0.14037122969837587,0.2671867381764993,1092
MB_img219,13.643936575453504,2.8654139596323596,-2.5048234845691852,-0.255957376701413,-0.12141411313234061,-0.05745027218389964,-2.210223091747225,-1.4141355329844512,2.138591642322137,0.4475452651402047,-3.874308075451376,-1.0005151562421775,-4.125911325050981,-0.312926507684802,-5.272901428952214,-0.3374410942586868,-12.22882994161073,-0.48733758525152665,0.49404761904761907,0.03352152434721242,1353
MB_img220,34.154922055721215,0.2601294769916145,-37.453408078244884,-0.7445247788113613,-0.5311153932453659,-0.06993125675216653,-6.30528749053197,-0.4986099007077398,,,-17.896130510631405,-0.613491921839867,-0.7337230745686795,-0.23342794374847028,2.8731732149540914,0.39263108623056425,,,0.163141567963903,0.6211453744493393,2684
MB_img221,14.337559036351468,0.8299986675060634,1.6871080480297689,0.21743318409447335,-10.16427396523048,-0.4551141460224466,-4.655414243603693,-0.5039578376512538,-1.5501138475103027,-0.13538757268839138,0.2868569675486782,0.06066278190662417,-5.012497843649817,-0.5299080894746242,-0.09848801368986301,-0.019850149227255007,-1.7492448687305535,-0.3420489803394886,0.45208333333333334,0.3279088689991863,809
MB_img222,54.82751484987176,0.5081597496154391,-24.127568261440782,-2.6705183549819336,-34.07299777611236,-1.5038183092541877,-11.72067576863619,-2.744878675809471,-42.525849385588806,-2.0212605980902585,-15.364569337348032,-1.5567617970723189,1.963117097960676,0.2737253067139822,6.789453662966109,1.8121719383553798,11.042391993514048,0.9810394880306721,0.04773622047244094,0.4523809523809524,1618
MB_img223,36.07274491345765,1.0651680295166954,5.960034884616991,0.40823693536867417,-9.55914082001857,-0.9119637516445925,-8.082527202680321,-1.454833906898869,-23.000675887477616,-1.2600537385733388,-23.260677909447896,-1.7049299385523438,-3.2576803047339418,-0.7236799034159812,1.0889923280050087,0.3002433761145149,-7.992667645066222,-1.006426269159433,0.13449367088607594,0.6471337579617834,1174
MB_img224,2.5445188852273644,0.003288091800839292,,,-4.821756274759443,-0.32907409484048517,,,,,,,,,,,,,0.007623426911907067,0.927710843373494,1047
MB_img225,15.388438369640722,0.5558311938339114,-4.377816801206836,-1.1863194396929808,-8.302681419575354,-0.8393394735574017,,,-10.563298988184703,-0.5606601580090448,-10.013606276099269,-2.1577848148598378,-0.1496193350488397,-0.0635029423061579,,,3.437404849251337,0.6744491100460975,0.06747159090909091,0.7,370
MB_img226,18.341575957776183,0.3419448837470368,-6.29700263019509,-0.572150241906066,-6.056091605185091,-0.408563165118294,,,-21.94370798105402,-1.175396147385121,-6.338934963960718,-0.5459683691052926,-4.503018808271857,-2.4222330006830477,,,-8.730257912655436,-2.9867143092497748,0.08302696078431372,0.736,641
MB_img227,38.662867026976585,0.6006371146520835,-5.498478807112967,-0.9703014970175903,-27.764480990820292,-1.1441254631496176,,,-31.32028933070947,-1.2078223719423589,-14.264395487627812,-1.5356932305559878,1.8601032923378404,0.37569935132834315,,,2.5590319876460206,0.500444629564886,0.09845767575322813,0.5337078651685393,1329
MB_img228,15.349405314729628,2.656795245482223,0.1991355635061065,0.031601997385828876,-1.392689375519512,-0.827006009638977,-2.63783236558987,-0.2747586282068086,-1.9279321539243865,-0.41828869391317114,-0.49236761269860785,-0.042211073966359806,0.7072355270257755,0.12784104277106004,-8.32629687241936,-0.3489614146394579,1.5216154210964572,0.10845000769359332,0.4073275862068966,0.0637037037037037,2523
MB_img23,8.11908184604857,0.4675601093972812,,,-1.0190166023863911,-0.09372553193154176,,,-2.3564916432390364,-0.4382928515791469,-8.094363907560176,-0.5351335660924188,,,,,,,0.12871287128712872,0.7833333333333333,243
MB_img230,17.624830277717482,0.35860383127878953,-8.827345965800474,-0.46072108248678145,-7.0768560236026685,-0.6764879258647811,,,-11.232485258120803,-0.9670339385781954,-17.687552811242192,-1.7705591690189566,2.726527213852885,0.45146203042380034,,,-1.4634789598072178,-0.2688193346666442,0.14714285714285713,0.6613965744400527,577
MB_img231,28.560063025102647,0.8112997949300738,-16.452295030189973,-0.5733683509351546,-9.098648502984682,-0.773282587280825,-15.098670462911935,-0.8844307157697362,-3.420762641096698,-0.5382220950469015,-7.2075433402360884,-0.6227621948455192,-11.151932058261517,-1.0075481143310052,-4.2546812003925085,-0.19479814494425282,-1.4036123564641383,-0.20217920044693916,0.34800215982721383,0.3772087067861716,1375
MB_img232,31.49874490892415,1.3980451628607062,-3.3313147670359182,-0.24110943679852412,-20.878621826323737,-0.9892317639558253,-0.13292969977454472,-0.00596683579655638,-4.700965250561999,-0.7383420553168792,-10.482053416684794,-1.1823451074159104,-10.36814534215107,-0.46888912893612006,-0.031540958304721284,-0.0016735856542872516,-1.1791486602023982,-0.20239397448591095,0.5036472148541115,0.22550441777660557,2272
MB_img233,60.19335632162744,1.0874661849540928,-30.215740293982073,-5.367121408278448,-46.012539051653086,-3.4174265384047544,-14.259625336817791,-3.6467829996402688,-24.47370951194615,-2.6777694792580244,-10.846591847190421,-2.1712068274181426,11.610033645629027,0.5573847527477188,3.956217599216321,0.6472246130674527,11.975501052640658,0.9145753437473223,0.028527874564459932,0.07464664310954064,1308
MB_img234,26.989351357825136,0.6608934389336968,2.5701578952986237,0.234219290795938,-10.550523737040619,-0.8221616017238235,,,-24.05939628435281,-1.2835218319520647,-6.649994102635878,-0.6006954269857524,-2.3688773597565493,-0.6626198290765936,,,-5.657420538646189,-1.2045711442492038,0.10697852760736197,0.6822429906542056,708
MB_img235,19.011496173768975,0.5031271660473046,,,-4.3670677187200875,-0.5249853005082173,-8.652162061801407,-2.4250442004491872,-9.802064344704446,-0.4866514530524596,-18.798627642669366,-2.176965753859957,,,,,,,0.025778210116731516,0.7964601769911505,468
MB_img236,24.711545577480212,0.9053351463954928,-4.652365585060538,-0.5390262165542973,-12.888660493352264,-0.47269761496224644,-14.897559684173395,-0.5553219500993515,-2.5677114375580645,-0.6975514388162658,0.16147608035266914,0.014919262800878977,-6.458673950441951,-0.6507349164240261,7.713426909865361,0.4720726244305335,0.3749432090898152,0.16306598867890837,0.49086084905660377,0.2930239704978488,1821
MB_img237,5.733093713283131,0.1213986677364744,0.004691467332163393,0.0006219853689310088,-4.504915809667687,-0.7914036630377512,,,-7.29341837486964,-0.696973088421313,,,0.39209082173192084,0.23658842552999296,,,-0.36548372679072455,-0.18269229751619034,0.065625,0.8083333333333333,198
MB_img238,17.941118335861155,0.0474841988402149,1.2623914734823716,0.11386796455827877,-6.1299091606902145,-0.5573382530128035,,,-21.950063908724594,-0.9527952041660266,-13.09199185035622,-0.7592978942642623,-0.6300949963564999,-0.5360529002402097,,,-0.8971866139353172,-0.6780719051126377,0.010235732009925558,0.967741935483871,1298
MB_img239,22.00148778113951,0.2328764764509156,-7.516265326096942,-0.33684640153205386,-10.349120649628173,-0.5279942023722736,-5.596336467038618,-0.6522375369749626,-11.073932443632726,-0.5840476187490315,-17.899156106721748,-0.705236652829672,2.211650247614415,0.3641166527408454,2.564722635647411,0.7540391075251477,0.005103704762080621,0.0009019662943925795,0.10714285714285714,0.7790697674418605,1211
MB_img24,30.53800187435543,0.3761160858058183,-28.088262052244964,-1.3402860942681878,-20.949887170507765,-0.6914259901728155,-6.112416241463155,-2.5462153847793636,-5.742446891720583,-0.3125902303080261,-6.1956897813652665,-0.7435457425899193,8.922446163605422,0.5348920392770121,5.003346030775679,1.4809613903999415,1.5987808056873112,0.2099727327089199,0.15672246220302377,0.5150762681802058,1525
MB_img240,27.80932177908174,0.25117624314905485,-8.708891970258255,-1.005935725703401,-29.583587179416256,-1.0235375133836815,,,-14.413404500795739,-0.915376582540353,-4.442035661522178,-0.542423155631242,7.727407170557788,1.1676529785889729,,,3.6468882445931667,1.0596094891381553,0.09181997371879107,0.5685645549318364,1051
MB_img241,4.909480091567292,0.8178604592112189,,,-1.0866597028343505,-0.17186220521750603,,,-3.324989557210001,-1.222392421336448,-3.73599844817067,-0.7995655739520416,,,,,,,0.2421875,0.6571428571428571,50
MB_img242,19.38915737566771,0.18671321205959987,-9.056167107311527,-0.3318317167063412,-7.447222288819635,-0.34685560853073427,-8.307727135571106,-0.49861559892678203,-7.05964879315289,-0.3132458517875616,-16.08150033456177,-0.39447603907012246,-4.675179599625505,-0.9509947269144303,-1.857565506651051,-0.40393094571290183,-3.917286236913814,-0.8715404020466376,0.128955037468776,0.776013143483023,1911
MB_img243,32.41472316743708,0.5810737175939563,-17.413872108195655,-0.5300882539541216,-19.992219609272926,-0.955632170207737,-15.665428404060188,-0.9093042508546506,-3.347783160879942,-0.4302852729777809,-10.15888398073611,-0.4864136878546076,-12.73229585390612,-1.0504068692231647,-4.331911967424227,-0.31380115561456484,-4.0076299887604145,-1.0010301285984893,0.2540956749672346,0.4694401643554186,1781
MB_img244,27.131154954070794,0.26818973749885044,-11.768467704638999,-0.8473819907080806,-19.928667230880265,-0.6644359815500905,-3.015031838520989,-0.24811440919678784,-24.9225793206094,-0.8725158191699613,-6.819108500393783,-0.5095352738796503,3.75965794980894,0.4777364046493867,0.39066830726873425,0.1600404125104682,7.680228231811409,0.9000181217925333,0.10938967136150235,0.7012987012987013,1611
MB_img245,32.274624369055324,0.13062575878731422,-16.559750857838146,-0.9199412294201724,-37.96223635407448,-1.5587740563428591,-9.663817920419726,-0.4531017830891356,-26.48938335698779,-1.7023358124754226,-11.718601592863351,-0.7087349546884248,12.976444929842545,1.8087805101586705,5.1417110112974544,1.3786998131412793,12.14485888636292,2.1858205025873025,0.045925817757009345,0.612876254180602,2005
MB_img246,24.325399700507397,0.3958884346736066,-2.601679054358867,-0.3125758176981639,-11.197660269395493,-0.8814060552721275,-7.488678938461001,-1.1751545669239383,-18.97177997102954,-0.9951635276556046,-9.709947701035084,-0.8676550643073515,-0.09590266555283831,-0.03984026453179092,1.2470466596147116,0.6049372004824225,-1.6778347490160668,-0.49659769317642416,0.04824029126213592,0.7380281690140845,648
MB_img247,15.982153658730963,0.10288664717425362,-7.049449945293281,-0.7355931987867373,-10.111144153959781,-1.4117361361885927,,,-7.3823868057759094,-1.0136033017998207,-23.779614097883776,-1.1449215107032076,3.442128692203828,1.3646325458416007,,,3.0257578514437062,1.3896149023989368,0.014234293193717277,0.9130434782608695,867
MB_img248,24.874144543143696,0.20647728632319678,-5.862254898942765,-0.3910862023999026,-27.767724909078026,-1.2921252327018913,-23.878716852013934,-1.152812777732686,-5.62957239355463,-0.5492584390394774,-9.711723139747926,-0.3660947506926339,-3.779979663750792,-1.569653110605738,0.5654648687053554,0.16609792333083656,3.0736072090042152,1.2192699635236237,0.08411214953271028,0.5539251650770359,1311
MB_img249,17.370598780419197,1.5143263684427242,-4.541522043624609,-0.688920586231789,-1.3038811225687619,-0.2696801674508956,-1.1098673350634582,-0.4199882592298889,-6.823955443949817,-0.6409715019639701,-5.647750561553686,-1.046640725118789,1.633232665153683,0.29070936427664207,2.8795036257064726,0.7641504234924363,-3.413910175104792,-0.28938050197650445,0.17827868852459017,0.3881118881118881,313
MB_img25,25.158072758188478,0.1632364819599206,-2.6808872112152495,-0.1920187722929291,-34.18732337749013,-1.0620540360545276,0.2367995778820549,0.024136402990130645,-9.047109614725183,-0.5826400182157747,,,2.598759673831107,0.45887967255868256,2.3805116965686177,1.120294233717712,-0.9273572328009833,-0.5909612413425993,0.0925408426483233,0.6050321825629023,1478
MB_img250,37.35293873686966,0.4066203943394776,-9.341662795910379,-0.48228911823501575,-32.87256982275555,-1.663802791896767,1.810850601877184,0.16296771397139556,-25.843657469067598,-0.7430339190910419,-13.424444826661464,-1.0293996641440528,2.5033917659634963,0.3300013954230445,0.28999869168247294,0.12973392960401722,-1.0888979572710673,-0.10077719453122021,0.07927411652340019,0.5857898715041572,1777
MB_img251,,,,,,,,,,,,,1.7977167259569289,0.28259774931012055,-1.297278377202749,-0.4781089491215225,-2.811238979777973,-1.0571614154323312,,0.0,373
MB_img252,15.405248080723824,0.2503288500758166,,,-5.573977532916545,-0.6967569419512264,,,-13.744727260369356,-0.5040091210710487,-6.059293204715905,-0.3796793246860645,,,,,,,0.01945754716981132,0.9230769230769231,645
MB_img253,34.683712363559906,1.0068540858321493,-4.116611700256512,-0.2755790951947021,-10.921612028625848,-0.9915518352420053,-28.649666162610842,-0.8223224228012908,,,-8.269075520890034,-0.5241381210810774,-0.7674331984119172,-0.10558453104910502,-2.1913601473704127,-0.09970982198429681,,,0.36661877394636017,0.3157129881925522,1839
MB_img254,35.23313686456744,0.9113473434462155,-21.79100758053627,-0.9593755557612655,-19.747882815782393,-1.4410799278051842,-11.118264658338376,-0.6102610769487832,-3.878962741518144,-1.5784212162118088,-13.137983809530045,-0.5353380320738277,5.126592802214197,0.29880954388063763,0.7464938245815239,0.04080533224840422,0.34225140004480425,0.11052645746889082,0.2475834797891037,0.3445763626551538,1781
MB_img255,,,,,,,,,,,,,-4.224356166756468,-0.21591497551893013,-11.661061017528404,-0.5174391316655415,-1.4708527825827789,-0.15882320429548424,0.75,0.006524725274725275,886
MB_img256,,,,,,,,,,,,,1.0467923217155166,0.2951280355436472,-0.8472667326732143,-0.3414165244787225,-0.09237666201152259,-0.035623909730721375,,0.0,188
MB_img257,,,,,,,,,,,,,0.88936461048766,0.20310913440235417,2.338621057781681,0.6022984328763429,-3.6056471388077243,-0.14430921943661695,0.25,0.028368794326241134,1585
MB_img258,5.492290398460844,0.19054813710681612,0.5734216532594923,0.10561018796059878,-1.3082156432660315,-0.14925936549962288,,,-5.6714823218379955,-0.24207094940883891,-1.0139884718605738,-0.1518035579924767,-0.42813595032493734,-0.304511041809953,,,-1.1187003890819616,-0.3290391516170777,0.07675438596491228,0.9166666666666666,320
MB_img26,24.46966549369546,0.11088231682164512,-10.787258030945864,-0.7456802551079973,-18.71645916339734,-0.7458509331301126,-14.566348114201404,-1.3679534315551531,-15.656025715359672,-1.1099288325372683,-26.795894176811547,-1.2513680966342058,7.886595761980604,1.6351163402105653,5.2172633745719805,1.7551129408764654,8.354042130573836,2.0549786390501854,0.03599683544303797,0.752442996742671,1475
MB_img260,21.00458668574978,0.35610891176085324,-8.858147748568406,-0.4542696742917987,-17.786903247507553,-0.7791620272538627,-7.187934665680663,-0.5123959157602693,-11.288711762992964,-0.7263003679238231,-7.353571529239784,-0.8013386330201905,-5.454841534330769,-0.8228721067465881,11.382279278868902,1.38114218542113,-7.541689382527371,-2.0521550168337304,0.1936813186813187,0.6088516746411483,953
MB_img261,20.750138345736588,0.39614154741152846,-14.465758008528947,-0.5071419597093983,-9.535817772926153,-0.634908522770232,-8.517205855077476,-0.7815817967950563,-11.041851277785527,-1.1705965761333408,-8.449871546777134,-0.5102365502102935,-12.831739371242783,-2.4615516705116667,0.5847405116037938,0.07017293986396099,-9.64815647925371,-3.1997794054308915,0.2262861736334405,0.5969945355191257,1182
MB_img262,22.17744604287269,0.42746135971620747,-4.014955754471472,-0.16497951651141457,-19.700687798784415,-1.3206532732481173,-15.998656841559969,-0.9066243297394677,-6.700059261961592,-0.8557771298937908,-5.6424911632949035,-0.28474327991952136,-4.452701854364841,-0.564900726388183,-1.3071406561389651,-0.14207824894512558,-2.0058980967217273,-0.41683974191282913,0.22888349514563106,0.5399221032132424,1066
MB_img263,,,,,,,,,,,,,2.4718791810816376,0.4798920983624523,,,,,0.25,0.10256410256410256,72
MB_img264,,,,,,,,,,,,,,,,,,,,0.0,182
MB_img265,18.46023380435394,0.5386078222943935,-2.6369382874391762,-0.19274789793806207,-9.980614658081393,-1.1716670112768406,-4.567347754470784,-0.990117058375255,-9.505341553412736,-0.6408589636072567,-11.009017719060433,-0.5615841133476017,-5.611329105441984,-1.940166750482817,-1.6873661840939924,-0.9126498648972036,-7.911317772273075,-1.952503006153883,0.1062300319488818,0.6755725190839694,697
MB_img266,15.15087473077621,0.035862201844238224,0.8712743429142499,0.06486956969164862,,,,,-19.098597165028387,-1.031649268918874,-17.961734740931647,-0.7144141963339177,,,,,-1.197983272727793,-1.2418401835646706,0.010255417956656347,0.9830508474576272,1376
MB_img267,17.476187962150743,0.15996662796433544,-8.940178778802249,-0.3412025303312778,-8.510659320277389,-0.7164219121852587,,,-5.154938378227029,-0.4120857299733146,-16.157556832946067,-0.7775679101073371,-4.978718901744048,-3.76659516172927,,,-5.251660875370003,-3.3400874640062024,0.09827357237715803,0.7774122807017544,1023
MB_img268,21.650673432163735,0.9360618086748648,-10.66895783216093,-0.5937819604813839,-7.542227003290322,-0.6680995992554972,-7.691423484999161,-1.218888034083443,-4.3739746798999795,-0.43591368679307363,-5.3284084911926834,-0.31179371775364934,-7.0780389228989815,-0.6270796061267984,-1.7608092559573718,-0.22917217245942859,-3.694433036712286,-0.37545653587666167,0.2692307692307692,0.36476868327402134,882
MB_img269,14.836878929838418,0.3503678297876001,-13.899068441290993,-0.5008385964103571,-0.30005106841967044,-0.02566590417740898,-5.226194304864918,-1.1109120370349586,-7.7796726146093,-0.740696974823498,-7.157692172642858,-0.5801454844233803,-5.405633651515978,-0.8873163712010691,6.909895199195117,1.0144995696951151,-6.347892967013566,-1.0328702463447048,0.26277372262773724,0.5980448533640023,780
MB_img27,11.4753266938865,0.9076421950216567,,,-5.282914819714726,-1.9808087349801629,,,-11.315880253081858,-1.031068884327321,,,,,,,,,0.018292682926829267,0.6666666666666666,109
MB_img270,,,,,,,,,,,,,3.659533419892848,0.8458593224153549,2.536347313028658,1.0365258760251141,-2.9114163353799762,-0.5582676340557361,0.0625,0.021505376344086023,243
MB_img271,33.962688643243105,0.5958970403148085,-11.120965205884593,-0.6938488087930706,-17.323127038156475,-0.8787206488503897,-20.235791933005792,-0.8387190929669394,-20.195280739203696,-0.6959115215181205,-9.302417511010342,-1.0224664554708633,-1.8100874579422572,-0.2583248746488612,1.8698493677727304,0.16835884691045835,3.0781760061915038,0.2046705109191883,0.18357988165680472,0.5005413208228077,1910
MB_img272,15.739038106067365,0.0861492864699506,-6.840460336251284,-0.30413607233652584,-8.720454939704402,-0.41657555383911254,-6.640445840924195,-0.5192584611873552,-13.951004750461728,-0.40063115728176246,-10.089048181984182,-0.4747888706148692,2.880331592485855,0.7545596541809444,0.7733179306477447,0.38529015588479165,-0.11578166815987295,-0.023677798217317837,0.05388109000825764,0.8705035971223022,1507
MB_img273,5.619576126667617,1.7647105846491102,-0.30860327709160607,-0.0612001564367376,-2.217435349576681,-0.7952128110208692,-1.7060875166004519,-0.12757915802793654,3.200907108508915,0.6354871721182445,-0.664306396408844,-0.21163525332714955,-3.104165128671691,-0.3183754743658539,-11.07184414257294,-0.3336457647796151,1.026371698079994,0.09048797387791195,0.7162162162162162,0.03829583532790809,1960
MB_img274,19.510304039758203,2.141166432184823,-0.6939441850932314,-0.13846286881967895,-5.342322127575483,-0.5656770747848738,-0.7453053331232743,-0.10312458519459543,-3.16412133768337,-1.6162792704770934,-8.779150414835112,-1.3019713803663664,-4.5189152706884546,-0.5262526296000385,2.0905743168744,0.2725769963558201,1.1612371066925462,0.34051031576546287,0.42045454545454547,0.19141914191419143,560
MB_img275,22.275121454667772,0.6029680139178066,-4.301767833539083,-0.17436641420703666,-7.956542295586643,-1.0584781330388537,-18.58297030080178,-0.5324807925004776,,,-3.252164076341324,-0.12786987668824099,-4.709703531810604,-0.9085247241568284,-11.48180440332881,-0.4373729625073789,,,0.39166666666666666,0.4111997100398695,2180
MB_img276,29.608726873870427,0.9298159963578722,-11.039468720882835,-1.269744213150975,-8.647426954564494,-0.9394443564655568,-5.772569009484678,-2.198269627136274,-11.997700507223819,-0.9368845182888107,-24.211099880697986,-2.7289419146112586,0.6234691381587987,0.1163054168708565,-0.7629854978857387,-0.38799267626461514,2.7972409786258314,0.310400413605065,0.08814102564102565,0.49382716049382713,562
MB_img277,41.299649809431834,1.0972562235582994,-12.7930890346274,-0.7057212418047137,-15.804986490864032,-1.3528050014872044,-33.484911558076526,-1.7696742790291633,-5.896557753622099,-1.7697717392494476,-10.218390441508795,-0.5182543506371825,-3.2124991357694377,-0.3376490474001484,0.3940946684161163,0.020218713206219353,0.711045219437435,0.17028572029426997,0.20183044315992293,0.26093959731543626,1664
MB_img278,22.116338448231474,0.22486027693239857,-13.679310895856357,-0.8571308812522502,-9.39330006242042,-0.3602514105587217,-3.9811149583913084,-0.7542297134636478,-21.573807150945477,-0.570897489277599,-4.659678805423087,-0.42124264880555196,3.2939464512321734,0.5539474111639027,4.619734920906217,1.614845103115656,7.007447591425419,0.6816607005973024,0.0854252049180328,0.8008008008008008,1460
MB_img279,17.099357842212115,0.17807532075273355,-2.927276625342125,-0.24092238336843447,-4.826196516795084,-0.3756187106323179,,,-18.80612785223625,-0.4300522236591103,-3.3336385809657076,-0.26548305859740673,0.40411388026394424,0.18794191145966727,,,-3.4564488870139045,-0.6405971996939748,0.03505586592178771,0.9038461538461539,1351
MB_img28,1.4015727282348696,0.05154866233017737,,,-0.35437455061678663,-0.04204047191020891,,,-0.5461403953687448,-0.05362514365899993,-2.3456372418572617,-0.22048604284417278,,,,,,,0.07091346153846154,0.96,155
MB_img280,18.28470189047891,0.06792586044592762,-7.876953223620538,-0.456806149230474,-20.375735255319793,-0.8757654494288326,-8.003841878208084,-0.8642686999483365,-16.673416644392887,-0.7200317716273585,-3.508484461960182,-0.2656295151770445,4.391938953327552,1.2273364186703386,1.8915483678855705,0.9749712055084775,5.951528228216699,1.5508693020527484,0.029243542435424354,0.7763401109057301,1514
MB_img281,25.48506147385147,0.45446493771306873,,,-12.98363616139054,-0.9257951045793119,,,-23.511495725127528,-0.761345923928782,-6.621554191455898,-1.0644760924549548,,,,,,,0.044549266247379454,0.6898550724637681,863
MB_img282,48.95545610089457,2.0723236336097943,-12.106679553761722,-1.9115262963086725,-30.229418766558958,-1.8060884380897835,-14.308036697429651,-1.9167864794394562,4.958867824264067,0.6701036397701334,-8.510235003001934,-2.6408026911367437,-2.935717856097019,-0.13905204022370857,-3.8956761663004733,-0.4603123848678822,-3.7238444424306536,-1.1541866987671903,0.19702380952380952,0.10005053057099546,1184
MB_img283,25.35171622489044,0.47070059741080633,-7.620740977046672,-0.8037280157058317,-12.686330334145506,-1.1301127083552904,-5.213355752797669,-0.8745045645332823,-20.70510555417429,-0.6603112618636955,-9.600833081757742,-1.1212738095310857,5.179937256281735,1.0233972765648451,2.3962345594463224,0.9406447223835788,-0.7723162118672221,-0.08569919508843066,0.05656424581005587,0.6573426573426573,1031
MB_img284,19.53943254642467,0.17975207813642297,-3.7052822725459005,-0.25581730703678135,-14.230232021673741,-0.5055641602470965,-2.703638667006199,-0.2878970326971339,-19.55835717018801,-0.5476454779078961,-7.982118035057487,-0.6489849186269816,0.2619205064205389,0.06340917017606146,-0.2773951022699425,-0.18269229751619018,1.2834323819903575,0.23514432874529587,0.08892617449664429,0.7980072463768116,1476
MB_img285,,,,,,,,,,,,,2.2965229147220168,0.5212565477848328,,,-3.5172455191530934,-0.8695125268124569,0.25,0.012422360248447204,206
MB_img286,10.566132270290781,1.0614507262339459,-7.224011354809817,-1.0139007269846874,-1.4578852673989053,-0.3435453681044955,-5.458934474193786,-1.7925083421284917,-1.483462651477318,-0.2725093542015848,,,0.24809153695808447,0.04427389978079205,1.0714171462971327,0.1725644159273665,-0.26785323023739854,-0.04202987552225581,0.2534722222222222,0.2887537993920973,126
MB_img287,44.08079842015795,2.8624126741507188,-9.517762747582989,-1.1323499235486425,-8.698493802452846,-1.2234225499349374,-19.108352905353442,-1.49743885095614,0.6779317931058351,0.12658049656514325,1.0846481193241349,0.19096931156574695,-2.0781500203146046,-0.10651380619703013,-18.237923003878485,-0.6946924193061101,1.8635329747901936,0.1856654599759356,0.3244047619047619,0.06226259289843105,1672
MB_img288,18.96510593352481,0.2644383596378816,-13.766889444878469,-0.9488913015630075,-4.448468324773735,-0.2298861296167812,-15.308143732848585,-0.4966869064454232,,,-13.46467392622958,-0.7485675754683072,-3.9834880093287444,-1.3553922108121372,7.6548339725764984,0.7110087230644291,,,0.21635240572171652,0.6509515570934256,1261
MB_img289,24.48707598158776,0.7010484835319477,-4.53716529161999,-0.5213152816969531,-15.875666195049417,-0.8112361404217154,3.365396410341671,0.4553858927428501,-19.92333292702146,-1.132535830152754,-6.318128337110124,-1.7492660838148064,0.314723556963897,0.04233426566395369,-2.111232264937557,-1.7191834404817896,3.778162784904085,0.4702404852684948,0.1780821917808219,0.5598006644518272,838
MB_img29,22.504983138122828,0.22565532466589547,-9.882256429988368,-1.843459577175297,-6.118045974422227,-0.6869993114263571,,,-22.909429313333305,-0.6731650834644833,-16.66272840331348,-1.2444979673573502,-0.5288866411630951,-0.4356285940520905,,,3.373677839510536,0.6695151449461916,0.011642156862745098,0.8785046728971962,1125
MB_img290,,,,,,,,,,,,,0.21328385855957144,0.027728114981639233,-3.288693573324607,-0.3331983231907132,0.981169699538175,0.2181326825150619,,0.0,361
MB_img291,44.97417368721018,0.5345211218200815,-4.325566477907975,-0.20006486151430983,-30.0836628402075,-1.7387412937732198,-12.207659280225139,-1.6354896560395387,-34.44830797835546,-1.7513208871432764,-9.083949034749423,-0.5992587672456318,-3.9684342036525755,-0.6008860288053526,2.8128813161289776,0.5975016963815024,-3.3295686553946044,-0.4233860805693055,0.1178082191780822,0.5390410958904109,1314
MB_img292,1.2903254316508421,0.5624678629340697,-2.129405811767346,-0.852886649473319,-2.102185612125174,-1.2705289423807182,,,-0.09876690721483747,-0.017073513358941406,-1.2717700447705693,-0.725741156503952,-0.6523449665314924,-0.20967615847023696,,,0.07700591749094497,0.009262921328968016,0.1875,0.3,74
MB_img294,38.44405095837997,1.0074223640526048,-21.801790229723892,-1.5977530645955453,-17.528904618912545,-1.4898414527598869,-20.406316621787457,-1.1518554084411095,-3.5732428681889363,-0.27301849440641596,-7.832697976295757,-0.4705035709310432,4.561993067479018,0.2870032879631091,-5.083897871323172,-0.3289640855344921,0.7251594875489752,0.08007561260405027,0.18267326732673267,0.25935085007727976,1518
MB_img295,22.48807085682933,0.2614780049926484,-5.198824546915983,-0.3390077801904959,-10.927530516435693,-0.43429256157478163,-4.710560069425503,-0.5284685615938551,-21.20600509362265,-0.9092596790028171,-12.225991231571086,-0.5900071786115058,0.6771513644347767,0.12189230502051089,2.1125919366219543,0.8268725665193438,4.593980965452338,0.6682881952358093,0.1132404181184669,0.7779618889809445,1348
MB_img296,31.539341540758596,0.48345471136522605,-20.28232068039048,-0.7902156446339414,-22.768340571865235,-1.0124519193129318,-9.445040586226211,-0.9960315884595022,-14.930775250653436,-0.6532097654270117,-6.921798455375523,-0.6447045844130456,1.6337913141409808,0.11407633220665446,6.322432264885743,0.8052825371064003,2.3311833630836887,0.16085990539779368,0.1739825581395349,0.5028735632183908,1647
MB_img297,25.46312871416601,0.451114658921137,-26.156719389743063,-0.6006634208234163,-4.039633279793231,-0.45249696058652866,-4.085516436702792,-0.47228330580968325,-2.95960876116293,-0.6030392791002849,-7.6572919236224655,-0.6816412352293434,-3.745837168156319,-0.4716210276452113,2.478230594027916,0.2462354152869849,-4.2885248829432445,-1.2352894153508898,0.3197637292464879,0.4959152130713182,1652
MB_img298,14.76238223381194,0.11925659496099435,-15.421528910725128,-0.4990435437979258,-8.068939885499535,-0.3180500526734084,-3.034183558081439,-0.345003252620075,-8.780291340030919,-0.6518143645413509,-11.115874890520873,-0.6563835687295709,1.1526371927547412,0.1542949049530395,1.5460398600216434,0.47868471830304693,0.47628711055484524,0.11458393291025223,0.13826481835564053,0.7559558396281232,1384
MB_img299,26.265927719600896,0.20547978948356985,-8.155961187064849,-0.7429000902828535,-30.034941550082667,-1.1493876355212282,,,-12.97544425677254,-0.6430379243687514,-12.094385532644342,-0.954479560707844,4.8662221389288725,0.9092793838220193,,,3.6093838680013053,1.042650610009264,0.0675990675990676,0.5689149560117303,1133
MB_img3,50.20489235049899,1.9574851891928853,-9.1349873160578,-1.3523818914290762,-33.22669116065454,-1.1663516486189731,-5.588670074940061,-1.6855197215040862,-1.9202575305415788,-0.5060723437560863,-3.465965274409606,-0.7334099668805685,-6.825839849765962,-0.236147943466505,8.350668113005353,1.3199257419762147,1.654079636267576,0.4047166936011237,0.34056603773584904,0.13762228486154868,1621
MB_img30,30.35095000774798,0.20698651873550636,,,-14.915838622627614,-0.8283878626164217,,,-32.52670369366572,-1.3757591380126446,-18.440844177354684,-1.7890336414100807,,,,,,,0.018239795918367347,0.8956521739130435,1220
MB_img300,28.49043028955369,0.8116156616571475,-7.362477096553961,-1.1981199233859177,-19.405658020106305,-1.2215573028835285,,,-15.335757158749665,-1.402083052005876,-2.9383349834156975,-0.5025741337846603,0.979698471969149,0.15143070897378894,,,3.8408249314119507,0.7009571708295602,0.1115702479338843,0.43943298969072164,533
MB_img301,19.59823145826191,0.46393178094816867,-0.30196331672211263,-0.020733014020030832,-13.25476229321824,-0.7528181993894345,,,-13.80708819455837,-0.6401894751174387,-12.586327435754983,-1.0898370901196204,-5.071148589638445,-1.0097054722836671,,,-4.33195793855607,-0.7102405807568536,0.14903846153846154,0.664488017429194,846
MB_img302,20.68684538770895,0.22062739798859862,-0.2562178849987346,-0.034215715337912955,-20.411117631818406,-0.7678600128368174,-3.6556083176351497,-0.6306563656182357,-14.143837788158763,-0.49815420400375693,-7.486182184690668,-0.9874369859943152,-1.994065284528186,-1.1473066987802933,-0.5075130701501155,-0.3617683594191534,0.9811975216206554,0.38646834708207295,0.08499377334993774,0.7079556898288016,1130
MB_img303,30.75634753363129,0.29098698112989446,-23.313576747917526,-0.49492643669903036,-17.763239948326557,-1.0260412121056242,-9.298073202789558,-0.98296942335453,-13.293304596883885,-1.2810175188897546,-20.024281437126085,-1.0753056558417091,-5.497702021329854,-0.5477150548163532,-1.2429911892949188,-0.1932823347729256,-3.2761682641078576,-0.48979201973164377,0.2051868802440885,0.6289556962025317,2099
MB_img304,21.126671721173068,0.5340027445422784,-6.698413500161508,-0.9232297730080338,-19.641502291378025,-0.8499992594660979,-6.77161033106434,-0.7984356956644465,-5.773076291762157,-0.3844219855326036,0.804202255240362,0.15822161618020741,-0.06796397806882855,-0.009299392198611825,2.3562402689125146,0.812548945972674,3.0008796088387797,0.635753342807908,0.18614864864864866,0.47724317295188556,758
MB_img305,18.947686782063943,1.911676105282806,-12.181412370294641,-1.9155021543491453,-5.819390045911772,-0.42592351725637356,1.0164396035912797,0.2276920250415966,1.683008661511187,0.18479721611971056,1.212230910130378,0.1869817860596429,-6.316494361129077,-0.25731240568560754,-3.273048364561493,-0.5719014903284718,-13.672599409304281,-1.2189400942848372,0.390625,0.12015065913370998,1007
MB_img306,55.64913416724314,1.3206757286309594,-11.814569148105273,-1.4649449722514025,-46.95171353069227,-1.9240485988207463,-14.861447563415666,-0.7843030394249668,-7.828770462815951,-5.449561374613236,-0.7385870909140871,-0.12955778983235808,2.5454729644100365,0.13005656675069988,-3.946012836991804,-0.6249544761780453,3.233133682527048,0.9538582183552793,0.22848948374760994,0.18792770661519564,1737
MB_img307,45.27828536433633,0.8537832421672782,-35.3927755537616,-1.3891842621267116,-19.21818202237522,-1.1438549813956502,-14.672641303689497,-1.4144411008545845,-10.335490268762989,-0.9061837963582149,-6.915797514201454,-0.7337246897471378,2.2208634339948627,0.10795984045875164,3.126762849697686,0.195192444329728,6.642441970764213,0.46898059534449055,0.1966205837173579,0.30849358974358976,1564
MB_img308,16.490124128083835,0.23492691297631796,-0.3436359699352378,-0.05123822754648612,-5.395907351080499,-0.3683820018080754,,,-15.114652712247846,-0.6889827636098425,-13.003234575421128,-0.8485475933866339,1.0852645977906148,0.5528616575541322,,,-1.3594958628898488,-0.6667565918848035,0.04782608695652174,0.9239543726235742,663
MB_img309,29.023227627806772,3.750771393691237,-0.5494418206371132,-0.17751920259781404,-2.388552567883243,-1.7290088703378632,-3.2684132357765554,-3.27500704749987,-0.2219763204837681,-0.09423606984576563,-2.4331079837245233,-0.41988457141022434,0.39934178667654135,0.04557669015692703,-2.915999961367616,-0.38874377123435616,-3.755195264646661,-0.6099383881939188,0.1375,0.027419354838709678,745
MB_img31,,,,,,,,,,,,,-2.100429741769518,-1.080657663345225,,,-0.8340358387856551,-0.10502725136115466,,0.0,243
MB_img310,24.659891514380718,0.6071845106662802,-0.16460935085206196,-0.014670929370800556,-22.30316944498774,-1.2928440135312105,,,-10.218424608986126,-0.40017055855095346,-13.181892312556817,-1.281953202593244,-1.5283111869004649,-0.25432528464173604,,,-3.5581716384892794,-0.499684280464599,0.1091804979253112,0.504930966469428,1073
MB_img311,13.088435624086573,0.11016994065920042,-5.922977827443106,-0.6235993493281252,-1.8452469042706436,-0.20654516817958626,,,-15.897274872947275,-1.569679240941645,-8.82735735751,-1.8101002987964214,1.2145467371314969,0.6523343436990295,,,5.010231644187718,1.49650159990774,0.026923076923076925,0.8990825688073395,368
MB_img312,27.761878116785546,0.637973795101122,-3.859396424789163,-0.6631062733747393,-29.23812441321719,-1.057547012244666,-2.945846805610303,-0.27034461297667267,-0.21386457589812766,-0.023468280503905394,-3.4148291706859144,-0.4306970010173588,1.1313216614894244,0.14277593514063922,0.7178260780837058,0.31094938715029263,0.15736070573363384,0.08467032398699051,0.24080459770114943,0.3973249409913454,951
MB_img313,7.102046553198662,0.020395195727768642,-3.1939377117995478,-0.2740334047830509,-11.034105427470166,-0.3151438370307463,-6.472900698878882,-0.7679372365782817,-4.241394313642,-0.1812727003871821,,,4.575976267262077,1.5388207190764356,3.3637263442849226,1.2746223801090057,-1.0868761023578457,-1.0426443374084937,0.04726536124240378,0.8399452804377565,1607
MB_img314,17.87858035711159,0.4642066784405916,-11.502605146347689,-2.493285650513435,-14.396145372188906,-1.1951321983679706,-1.7182057503668926,-0.3411023743828374,-10.694205255863483,-1.1745684624517443,-5.650975229050291,-1.4883436166153605,7.060057794267275,1.1927802313492952,2.2606983592570287,0.8872998672506377,6.53836598758212,1.257880293869791,0.07647058823529412,0.49079754601226994,271
MB_img315,13.237909455493767,0.7341573226301545,-7.721484365520964,-0.8461906022738033,-6.963723978653819,-1.2523597597588463,-9.099262436345352,-1.9524081223264418,0.1435465352361935,0.03177756112695043,-3.00684862215196,-0.4681488357384062,0.7188882062601548,0.11039666618268135,2.8140361235358613,0.39175848673728114,-0.8472320626733145,-0.2822279710671046,0.2059659090909091,0.35173824130879344,212
MB_img316,16.086925560605575,0.13171527804964892,-9.621241645722115,-0.9381197071499846,-6.682798106879942,-0.8644888243065436,,,,,-23.407482827713377,-1.7370593662963028,0.3242659705844184,0.1988413439063015,,,,,0.02254566210045662,0.85,503
MB_img317,17.80438081927728,0.07490248229937511,,,-10.324281297343544,-0.5138212923716479,-3.4828012785692484,-0.30520829068035477,-19.073790166952122,-1.3084350135393314,-16.516718075394614,-1.1292392429800213,,,,,,,0.027114427860696518,0.886039886039886,1119
MB_img318,46.19536305516913,0.9087076940864082,-15.187486179250946,-0.9989729976233326,-41.546608839882644,-1.435957237371959,-18.14538356743569,-1.6080577882566363,-5.603601065036781,-0.9683160755270153,-0.6638127999317986,-0.06210573619157977,-1.2483011552340737,-0.059985967563806274,1.8664606987830015,0.19761113875813308,1.0653566922799744,0.29576038052019155,0.22701612903225807,0.26303317535545023,1616
MB_img319,39.39509648755994,1.549535333514478,-13.190798438436131,-1.5260444941918652,-29.524331117431856,-1.0737554807077538,-5.178964336581553,-2.679648990502172,-5.317401144417742,-0.5141004884069286,-1.6092848270463918,-0.3476656563009707,-2.5393768355223414,-0.09916429087744967,4.165510087796136,0.8877548086663661,0.1758050744758028,0.022186507449548334,0.3017086330935252,0.18845057034220533,1320
MB_img32,48.10565259894382,1.9496120805676085,-13.028781672259116,-2.5497513030336423,-13.362131164937093,-2.2603483223155547,-8.79278515430974,-3.619119511453218,-22.72126217434191,-1.1454489094461053,-9.568221120095458,-2.1256143689645217,-0.8836348189376328,-0.13023318542135223,1.8580752516842953,0.3862633751358748,1.3316262727808463,0.06969162028621219,0.029228855721393034,0.15789473684210525,1009
MB_img320,21.271562508059105,0.06568660401574954,-6.266064363392392,-0.441295990785887,-12.050057150782653,-0.7161033962287188,,,-17.669838966999585,-0.718150451283346,-20.842697361209005,-1.0126463986352505,5.570519553877334,1.8970060066766745,,,5.650570209482211,1.6363616532278005,0.015,0.9035087719298246,1545
MB_img321,25.599170120057195,0.31742974556495657,-12.307870636156052,-0.5885959231759396,-19.92791811890055,-0.8231231825823484,-15.964136824563218,-0.5051792165742012,-3.1258133137904207,-0.11827264695550124,-5.4898418143149605,-0.668953589833579,-3.8606211823439898,-0.47797527483244573,0.8021748469055857,0.08135057207652147,2.2231000088442388,0.25879208284410343,0.22346153846153846,0.5617816091954023,1780
MB_img322,31.178876240982582,0.4517351226691788,-13.24457626018346,-2.009305013464349,-18.885229680218995,-1.0223101617250887,-5.2728776575584995,-1.6252704893746932,-17.707740256150867,-1.0163653278875509,-28.649525836362148,-2.8428874323115365,-0.15365601026814862,-0.03692656899835747,1.5891424363990718,0.795233249345387,0.8611808898811265,0.23413888896175045,0.060861423220973786,0.589527027027027,832
MB_img323,,,,,,,,,,,,,,,,,,,,0.0,102
MB_img324,38.69654277736565,0.7755622012476568,-4.052255381690914,-0.3979069161581951,-13.297984736821705,-1.1915332712006805,-18.734654169017464,-2.6482884360899854,-16.40477446378472,-0.9719573354150084,-26.201352998073585,-1.9195465025979033,-1.4868285330913582,-0.34091827027211596,-2.883431226895927,-0.8422907882097337,-2.4949486901873685,-0.45538202249411297,0.0793010752688172,0.47434292866082606,990
MB_img325,25.761877281734353,0.39553420564020647,-21.60312707094995,-0.5951313102623459,-9.255792429290716,-0.6872771174857832,-7.019987316909615,-0.5307443940480969,-8.033873456654758,-0.5411747680788338,-14.523007394111435,-0.5633111698314928,-5.35747117250615,-0.6052163847059235,4.348696152830092,0.37443314425086943,-8.818732894892564,-1.1976138096910742,0.22255463059313216,0.5724258289703316,1881
MB_img326,36.314633901007085,0.16461331367675425,-15.671117903324895,-0.7270875822114686,-41.14321365495388,-2.011751636256786,-29.66891830937447,-1.4845836632207774,,,-14.44010540934748,-0.9169618591786789,8.012939608179709,1.2039493084777042,3.009601316732552,0.665029803439531,,,0.0542911744266852,0.46153846153846156,1734
MB_img327,38.594476390716714,0.23861342304432423,-10.646199295135117,-0.8826114974576991,-16.015592859021613,-0.8751863261041846,,,-44.02154701250706,-1.1682138567570428,-15.605377753911474,-1.2626916195814104,5.750292102682394,1.3989936765085784,,,6.71403300293864,0.9760856860898863,0.030805687203791468,0.7897838899803536,1676
MB_img328,,,,,,,,,,,,,,,,,,,,0.0,99
MB_img329,24.951146556548444,2.089833267315245,-2.1851006634709185,-0.18527021111338815,-17.183918476569268,-1.0854969246343282,-2.711395688625594,-1.2234225499349372,-0.9598477124282263,-0.17596808424509597,-1.1971736658579333,-0.2139139928967278,-15.37989261224154,-0.5100901052507546,1.5083097529730558,0.22736022885891172,-2.794850640759346,-0.2948800160666978,0.4605263157894737,0.12030258662762323,1191
MB_img33,16.989033007044963,0.1843160552822214,,,-12.187088409031018,-0.8831087353054874,,,-15.962223836739225,-0.7164088335582295,-12.75869100300506,-2.0642087426283373,,,,,,,0.026568825910931175,0.8009259259259259,624
MB_img330,20.005245183090842,1.036608083212856,-1.5186430090324259,-0.16204186063761278,-11.604490613108025,-1.132853703056532,,,-14.413611428760264,-1.26970586675019,-4.325564231386591,-2.345538310070008,-3.6992364531093185,-0.5854077082670096,,,-5.325309134136384,-0.7352710007925927,0.19158878504672897,0.45188284518828453,315
MB_img331,25.239633293095423,0.7459587670435553,-5.5312095516757225,-1.1264944297765482,-26.075006071764925,-1.8921359136652747,-6.203927014158823,-1.1900458868944386,-6.230159983482077,-0.7058882626728384,-8.550024907177658,-1.0539801681876513,-0.15864716447053068,-0.03074352343110796,-1.3143017369395764,-1.1259816538547154,2.6573654478493016,0.8961107568552761,0.0821917808219178,0.28714107365792757,442
MB_img332,38.463499860062036,4.216434966040048,-5.44419896910788,-0.9026938117293809,-2.3280194462900674,-0.4807821244039804,-4.574160913419484,-0.7333887761747098,0.6406507913168367,0.2126658753516741,-1.4486876515044722,-0.6118162008241457,-13.850924848722448,-0.5624494471003666,-20.292305904094956,-0.5323974570135247,2.944196637631356,0.1793507840862999,0.5113636363636364,0.02125051082958725,2005
MB_img333,13.139984952159272,1.5560178911271096,2.70195176184208,0.3405868671865605,-5.966463381895295,-1.097775215686477,-1.3533984951960119,-0.4973994688363175,-0.47783012777520584,-0.0816678656033158,-10.063747108459724,-1.0426138876350486,-3.9579088925528323,-0.5957913782086067,-0.6034346616234482,-0.18727508341774174,-1.3199220645469807,-0.2285621885766544,0.326271186440678,0.33783783783783783,434
MB_img334,29.021337448816983,0.8416309140536335,-3.8810223942659614,-0.4838646233999584,-27.93428624466309,-0.6112926266853979,-1.498914464966471,-0.17194841697860946,1.2035086084017828,0.21759143507262685,-5.032696015864996,-1.145552052523481,-2.134505227698757,-0.13519897862397157,0.9811452396168506,0.3275746580285044,-0.429978393588409,-0.28095631383105596,0.43486842105263157,0.33865767878077374,1895
MB_img335,12.449511237035185,1.5007503051413815,1.7920395092881525,0.2577481334228953,-4.913808171111225,-0.9929755508670314,,,-9.753586254926994,-1.5949373338027206,-3.0724921566713856,-0.6561952633287071,-4.798379440548076,-1.1124310987083237,,,-6.419340656568429,-1.0248572662986057,0.284375,0.4163568773234201,237
MB_img336,20.01376671612194,0.10542290488053933,-6.572227497753655,-0.6664870120410811,-15.332082147986023,-0.6646959609964175,-2.825242720897987,-0.3799428684513616,-18.09120587761878,-0.5631470175753635,-7.9678621422178475,-0.8375244016962172,6.350189617665009,1.6438561897747246,2.3147117364324776,1.079071570991199,4.861148969909934,1.2312049244734362,0.034475639966969444,0.8272058823529411,1439
MB_img337,27.589438033777977,0.3938297253877891,-17.916820833184726,-0.44800941764505287,-4.371945908596568,-0.4257702334678543,-3.336605596972152,-0.7029037580925733,-24.802220371117286,-0.9523386245618528,-8.508876514071822,-0.9155005588993601,-3.828308340520613,-0.7067539045104428,2.0276380041582773,0.41119543298444966,-17.582874613114274,-1.1146437990132803,0.2126885775862069,0.6057322614470465,1762
MB_img338,23.37262476090213,0.10480593322705983,-12.416326072917332,-0.5386939231471337,-22.822714753014413,-0.48790915702250887,,,-8.13027179610319,-0.4522997095730262,-6.0118243983160555,-0.5164031246961707,6.098769566635783,0.7055834686812088,,,4.3592477026403325,1.1948951876382716,0.10077247191011236,0.7691666666666667,2185
MB_img339,,,,,,,,,,,,,,,,,,,0.3333333333333333,0.4,74
MB_img34,28.098852501917072,0.18255447839435832,-5.675030173743048,-0.5916653384970769,-18.28791932608525,-0.606098048001769,-3.9455294195978445,-0.7861781287987667,-26.988048300804213,-0.7741009492138663,-8.28444503161743,-0.6004819754529127,3.269568017667659,0.9073005103835134,0.9341147605185139,0.49410907027004275,2.8912019871750476,0.6979404371841433,0.05416666666666667,0.8098086124401914,1668
MB_img340,45.4578824952312,0.7796288698196882,-26.4582258395811,-2.0013498362864763,-25.052639736936467,-1.7390549428889333,-3.7584097755694685,-0.8554202498801722,-26.451085203303407,-1.4777367716435563,-15.167698642696227,-1.2802270222259813,3.075885759883764,0.24793453045987635,1.4493269369019057,0.48847573612735457,5.547997692680586,0.37296002024738967,0.059286898839137646,0.3340857787810384,1218
MB_img341,23.08792091379838,0.07865961788747906,-2.4866676289860417,-0.26928785956340023,-14.323837296251563,-0.7069181066850792,,,-26.313285050889988,-0.7142677234795024,-12.386913235138953,-0.7416931373277547,2.3799382693059905,1.0862010350493039,,,4.663485272328046,1.4657039845406066,0.01315423162583519,0.935361216730038,2033
MB_img342,13.767326342052119,0.5550583279264646,,,,,,,-19.267433749983777,-1.504117352682162,,,,,,,,,0.002577319587628866,1.0,166
MB_img343,34.63891835915906,1.1108657398457027,-15.96091106919145,-0.5087226820802154,-11.388432458965667,-0.9845003303075743,-4.829151092351041,-0.7494831888737072,-12.43537036818932,-0.6827984882088772,-5.102190175140415,-0.4780235583116754,-5.422300675202291,-0.2276067018441129,2.4738373651009535,0.19834050491793093,-18.55189841835568,-0.7713327746042825,0.3471927966101695,0.31397043514470124,2052
MB_img344,26.642982047916124,1.732070012185681,-9.452969735952642,-0.7971582779331872,-9.293065478500544,-0.8186073945213695,1.319350819870236,0.20866269813198762,-7.854813344977744,-0.5035457102902989,-2.3911581407100595,-0.39942602583628956,-6.941092422246648,-0.33942710948164095,1.3183921477785912,0.15350199751846721,-9.220578325026144,-0.447720412577415,0.30128205128205127,0.1982913669064748,1223
MB_img345,20.886037299086233,0.05671982263658173,-16.77712379564412,-0.6624850695520468,-25.020640842695972,-0.915413260805123,-4.809528078585165,-0.26348145279524604,,,-17.27376620017894,-0.5774210809614331,12.484859666888262,2.0675068193582766,4.362181601289746,1.548256299086047,,,0.03454172366621067,0.7546549835706462,2424
MB_img346,25.598553585946927,1.2747053177902592,-13.115839729906108,-1.2629180547678904,-6.897866427146822,-0.5036947369283181,,,-7.367730423689499,-0.7076131344923539,-12.116567440644713,-1.7143187955532213,-2.9621825106370125,-0.22891035340596955,,,-4.81097686688542,-0.4341571078848025,0.23802395209580837,0.33555370524562866,651
MB_img348,7.625677615678003,0.11491424280355123,-3.337587571320067,-0.2095763219492747,-8.106543015131399,-0.8675287344192909,0.4677033368545227,0.052814054936862406,-4.757601596453509,-0.15177675490607423,-8.16820485441008,-0.558009235668292,-2.5565165914297734,-1.549053029337288,-1.091260013145168,-0.6553518286125543,5.948332699868526,0.7291067708230129,0.07002508361204013,0.8540772532188842,885
MB_img349,31.977079526607167,0.7768745644158396,0.7792486573337095,0.10991468646649759,-24.588088632586153,-0.8171082951814821,-15.577756391946384,-0.5940879623547344,-3.1054681743677257,-0.24102163316490258,-0.41974606762183164,-0.06936577691487862,-3.710129064610493,-0.614495699088707,1.515368805977675,0.23956612532988839,1.6888425879894429,0.5372932493298418,0.3567023026315789,0.3623812085350547,1794
MB_img35,35.28564788679019,1.4978527386358,-13.705347647158801,-3.0454581659019166,-7.6505209153765605,-1.1642383416443867,-6.536940056122452,-1.5298640178380054,-12.900345486501383,-0.5420582996744022,-13.203444563866498,-1.9429267465708002,1.8182217115302646,0.2649366222115079,8.415205483614724,1.149772800618079,-5.96779790780364,-0.3795833713149134,0.057692307692307696,0.23251417769376181,1011
MB_img350,13.437838720095932,0.3819394012800832,0.22140189055137124,0.015275510189134606,-7.4920971399302845,-0.9958880135077105,,,-10.06291459225803,-0.5053602930309896,-9.462100767748877,-0.9319981591776663,-3.615579057031284,-1.4103411046140875,,,-8.299897144337365,-1.9889371047661417,0.13275193798449614,0.7426636568848759,484
MB_img351,24.88145912977564,0.30932718812364507,-24.58831279227957,-0.7769577049110928,-9.862978151947157,-0.4912892277030956,-4.4999903310070195,-0.46869763243844503,-9.76330672878864,-0.36236396537037263,-8.859968938364062,-0.4543285028057559,0.5163940229675427,0.046397921120484825,0.31416987520929784,0.05672780508441259,-2.7662190367139394,-0.2123964056721888,0.16289531079607417,0.5991228070175438,1625
MB_img352,12.104292981221214,0.1772248326749423,-6.90791894754343,-0.31133466359267237,-6.833511168307368,-0.46069888480446436,,,-11.372531861954197,-0.64696722233628,,,-0.7028394310064017,-0.13059008913727968,,,-0.6424982333370961,-0.09972802006688357,0.1632830626450116,0.7472160356347439,632
MB_img353,26.47939932779992,0.21062131845049198,-17.80166934859059,-0.9133217136187576,-21.41026085883249,-0.708624166734832,-5.671943545655562,-0.835924074254375,-20.76873210286612,-0.7581453250061111,-10.130257272586315,-1.8274981523824154,3.1614263428585576,0.4397741776003503,2.64897591806743,0.9785202725895485,9.991082996501152,1.0402561480610182,0.08719931271477663,0.7015669515669516,1585
MB_img354,31.071989887722047,0.24978940518956233,-3.8042673960979485,-0.5280949853820265,-33.69817837490491,-1.0799279090850937,-4.565191355940954,-0.6576400052078244,-19.263958606127364,-0.9666772840240514,-3.6112820515609885,-0.432068579806685,1.4171791036702641,0.3672664740494646,-0.6153031198111649,-0.5058909297299572,0.9281512871207797,0.42576390587190216,0.08930335968379446,0.5908450704225352,1385
MB_img355,19.113046117359527,0.07566090248638416,-8.630917431854868,-0.5484806623340819,-16.20530548343277,-0.5047567320009402,-6.398621218746721,-0.5631581304028077,-9.571649038743757,-0.42898069178915876,-23.06366362663346,-0.95002797022444,6.104220371805363,1.3977668949373023,4.119936375679235,1.574694165267329,5.01417892716294,1.5000978503138787,0.04774678111587983,0.8298342541436464,1882
MB_img356,18.660546163327243,0.3232281668276182,-8.744977973920973,-0.609266189402248,-1.7417805670547604,-0.15357374525409173,-5.144570350136886,-1.0500328006214168,-17.317579795001485,-0.9362950205870867,-7.68510462208625,-0.8563737758574085,2.615140580231715,0.5954601398587749,2.1942334505243295,0.6927657902556711,0.6248114861324142,0.08665730565135053,0.0970708446866485,0.7533039647577092,577
MB_img358,11.443155920110405,0.11528561202738644,-4.159655487074759,-0.343132691337558,-7.180607710212667,-0.39277534852165874,-4.408753359278489,-0.4173682339051445,-8.662460231923852,-0.2508747974939224,-4.023102812771862,-0.28688114778816154,2.873160365877821,0.7190436861689439,-0.2898971562338383,-0.1811025507537978,0.2870001285617238,0.06815488182671199,0.05739480198019802,0.855,1110
MB_img359,32.720219031644774,0.8401267074019653,-5.049065134673665,-1.3628205255342634,-4.615671964791599,-0.413392038428607,-12.221565412203343,-6.685099172006606,-23.087876304705443,-1.7739563396608333,-24.674017905959097,-3.338142445655154,10.44327604614657,1.9789383844721704,-1.696721318254652,-1.996388746447621,1.0276313125582923,0.2436335689106183,0.07315112540192927,0.6408668730650154,661
MB_img36,26.572902460747212,0.2904637858167353,,,-18.162737503254704,-0.9759248132451339,,,-28.84803722507649,-1.3158222570303628,-14.73518153871914,-1.2362483353203164,,,,,,,0.03606789250353607,0.6883408071748879,977
MB_img360,18.186041866254854,0.7922055911177475,6.191129036768945,0.4403552374133305,-6.76492315519047,-0.9673774465941357,-3.884622377137437,-1.3540930706605134,-15.60342616041607,-0.8461234267279537,-7.404908070651835,-0.8366083024108518,-3.9691768808697474,-1.6203518068184002,-2.309715360158861,-1.5558161550616398,-9.66649016836622,-1.200120267032007,0.17616580310880828,0.6831896551724138,549
MB_img361,44.545167988698154,0.9373003498975406,-29.69925767928998,-1.0883879755432204,-23.070021939237176,-1.1913642332865768,-19.245681803289237,-1.5138997580016595,-8.75099873190535,-0.41454268493892976,-4.2311344373573005,-0.33178709708808485,2.0414942848418187,0.09083410569768374,-2.2683297833327978,-0.1339531405808336,-5.564774430942428,-0.31040504458334617,0.2120967741935484,0.3032591414944356,2205
MB_img362,5.131266363010705,0.0460565137632357,-3.6905149918413156,-0.3160061221402532,-5.824513474814707,-0.6343443347826614,,,-4.546029732699353,-0.5172756932095817,-3.0808962074781427,-0.2918701378755922,-1.827518199967855,-2.0443941193584534,,,-1.7732983046510404,-1.8278190246173196,0.04758308157099698,0.8362573099415205,374
MB_img363,18.626575052163844,0.1828263198680131,-9.562691941496436,-0.3407068587076363,-6.449925253448891,-0.2254806031240183,-1.5884065799247193,-0.2991093691998568,-11.37006749093952,-0.518494991392253,-14.894399258813698,-0.8767056116706387,-0.5030787874818674,-0.06141868188003075,0.09668679536542144,0.05015383948940919,1.399074178556738,0.17661456145560459,0.15135063559322035,0.7974971558589306,1401
MB_img364,15.589387546847421,2.4344028241457747,-8.1319065086946,-2.807183162423984,4.766680376954495,1.1824585998485662,-2.0828051064100324,-0.7180875839605165,1.4681941520230175,0.7230071365762866,8.808563161247472,2.36988131811029,-15.067794155646496,-0.4063255504083361,-33.72393070898508,-0.7334085762500395,-5.032935268191178,-0.26803508689216016,0.59375,0.003958587088915956,2447
MB_img365,27.683692257118263,0.11342989873387513,-13.246486254725022,-0.5215453118082939,-23.612836765397542,-0.9308818247520402,,,-21.71727867275989,-0.7002463369646722,-21.735225224757436,-1.414586586619793,0.5920785523152788,0.14003045177897405,,,-0.23780740319737811,-0.053393177057122605,0.04574275362318841,0.7645811240721103,1965
MB_img366,35.56532368756535,0.7328094413239791,-24.308000712058462,-0.7341474754787461,-18.397528345368265,-0.8407520105641167,-8.227536866443042,-0.8404314775799534,-8.157933927848614,-1.2260768898043393,-3.6614096746202858,-0.6869588570329228,-4.181104236240464,-0.17475178834008379,0.9611400358549848,0.08871649590062136,1.1855366340502909,0.11677683946130288,0.3266528925619835,0.3827186075424782,1557
MB_img367,19.80243002239061,0.18842034392345433,-0.20692898613126212,-0.013652624707206368,-15.387131780429955,-0.6522564934085335,,,-16.939796318986755,-0.5220305122081984,-12.153638787654494,-0.9514977618260854,2.2659041667149333,0.5080303269629863,,,-2.3967699812360164,-0.5962012265423884,0.07608695652173914,0.8160621761658031,1225
MB_img368,21.522517543837612,0.16215097544075072,-15.149238891451835,-0.5089834962722166,-7.083951122953793,-0.3315798718532379,-7.268307845373987,-0.42768997001369985,-13.631205986536543,-0.7842316567205289,-15.363798240494303,-0.45288101525186963,-2.6585671256168744,-0.6208871285438238,6.4994088188437384,0.9227570010675394,-0.8244575656076608,-0.17569984731088495,0.10633802816901408,0.8012387387387387,1980
MB_img369,42.91684119520765,1.3324490002255784,-11.885464969759571,-1.40113297807263,-31.828058004492526,-1.115167657802586,-3.9599313178969138,-1.2351526242179314,-10.038209461364533,-0.7626658607372854,-3.325080615870686,-0.5195666522612331,0.2973529302361629,0.014819425354923504,0.24356621618570456,0.10211421765269067,1.5210396001318565,0.1864753107021895,0.2484529702970297,0.24310471076397364,1523
MB_img37,23.45369013040561,0.21274229578916287,,,-20.954811857919417,-1.4285523057533254,,,-20.238290619847895,-1.785604478014755,-18.877291916794523,-3.173362626099636,,,,,,,0.018038617886178863,0.6115702479338843,609
MB_img370,21.118573138906452,0.18322376734242504,-19.337492677834113,-0.6287786733584589,-15.805713360391351,-0.6262200874207517,-3.831563564338701,-0.2977137041353866,-10.041188553361826,-0.4926097857724025,-12.352457191118317,-0.6893553588507962,5.149457854090816,0.5252240519419863,1.8253157541541725,0.39624509151847803,1.7932098345060425,0.2558907915356714,0.13049954170485792,0.6893661602933473,1514
MB_img371,69.99809538626603,1.4441990138774234,-29.89348454719055,-1.8571547523054999,1.5852037608340201,0.10962215482814558,-53.585457359229274,-3.0907586023085,-26.9854465008169,-3.055686688473695,-9.234546287457592,-0.9429988506786138,7.449767204683762,0.6197495385953881,-17.038469824532488,-0.7371283620133006,-0.30353676789897044,-0.01977462005484054,0.12732142857142856,0.16593973037272006,2307
MB_img372,49.78886803310922,0.9940094178840466,-27.826122352527047,-2.740937740036322,-40.22311521641109,-1.982077398399186,-19.076508215583004,-0.9338049158832972,-6.616451988724071,-1.7542936783061902,-0.35952586289377436,-0.05793994062277573,4.552190699386573,0.20302694233543947,-1.0858892372398363,-0.08443540787868897,6.019982012268215,1.167368999626662,0.18229954614220878,0.21833881578947367,1666
MB_img373,27.377426926402286,2.0882227584218835,0.35899238458764793,0.04778933647495058,-21.868801015229007,-1.567173940938155,-2.7214450104028707,-0.40856091203207545,2.0989727521369645,0.686490280805962,3.384786236351072,0.6191427040028247,-11.775992478095342,-0.6703887039016442,10.803057832819908,0.9993527820389275,-1.7052645433890607,-1.464668267003444,0.3880208333333333,0.11016682404784388,796
MB_img374,30.90668212500037,0.34325972482585987,-1.7603481623069672,-0.09177295682866732,-32.14263078300351,-1.0584508960679786,-15.46650401015127,-0.6714907521908811,,,,,-5.6101998382748395,-1.036232798828273,-1.5046119857753584,-0.3680924131840018,,,0.20668465227817745,0.5121713729308666,1356
MB_img375,34.98690378988879,0.4945466961249734,-37.31279002600987,-1.0968545350115741,-3.813795907080716,-0.48500899783656204,-6.341522702562357,-1.0590091000404618,,,-13.420962684402012,-0.6872685278755354,-6.282212221849553,-1.5409064733942985,5.628190187326526,0.709783782244524,,,0.16829427083333334,0.45651333591032084,1406
MB_img376,33.172169283727946,0.9401027112489992,,,-6.4981757227658115,-1.6265006182357913,,,-23.876903500137928,-2.1625038844966085,-26.17849805030612,-5.7389029142817645,,,,,,,0.007075471698113208,0.6129032258064516,450
MB_img377,15.916568413543267,0.38041821887333943,-6.527023148101059,-0.2660877298113479,-15.955652551674737,-0.9776300110905595,-7.621855384497907,-0.6584971366564778,-3.5270967729744642,-0.47574522005033115,-3.4087151791990187,-0.17859968001157497,-11.634649422014808,-1.4222622568562482,-1.9573725200118761,-0.2287390913322486,-1.6831116557800618,-0.4094879207796587,0.27759381898454744,0.5459927140255009,983
MB_img378,22.00207864634086,0.461989652820189,-8.789598685289437,-0.4484992156176882,-21.121452135652333,-1.1503554703135794,-2.312839307802601,-0.3575520046180836,-11.669254892346355,-0.988230223060457,-6.246337598204192,-0.5074682922387511,-7.165641126026337,-0.756029414014523,0.1511578821917841,0.04953158584987733,-5.6639249001448855,-1.1962737683744995,0.17024058577405857,0.5466491458607096,887
MB_img379,1.7666899321737126,0.04856246024474309,,,-0.986906549479856,-0.09435461504228997,-2.8431872945392476,-0.33093574291498973,-2.7066860150969654,-0.2696257263702833,-1.5873105717803264,-0.16349873228287934,,,,,,,0.1303680981595092,0.854251012145749,234
MB_img38,41.743953924437285,0.8278880974573095,-9.805899150410253,-1.5375121607127982,-29.772358072121904,-1.7059154419439684,-7.5468896621856265,-2.3772499746898186,-23.939292298289004,-1.2037857474191058,-10.890533372479487,-2.1731274334806563,6.382882946466336,0.7290403532214619,1.5258724977524802,0.6519294903104068,2.021400891855988,0.3062053293414271,0.07455268389662027,0.3336058871627146,1074
MB_img380,22.503484263514586,0.1189984621495617,-1.3800767228256812,-0.06458533571031212,-3.2491911238899096,-0.229203357886745,,,-28.749468256432753,-0.7193763000073459,-4.562393118363483,-0.3694664836507227,-1.3459571565657504,-0.9708536543404835,,,-6.077737837480757,-1.8459917706645732,0.03599429793300071,0.9244897959183673,1755
MB_img381,30.223802045243676,0.19080032508914757,-8.713120823010485,-0.6645975691251684,-9.634129566396771,-0.6934135920417139,,,-35.87918833500847,-1.0455832640429348,-11.258546258745682,-0.6762940921447343,-0.002213933598336238,-0.001201745209753249,,,4.9230063972476445,0.8174054824859408,0.022487844408427878,0.89375,1581
MB_img382,21.998902920889957,0.651053969695891,-2.141545752158718,-0.13502225895524514,-24.607839754317656,-1.3647985651907755,-8.582857422760538,-0.6726078345453762,-4.150209353862197,-0.6128579685531806,-2.0623827137788413,-0.1470858921923915,-9.503566478966837,-0.9456591645964517,3.3817096624047243,0.4577419502330821,-2.263861490746421,-0.789809492485993,0.2533783783783784,0.4029716343989194,889
MB_img383,34.20386102025982,1.1232472329471401,-3.236406464698595,-0.3126965675468165,-20.974379997947125,-1.0189031883899007,-19.76045632454815,-0.5991129475018571,-2.3218591845590852,-0.2825151960220667,-4.218718996262212,-0.4881572974938034,-2.0925255693945255,-0.18468072788845333,-3.3979295919801893,-0.24276979108223273,-0.7868865694786966,-0.22627138095618732,0.42362428842504746,0.26514848848049005,2221
MB_img384,15.821024331958318,0.5092900852205444,-4.736015528173782,-0.412047933288119,-4.5338084117444595,-0.6636292588147518,-2.9262230547702095,-0.4144362510763975,-5.83084711273586,-0.3301891809776408,-16.44098839589275,-1.0761029790857914,0.31909195152578596,0.09118709226045303,5.593785310182313,1.1935613657095505,0.2538340071858921,0.037313158468055864,0.11090909090909092,0.6921182266009852,631
MB_img385,14.825885270686788,0.18071150776113276,-7.170984961321853,-0.6881803585869264,-11.553198548881328,-0.6242643744544173,,,-13.98247314135986,-0.7663311464868859,-3.5589096988222386,-0.3284056589585674,1.747149263377962,0.45094697066271194,,,6.522744553629871,1.3488359683508795,0.08804143126177025,0.7587859424920128,716
MB_img386,9.534117833481417,0.4249659293942192,-1.029293213389554,-0.16719733386726354,-2.958074055542771,-0.479054391832745,-9.951916760340724,-0.7318825862400603,,,-2.5572018431854353,-0.6196201505213669,-0.5331379533453343,-0.3115031154682696,1.7825602330811732,0.3448892433306735,,,0.2865566037735849,0.5235507246376812,202
MB_img387,18.505249474867394,0.47571789500407824,-0.902157465003337,-0.14248447335177764,-13.405157037488081,-0.6834554851689282,-16.507869371000425,-0.6857581604798039,,,-4.390556810803191,-0.40391838749628833,-0.10598468103098857,-0.029211921216487306,0.9869751897896883,0.20598854929782678,,,0.30932741116751267,0.46522476675148433,869
MB_img389,18.436379528105604,0.09829646133175902,-12.954821525393845,-0.29935515284625086,-15.504411259725408,-0.8214348714614502,-15.105602941515638,-0.5991263691490407,-2.1458607284541746,-0.2982672883115756,-4.461876550785233,-0.379436131482028,0.6849323561202231,0.11074280223062019,3.0940293672741213,0.39022901402511523,-0.0364097845689507,-0.019108822947704676,0.13963374754741661,0.7534456355283308,1921
MB_img39,54.819049440347726,1.1317436098013438,-18.056232507618468,-1.2003767857882943,-30.28794163477225,-1.3564329003411315,-3.609326256602266,-0.5305317899118485,-27.97873224174327,-1.9389146262908818,-24.872184094193692,-3.1084030467574046,-0.4800200218102654,-0.026031910030939468,-0.470133227135015,-0.11640768829442669,6.73285173632316,0.4338926916202091,0.16443217665615142,0.3276948590381426,1780
MB_img390,16.854352042022295,0.06410935771251644,,,-12.606714514597368,-1.178316271701453,,,-15.25358392920486,-0.8786147254333045,-18.686744042213927,-1.2747329272176677,,,,,,,0.006435926773455378,0.8415841584158416,947
MB_img391,24.163038756383347,0.33628510079174206,-0.2884739082506486,-0.029721740770409896,-11.21237349812876,-0.9550830812962564,-18.56316815116258,-0.7293295462453512,-24.29592270077195,-1.063322373638146,-2.198750675335408,-0.08792040789274176,-0.8760607036092356,-0.5320675522890308,-2.5951145741568107,-0.9242460923843064,1.5886990380563821,0.37344781862310106,0.11805555555555555,0.6224928366762178,1427
MB_img392,,,,,,,,,,,,,-0.6587762991913938,-0.13495104860257676,-0.5639952330007624,-0.1161298729573679,-1.2649072850492074,-1.292781749227846,0.375,0.0035252643948296123,573
MB_img393,12.008033154002218,2.1579800881811018,-1.8121060975628387,-1.5372960670908418,-6.132082483223696,-0.44658068237365794,-2.2854360330841668,-2.403267722339301,1.3729511561046814,0.45156337530395785,-1.7649122417769876,-0.629401458389535,2.6415746008640206,0.2737579025971105,-0.16169164504616462,-0.1309308698264486,-1.22862275724648,-1.023255352300303,0.5803571428571429,0.09785353535353536,421
MB_img394,15.983389949466423,0.07141398575603546,-3.474671098692884,-0.332069921554417,-15.011673133421949,-0.4640509752247763,-16.46604966043199,-0.41802388337202045,,,,,1.5662445584952487,0.6513898624601321,1.9345785648243128,0.6986374755071068,,,0.10867754830113258,0.7806016597510373,1774
MB_img395,23.915548426735125,0.8104012037506978,1.6996216259431423,0.08937267011578547,-9.237004504679016,-0.941879607437722,-2.2126344329484855,-0.47905806224745423,-9.308759202337166,-0.5546534726286185,-26.22032183224827,-1.8397336799818298,-4.081817372456665,-0.6723788401732067,-1.286463653863471,-0.42990284884276775,-7.954518458304018,-0.8398410569023649,0.2122844827586207,0.6123748862602366,1024
MB_img396,31.438005877792072,0.2190458857513656,-4.343347619471064,-0.4165793158927368,-24.730998871818944,-0.9864131938549704,-3.4165684988180103,-0.48912542875462595,-37.00575481081024,-1.6360828413503365,-14.559378294491655,-0.8922156692223387,4.325236631602741,1.2208211096716763,5.575969570580463,1.9114060767310115,-1.1847095658962918,-0.47715921118664134,0.03499562554680665,0.7721139430284858,1460
MB_img397,33.86643872912769,0.4876090387084211,-14.076858223716664,-0.5582975044459332,-35.33604284801842,-1.1191801205331553,-10.753139548354254,-0.5240171099844636,-4.1573329763476465,-0.8258472876866574,-10.343723963681628,-0.46751662931247473,-2.277280863237716,-0.14667042026160157,2.0568569360862305,0.21008007543435422,3.2146311133419685,0.7913578909848339,0.21733261339092871,0.4847229414810979,1861
MB_img398,18.14813396494864,0.3165241519901868,-9.706264331300204,-0.938120848691075,-15.7103933034741,-0.870561098340934,-8.659873912259641,-0.9586473403018879,-9.206565592537343,-0.8955587069747398,-15.679988503818421,-1.257622568984717,3.118870343372387,0.5515626845052581,1.601030271612732,0.5770494190778913,-2.567868123261627,-1.4377603935399275,0.10900216919739697,0.6130221130221131,693
MB_img399,,,,,,,,,,,,,2.6088386007771867,0.691002962533002,-3.3769182653618355,-1.40973035386445,-0.9265876022903402,-0.4832169287944751,0.08333333333333333,0.021621621621621623,454
MB_img4,26.868013278111114,0.44690529148437536,-3.9773681681429736,-0.992969797932471,-4.921789097702977,-0.6174307316619169,-8.190414923341454,-2.913333963274519,-33.384618760568564,-1.2024066217095863,-6.251586215066449,-1.0465924478071946,7.336135937256994,2.065588341627577,4.083042170859448,1.5649048483799026,2.637483571185972,0.5451222361893653,0.017354124748490945,0.7889908256880734,822
MB_img40,17.676520999454024,0.17451284525935268,-4.7798747722832315,-0.8138977679243758,-13.732353313249519,-0.7951824412109898,-7.8257120085475,-0.9201200347281963,-2.574630217182614,-0.30217279974075195,-17.630195205521666,-1.6086161625038105,-0.00523557288648345,-0.0028825085331212782,-0.9738192350370082,-0.9145645234939395,0.4167991828996976,0.2644778227034626,0.05456989247311828,0.7601078167115903,581
MB_img400,30.953642878257373,0.9459019652191847,-11.96490339441913,-0.6574499423654481,-7.305996529651732,-0.9803508887118503,-18.34138065366289,-2.4318527497624993,-8.560061757689402,-1.0347342764480985,-15.418739158614267,-0.9806597615238782,-3.165846475562106,-0.5195163175447848,1.2824941207390126,0.1046252276806618,-0.10704683974687175,-0.01323064242395164,0.17461538461538462,0.3782051282051282,917
MB_img401,56.345939390821606,0.9086963494177587,-21.978599100815636,-7.245315010392077,-46.625453831262185,-1.550833289657763,-32.85401522098453,-3.6042758655206617,-5.2276726667260816,-3.4049712235891656,-7.333938075087376,-2.8306947734378443,1.8412744656391855,0.1252172868123516,4.2925478226870535,0.5760249231955481,2.772274373879634,1.1542949049530395,0.13225371120107962,0.2164542294322132,1620
MB_img402,23.181854451261895,0.1164605274917639,-22.0663361348587,-0.429950657403768,-19.24935732253222,-0.8120341316645029,-9.782681113151416,-0.45836181177642105,-15.941602513393274,-1.2667424546113553,-8.524550930555055,-0.4488764852098088,-1.750420726701622,-0.24814444375613445,9.872294958656541,1.1786499335107923,-3.68670848357385,-0.983243370390699,0.1303784344219803,0.7380170715692712,2460
MB_img403,32.19823930569407,0.4677371042682509,-8.650653123799506,-0.6678500843740574,-26.322510981592703,-1.043730843253033,-13.364721596618564,-0.8760062927635067,-18.810526764257567,-0.7868982598863398,-5.217100403505717,-0.30832155836275466,1.6877941550445579,0.20848357584580873,-0.16540707989642717,-0.03894336923063695,2.534798936490882,0.38982491696236027,0.13602941176470587,0.522674146797569,1569
MB_img404,34.516253863677505,2.5701974759110766,-17.23522649104621,-2.7392227841935752,-9.206348766052896,-1.1195553846952824,-4.716929197115358,-0.5426047502607582,-3.0931884951781496,-1.3004898443631088,-1.8406964613679655,-0.8298495598446907,-13.054870875710186,-0.7342822714615983,-9.57712767541812,-0.625397735004216,0.10572827578755274,0.015240743634298231,0.28639240506329117,0.08639705882352941,707
MB_img405,32.54915027150623,0.3428924287982416,-8.198838279106138,-0.25269699951225166,-21.831494633644045,-1.2978601227319762,-5.475891981371523,-1.8801957289430984,-31.872873079329423,-1.0553381594631097,-9.535969379127188,-0.9630828074613779,-1.0792433650453468,-0.13115607100402024,0.9747161565825629,0.4246876693125632,-2.8238190028428303,-0.21068066901295204,0.11722742759795571,0.7115492957746479,1887
MB_img406,21.375902291502157,0.2716752990002045,-0.8275666045011265,-0.14314567032671208,-10.07740515106368,-0.5782508601749975,-9.590317156899369,-1.125010769295145,,,-23.711719434516052,-0.9247683628990558,0.5394859265735951,0.29335894269059154,-0.21639426726414143,-0.140778655782796,,,0.0625,0.7706855791962175,847
MB_img407,35.33009417186883,0.1814708381782878,-5.823828652461456,-0.20908995581020426,-37.31542572001721,-1.3790498418911563,-5.507280305582046,-0.40759995728198994,-33.88825189255712,-1.5150711601605307,-8.030637927824422,-0.3503697456166879,-1.2450894150301832,-0.21473633275482143,8.447127553426155,1.7027222539579558,-0.3443823772286593,-0.07009060234091784,0.07553191489361702,0.7001817080557238,2125
MB_img408,35.27644314779617,0.21724945436748255,-15.335316895898597,-1.5289943909589332,-28.695816031656772,-1.3099125865656596,-8.349255370530274,-1.4581194811745064,-14.205416522465631,-1.2328609318535042,-33.41707184033024,-2.1987379962900295,7.359347832886552,1.2944725630012999,2.6273085246388597,1.2378638300988878,8.501702781590273,1.9834488237361523,0.04426816786079836,0.5733137829912024,1221
MB_img41,9.177701132107076,0.04486244459874299,-3.873181955645572,-0.42281484987056306,0.5089898634410159,0.02791300027713448,,,-11.53683438538105,-0.3524316853382756,-8.243314032864426,-0.8395187526306453,0.049688858210598465,0.03652587602511419,,,0.6989318980988884,0.32967759449229705,0.022598870056497175,0.9823788546255506,1207
MB_img410,,,,,,,,,,,,,,,,,,,0.25,0.10526315789473684,55
MB_img411,30.84997217057085,1.524334004445252,-13.961206838321717,-0.5742854330600937,-10.608711829021583,-1.5373747125033812,-1.4729035500141396,-0.14070904947969748,-6.40154621371072,-2.6107295865347058,-16.216328255003454,-1.6615040555941494,-18.67185164151487,-1.2647437007819828,2.5887904558741766,0.12227989779750065,-12.954469936745786,-2.600626576555687,0.41064638783269963,0.24068698597000485,1464
MB_img412,7.750689697782286,0.540262811951601,3.80055043790248,0.6278733605806595,-2.2185301408245115,-0.3626702630617658,-1.306552617419505,-0.2731428593080826,-1.6394924391332402,-0.14013122475119738,-6.629541270050624,-0.6357169502853259,-3.0520252424035728,-3.2600256559614555,-1.972167994283355,-2.368768349090335,-3.291612882007736,-1.1062924779289793,0.16220238095238096,0.7164948453608248,242
MB_img413,27.89997645607246,0.6127051281043444,-13.398813968760448,-0.5446383782414973,-7.054151903320296,-0.604097688468907,-23.37189841100569,-2.132340038002903,-10.532365528435667,-0.99840223938966,-7.7233644923220846,-0.3736134136395669,0.07253703703554962,0.008550303363928625,-5.006792978118384,-0.48404696769563615,1.6490909940217604,0.17163345755855564,0.20060296846011133,0.4474153297682709,1233
MB_img414,16.076401372942122,0.57986744338311,-4.130058284245846,-0.2883469349170502,-6.455207625440503,-0.47010546585615703,-1.7651951983076482,-0.2592834053376797,-4.966617416212275,-0.2869123489525797,-10.346424527543201,-0.6466115401744759,-0.8285021709567147,-0.10310490303477642,0.567404616080231,0.1365730528754439,0.823071308033537,0.08495720862802265,0.20233812949640287,0.6045785639958376,772
MB_img415,30.797459835781215,1.2785365553654682,-17.753850923825194,-0.6724282065902271,-11.091793256313787,-0.8572055954365597,-11.525639821255247,-0.657934537242646,-1.8651475568097742,-0.7651103618795845,-4.125665632159669,-0.8500638052478634,-24.763379793169626,-1.5799283400664887,-6.692069188918112,-0.22726078075464154,-2.654616508983177,-0.643306486951961,0.4950284090909091,0.22130314903497314,1776
MB_img416,13.472097379009025,1.5304204259866199,-0.884130533714209,-0.27500704749986976,-3.7365732296373544,-1.2550690470168324,,,-6.934327705328753,-0.5176712897809245,-5.16600544323899,-4.565292520581022,0.9108436183838108,0.34648132924640024,,,-0.38176319065623393,-0.05250422286963232,0.059782608695652176,0.5344827586206896,254
MB_img417,19.52371772139313,0.08367662832614065,-2.3550546524793106,-0.19525759582423996,-22.95120142740694,-0.7178268252376717,-4.386170019414733,-0.43167247985474544,-15.415450636450634,-0.565233236285888,-9.65764268324594,-0.6861957867988899,-2.6660297217420115,-2.7739963251111734,4.369913936551507,1.5510990488548722,-1.0314829309837124,-0.8046043110415695,0.04356181934657271,0.7990543735224587,1800
MB_img418,25.451083645532943,0.4285277553380631,-18.465661031095532,-0.7584134518429367,-21.098664334229905,-0.8043356777588104,-2.8137471284588202,-0.15211353477105422,-10.147993143977788,-0.7619065525792297,-7.370765276761577,-0.33863754165359816,0.8087359380579318,0.05380521124327017,1.4115572004610264,0.15949593764236528,-0.746628718059917,-0.09932821228929266,0.22985244040862657,0.5301650540694366,1736
MB_img419,40.356189130298304,1.459625611065746,0.004399941275548527,0.00020094645075875549,-12.555788870953666,-0.9243298008655169,-7.940261427434376,-1.0965291968008897,-14.113083118013348,-2.2253121659944632,-23.8196310733971,-1.377903070901142,-19.529627656267813,-1.5720149221998798,-8.023316443489934,-0.8227643613800083,-15.615024958595427,-1.7398021504118655,0.3217857142857143,0.35609593604263823,1805
MB_img42,41.54479305370735,0.1671626839944632,-5.0033620674537325,-0.2414085017387403,-29.501197310030967,-1.070997728965278,,,-41.77832290698728,-0.9722082353225002,-19.10576268555096,-1.456320484700593,1.3121834100856782,0.389901293474992,,,3.6211113930225496,0.6337667065247069,0.031009152215799616,0.8185279187817259,2578
MB_img420,28.862335247926918,0.5783769427781982,-2.16998519318936,-0.09789527501574308,-10.140781520277642,-0.847478992349111,-3.299738071356725,-0.29459510455100024,-23.731425848415892,-1.0801034014827695,-17.689566934415243,-0.7447611871054549,-3.3770466391971925,-0.6797484829200211,8.22879692865572,1.0854749283578176,-13.578338246944865,-1.7177399433777067,0.14291101055806937,0.6898685228151585,1469
MB_img421,17.35289454046991,0.05641794412641853,,,-12.18133227794046,-0.4969517744833414,,,-21.389606293737856,-0.800272911194348,-3.478731633273765,-0.4224012155775296,,,,,,,0.013930163447251115,0.8929663608562691,1476
MB_img422,24.46142635663709,0.2700197006849579,-9.428192592939846,-0.5897423722631503,-9.006177984938796,-0.45229904731027093,-1.115933036543825,-0.13890039091537346,-23.304233378724202,-0.5807644973742172,-9.45152329966953,-0.8238156256111293,1.29975323823352,0.26881675842780006,0.5544269263516997,0.26736899609768505,5.4683309842667125,0.4936986307108335,0.07767341040462428,0.8243688254665203,1688
MB_img423,35.81443954429971,1.185615352494798,-4.94377477745399,-0.24821963340250977,-24.408564592831667,-1.8169443493382191,-1.4673637273009155,-0.25084271091392296,-21.463235355846756,-2.2783452633360985,-10.739194862925947,-0.8990429052290841,-19.411526486242817,-1.7374181333922785,6.408398240144281,0.8777717405889839,-12.885135082480753,-1.3989396549806332,0.2517857142857143,0.35177865612648224,1227
MB_img424,20.619395053428416,0.05057958441062977,-12.453369745826029,-0.617524180185591,-18.85154009741243,-0.7794680841158544,-8.883566587141898,-0.8841928603220673,-16.466785472265965,-0.7137944316631283,-7.170047713062363,-0.4171774119063869,6.138194276042928,1.6067668710395047,9.363423255638526,2.4775789653475564,2.171711320510141,0.8144217342462021,0.02535892634207241,0.7782101167315175,1745
MB_img425,47.67369030055991,4.431685030486351,-9.163437932740784,-2.6719537959496837,-4.040359382434639,-0.6313853177307256,-0.23728919227183728,-0.07004578817293017,-3.7708202136898734,-1.6082178530214593,-7.4993280350907785,-2.5817529442452662,-10.178365572425319,-0.4040144724027174,-3.1834964457630126,-0.2682615114653021,-2.375677362530918,-0.19736643135787593,0.31896551724137934,0.0287603305785124,1181
MB_img426,28.20270222145993,1.4400777935592781,-7.007130074386081,-0.6428818331874092,-8.515659079783596,-0.9803183905212918,1.5242304207579778,0.4084946534120718,-21.06541124452987,-1.751463721165559,-7.563934163833032,-0.8336650806486956,1.5015013029021502,0.12857738075545397,0.11042235709893357,0.0396118558988566,0.7588476074896625,0.045349850766039417,0.2005813953488372,0.3953488372093023,737
MB_img427,23.161580802736335,0.23071150144225538,-7.638244746244395,-0.47288424333100787,-7.16710440847184,-0.6666255112746716,-7.3938903024087015,-1.1364785183491701,-20.78449780507605,-0.6502437164327901,-18.34689959224082,-1.4054031355063379,-1.0957134159537283,-0.5523068002762732,-0.4525028645696399,-0.3103401206121504,0.02474774684509082,0.0034920570355277216,0.04390043763676149,0.8621495327102804,1308
MB_img428,31.844519030033243,0.5872387289241269,-30.684376327169776,-1.1392932038600379,-5.238349405785436,-0.345495377565543,-15.695714576281045,-1.996311263430288,-6.110486765381091,-0.32187220247139037,-10.859546331823445,-0.7695430304599882,-0.7786939959497494,-0.07107256687217323,3.992650996166122,0.3697965467783424,1.3048983517447288,0.09170197048215137,0.1747485632183908,0.43684004692999606,1449
MB_img429,64.98133210973144,0.7828570809969959,-25.310036387589342,-1.1408629410456799,-48.85622271624205,-1.5612308790960376,-21.011942477384185,-1.4485913599334486,-7.995518927953414,-0.7252952969944602,-19.84496200162732,-1.8954064982848504,1.9738741263678279,0.08889371628882951,4.662540445446513,0.38096209435300626,3.9209722365751296,0.5338669191425317,0.1595836947094536,0.32345013477088946,2459
MB_img43,28.35739210520065,0.16856725360079758,-13.272598781081681,-0.8640182491817273,-37.82797339176603,-0.9727045989841022,-14.736655326879958,-1.528955934986309,-9.451606461140495,-0.2791327682553034,-9.045121498747477,-0.6950298335759582,10.611207516756174,1.1894549968463286,1.8721920279827564,0.8173077024838097,2.6705504046520616,0.6131145014237496,0.07923033389926429,0.6048387096774194,2324
MB_img430,44.444121585622604,0.8074839808826763,-9.947828581506206,-1.1156019047750017,-36.104829378667574,-1.7621132119520289,-6.913399319313873,-1.8736491718634425,-21.73272131326337,-1.1902878914747996,-21.19902585383594,-1.5793410823724938,-2.2234977768216404,-0.3180757693917558,4.14708720144657,1.4134353946823424,5.915879485243111,0.7622515901212537,0.07610619469026549,0.35046728971962615,1200
MB_img431,30.34579668919686,0.24346398194709082,-10.83062686265238,-1.227883224952394,-18.64608530882665,-0.6848555189480744,-7.146073142531525,-1.0262098793228485,-25.167969051696765,-0.839027830666518,-10.283705462617755,-0.9368001921776833,4.683880750548677,1.0055064763065436,9.781445447081477,2.4710715341931717,6.465082251805415,0.9787356484264623,0.05878119001919386,0.7514518002322881,1463
MB_img432,17.151078558260018,0.17799849505753276,-14.144246282889606,-0.4885086614563618,-12.082548851414694,-0.4392387759704243,-5.621134128024952,-0.47596965121166385,-5.591669042554766,-0.36457243229585606,-3.568658396412571,-0.2615642453981015,-4.744741462472292,-0.5620158695777068,-1.2284395982119554,-0.28688114778816154,-3.2819061114102595,-0.8271634031377845,0.19749712313003454,0.6788164665523156,1301
MB_img433,29.715042307910373,0.2737728963004324,-3.528942619155385,-0.16561423050688007,-30.5963809165708,-1.2293763230185892,-21.09146495778096,-0.600972246296007,,,-11.677709680619309,-0.30840751434665137,-2.0032440811825043,-0.35696163882198784,-0.6742523096304607,-0.09162132273207259,,,0.15573089700996678,0.5967020681945221,2441
MB_img434,16.828277730144336,1.422735500405169,-7.701779839357224,-0.8216373350851303,-0.25336784909752486,-0.03552880474760317,-1.545287643938621,-0.7180875839605169,-0.34552614237133716,-0.035054285644906126,-11.551451768494122,-0.7472662404573353,-0.7748689315658356,-0.11011263769564018,0.7071744142528866,0.23446525363702297,-4.669790616767061,-0.4844962177881559,0.175,0.37377690802348335,718
MB_img435,14.612551712930657,0.09492724701512356,-2.919980972846388,-0.2297784655713967,-2.3367039065086757,-0.14518306273485007,,,-14.452630693652933,-0.6227802125053209,-22.08448902297541,-1.0122730349450682,-1.2304096785555385,-1.0513721017210256,,,-2.984020522071993,-3.352617298958503,0.03436085972850679,0.9096774193548387,1054
MB_img436,15.69924642588146,0.03213113901346617,-19.49762884624322,-0.6663765893722463,-11.835134918332239,-0.4854268271702417,,,-10.972356845236245,-0.8176232575114311,,,6.129529631844786,1.4018319604795764,,,6.854910183788403,1.9848047098866004,0.03248259860788863,0.8090909090909091,1833
MB_img437,27.43562200898223,2.327422472564276,-6.192953468098075,-2.1711575474727605,-6.359208268601524,-1.1175068691461876,-4.96238216877708,-3.7117702038631912,-2.8688827976270472,-0.5280478973679087,-10.088830549035332,-1.2005985128731391,3.570607757411355,0.37941358954812243,0.9492510694176703,0.22194721379059448,-2.5420470175159164,-0.4990569925483645,0.11403508771929824,0.13859275053304904,477
MB_img438,24.408866716050092,0.18612143275325352,-21.309463336194135,-0.41254802412586955,-2.5736574277656485,-0.27790434968259786,-6.108613194038911,-0.28086354496365507,-5.483754629650332,-0.299023539407035,-14.766168123000561,-0.3418491275910747,-2.4852845348752512,-0.7847656963163866,4.092304652335266,0.38732125579203924,-9.077666192155764,-2.2415749335104413,0.17466021955044433,0.7341643347748664,3054
MB_img439,24.92024524276344,0.4517019855755423,-4.56700707189228,-0.3699444052133535,-15.70551644258613,-0.9337284931807682,-5.100272957001758,-0.3835118891748755,-10.658185740568724,-1.0390506360650937,-28.808227054009006,-1.9586142092652221,1.6429400542617767,0.2877186692143914,2.4925937323173217,0.6303169225731834,-0.09112767671944803,-0.02782453538494369,0.140625,0.6221804511278195,907
MB_img44,20.262325989548607,0.4536293628629501,0.09319299198997126,0.015367251829220043,-13.278704512924637,-0.9521041392565891,-5.430879165815609,-1.5771266613070518,-15.675318597302951,-1.2915817305984263,-8.092779558608632,-1.9319054892281295,-2.2618520666426405,-1.1014579856819429,-1.0397143652233842,-0.959770155211467,-2.6800041433600614,-2.2667865406949015,0.10098039215686275,0.6295546558704453,423
MB_img440,11.931189739467834,0.2003990561423569,-6.2462742925995185,-0.40226852104927346,-12.45243655047938,-0.7907305483216739,-9.428324130890838,-0.916634000332545,-2.5690824510701042,-0.5084286525318572,-10.20278074959234,-1.1579143395341491,2.2345547494454774,0.39966784483693213,1.7155373011767312,0.4048146395627276,-2.129204442562362,-2.3909427728025427,0.16346153846153846,0.608092485549133,519
MB_img441,11.635273446229562,0.16385167843952514,-5.665527699470754,-0.2921072044105755,-5.393491705396928,-0.29943864664144904,-0.3276100745603066,-0.0563597679873397,-10.314102125446205,-0.5246644780124002,-8.2768747235807,-0.8527880306311934,-5.995314167003776,-2.088542529683286,-0.6254249864768424,-0.38818953715608373,-6.0099724420647735,-1.4112392106525153,0.1360153256704981,0.7876631079478055,763
MB_img442,32.271207698622206,0.5815261637576443,-21.551268799140228,-0.666370413550399,-13.785893608278808,-1.1289156222087395,-14.751753693976397,-2.1123793556405612,-16.550897409690087,-1.0124548010985506,-10.075226839555047,-1.3751212260538799,-2.5237430258441873,-0.215699677288764,3.3711051799035596,0.3101318412154037,0.6259363447134649,0.0398740006739063,0.22434413580246915,0.46862674793832915,1380
MB_img443,31.751786732924124,1.721678541548662,-15.837626505707647,-1.777640640046079,-22.654254471757096,-1.6322796781509474,0.7952915060222636,0.06255611016960276,-1.5061598457967942,-0.20467733387433806,4.053537481397421,0.2770780926344194,-6.062185140077753,-0.250763238266306,-9.217358312112312,-0.7810735307536834,-0.7075239805507382,-0.08065766334522499,0.30121951219512194,0.1384125428711416,1494
MB_img444,34.97638309073039,0.09307293494955925,-15.487837965074775,-0.6232157322686105,-25.545485090532893,-1.4966200892371275,-5.006305296032803,-0.5580449443831645,-6.41212923188528,-0.7413718082177163,-42.853023943254485,-1.256513800073272,3.3907322906613064,0.9820780920027375,6.282186097269315,2.0489096004809464,-1.1710946221251806,-1.2418401835646706,0.020815542271562768,0.7563025210084033,2627
MB_img445,31.198236281808295,1.2989796492956456,1.2312263847996274,0.06187135972613013,-4.496655261506431,-0.6095748729148274,-3.7192103891767134,-1.0964867645938017,-19.556380786342327,-1.2003331026195376,-15.906258204110653,-1.4171907644624475,-5.104123514977557,-0.7211824244291221,-4.9437017544592825,-1.7496317767119736,-18.73173995387826,-1.2112108491640545,0.27011494252873564,0.4556873691556176,1185
MB_img446,9.812442776481667,0.10363598480729078,-4.248138919749377,-0.4919955776927738,-7.065882417761198,-0.3077858490432103,,,-8.199512803520241,-0.26850632395416624,-8.50330475062592,-0.5184206893338801,1.13134080338785,0.4576293760033119,,,3.9097723753878904,0.9189634279090937,0.0625,0.8947368421052632,956
MB_img447,23.890442408074147,1.2826700397983268,-0.6331544796324952,-0.08303281050782661,1.3635136395313212,0.14017987179100666,-7.628260356720264,-1.720043887030449,-19.268724804255193,-1.2686415851359927,-9.497564574946342,-1.513535071420855,0.29367621172606234,0.0647951227970676,-1.0644280083600728,-0.297057988122673,-0.8557141280548206,-0.09094196650765504,0.15476190476190477,0.6330049261083743,572
MB_img448,47.19403993716725,2.867564725086783,-8.904245973075971,-0.7487883376513701,2.259205072041764,0.20651022443223802,-20.615168628686344,-2.6330965048932518,-8.199058005281707,-1.0725295557667869,-0.8578558856785004,-0.1251116170168111,-7.230995409573322,-0.3709821507719454,-17.50369958960424,-0.6429553764012302,-5.652572610293806,-0.27947636656641,0.3503521126760563,0.08117169578260103,2026
MB_img449,26.49686110074222,0.19591081450704395,-14.180808869144883,-0.5175269033503826,-27.074271643712784,-0.7934522964758635,-11.843887695539127,-0.6516995792731203,-7.40058878155876,-0.5376520988167941,-6.224966386104846,-0.45417589318580204,1.762059197687789,0.14714972554441788,2.8921632710650274,0.4431087111832363,0.7577335645235931,0.16696536200265857,0.1526305057096248,0.6382505559673832,1728
MB_img45,,,,,,,,,,,,,-0.7556295898944124,-0.07346278966356684,3.0060460301156557,0.5224543792991291,-2.760976342572996,-0.23443519717724864,0.125,0.001091703056768559,854
MB_img450,46.57765511759749,2.3800206843068197,-4.66073583273123,-4.555509427083257,-22.610764737949943,-1.0094113285853616,-20.330430813567506,-1.114256572352159,-3.9602723988726485,-4.12474169241965,-3.4117725637572067,-3.593353770980297,-0.28808674090856673,-0.032527165765454225,-1.2881858004827904,-0.1862288721898351,5.685189867980082,1.8809758968577257,0.4121004566210046,0.10164015904572564,1963
MB_img451,15.398077635051473,0.08484136933392553,-2.867411719800056,-0.13077942168008988,-15.437463268497215,-0.46526134702464017,-4.294392527810758,-0.3557680594637063,-10.158857323920623,-0.3563293300661905,-9.17962899814085,-0.4732505925480695,0.9956217972679743,0.22179142360191245,-0.24587491780507753,-0.1586601753464981,0.579609613892929,0.1670179508098124,0.08950037565740045,0.8204936424831712,1658
MB_img452,31.85338415038463,0.8714196839203489,-32.63746307014706,-0.783384256964909,2.2503275461071572,0.15195608557482893,-3.284205970563283,-0.42778297003391963,-2.7343336355426393,-0.482548153037449,-5.099882044059855,-0.4969273928329813,-14.759392003932293,-0.7764980627425697,-0.9582869591568631,-0.0650878606015316,-4.144332680272604,-0.4521444644726006,0.40691927512355847,0.3289241622574956,2035
MB_img453,39.90480433188866,0.3193379652058609,-33.07940144164079,-2.081321200227516,-21.296364658380046,-1.0234046043349436,-6.14763602506288,-1.603208209649166,-18.876596027444073,-0.8127005789423859,-20.852738247693512,-1.5298460957044355,10.868399020936934,1.0842204237616557,3.8518053249082125,1.2907093642766423,9.042350668777184,0.9177675268921285,0.04851889683350358,0.5024437927663734,1381
MB_img454,46.00460987364604,0.14918780901227355,,,-62.18123788079806,-1.7522332646828767,-16.4478049014693,-1.5023697739839212,-20.33184041752876,-1.0459661347796383,-13.366932597243496,-1.1264979900832999,,,,,,,0.029684489402697495,0.44802867383512546,2412
MB_img455,42.80516307199823,1.0670582618532793,-18.76157363051499,-0.6618318219057524,-11.586034102522897,-1.7444401969651817,-19.06376312747489,-1.3766205664960913,-16.700648711517495,-1.0402662337357769,-16.40579196212,-1.0811542710541282,1.5343572558093534,0.13063617793917076,-7.752656482178272,-0.3687036677274392,-1.6877797090326643,-0.07178994098845656,0.25,0.36288998357963875,2249
MB_img456,30.54514876480685,0.4826771367472452,-5.53699610322022,-0.8133123773540035,-20.446052541908795,-0.8104122384810662,-5.098965074812666,-0.3206109660306094,-19.568100342480406,-0.8632354822377064,-21.1384906871005,-1.0384179772257098,1.5963894611566893,0.3533764915234171,2.5825905447075934,0.8243866913723048,1.1298730845451768,0.2696861137062238,0.13263979193758127,0.6167315175097277,1467
MB_img458,22.059944359317434,0.2159696903918413,-8.185075721564402,-0.33597306297803076,-4.082119601737863,-0.3282833080819733,,,-13.944060601703391,-0.5012255056233335,-21.747986032490164,-1.1281982670214787,-1.626453230009763,-0.5077946401986961,,,-4.959382026457606,-0.7443483248278124,0.08805490654205607,0.7990654205607477,1256
MB_img459,12.909155558984438,0.10596064950750309,,,-4.840745809727708,-0.2615008473148096,-3.8377721795456585,-0.529449548652815,-14.650416737861136,-0.32515861438225246,-5.183515619764849,-0.423828826784201,,,,,,,0.028837907375643224,0.9444444444444444,1602
MB_img46,34.96263507134677,0.21565348671925977,-19.468309424923273,-1.2881784706879915,-18.481393013991713,-0.7534685789660496,-6.589223539582236,-1.0487593119198553,-36.03345403169656,-1.5147908411631381,-22.366970989810973,-1.7895733679573136,10.743471383840202,1.42574050088588,-0.1437706193164409,-0.09536185612286019,6.607266534991962,0.9076333503990371,0.053079416531604535,0.6981776765375854,1582
MB_img460,19.750881911009056,0.13199772548954952,-4.919129840303645,-0.19899263239747617,-18.13560740030656,-0.9113228419237793,-0.8833240984370001,-0.0830776716836994,-15.110683102849505,-0.9277506164741209,-19.985409345479823,-0.8563613396824287,0.2227633332097756,0.047346935225534174,2.2896854891370593,0.8783214434117476,-2.9535760654931464,-1.2693656795997055,0.07821164510166359,0.8121720881427072,1377
MB_img461,2.4809960701806264,0.11528487090396686,-0.7613074404481202,-0.13914201914568897,,,,,-2.1240298190009392,-0.1539099132992537,-5.1689428751264845,-1.0034309054002735,,,,,-1.0294106264689817,-0.3546060289026778,0.04113924050632911,0.9714285714285714,127
MB_img462,33.53526828564864,2.0324923735395077,-2.2086735909294832,-1.8186460828225395,-42.106606311313215,-1.1026462871311544,24.359775158108125,1.448382208533921,,,,,0.6816425302566245,0.066427361738976,1.2618752016345456,0.5214595584149982,,,0.6003605769230769,0.12207963145771636,2127
MB_img463,24.68195253824097,0.20415745816953773,-17.368080023872917,-1.1582102024084686,-21.2193906180898,-1.005588433277277,-1.6595406031345177,-0.23759770847048592,-20.814182946216675,-0.9216345727131261,-7.746777745942255,-0.8073549220576042,3.621804706809603,0.6370706734788533,0.12537483139367145,0.0721035462711793,9.432487801623571,1.204620387562933,0.060355392156862746,0.6472184531886025,1072
MB_img464,7.334591953585459,0.05530671643571666,,,,,-11.0158910628138,-1.165586065717975,-5.594309504760676,-0.5669890669808967,-2.7724306789062365,-0.2560247498557853,,,,,,,0.022249190938511326,0.8041237113402062,342
MB_img465,22.035256838571563,1.2253548351923096,,,-22.885079075163034,-0.76983803195668,-5.347336945870219,-1.1887904342517952,,,,,,,,,,,0.46710526315789475,0.22457757296466974,778
MB_img466,24.930826935630158,0.3051428046983866,-6.605399048683541,-0.594995262877449,-20.290054608193234,-1.1953605611823868,-4.560924944101262,-0.4673109120668833,-21.690879328410286,-0.6641163926400173,-7.898262476867296,-0.615773452236726,6.086855018776769,1.0982724103757633,-1.7582440740697178,-1.5704629310260412,1.6149840007001137,0.24254458242935534,0.05798004987531172,0.6425591098748261,1236
MB_img467,39.76973841417709,0.7115267812169601,-2.4936097623169666,-0.41863973595903936,-10.695088450954831,-0.988889797785056,-6.669352791357004,-1.0075048469981351,-36.21718194243867,-0.9943544927143243,-12.244525407381955,-1.4921401712566766,-0.07513581084224742,-0.035623909730721215,-0.19053178216797795,-0.12212049105055,-1.199132112166835,-0.20058805101809946,0.0363568215892054,0.739247311827957,1432
MB_img468,35.56626164203619,0.4064305641048401,-3.381029887181383,-0.24684937585818256,-21.758009290495675,-1.4758030317905566,,,-38.920745617586114,-1.3918855833402395,-9.374591189379034,-0.68655984866088,0.7676112924479581,0.2057574407605463,,,-1.0830708532142412,-0.16295435329111532,0.04027478448275862,0.7571428571428571,1429
MB_img469,44.825177937144936,1.3665067344191235,-21.65440960051275,-1.9386561098491624,-18.046812713207043,-1.5931830075261246,-18.192339644743942,-3.8853303154761663,-19.013194716941246,-1.9467135341122563,-9.964741709949841,-0.8414649165558402,3.771746722313078,0.2376636920614041,5.394441703779105,0.49181344994727644,1.1291893657817271,0.0808531713558955,0.110202492211838,0.1842247433819557,1092
MB_img47,29.760465323164112,2.3996004824444763,-1.423336255055673,-0.30727512043471134,-9.057757656769986,-0.6075513133941142,-1.509253450987665,-0.6430865471633058,-9.249483448019433,-1.9740555599007266,-6.329989912202073,-1.8473956583525037,-2.690506138602016,-0.19331298947954012,5.312871090621021,1.3729120236061672,1.0972560963257076,0.13520944687516664,0.3852739726027397,0.16029663434112948,755
MB_img470,21.138862703282253,0.08983085852598596,,,-5.529287324417815,-0.44082567357957647,,,-22.426944775912254,-1.0231362091466365,-20.178031809134964,-1.5534287723541922,,,,,,,0.009235171696149845,0.9649122807017544,1078
MB_img471,17.706381738015445,0.14721376904534625,-6.82476677694802,-0.42000375217219343,-19.448538186446918,-0.7606784040360894,-3.9274423298712255,-0.6563329201436576,-7.885154409307894,-0.40940498259304636,-6.636157444262913,-1.146881856065796,4.6892619766095995,0.7217603070321683,-0.13005156612035063,-0.09085343045111353,-0.5528718117117973,-0.18198595966076453,0.09260471204188482,0.7007722007722008,987
MB_img472,40.10249980459338,0.8400691066173883,-8.170914817001611,-1.0646529583422535,-12.875600467259959,-1.2946908932962058,-5.239817735558861,-1.336011283932866,-21.768063872249776,-0.9837926038760273,-23.375885013164183,-3.0979141351869903,6.202305208247308,1.0185179268743512,-0.23016341629461448,-0.11658655622191443,-0.5544773440817187,-0.060019255750715365,0.058529411764705885,0.5781637717121588,976
MB_img473,16.15823073003837,0.08168227978797267,-2.3720199115648914,-0.34890516116840653,-11.870138426908238,-0.45416320563514956,-6.3990195115792,-0.6530976171525444,-13.66883863867302,-0.5363320717753234,-7.522292982438044,-0.4796149132734409,3.243934314065547,1.2134036381091933,-0.6239774243407823,-0.5360529002402097,-0.3627385214898986,-0.24285652389616336,0.03904109589041096,0.8721934369602763,1287
MB_img474,15.397875298939246,0.1526623496193995,-4.605750621765549,-0.44832081775179133,-9.945517391346025,-0.4824548071893445,,,-10.6713787954062,-0.5218442258058624,-14.669956193395187,-1.361443324948408,3.036654667560035,0.8133787096853742,,,-1.4715985912180378,-0.7280759928136749,0.055952380952380955,0.8393574297188755,803
MB_img475,19.45271728754071,0.06145935495661038,-5.086679900175872,-0.3184848373554574,-25.328844127349882,-1.1083118110351518,-5.7412514126008345,-0.6045026871168012,-15.055298657489388,-1.5320136207721973,-14.31657203592778,-0.803915838090833,1.636516706322142,0.6407855358147578,5.372346678634678,1.7273795453370082,-0.1956849724175441,-0.14404636961670686,0.03081123244929797,0.7142857142857143,1401
MB_img476,4.333130942599222,0.0039674979459762534,-1.3374523850876718,-0.07143438048391747,-1.7174780353768668,-0.07796254759619875,-5.148283274618247,-0.3318780700704835,,,-5.902205855088321,-0.41999673652081837,-0.7189014988111299,-0.7268312170324931,1.0091144801650638,0.5353317329965559,,,0.012940408873423228,0.95,2344
MB_img477,20.2804888124247,1.0648421807553168,-7.369849399485576,-0.7472897387935917,-15.013704691112085,-0.6100377004767975,-2.1805468439089832,-0.4744360432522653,-4.888362325998764,-0.3452255175609882,-2.9294409151439518,-0.5607149544744789,-3.7352651764051004,-0.18630459295094087,3.2559892713170724,0.6860079051791618,-1.9090295252718037,-0.16971125301005394,0.38323045267489714,0.28467658249740574,1172
MB_img478,26.936872370853738,0.6633440313111608,-23.533027127289195,-1.995672693456729,-6.165058829686341,-0.5828814400777425,-5.330203161481471,-1.174230074195359,-7.647345801821776,-0.634335114192426,-8.348606748293971,-0.586784110078962,3.6404839452195783,0.41151521466389007,2.849798926748444,0.5991955216781661,-2.874416603720413,-0.39325324784515925,0.09108832807570978,0.3600891861761427,653
MB_img479,31.546058084890355,0.431864891964708,-21.625020127023085,-1.4157725315910055,-11.901877497606566,-0.6351789950259578,-8.966495173570717,-1.9587880990250004,-25.349266997899377,-1.135697873639473,-10.308223551708105,-0.9272149938210854,2.0857182256978297,0.28828916952388756,4.356642341540039,1.1347410048239763,15.224662372640417,1.0543423601598287,0.09414808917197452,0.6169265033407573,1053
MB_img48,33.20485308142668,2.2708560732557954,-7.211213586952248,-2.191179096221574,-5.098542303165694,-4.36562255611334,-3.789212462618635,-1.5456595400254685,-10.039807470741907,-1.563108311004668,-16.300890393821366,-1.4324583845098662,2.1250963299886685,0.6532794436613504,-0.43950222843654646,-0.18442457113742744,1.0921977201992947,0.13993802761155147,0.025,0.24691358024691357,510
MB_img480,23.17762037637082,3.1180557615217124,,,-0.644838089049228,-0.2703628193981074,-2.322993742749761,-2.4905701304462013,-3.116216451019099,-1.6644828403646827,-11.761206214363208,-3.581351247168777,,,,,,,0.019230769230769232,0.34782608695652173,142
MB_img481,,,,,,,,,,,,,1.5369742806110764,0.48533065070669573,0.0008173461314362063,0.00016395193391013815,-0.7597367186777597,-0.3777187158191577,0.125,0.004366812227074236,328
MB_img482,10.690127814959062,0.01451634028722507,,,-13.580757988198055,-0.38835077553377095,,,-10.70947120342483,-0.5163451159742826,,,,,,,,,0.022503879979306775,0.8784403669724771,2012
MB_img483,21.616882017957984,0.0940621564013786,-5.481965955702482,-0.6936418278811916,-23.613236090134087,-0.5018772723897456,-8.71606702197428,-0.7191521418444046,-17.033676701397656,-0.49182656376310535,-6.689757764424283,-0.3131258961014148,2.164439192829603,0.7173483921537863,3.9266679152078434,1.458980846866441,3.8428479658843964,1.4118350672405,0.08015267175572519,0.7891637220259128,2259
MB_img484,23.02709283182137,0.807246043521581,,,-4.118985754823435,-0.9540270693706815,,,-24.18750403930675,-1.2766588084402326,,,,,,,,,0.017123287671232876,0.7241379310344828,331
MB_img485,32.818768905732185,0.44617286446410076,0.16311186509745065,0.020444964895289956,-37.366739075175566,-1.1140499661967878,-5.108756784877003,-0.7897049915568581,-6.315748803359715,-0.45277621892869074,-6.261992256886367,-1.3377790428167082,-1.3321079146797654,-0.2564931213244465,-1.2208585372967031,-1.280956313831056,2.5538188031141233,0.9573556625915063,0.1719603825136612,0.4611783066718689,1266
MB_img486,,,,,,,,,,,,,-3.2881826491168646,-1.0145653381169748,-0.8560760218465325,-0.5639716038051833,2.573016619550443,0.20288576619519394,,0.0,791
MB_img487,50.861839051555805,2.489567052537269,-19.816820652586216,-3.3989846067513483,-14.477584579753934,-1.238802534154735,-21.13945865165428,-3.507514840273931,-3.08749612341978,-0.4041449063658134,-4.05833115130956,-0.9230676622992023,-13.298600251312655,-0.6675842722976005,-4.648777598650772,-0.21811113992722617,6.5711327822871155,0.42204411964321015,0.15208333333333332,0.063232421875,1370
MB_img488,,,,,,,,,,,,,-1.7888108010996844,-0.16818511122960664,,,0.03677281106867708,0.005161705115778773,,0.0,91
MB_img489,9.265583917329694,0.5081982004059488,,,-2.383626085758468,-0.45308610712802333,,,-8.32073924654637,-1.6550973626023893,,,,,,,,,0.045454545454545456,0.7916666666666666,70
MB_img49,28.593675804006715,0.34596626027711425,-7.878378363474506,-0.6774586293899356,-26.234584490016054,-0.9533937888426827,,,-11.985827926871536,-0.6977796712170192,-15.825435503282856,-1.8514229717930424,3.733809385381081,0.5077195017886957,,,2.614931859320023,0.5618684785905362,0.09446693657219973,0.6106259097525473,1111
MB_img490,22.10224833182607,0.4935862815407562,-4.195294143182339,-0.743956007071822,-8.352142844664364,-0.6520019436046827,-3.361269652466007,-0.4988133807851521,-19.06761647275514,-0.5476586926808541,-7.757099353479061,-0.739193492660015,1.6033913433566627,0.5437195184892748,0.8965398569308207,0.4719288354212646,3.0751080614730832,0.40173380097563016,0.05381944444444445,0.7578125,1073
MB_img491,31.01202163204886,0.3188863176880009,-7.5217547395605,-0.3436542628467321,-32.3617429904159,-1.4884255401651023,-2.0636587685304675,-0.14104472739207835,-24.71801197910523,-1.597193550956952,-12.309370024426563,-0.7874907791797701,-4.760509016738197,-0.7887820690814528,8.695640171096802,1.6106080073881566,-3.8054287539968206,-0.9682614548841099,0.10910696266397578,0.6059417040358744,1479
MB_img492,18.66057276786507,0.12875909833500912,-0.9424061116545909,-0.05936288498199681,-17.622620235020083,-0.5034439232515123,-3.637230373638655,-0.2320922070131083,-14.919461760326294,-0.6415460290875236,-6.931861355225634,-0.8785121174598404,-1.2823027861050793,-0.33276300779613055,0.7409687331069786,0.34268665505415985,-3.554307680695777,-2.4190893837859266,0.11226180613090307,0.7973621103117506,1569
MB_img493,19.66316149052365,0.6200086329522583,-6.29466672795895,-0.328888302273094,-8.65624690147668,-0.5332226196031641,0.5714431991090739,0.12500636106703258,-7.284531588141102,-0.5136634949907748,-17.157249563369767,-1.5053977951656121,-0.24789317754789206,-0.019177742362902928,1.6672584025977566,0.5063526660247898,-2.157361459080132,-0.21504041977278798,0.2710843373493976,0.5329849771391247,866
MB_img494,32.5691900456349,0.4554138353475573,-9.400699632142189,-1.670387156973834,-13.708730150975533,-0.7876289778323552,-3.110787633331538,-0.8442349877587509,-28.889210033788096,-1.047805853559597,-10.585319048793322,-1.4955581220121503,1.230683544692258,0.4017406766653861,-0.9083046054355305,-0.8278190246173196,5.647956698372724,0.8490142469180104,0.052476415094339625,0.7540322580645161,1054
MB_img495,28.878585086816,0.29909841495505396,-7.237721645631681,-1.2635710229279065,-16.90987310661432,-0.7540837311919325,,,-31.13809848680559,-1.5895009485927156,-14.237275288146769,-1.5622659111286423,7.106268740096765,1.4901815858819858,,,5.079000575571283,1.186011985609949,0.05258369723435226,0.7394366197183099,951
MB_img496,40.756335440098674,0.6376141273937969,-21.525706844333676,-2.246796930016268,-11.051956664712444,-1.3542231860290332,-28.819396218714132,-4.469963478438925,-19.549665874602805,-0.7702142757588469,-23.210767015029898,-2.509654982224224,3.221343454206027,0.6794800995054461,14.880710582973355,1.3917408793677057,-1.142171453063347,-0.1229759652868199,0.03277310924369748,0.2453900709219858,1107
MB_img497,11.607965402243623,0.10200803802527028,,,-4.892377739455983,-0.37988589909912207,,,-17.84360460812068,-0.6205270207334066,-1.3366582714427808,-0.10231230941922809,,,,,,,0.02101934523809524,0.9689922480620154,847
MB_img499,13.707877461710252,0.06087136780219127,-5.975005431661222,-0.20497340030937727,-12.35384104774133,-0.5008686032497994,,,-11.37989085557534,-0.4329839740323012,-9.36461045435146,-0.5360529002402099,7.610875811180854,1.2190137905470897,,,-1.0193854041207622,-0.25937074876382366,0.06254410726887791,0.8538860103626943,1657
MB_img5,32.00038782538544,0.14945987056067278,-18.19303616905881,-0.9990646167146768,-33.141294101845155,-1.0128793275129722,-11.023262113444856,-1.2766005351130885,-11.778477952371805,-0.5950913037950797,-27.565931674485498,-1.7556709755825302,8.292637403402296,1.151522275230005,8.331109300018772,2.170684514511125,4.474127870477351,1.1085808131539212,0.06012561274509804,0.62357669122572,1989
MB_img50,32.56927817780257,0.15104810893881573,-15.384087024023072,-1.1053847492476017,-24.396707530931447,-0.6763625030723583,-8.340811273814047,-0.7071443608527238,-28.371093450165183,-0.9408003323829692,-14.26068778109323,-1.362552399190088,9.384660210105885,1.4757267019940263,4.458894831599645,1.5563933485243855,9.764427761908719,1.4156294956108637,0.05458908218356329,0.7768313458262351,2063
MB_img500,41.20331633260543,1.9129935510598792,-6.552313145532764,-3.022012644380455,-6.4748407360334586,-1.4320378518050463,-4.871873243123423,-4.303415462685624,-24.522846991059904,-1.4456042326046366,-13.996144979572323,-2.934887136152252,0.20058526673950894,0.08578340730260728,-0.9143794621258281,-0.7718855785153658,0.10977276646930606,0.01082939304264967,0.01849112426035503,0.41025641025641024,826
MB_img501,31.249589452884937,1.5235221295572412,-13.66960033398848,-1.1342391969855423,-8.163228863932906,-0.6331290243176145,-11.780943375249562,-2.3257564577063325,-14.61420655798963,-1.3479319484989163,-6.157652987103856,-1.4603057144173772,-4.203825589994681,-0.26581544729677564,-1.4590544959763445,-0.14926744558408628,-0.6458172824223649,-0.041832397164193354,0.24798387096774194,0.24858437146092865,838
MB_img502,24.305457712085207,2.8742310690679993,-4.653512014174607,-0.7371029871514908,-2.21729910136187,-0.3239675383616413,-3.443652675873022,-0.9437175244029694,-4.529295215035886,-0.6609447190648049,-5.762966876967415,-1.0417514742950147,-5.136324418597711,-0.30719076404013584,-0.37601172202565003,-0.036836768180371425,2.2295325657226126,0.11690907461692175,0.3392857142857143,0.10476190476190476,1120
MB_img503,22.595124544739605,1.349313097680602,1.567106872177547,0.14936642800042163,-10.7248096979943,-1.3802405153505009,-5.509638413082003,-3.958146673762721,-6.008500707805973,-0.7561317816669285,-13.579054168477649,-1.3968312418092348,-4.198286107297583,-0.5756799743609206,-3.022357525564745,-1.7874324645168682,-5.000883597292815,-1.0057943163569345,0.21074380165289255,0.37349397590361444,501
MB_img504,4.285861952510365,0.057690875121052705,,,,,,,-4.418420509637107,-0.5333090705747667,,,,,,,,,0.012096774193548387,1.0,137
MB_img505,23.281727360095452,0.1566748922951661,-0.7054803401441455,-0.023531585493876822,-14.144754367971178,-0.8616037901941122,-6.079919573999674,-0.8621473948979835,-30.810280958845727,-1.0455266845702884,-5.611280678049884,-0.3471758650218717,-3.018383006820572,-1.124073579193709,-0.3077287274483318,-0.16992500144231243,-7.53477160602468,-1.4961709855310499,0.07924107142857142,0.8715509039010466,1633
MB_img506,10.109142035531082,0.11892789809826564,-3.2463091106566124,-0.5362187177268459,-5.357723993979248,-0.24121308327445745,-5.265180323244929,-0.838699701774244,-6.889271716497147,-0.32194170515373743,-6.2097573813485845,-0.4583183666076077,0.6596407922536619,0.3091040545297787,3.969614502172054,1.5907448533151622,4.207256893515262,1.2904498634141943,0.07196969696969698,0.8639175257731959,709
MB_img507,35.33466960811631,2.0696735278068115,-6.222838596298203,-3.2635978485439,-10.71605463460135,-1.6182386555954549,-4.65170123044223,-4.1081062236861285,-7.250220240367639,-0.8040970470392456,-22.381769604497578,-1.9713862374642357,1.9150472203477904,0.3963414055689386,1.8089704254454777,0.7734914701913199,-0.8018093137987917,-0.1627130790254909,0.045550847457627115,0.23715415019762845,677
MB_img508,16.769233247797256,0.08991193186609119,-4.52471690416399,-0.5171113365867495,-8.72050841225884,-0.7876936472467101,,,-18.544435647297924,-0.6550661669063435,-12.696521737962406,-0.8952280383963404,-1.1800762708600283,-1.1602748314085933,,,4.303338457980256,1.2146340817154537,0.013230429988974642,0.9496402877697842,1048
MB_img509,12.850219415494161,0.09967683330571993,-6.363943057368396,-0.3726457015664753,-9.386071481204507,-0.360857421323828,-18.058046750569062,-0.8667624456783728,-3.7637983259621284,-0.31353610328052106,-0.7067094022358338,-0.054997277474415907,0.17660499024621512,0.04256686142183796,4.43133990879862,0.9267377304870021,2.0545691330326834,0.7678974537180969,0.12032004830917874,0.724960254372019,1043
MB_img51,25.90477930812083,0.05132616367795222,-30.920695823250202,-0.9038229520061436,-20.811953975612717,-0.8081297881903292,-15.485070010609023,-0.7302089286682604,-20.742858601864366,-0.7975240967385977,-7.546911051683167,-0.3366999475755461,17.496868034224338,2.407777336375362,10.819370997354138,2.0127235076206427,19.66656873303253,2.465848842034554,0.030228201634877383,0.7285843101893598,3205
MB_img510,27.639444534010792,0.20625105444421304,-5.175344594143271,-0.5796374932065513,-17.461552133570574,-0.6760272311443329,,,-28.178415106447538,-0.9160516173363252,-10.17446312186874,-0.8199169332116233,2.4230266016683903,0.744197163397282,,,2.51305239879785,0.6789955255288761,0.041794478527607364,0.8521256931608133,1286
MB_img512,10.784928092908855,1.680665197002963,0.8827943859581497,0.31865296285450134,-2.6411630144042846,-1.0293547198943125,-1.6828318623448633,-0.7990873060740035,1.5114843145856816,0.3460702464566438,-6.898782323742529,-0.9744528317119555,1.3299958228840003,0.5563933485243852,-1.010647386179759,-0.7970129778361451,-0.8391036737713105,-0.45206823022381076,0.08552631578947369,0.5,114
MB_img513,,,,,,,,,,,,,2.017720189393,0.6374299206152918,,,-0.7805778163533691,-0.2300272999454762,,0.0,54
MB_img514,45.391022976693044,1.8709193175628944,-7.817741053238401,-1.2870961384808908,-9.679721441886317,-1.5945485495503544,-25.971166019782945,-1.415513782221657,-9.97834663665408,-1.6668805116914067,-9.968254938955203,-2.050874792153575,4.4775443839499784,0.6400188924307325,-3.6587462886741724,-0.21869186495759507,1.9939519174479512,0.3085833806091077,0.2161214953271028,0.16230010207553588,1082
MB_img515,40.25865277578411,0.5412339648116579,-15.7815566667333,-1.297994648216878,-32.807314254182,-1.3746598888510717,-9.019877400848033,-1.4526096807990867,-30.381979116998583,-2.9295863020541097,-7.040896190795138,-1.141777909385051,3.6700410089835667,0.3595002600885105,2.253411936312245,0.6903063929728965,12.04212955103731,1.2521657258693704,0.11971830985915492,0.43251928020565555,1091
MB_img516,24.04300017137678,0.11974152144524065,-4.421204494016116,-0.6261695328641785,-14.502849566056044,-0.5660867673004354,-3.3303962268748615,-0.38237771321596636,-33.69654998598414,-1.2563289303006528,-8.244765348737161,-0.6909514540230028,2.4131716567475654,1.0124192592540677,4.163868213869593,1.3279518825151322,4.515326938479228,1.4662449951872802,0.032859848484848485,0.8681898066783831,1565
MB_img517,23.81960649118268,1.2357375578733094,,,-8.277787737641736,-1.1930357549475132,,,-16.965691787934983,-1.173207005424445,-5.604861288784253,-1.811471030529836,,,,,,,0.06691919191919192,0.568,319
MB_img52,,,,,,,,,,,,,,,,,,,0.375,0.15517241379310345,38
MB_img520,18.48045829264736,0.8445563752624193,-4.506935552804476,-0.8978857823473093,-6.977924744975196,-0.7143775855856385,-0.15268933093124645,-0.0441442804036532,-14.347376459484629,-0.49133777058743605,-4.289111964949516,-0.7305087873424269,-0.46674084335954696,-0.13218511467040148,1.8760228818857692,0.9330497560753733,0.8010010911147099,0.07623558582708542,0.07764317180616741,0.6705426356589147,791
MB_img522,,,,,,,,,,,,,,,,,,,0.0,,23
MB_img523,51.071172377223874,1.3756638214323922,-19.93774062269412,-3.122422316143499,-41.247459880949854,-1.9370304556805158,-1.7538302242223471,-0.11408378911737585,-8.410447176105146,-2.033863451866284,-6.396726473582181,-5.192983169973992,-4.528316030057586,-0.2392108283537145,-5.266938800465839,-0.7475622642092058,10.108721157211079,1.33245108129937,0.24168577981651376,0.1885245901639344,1512
MB_img524,13.089520102103634,1.3889721906491488,-3.0900218646155153,-0.1790977019520186,-5.462897289647332,-0.7866597199655578,-0.4579588903231628,-0.1378677946875826,-5.241707375200209,-0.5517552507005944,-3.0894032663926785,-0.5535923472365271,-13.859237319256504,-1.0803069955694207,0.43636653535918446,0.05748549466076028,-18.602981714563015,-0.8873177608766663,0.48214285714285715,0.21954608615099583,918
MB_img526,23.051885035154715,0.3510352433976705,-21.381343013073916,-1.6416304065938723,-7.923606400976078,-0.45791921966457216,-7.454626147021459,-1.427915553756148,-13.349276425167966,-0.6654938390331679,-8.952325245767788,-0.8632659230671436,-2.632325136005205,-0.510631745333636,4.182132258075368,1.0309139934700597,10.046416214681823,1.0339170235223554,0.09819532908704884,0.5886157826649417,753
MB_img527,28.486442962843253,0.4209166997461546,-6.522043893404148,-0.8951562662694339,-16.00897073373576,-0.9396934067420876,-3.8816640087717094,-0.9893527558004916,-24.266821588204746,-0.8203127422163972,-12.949819773054005,-1.109885164697495,2.98187678400081,0.8298185422347497,1.4395727691508005,0.749038426466781,2.6268173454087957,0.4320463772111089,0.04018445322793149,0.7255717255717256,1281
MB_img528,5.197236308959889,0.649623132993611,-1.3704193887866587,-0.3998091116642689,-0.9412260529752059,-0.09369296598625132,1.5515665056677892,0.49530483912497936,-0.6181649331223553,-0.038377648537492155,-6.199071412122588,-0.8849435072809531,-0.1642867046163586,-0.05233860208603262,-1.3254606310310804,-1.4724877714627436,0.8830492104282901,0.16215284489450854,0.21212121212121213,0.4895833333333333,348
MB_img529,,,,,,,,,,,,,,,,,,,,0.0,81
MB_img53,35.13481025001775,0.49746156622173604,-11.805920264085046,-3.287948321044114,-32.40586938922568,-1.1162108349352935,-7.290579874968432,-3.4768136968655337,-17.84270296706342,-2.127140455016262,-21.19412269126425,-2.808983624670741,8.481969804818952,1.1835527993779331,0.25833661157112203,0.16812275880832706,6.311386089941273,1.5278241963276145,0.12360668789808917,0.46851385390428213,1053
MB_img530,15.987762091642303,0.11534826776226902,,,-9.894668484332009,-0.7118547617418465,-9.28331140610959,-1.2751174423456129,-19.203240742735,-1.414399581494159,-13.181971216371347,-1.4968953430329341,,,,,,,0.028409090909090908,0.8425531914893617,636
MB_img531,44.45562744439206,0.927467917317547,-23.73443414025034,-1.3903949111756242,-24.270345840011746,-1.5839524318252864,-13.115791997646824,-2.1795868758327654,-24.620608705444553,-1.195746450109002,-9.465062832757331,-1.4442253218245586,5.311366671030966,0.3268620228324245,5.97445489235988,0.6757654377294688,1.4677766175012383,0.07356629393801375,0.12055084745762712,0.32287644787644787,1460
MB_img532,23.216744319056502,0.5033812169596926,-5.328842040129317,-1.5529508213672505,-6.972472225218115,-1.1411980073076764,-3.1764227571279213,-0.7929778066375605,-9.23570871672809,-0.8627953820936863,-26.195374091855196,-2.099199687712918,-1.627587123152997,-1.7026575433909108,0.46945427818079777,0.28191241603948314,1.1943084453992496,0.500472975784904,0.023832684824902722,0.8783783783783784,423
MB_img533,29.862003418949932,1.530490731943193,-2.639438990033459,-0.5428938267380184,-13.192564082863745,-1.1223634973132277,-5.776935135431617,-2.862699340976598,-10.951061967565389,-0.7102849784695445,-9.074480274655086,-2.873813198359087,-0.6420782142989309,-0.10292329203979049,-1.1050308814606546,-0.6735564239901446,2.519959222050966,0.29479407835676513,0.1220472440944882,0.32081911262798635,552
MB_img534,24.705966165948336,0.28445497530183184,-9.701849624441849,-0.8307478846121947,-15.84315257692848,-0.5175561494127665,-19.157529540918368,-2.2387868595871168,-15.148138963775553,-0.38566154864203117,-6.573755176877075,-0.6609596590859743,2.8681233065693683,0.44219583988231104,6.555796019124883,1.4733241211907435,5.183756077076719,0.567040592723894,0.10564516129032259,0.6730401529636711,1833
MB_img535,12.643230312197637,2.7813597135246595,-0.09301706248341476,-0.0473057147783568,-0.15610965695180146,-0.06809751638340845,-3.2403025238737926,-0.5615035278971673,-1.6913635286381414,-0.5516579848963512,-0.4698621244840375,-0.26303440583379395,0.9779013038096043,0.2354354588120469,-1.870683094359279,-0.1788367470159292,0.44331131791854234,0.06654357222201364,0.5138888888888888,0.03252647503782148,494
MB_img537,17.56102027594358,0.6786162700077879,,,-3.0565487713399877,-0.40061177571999707,-2.7577989325449104,-1.1313425391232608,-12.822199014679407,-0.3773454719169475,-8.303417805237798,-1.7080868850979198,,,,,,,0.026785714285714284,0.8425925925925926,824
MB_img538,28.441952236447527,0.4662186835022196,-8.553187879638621,-0.8806655368294203,-14.871971230450884,-0.7965314728574779,-1.583642549567155,-0.330694973613608,-22.914465176202114,-0.8094247447638916,-8.739585111806141,-0.8034756644342311,3.093167423527026,0.5550438641891728,-1.1982193742870073,-1.2265085298086797,7.994276935296384,0.7462611932968553,0.07427536231884058,0.7062841530054644,1265
MB_img539,10.396993654999852,1.9950821158678744,,,-1.955404246009065,-0.9085384484900009,,,-4.87311230447571,-0.2609332605306807,-2.1951395489899164,-2.0470148195175892,,,,,,,0.024193548387096774,0.5384615384615384,464
MB_img54,,,,,,,,,,,,,,,,,,,,0.0,209
MB_img540,21.65386801504106,0.17611630520016353,,,-4.072550515406801,-0.341755008317146,,,-25.299001969859614,-0.9515466780839141,-13.41932635279972,-1.4965320736255268,,,,,,,0.015410958904109588,0.9328859060402684,1017
MB_img541,5.436394324524492,0.02588329471304026,,,-3.5118410097723434,-0.24631221391507718,,,-5.004847391759829,-0.1398844985213027,,,,,,,,,0.012119503945885006,0.9457364341085271,1005
MB_img542,34.820330514636446,3.3900995975289416,-2.6171559585684916,-2.7452373321297494,-11.283577291684232,-3.178430102776223,-1.9469273862740122,-1.3580210974659457,-2.4546663255745718,-0.5225966197607826,-3.693764503455437,-0.5564019616033963,0.9001008937089003,0.15233708928885883,-0.8177524119111793,-0.6484654430273141,-0.30371166840164066,-0.0976107966264221,0.045454545454545456,0.015906680805938492,573
MB_img543,33.00322729630991,0.49703321943417933,-26.230731281221612,-0.9397074387352696,-15.278014239896136,-1.0657521165509678,-20.426410854211582,-2.5952344644965635,-7.117273567242563,-2.8028825122444214,-8.992687404684206,-0.9362337418205753,1.943115757461224,0.14314040225099073,3.155404830225733,0.29990587894784976,4.753676596212482,0.9413371606214405,0.18164395229982963,0.42961687473095134,1047
MB_img544,34.90446184827502,2.4305748191380308,-8.356049902897663,-0.8644046630765627,-5.879916405056893,-1.2522238844378728,-8.5832720199098,-3.122764736239159,-8.840259889804797,-0.5101179911802586,-5.773868685314929,-0.8082255014107173,1.5238829239161087,0.12856740233720523,2.841320823298692,0.24847506858216123,-22.712626222518747,-0.8684898238105481,0.1501937984496124,0.12491228070175439,1390
MB_img545,23.753546044771834,0.9093372356392683,-16.992837714806456,-0.7269280714543942,-6.79220110785941,-0.5898261393079512,-2.978226785717074,-0.7861980474098424,-5.444119948224895,-0.4062959038872639,-2.593213991970785,-0.39800724305180496,-4.427519039512429,-0.3136328408029959,-0.7791980483548624,-0.13303178040725772,-10.685058315506437,-0.6767832091440651,0.3108490566037736,0.34201537147736977,909
MB_img546,,,,,,,,,,,,,0.640584905403391,0.24212334025210389,,,-1.6123873248473743,-0.9316830570598058,,0.0,72
MB_img547,16.033196315796165,1.006426269159433,3.2003568098112125,0.3816591886218235,-2.079703227265575,-0.49243588568960506,,,-12.233755312125307,-1.1133618284179307,-10.237402130327666,-2.920531506277905,-0.5851981638478878,-0.2794712956444677,,,-3.8552473608428435,-0.6449637543157619,0.1541095890410959,0.7516778523489933,213
MB_img548,27.32075722233524,0.659258207934894,-18.762169313499275,-0.5067186519406277,-4.92594142048128,-0.5102454081919344,,,-8.196847008173886,-0.8803170701309957,-15.170395221831646,-0.7379121521636308,-5.472848226963862,-0.5801031586531559,,,-6.260805423335894,-0.5560391890020838,0.3120704467353952,0.4659921304103429,1569
MB_img549,33.43653282483145,0.8404495805424707,-12.667254526973894,-0.42201403909798635,-11.642698786777673,-0.9173692908223936,-2.935888270042721,-0.8323274502890661,-24.65651512845773,-0.8878241619351971,-8.654095462219386,-1.2674621178746026,0.27439145225365336,0.01912974435679162,1.7470460802685934,0.36942508873347946,-15.838315709959105,-0.6237618628503978,0.24427168576104746,0.4671934043284095,1822
MB_img55,41.149208624847766,0.22489978430762345,-15.887953144916269,-1.0074700278015696,-45.955928581166695,-1.0742011893435557,-6.843585160201928,-0.8261394676875204,-11.403335730872353,-0.6397063898827366,-6.3088845319408104,-0.5328791895887085,7.899828660148272,0.8380933536328475,-1.6349229543170296,-1.6484654430273142,4.770160834724577,1.217591435072627,0.10136749867233139,0.5531514581373471,2516
MB_img550,6.0253461070637275,1.434402824145775,3.1263611507753084,0.7701324581014054,2.6736159983052645,1.0892673380970872,-3.696140683885335,-1.6712933724815757,-1.3624005152601129,-1.5873649909364607,-1.4943341613280947,-0.5553253589892455,7.746746346602328,1.29689930039584,-29.296990842683577,-1.6353800596086425,-2.602668336715855,-0.33559157040790194,0.675,0.012095032397408207,1038
MB_img551,24.337150850700773,0.24898503050384227,-11.32799054803603,-0.31382717700902496,-10.072140334633954,-1.033663676628202,-3.0206557845326927,-0.6224618673827301,-25.527389146013984,-1.199064844373677,-14.530333033567581,-1.2416114082848262,-2.166342651184897,-0.44464121232374143,-0.9273757884685098,-0.48100364013605645,-0.9813051150717531,-0.07503311415134707,0.1595744680851064,0.7584745762711864,1507
MB_img552,49.36849066096604,1.2127613573658516,-13.864676882766926,-0.48902660469369746,-39.15521756394809,-1.7599513720198168,-7.1012926814567106,-1.320167637022925,-9.943691813675697,-1.322076056021884,-18.189959975864216,-2.130205261794992,-16.240158938206072,-0.5859748064245002,-0.6718156915279128,-0.08635548923929774,-0.6582132213045235,-0.05811553980999109,0.29423076923076924,0.27450634696755993,2033
MB_img553,12.667842869604709,0.13427016181425697,-11.077020029431987,-0.3369385673843523,-4.2810709853964894,-0.4053797647588454,,,-9.633349285336879,-0.47183954366911546,-5.842142973607516,-0.4882510866221323,-5.601990322183443,-3.293517630417424,,,-10.034904623052102,-2.443023090620804,0.1641304347826087,0.7302752293577982,1136
MB_img554,,,,,,,,,,,,,0.508844290976915,0.10784530712683173,,,-0.9793355826010968,-0.19650765412950782,,0.0,143
MB_img555,29.629043144476835,0.5441674606329644,-9.217414813109409,-0.7738518518997355,-21.749576163563923,-0.62477140759688,-7.156592265572866,-0.6017723686199293,-21.19607200129978,-0.8571725361314148,-6.2072300512729734,-0.47742392432364045,1.196747367086799,0.10746694718713369,1.0936338933275378,0.3247051795579359,4.905714893551606,0.5589288413402492,0.2223970251716247,0.5275080906148867,1941
MB_img557,36.23533931489,0.529560135999379,-22.643615166091053,-0.6508601931410921,-21.205157824152952,-1.0098569732775147,-10.22077984162115,-1.0851589334536675,-23.148898633207757,-1.4260614006893728,-11.474824479237752,-1.1911021200084064,-0.3762318924738862,-0.023071473344658266,-1.6124086926335426,-0.2067952635543583,7.1465258814461325,0.4552390334473563,0.2096063454759107,0.5160207506866036,1672
MB_img558,41.3479336380258,2.562077920151135,-10.898415259755547,-1.8517027782070592,-24.329383289417127,-1.1999562512336943,-4.167058220614955,-3.6758159311722696,1.1719156868597884,0.2589525497871831,-2.085231565584521,-0.521050736900963,-18.47847649458501,-0.6443104137220506,-0.8298269554604293,-0.2355468693624743,-0.7549040756048023,-0.13690724556790312,0.2899590163934426,0.08578715511245073,1139
MB_img559,24.074352594371103,0.8123301136683234,-5.020303399711395,-0.3873824141740708,-14.00527145376267,-0.764425932903836,-1.7067734140173616,-0.4397440118432157,-10.860796442113868,-0.4047153623660955,-7.481318547262784,-0.9903655482524935,-2.7583245136465955,-0.28516749076048475,-0.6885020477392806,-0.3227522566012288,-7.388948784199906,-0.5476143419488521,0.1654109589041096,0.46651617757712566,1171
MB_img56,24.691383949363217,0.1315693298513717,,,-14.27522446694145,-0.722238899936477,,,-25.42171803561717,-0.7369548277451307,-12.206735488099929,-1.0016794339477322,,,,,,,0.015494137353433836,0.8716981132075472,1444
MB_img560,8.476981092373045,0.02062539532545029,-0.6599170419164897,-0.04911055892767233,-2.6870639699652035,-0.21482861626568656,,,-8.118254364634858,-0.31698655535701326,-17.241461359686244,-0.9227015729322778,-0.6320953215429924,-0.44890095114512785,,,2.4852092893592967,1.2288186904958809,0.009938590820943762,0.9851851851851852,1630
MB_img561,17.96393757079723,0.8110776796515341,-8.716078015764325,-1.4376141942044873,-5.945245813738644,-1.1600058475277188,-4.713352810749271,-0.7992675415718815,-5.648170911548837,-0.30223702644074807,-6.91056417412206,-0.7063048474820735,5.9371255531439635,1.087933362004922,1.7006183731432045,0.3893976781207445,0.1739938556044613,0.01772394304871816,0.08460365853658537,0.4452054794520548,491
MB_img563,,,,,,,,,,,,,,,,,,,,0.0,83
MB_img564,36.066006094893176,0.7565413704011599,-24.456802256329308,-1.0760390633925456,-2.6718182588906534,-0.4263765871924364,-5.482624057434106,-1.25906152925887,-27.397253937014177,-1.211905554086256,-5.081590644297863,-1.7963900973310147,1.8532630770696568,0.3294296259002709,-2.778090967920397,-0.7363471637612705,-0.4245142014100866,-0.019443283373658124,0.1165506958250497,0.4614830813534917,1113
MB_img565,65.02350872440599,1.297811919811526,-38.465801683284354,-1.925975510512425,-24.675171299156776,-1.7795161034176104,-22.384484078876287,-2.3584624573289332,-30.553007867264174,-3.2244717323486403,-15.006316816094822,-3.1427635074449713,2.5639687608028994,0.12433225699392134,-4.04568118694891,-0.2636473188392125,5.444349126670113,0.24276885562199194,0.12418032786885246,0.19178454842219805,1803
MB_img566,18.699497225499027,0.32027012025777,,,-16.743704024645595,-1.0247481446959,,,-17.4204092240428,-1.0422065601206894,-7.080831354547545,-1.6435263932157644,,,,,,,0.08346036585365854,0.5932203389830508,495
MB_img567,21.761996791722996,2.5785502213996465,-7.167593503394391,-1.8535798729319266,-1.8011123254257786,-0.17471664458274055,-1.0406054814530656,-0.42565460665287297,-4.049506558342959,-0.39255398535103225,-2.79490466196834,-0.9126498648972036,-4.829285957699165,-0.2587232541577131,0.6765519446968175,0.15031671681716308,-0.6836287942519991,-0.03663538975917365,0.3220338983050847,0.12987843889955214,921
MB_img568,43.89105025378726,0.7276166271154255,-30.54114266497563,-3.845597577002402,-18.827339336280296,-1.7670351053302,-18.256133299929473,-3.843950354916815,-23.659579606761053,-1.4346958123565292,-27.141088219511076,-2.2054145075087264,11.19002651908975,1.172079380717599,11.553455668050349,1.406531903046826,2.306962866584085,0.2080872489117946,0.023819218241042345,0.20618556701030927,1134
MB_img569,10.958939471986966,0.09264092907711988,,,-0.2285468497957153,-0.02843047818879283,,,-15.241203968921935,-0.44439662676461744,-4.999913946419853,-0.4801952426598648,,,,,,,0.007202304737516005,0.96875,987
MB_img57,55.906681589029105,0.6168947817152282,-25.407484697701083,-3.0371825216801156,-39.53757554481125,-3.0517201164473278,-17.761418978354246,-3.0064931752040995,-17.499050370235075,-3.877030309545523,-47.683461751506684,-4.306052258477163,10.899536311176698,1.1375239876545145,3.0408524941362614,0.8400590871303099,6.188620652312704,1.3245066389891387,0.022698209718670075,0.20126582278481012,1242
MB_img570,41.0913107256545,2.2732087706344273,-6.092209861663414,-1.6725384900865992,-9.83266706933184,-1.1728240594829262,-14.215052189647153,-1.3830378710552595,-12.219067768625496,-0.9596750564974228,-9.118126422600193,-2.2517520191968,-0.15789837108678426,-0.01944776222822258,0.4423616103301952,0.045567738797708576,3.6314234032383648,0.29690843626306584,0.20754716981132076,0.13985330073349633,1309
MB_img572,25.607200124840407,1.3213357339507346,-1.572539860659662,-0.5578593433947714,-3.4201734296980906,-1.2313812045637025,-2.7291805746224465,-1.3771237491294872,1.4406025248317922,0.0722067221231772,-26.216436319045954,-1.5145867830961335,1.8519110313633085,0.8624964762500651,0.4589191358868802,0.29956028185890793,-1.7703199211482452,-0.5248896575023225,0.014037433155080214,0.7105263157894737,846
MB_img573,5.263526144463081,0.007935621911473718,-1.130527896167354,-0.08746284125033943,-5.4725126299766025,-0.2551985664196896,,,-2.1642272017057476,-0.11821785298201305,-6.724470152782192,-0.6678921252302342,-0.7441780765892411,-0.7048719644563528,,,2.685286445299731,1.1255308820838588,0.013521180030257186,0.9690721649484536,1363
MB_img574,47.85976187600131,1.9667528894995236,-10.31460966925215,-1.3244308219004521,-11.904148218134203,-1.0935490324044506,-28.471438014876448,-2.7590761676053024,-8.320770090280519,-0.8353697511926054,-13.014457528923897,-3.4629684403209553,5.009923246542203,0.40691696094849455,-7.137950947280581,-0.511088919475984,3.431185556880857,0.2694466737505998,0.17291666666666666,0.11953075459733671,1300
MB_img575,,,,,,,,,,,,,-7.9921009300079495,-0.832334710574964,-50.34233495677276,-1.5969725640102126,-5.503928806360489,-0.23909248294190627,0.625,0.002553501945525292,2686
MB_img576,38.78214230794225,0.4884376190029663,,,-1.841555600318066,-0.283560457211214,-3.942210062615675,-0.5107959396360449,-46.2224939889591,-1.636054261081712,-16.74756685917713,-2.36370147971378,,,,,,,0.009868421052631578,0.9026548672566371,1006
MB_img577,16.48166685501522,0.08333635577296637,,,-4.766407046975947,-0.37183761733042064,,,-20.82560919701808,-0.7157773232901223,-14.050558329521001,-1.5447051836146746,,,,,,,0.010318704284221526,0.96,1088
MB_img578,16.82367376565409,0.10304962308594393,,,-18.035042635458282,-0.9180454215556538,,,-14.483431075606422,-1.04248694963319,-6.03036081720022,-0.6270879763938327,,,,,,,0.03516713091922006,0.7191283292978208,819
MB_img579,32.761840442735696,0.9555640283984388,-5.808522393756604,-3.5631581304028077,-4.889900150772493,-1.1029476721841236,,,-22.83454855319193,-1.3337900178095623,-18.857546320569128,-1.763253646335724,3.7308564108881512,1.5204737742694425,,,1.4706909240128418,0.32227493826946046,0.012159533073929961,0.66,630
MB_img58,19.28029835958441,0.061857221973230805,-11.757655850955818,-0.36353249425067946,-11.409634156895248,-0.5024239899009926,,,-14.723996838455951,-0.5604583812785843,-19.752784919886327,-1.1644185251357688,-0.24761752682160348,-0.08217270159513101,,,-3.7553966852940093,-2.37364821133469,0.04869067103109656,0.8333333333333334,2069
MB_img580,23.332973974639295,2.071220438729004,-5.756564032875532,-2.0713908517364708,-6.575007682269472,-2.8041125781758085,-0.90613166490345,-0.34027740476625423,8.42857353483992,1.0520280366067873,-16.715280411048884,-1.651996213413088,2.521907396472901,0.5200070588803862,1.7925256590355911,0.6500171744013988,-3.9358277596861164,-1.8191572236749685,0.025793650793650792,0.23214285714285715,413
MB_img581,,,,,,,,,,,,,,,,,,,,,26
MB_img582,16.012832990747683,1.3473531808912953,,,,,-6.389140246610433,-2.2634851776046503,-10.057661725918956,-0.994562806762451,-6.180574290116684,-1.4942022413161509,,,,,,,0.03260869565217391,0.46875,169
MB_img583,7.6817391704532305,0.019485813844469232,-6.236147982641083,-0.4486607221809745,-2.6166429136859057,-0.08442438179073042,,,-3.7333183310109197,-0.12371685683713146,-15.684290562111736,-0.4658877517976053,-0.7475063975661352,-0.611172380044005,,,2.714579892370151,1.1914678481415473,0.023533585619678336,0.9617021276595744,2317
MB_img584,10.470390056990556,0.07189346004119494,-5.396971462355104,-1.0009488293935487,-8.462702842455586,-0.421040028684221,-3.293574755614072,-0.24916618065354468,-5.692260677997684,-0.18242785489648727,-10.608399378882114,-0.5473983753422909,4.105560555154992,1.5330104210864346,3.2533605811773096,1.3492354408830978,2.8061276937189055,1.0469210473874926,0.04495504495504495,0.887378640776699,1237
MB_img585,18.26040380850067,0.18058497677311347,-2.8731918569084876,-0.37395439486580295,,,,,-19.303557106037808,-0.398722460442818,-10.852348500100756,-0.963398627753571,,,,,2.8476649226273203,0.5437195184892746,0.006596601073345259,0.9722222222222222,1634
MB_img586,4.636740241688361,0.010645480548405799,,,-2.4381231635114413,-0.16267629328242725,,,-4.008107178897174,-0.14411016004867475,-5.0094289625904915,-0.38767529170037807,,,,,,,0.009398496240601503,1.0,1395
MB_img587,36.22845036593059,0.4259401576707629,-9.637678975524823,-1.2674733748144624,-18.303592603918894,-1.2366830788868415,-11.10811232425249,-1.5235619560570128,-33.72295301539053,-0.8825598990866503,-13.568675332378245,-1.066661564699863,3.733884899233603,1.005255725451495,2.329362796383758,0.9979404778217058,5.957500776090959,0.7354151426028062,0.02626146788990826,0.7155963302752294,1816
MB_img588,17.014893514851384,0.31452070449938446,,,-5.789246885052116,-0.42463074257187566,-2.4119978930076194,-0.45007482837904517,-9.641686874374042,-0.5848313406646188,-17.836918934277154,-1.193690586619618,,,,,,,0.05845070422535211,0.8583690987124464,561
MB_img589,45.76440044212693,2.1531693789094466,-1.2404051429087406,-0.21757540503867215,-27.362952963251086,-1.1674347271841785,0.17134951338625062,0.05514155419246085,-13.441312917932864,-1.038452144821764,-4.838670648393425,-1.1603943637041907,-0.04023563514259818,-0.002294598948898878,-0.5832532865744539,-0.3391373849195852,0.4983070762192382,0.055915989253672804,0.26031553398058255,0.14753639417693168,1580
MB_img59,10.367921982936638,1.8878322597928339,-4.286793413750916,-2.276198865032242,-1.8306537424300477,-0.6980163776370006,-3.555608659734148,-1.4854268271702418,0.9403628443552294,0.10392194460293547,-3.0716905807925476,-0.694657365547086,1.2452822540707171,0.35971561947638764,4.0525775241675905,0.8267042142184479,-2.591839610628418,-0.31789634086831225,0.075,0.14893617021276595,255
MB_img590,,,,,,,,,,,,,0.208855620650383,0.05532000617374954,,,0.09135974639115199,0.02529588954645015,,0.0,118
MB_img591,28.551480781407097,2.458925143279844,-1.8064534133263312,-0.45417589318580204,-0.26359298832158323,-0.05939854397342152,-3.9954295157514372,-2.72428646009546,-0.7047080080886128,-0.13562867612949758,-17.179184749378432,-1.8311115631475354,1.3347707947735272,0.38058698940206326,0.9488522209592449,0.3492354408830976,3.0626834086266697,0.5686330970701283,0.09953703703703703,0.38064516129032255,447
MB_img592,-0.76551732206332,-0.0005104483841348962,,,-1.6543519532433864,-0.06304267908933703,,,,,,,,,,,,,0.008328819068255689,0.950354609929078,1865
MB_img593,,,,,,,,,,,,,,,,,,,,0.0,50
MB_img594,14.558955114429853,0.11604155500842833,,,-7.099788000848068,-0.39221332847221857,-5.174384318874029,-0.6369145803558778,-15.157381350411296,-0.28991988326323226,-3.074292558093088,-0.3442603949854186,,,,,,,0.029648760330578512,0.9256198347107438,1730
MB_img595,7.106074910505594,0.04600414448574148,,,-6.849202446952125,-0.23486316022009995,,,-4.114247422164169,-0.17361203092597324,-3.1853491961906593,-0.44311316932923,,,,,,,0.05995203836930456,0.9158415841584159,976
MB_img596,19.420797097304014,0.10508824866895214,-8.182893807139122,-0.4397960442922049,-17.370485221705398,-0.4892544687500577,-2.2592763816779673,-0.3557412163784074,-18.007436447264798,-0.5194734992862926,-8.457733006160488,-0.5085312410527454,5.621552409312078,0.9021849279692168,0.07521290060175762,0.05514155419246085,3.649727098566926,0.7105705343353358,0.0821475843812045,0.812822402358143,1917
MB_img597,22.29357820409453,2.990413951170802,-3.708919310536122,-1.17192735435346,,,-5.022550400719361,-0.9405129755315749,-5.0911909793388395,-0.9605307193363052,-5.092366011251183,-3.6258549313680573,,,-7.937622287156426,-0.9466088202095267,-0.1469230479533021,-0.01266689687341123,0.265625,0.10256410256410256,376
MB_img598,45.291286457339176,1.9510417949918673,,,-9.29056397975547,-1.0243869378480173,-10.032312594016293,-6.323370069061268,-35.052478194613215,-2.5690497574112863,-7.941806043968108,-2.857317534531428,,,,,,,0.05120481927710843,0.22924901185770752,773
MB_img599,16.900084203779837,0.1384239765959455,,,-22.998329930559972,-0.8967322436040374,,,-10.007076825546756,-0.8282097341771592,,,,,,,,,0.054048414023372286,0.6666666666666666,717
MB_img6,19.445476049904407,0.18966046308191623,,,-11.809630189362185,-0.6378537967561497,,,-16.907767884009537,-0.8010859114438815,-18.260023943047653,-1.651188267928049,,,,,,,0.03426079734219269,0.8817204301075269,771
MB_img60,31.242113475563624,0.28457471278787105,-31.847332928254332,-1.3785479371100537,-16.164411632718423,-0.5430728403762014,,,-21.008753462430818,-0.6127942072241067,-9.995211140477826,-0.9863821912491307,5.895332653622848,0.5255083304809935,,,2.5041222714859526,0.20108689248461736,0.1000402576489533,0.6220644456581104,1891
MB_img600,41.67435543941721,0.26351819649882086,-11.094442984063587,-1.6767708122474598,-20.857200226024215,-1.0776682301545832,,,-45.866672593703946,-1.5374624813391073,-18.93051168567232,-2.4450366337434812,3.7482805719068737,1.3040061868901,,,11.698779674527518,1.6974372299795686,0.01852211016291699,0.7734627831715211,1682
MB_img602,15.521038135752312,1.0765719763948323,,,-11.720834207285982,-0.6598986913680174,,,-6.162740127193643,-0.6954030195866083,-2.531035784843768,-0.8978857823473093,,,,,,,0.35216346153846156,0.3277623026926648,410
MB_img603,46.03785340828211,0.6305329958678868,-16.113137807429176,-1.3127061264781315,-13.666299388756926,-0.7063098220787284,-5.647783534722376,-1.7414179559999157,-32.82777583366521,-1.1633241270614487,-21.99328113558955,-1.4966043764817272,3.5656424978959596,0.5086813341416669,3.525980805300197,1.2587127998837002,2.407685423554596,0.19181746884205753,0.07012987012987013,0.6251482799525504,1551
MB_img604,21.504526995091965,0.035517417907933634,,,-27.309983181206324,-1.1691736884273276,,,-16.384210844339602,-0.8496802299343108,-17.593931149608817,-0.8780014281113944,,,,,,,0.005934233449477352,0.6931407942238267,2406
MB_img605,,,,,,,,,,,,,,,,,,,,,45
MB_img606,15.004757967283359,0.2716101792493606,-7.681963759345801,-1.1567899825612311,-3.777772477696458,-0.295935049719305,-5.193661416123788,-1.067215080096254,-13.529792593040519,-0.4793316013131485,-11.51229178044898,-1.1058687817698605,1.7005809011670572,0.5322602073720427,3.284377666035949,1.2951280355436472,5.257730216936438,0.8238474669067154,0.058045977011494256,0.8,704
MB_img607,15.990344474154853,0.19807864422024116,,,-14.415501917210934,-1.4102635632934437,-7.572627972290331,-1.4163893922788027,-13.357572807528149,-1.1617411340461379,-10.556263856298953,-2.6342060197410055,,,,,,,0.01069078947368421,0.5886075949367089,371
MB_img608,18.18146674590933,0.24074741253723003,,,-10.166666243245094,-1.418189947945766,,,-18.40383990181627,-0.7126108550790016,-9.573321434436185,-1.9883906383651078,,,,,,,0.006812796208530806,0.63,566
MB_img609,8.424516380501974,0.07398307240676412,,,-2.132527235053789,-0.1796038072099092,-4.051111400410042,-0.40032500138012644,-8.459494492900157,-0.4420372925038763,-11.949076157356824,-0.5322713393151308,,,,,,,0.02860501567398119,0.9245283018867925,775
MB_img61,30.13734215853263,0.2282001975817489,-2.4294041011394136,-0.39274012862441215,-12.227224408386435,-0.6117479648841544,,,-31.45649568987279,-0.8067474409930901,-6.658198601297786,-0.9328530895972857,0.763784375849323,0.4198545155766197,,,1.107434806630698,0.35515487265138274,0.02646931719965428,0.8908045977011494,1593
MB_img610,55.90573790360882,2.1017067725925416,-13.434821625252713,-4.406119950882755,-23.608524231597805,-1.9216755091999813,-4.304053948173698,-1.3489051611684064,-15.752737506107666,-2.8590266019237935,-28.658269112721666,-5.355099350136011,5.270374223466365,0.35399830973479013,1.1413790557700902,0.32924597293608165,-0.14788086040428985,-0.01788981565854329,0.07929515418502203,0.14079147640791476,1123
MB_img611,2.1658056897409512,0.767339243209725,-0.04313351378617643,-0.016139702655252858,-2.1780521780532656,-0.9855004303048849,-0.22327046244140222,-0.16992500144231243,0.12229371288986758,0.02522597628817358,1.243422782793634,0.38646834708207267,-1.8372938880000447,-0.10819059806365361,0.15889258177581553,0.032370246533802695,-1.3104955826533895,-0.04672439035768497,0.26785714285714285,0.013657056145675266,1634
MB_img612,17.72881881383632,0.6150279347569962,-4.374362832223432,-0.30406167409384866,-4.436020710121936,-0.7444481704974123,,,-12.49755407919514,-0.5985633200528493,-5.924188388424739,-0.6295551791590742,-0.5364033976572093,-0.13653168468260998,,,-4.857080517400964,-0.3846472579025236,0.1390625,0.6700404858299596,583
MB_img614,29.12302893100053,0.16244669074527945,-41.23154442755164,-3.0398887364095217,-8.557075341155455,-0.31858782892704796,-10.315480968930363,-3.070675548513483,-13.98662966013764,-0.4430253550752581,-16.107101243141535,-0.6180934951691275,9.11027548271539,1.2694094438346522,11.945779708920991,2.691522623405039,7.579219214107531,0.9106768167241329,0.04016189290161893,0.6243602865916069,2072
MB_img615,54.48323669099247,0.5086584875833317,-31.01675913896169,-1.5170918625012761,-31.85471771659161,-0.9617838576811232,-21.72168801467638,-0.9428998427928637,-27.42918090696009,-1.549031278362344,-14.672215441267097,-1.8528311772041246,4.27660285741269,0.29447094091394055,5.296942126929872,0.5366528823937254,12.371298681512862,0.9702647979996916,0.1457286432160804,0.48104089219330853,2432
MB_img616,47.87967631913254,1.3060605458558434,-10.591467534124034,-3.5290400560950754,-14.022543539764676,-1.3894281529868495,-9.329871936969306,-4.104001110321215,-36.415926224886945,-1.7966650330541172,-15.312458638591119,-4.256746502366069,0.4656137741929188,0.1036495937118645,1.435403687412439,0.5329212144058751,8.235252051218565,0.637322461299694,0.04707278481012658,0.39210526315789473,941
MB_img617,,,,,,,,,,,,,,,,,,,,0.0,79
MB_img618,22.631311587387724,0.436090431032288,,,-0.6440732650652848,-0.08183778205388204,,,-25.398031978556773,-2.3625084244330594,-15.666414976812309,-3.0013253974665677,,,,,,,0.009004237288135594,0.9242424242424242,338
MB_img619,55.77186200160959,0.494806553836778,-13.693303108310095,-3.7827080967546487,-42.52167286843274,-2.156300260694687,-16.17542820480258,-2.34922371893827,-48.0550930603982,-1.6808369239238699,-18.247661002917056,-2.0536116368100235,7.223398696561246,1.3862677359379147,5.870535053824466,1.903426740304947,9.53809269803187,1.3884548465916484,0.018522036474164134,0.305363321799308,2031
MB_img62,17.413314126857944,0.0929119728567864,,,-11.088880769678447,-0.5626744335193715,,,-21.254506880301307,-0.7290399558689594,-8.012484570237538,-0.610966046579992,,,,,,,0.022486162361623617,0.8797250859106529,1271
MB_img620,,,,,,,,,,,,,,,,,,,0.125,0.05555555555555555,67
MB_img621,23.090662603785358,0.18945233531889066,-2.294706344425996,-0.18711831841148863,-16.638726157845326,-0.44835258901852115,-4.15287187387417,-0.41438157972179,-15.937924454484607,-0.45682032826054203,-11.78239788601682,-1.0718999315656332,1.3488243507149686,0.28147397353773823,-0.596930616618605,-0.49569516262406904,2.3470909444676185,0.5295658873052309,0.1259441087613293,0.7642822851656265,1957
MB_img622,30.594597227030615,0.1271477482859375,-23.328555901432072,-2.2191767608786725,-7.350434587838518,-0.3677402909320183,-16.742941817780988,-1.6252287344569332,-31.503571073485038,-1.1659680120200135,-26.15540509206369,-1.6285108943933688,5.905117184843691,1.5088595216353646,12.057739948435307,2.6129768768907526,13.66494321735187,2.0801703486839833,0.020161290322580645,0.7536231884057971,1697
MB_img623,12.67653861556566,0.03240698538064985,,,-4.772159243569976,-0.17505754126920475,,,-13.96206012716792,-0.36537394265798423,-9.713247079818581,-0.3872538491423742,,,,,,,0.017352185089974295,0.9814323607427056,2129
MB_img624,59.00981736233039,1.396684699145238,-28.742490442271855,-4.540066314617388,-30.74281782582135,-1.398273112689926,-19.97783250102831,-2.090305492750965,-25.336929372303796,-3.4223781284199206,-9.398524457828072,-6.002252451731379,-9.153468245089243,-0.45119869408098595,7.932032171335559,0.6181747368930773,10.180050455856023,0.7039262951137893,0.15072115384615384,0.18135636271272543,1645
MB_img625,19.404908203205693,0.08396460252784042,-9.873447565229394,-1.2374160276649846,-18.705636308741177,-0.5095345591829695,-8.880671459704153,-0.8391917880882859,-10.081361468050433,-0.5183476316193601,-11.31877490217103,-0.35304621391594726,9.750161647167452,1.9559074158168295,5.025499118605637,1.753085259529483,2.4472111633146585,1.1600404125104682,0.06164752333094042,0.8016276703967447,1659
MB_img626,13.402096180639198,0.45762401554480514,,,-6.242802171090195,-1.441284271927038,-9.979155332173866,-2.4001475372011845,-4.110521088009836,-0.34890159748455946,-12.247438959639005,-2.300885149409844,,,,,,,0.011363636363636364,0.4788732394366197,194
MB_img627,42.273705653106525,1.0918683100259237,-15.375496694552034,-3.357676191098589,-16.60515142675859,-1.6043450885023884,-28.92842315539628,-2.7976143685546493,-21.00993795317747,-1.03591044763906,-8.102876417082408,-1.4004216535376541,3.6331902110662497,0.5329320635723948,1.3067366199879638,0.17579788743918393,5.103366902600678,0.45599891908679074,0.05545112781954887,0.1799844840961986,1100
MB_img628,13.118930941470797,0.06420181828690634,,,-2.6295176763289323,-0.22133757430552162,,,-14.455396004497382,-0.28318604260583274,,,,,,,,,0.0067166782972784365,1.0,1730
MB_img629,48.149204431374265,1.6781777948731085,-4.452452589572512,-4.086189313104476,-4.089780240648784,-0.7156597470727872,-34.53205672226892,-7.9597701552114675,-13.327773991950329,-1.0452989525862368,-7.373015865390861,-1.1793055674281365,2.46403564164985,1.1202942337177118,1.4150939958770203,0.29268847454654934,2.9699469654740724,0.7266197465543544,0.012437810945273632,0.043557168784029036,708
MB_img63,41.90238213006807,1.2976578371090044,-5.296272994512044,-2.07933069849427,-22.35496889396753,-2.4648297712087164,-6.60227575238836,-2.945420425315089,-16.131851069055585,-0.9229844695449951,-19.751583753585454,-2.0013439908742545,4.960782325771827,0.9383808817363342,-1.4198212973792446,-1.5185351389821802,-0.25546680508933395,-0.0635029423061579,0.028517110266159697,0.22321428571428573,801
MB_img630,38.16170959470099,0.5169609848218822,,,-30.798586014850702,-1.3851664037858835,-7.584712514994482,-3.5504902834640166,-21.546612882104213,-0.9873542469663197,-10.649281073566167,-1.6042732545308167,,,,,,,0.055578512396694216,0.450374531835206,1009
MB_img631,48.12306487802656,1.7615142575135716,-21.010757062257507,-2.1065243482938167,-13.399603913805427,-0.9443084018072223,-21.248564731713405,-1.4300753271789033,-12.178440727559801,-0.5586225755132389,-5.902484468096216,-0.7216507121911896,-4.501117706944446,-0.308129532944717,-6.039459401452308,-0.36146614643473307,-3.624745101209241,-0.16382874007096637,0.18585918854415273,0.17250543609567529,2355
MB_img632,48.588974431020894,0.6153938808059681,-26.33929264260744,-2.2646879246863074,-31.193121867648937,-2.04628732465023,-15.978218825659667,-1.6358247323329125,-26.865039647713093,-2.025298249843424,-30.244761448912683,-2.556022413311972,8.832784476523523,0.8378658051913428,4.654200961849482,0.8622232644244424,9.94054838251371,1.0164331535541835,0.04719716494845361,0.35736040609137054,1305
MB_img633,0.7812074745032529,0.439285045525521,-1.2558668765316132,-1.1984941536390832,2.081030687647892,0.7712512600503709,-1.6976657402201534,-1.0356239097307212,-1.3951545985167326,-0.35317468993282347,0.2017349622441601,0.0466500932988214,0.5753682135482079,0.24297675349254017,0.6435424697978159,0.22753845699196643,0.2995084809233384,0.06165146996973944,0.25,0.10569105691056911,329
MB_img634,45.88762965574883,0.3604738591560451,-17.976373540020397,-1.639068416011046,-21.31571875746293,-0.9910798350625558,-9.615512402185503,-1.3134750025556232,-44.530810105117055,-1.1230951764534467,-14.139105815360821,-1.2381523402570116,8.641770692068485,1.358725997884318,1.909861132328165,0.8413398246535019,3.2413813420495825,0.3539941285493463,0.03564290473017988,0.6836313617606602,2289
MB_img635,33.356154205385025,0.8488996236803057,-1.9497707275721432,-0.11340155383500075,-27.686072415917042,-0.8544359714195059,-9.597092720492615,-0.45900058977367697,-4.029201818287569,-1.1432301347768923,-2.1220375463455547,-0.3069558203908724,-9.272943743049805,-0.49772423004990873,-1.7735522823015986,-0.15784830199532995,1.3055387974847537,0.4667926530311905,0.4377076411960133,0.32307479988959426,2027
MB_img636,24.612202254148535,0.9474941292579019,-8.319513855774764,-0.702467577620554,-2.4311033867720004,-0.7848529235627563,-3.746919218809043,-1.2597244355739141,-1.8358752132429934,-0.16033212327131297,-21.39229033951043,-1.4234312806144525,-1.365015042730432,-0.7304588152246216,1.712022604021625,0.4985608548411274,-3.2876430716050264,-0.516183283480854,0.1013157894736842,0.5344352617079889,539
MB_img637,35.16600202401638,0.46896699914172063,-11.376884707217876,-0.8981527421089138,-22.55628388740746,-1.0990726896386471,-4.465213939398565,-0.6715837057503282,-29.476622681709788,-0.9774907928417306,-9.75294207958815,-1.0258777969324004,5.498986786400019,0.6655633510882936,4.289642701040227,1.421061286906614,4.119053033882697,0.3824479270884737,0.08322538860103627,0.6097804391217565,1377
MB_img638,14.749529642410849,0.038623490656072484,-4.634257258106985,-0.35670725293538147,-13.141768891892886,-0.5302129423528155,-14.025296999605578,-0.8811196386407106,-15.955338291134945,-0.5359797394074709,-12.85100477544409,-0.4422421140013926,5.573902377909448,1.7326004016048042,0.042331850799080875,0.02914634565951651,3.331283470171532,1.2902192351600241,0.025012413108242305,0.8342857142857143,2210
MB_img639,22.690917552579176,0.1778694413920333,-2.1431953819035696,-0.27633122844725155,-9.116299437697448,-0.5869223744416528,,,-24.083512284845046,-0.5672763555288219,-16.2022055473088,-1.2750070474998698,4.200153986198105,1.5994620704162714,,,0.4131222554649318,0.12116568952245707,0.018146796431467965,0.907258064516129,1680
MB_img64,10.51765253906537,0.6242535311690434,-0.6457011991544142,-0.16317666619361032,-5.600585652615596,-0.5338540174136538,,,-4.09660199418527,-0.4233092372423869,-4.673618318955541,-1.0304622046149425,-1.7124532754808888,-0.7153442953589071,,,0.5473749385768819,0.19645501424347941,0.12852112676056338,0.6318181818181818,166
MB_img640,13.709077903770883,0.02914634565951651,,,-8.714427896027457,-0.4248181834712702,,,-17.611483407256355,-0.6034267008968071,-9.348618579898073,-0.808261474053946,,,,,,,0.011231281198003328,0.9306122448979591,1904
MB_img641,22.369728963385032,0.630784805874264,-6.584466428452082,-1.1029193640891115,-20.292572812070805,-0.7517840356776592,-8.290833837781884,-0.3459330858911578,-3.0349281180148466,-0.8692133924646458,-2.9748686140165677,-0.4506118480400868,3.629502247118918,0.427330775470273,0.12341069141221764,0.02112852940613457,1.0128977295199941,0.5940076403241633,0.4049145299145299,0.4008030231459613,1277
MB_img642,25.29861664859439,0.3742938792182337,1.3287888726314425,0.12239596046375127,-13.88057019919215,-0.8905618384450932,-0.8792344989602612,-0.163746426513188,-26.33950555929169,-0.8123611051247006,-11.00217193208757,-1.1332579586749496,-1.185566361760788,-0.5255121089630573,0.2586497242009786,0.1600404125104682,-2.9573704934493787,-0.6726204193892614,0.05142857142857143,0.7851239669421488,1154
MB_img643,22.714290491790052,1.0235300981744997,6.882209259484508,0.4255399825278133,-2.543030464763597,-0.36525552655146293,-3.2031431400330166,-1.7428685510244424,-20.279161937568528,-1.3296420360489425,-11.425592911416508,-0.9452547361659953,-4.512879649015405,-1.2373242867278988,-0.8010949017316753,-0.36096619368211863,-17.378153517782284,-1.8696354140370783,0.2421875,0.5832274459974587,765
MB_img644,11.100839665106509,0.1727492127331374,,,-1.1021803114476103,-0.15426840622934035,,,-12.971928812670017,-0.43510916138311323,-3.6070813281504095,-0.45042282871451356,,,,,,,0.014675052410901468,0.9746835443037974,688
MB_img645,,,,,,,,,,,,,-2.194485041228002,-0.29157676977233793,-13.627222010703736,-1.1407456107848928,-3.765802960165261,-0.2957850122189183,0.20833333333333334,0.003714710252600297,673
MB_img646,31.53416475180615,0.0881030455913075,-5.325457790136261,-0.2879265498868879,-15.85668990198293,-1.3631710771192438,,,-31.517569896402403,-2.4566444257159263,-36.628695679949914,-1.388785153864348,-0.7481226503722503,-0.5945485495503541,,,1.0296576492998202,0.4714286811292423,0.012908777969018933,0.8683127572016461,1927
MB_img647,31.047528152195436,0.2637561458313085,-4.1252741771053385,-0.3268162240971126,-38.854353742378706,-1.584957563358016,-10.051394037055392,-2.065916918078215,,,-9.000832811334057,-0.6899203424791327,2.660219748460215,0.4776385164544631,0.6497997273453978,0.39592867633113904,,,0.0668992718446602,0.4442793462109955,1092
MB_img648,15.101329832782136,0.19681448005446683,,,-8.802042284096276,-0.4068972448092555,,,-15.223204697641338,-0.8836496701864902,-12.890713674846026,-1.37016428054021,,,,,,,0.06632149901380671,0.8565891472868217,681
MB_img649,18.81162845340795,0.6622091399989571,1.7783748964355055,0.2503942250550234,-6.384025337819458,-1.2183506539075526,,,-18.19153666093659,-0.9505354100754374,-5.074507538693903,-0.3826595252566259,-1.5202708404036855,-0.9001422603598165,,,-3.9067827713909087,-0.7727550834955127,0.05714285714285714,0.8071428571428572,503
MB_img65,5.364113719000147,0.00561979233644071,,,-7.9765888097322275,-0.4149924143543604,,,,,,,,,,,,,0.008281573498964804,0.875,1468
MB_img650,17.796264173156125,0.4868980162145279,1.2697997259170322,0.12089749320418883,-5.2659425398991555,-0.635302954547753,,,-4.763373620865049,-0.5916155935801605,-20.40948060128195,-1.067865482844867,-1.0092260496836567,-0.42921422983958474,,,-1.8934589906530421,-0.9140177374192159,0.09642857142857143,0.842911877394636,469
MB_img651,18.50441236278735,0.22927669157863934,-3.4946445076280814,-0.3878652813720835,-16.043767275192458,-0.8000082732555432,-2.560532387979894,-0.35288404773100956,-16.82212039416071,-0.5437266723312449,-4.608244621475217,-0.4160082173705654,3.8912137837936442,0.9912449967242476,-1.0900276468422079,-1.1043366598147357,1.8020079566347758,0.39900270082584677,0.06041364296081277,0.783427495291902,1016
MB_img652,32.77171460055476,1.0589464818462153,-5.038893263687513,-0.9933014002385376,-10.48500795764389,-1.1276635671295063,,,-17.795297589570136,-1.696712926257998,-22.527014894054318,-1.9487721417868553,2.5389452647002924,0.5973482311503534,,,1.7188008713228873,0.3225430107342317,0.046052631578947366,0.6085106382978723,513
MB_img653,38.66656797518115,0.39240393945795965,,,-8.183482556874354,-0.8181812521193884,,,-41.49277721086005,-1.4564065362576941,-18.808070915679075,-3.0715463055185013,,,,,,,0.010012919896640826,0.8888888888888888,1123
MB_img654,,,,,,,,,,,,,,,,,,,,0.0,43
MB_img655,45.73734295269425,0.9192389880361633,-18.47111037718996,-0.8399595874895318,-15.486735006966855,-0.7836817001823766,-20.04849241677897,-1.028322952774068,-21.397594809575292,-1.2589650811421835,-17.784284409271923,-1.4762520595478394,0.017623531990741896,0.0011991766155277416,-2.865536526139231,-0.18611160726614723,-2.826243189012418,-0.18418498099701514,0.23368818681318682,0.39242148974824814,2030
MB_img656,25.88835210384209,0.17756973052576167,-0.4156335179041228,-0.03970750438411683,-19.99770773624756,-0.8328426620089818,,,-21.11803255760851,-0.5693607055052956,-10.38318524856056,-1.2329219726231249,-0.21364563138643422,-0.08915913191123795,,,-0.017848079618554683,-0.005928312002673955,0.0490684575389948,0.7722772277227723,1544
MB_img657,32.066773056698345,0.4922337276150583,-6.402593483653276,-1.5513929680274545,-7.042262982480715,-0.7489636039060802,,,-24.969825154589763,-0.9993743207920128,-19.24092397648438,-1.163781568871227,1.2633054239016814,0.6438561897747247,,,3.6370900791795444,0.8120513167223606,0.019581056466302368,0.856,946
MB_img658,18.7315415524466,0.53884404619879,-6.7112873194886715,-1.1434115602098387,-10.381159288296011,-1.1273712431011293,,,-15.79740533353623,-2.0476646110755876,-13.491459885753722,-2.162186160714752,2.5968798929169594,0.6655809609294409,,,2.394261637758715,0.5713215900517697,0.06896551724137931,0.6329113924050633,239
MB_img659,22.670911018824697,0.916906652681623,-4.396182546197742,-0.5806503449518133,-18.314898258837616,-1.4201770051045002,-1.209790546524941,-0.27244983257765454,-0.35203869302967694,-0.09761079662642226,-12.25850811302367,-0.922052056991883,-1.498985736849305,-0.2216329082676353,-0.8757893446030298,-0.5280711645787354,0.3478508683150421,0.1776097495811162,0.1388121546961326,0.39660056657223797,478
MB_img66,26.816007892698792,0.2847832209625809,-0.14981191215172515,-0.021016161281826762,-28.691412454226914,-0.667124836431404,-5.560527414308024,-0.8301096783101174,-5.388235785353791,-0.49297134834804884,-5.147266466492692,-0.639480255028437,-0.03584258543698731,-0.008690057676774613,-0.6738797219296683,-0.5945485495503541,-0.1624711044235383,-0.1210154009613658,0.19877254509018036,0.59625,1562
MB_img660,35.70314774783447,0.6850123262915008,-5.82498386922597,-0.4662778978569851,-14.285605371619967,-0.5660654896851944,,,-27.902394685555063,-1.1629201856403901,-14.678924828750938,-1.2318931616453308,-0.5051103017562912,-0.05897997851280381,,,2.4563947235388275,0.2468814935604838,0.15556492411467115,0.6299589603283173,1322
MB_img661,31.970825181371797,0.3557250633281582,-7.17969785459928,-1.2156315366030022,-8.947149617369918,-0.8143495638864363,,,-31.7155422601936,-1.025387539170526,-5.671043641351407,-0.4913092581089784,0.9193822569594561,0.4819685073978306,,,6.631430377455663,1.0762355858270853,0.017340168878166466,0.937888198757764,1247
MB_img662,10.699469818167858,0.49347422095687693,,,-14.32995831924337,-1.3354185641956915,,,-2.86774869101886,-0.6315520600909678,-2.8092914572754815,-0.5727998620125786,,,,,,,0.09642857142857143,0.41968911917098445,122
MB_img663,29.20442715606412,0.1975374826000244,-10.525701010837029,-0.42567964344444786,-7.7442700975955905,-0.4977287986345586,-17.777125339230718,-3.12515513132229,-22.478002757949337,-0.6221541537945127,-21.277593843025933,-0.7027129453624961,-1.8903580230785613,-0.9236246113683197,2.4029551707853702,0.8149263621232383,-5.088821876798825,-0.9837893569605465,0.041666666666666664,0.752714113389626,2185
MB_img664,21.87027753586102,0.0659142048945125,-8.557888845255103,-0.525257544732722,-19.560278261080946,-0.6532968401848435,-4.718566675908192,-0.5296424945474066,-15.067632893916736,-0.49787335271888455,-23.69973525851706,-1.040740590532617,3.3135835414569548,1.0805237050251113,1.0520015094694142,0.5353317329965559,7.71113694453005,1.7988680330921132,0.02565854870775348,0.8498293515358362,2257
MB_img666,35.21440036398936,0.5564518653631222,-7.9582126067483845,-1.2840736829154116,-8.876549598219484,-0.8149851146824376,-1.2769680004753028,-0.1673177809465959,-28.64164198667171,-0.7236550454622908,-22.018291895210226,-1.4413863337601172,1.0015652328772364,0.4289974411236844,-1.4202273447180245,-1.6064422281316078,4.2168254052547605,0.521459558414998,0.03076675257731959,0.8035714285714286,1596
MB_img667,19.65935968415639,3.134444722060745,-2.8191232928608985,-0.8094144442358984,-1.4133751285821827,-0.6026469085053726,-0.9142223386844133,-0.4716210276452113,3.6045808359752005,0.8805963900711391,-11.747557968855563,-1.1583449096912484,0.9102124331719327,0.1492419537679933,2.2642583016026143,0.4537716155671785,0.5725273132056434,0.08034210831760355,0.12946428571428573,0.11224489795918367,780
MB_img668,11.12951425312985,2.545824106814198,0.7886451082175419,0.22523689568348523,3.3056460012193023,0.5399389790226586,-6.469718500300221,-3.1007674495688593,-2.102043178984625,-2.4594316186372973,-0.9463967579948983,-0.8135246892978107,-7.584472233979178,-0.4071213531664595,-15.378898079653178,-1.0896157255137178,-5.028256772486697,-0.9905564542525485,0.85,0.020244037714919578,900
MB_img669,25.613446658214233,2.378082777661409,-4.890912601781356,-0.5198251951020643,-0.7210964319027956,-0.18269229751619018,-2.8479403391678706,-0.7037294618895055,-2.509016645328707,-0.3693889298250953,-8.625915810407268,-0.5751440918175238,0.8143778271018263,0.0928486017440703,-1.0510635343171675,-0.1171168081766875,-4.486399855950359,-0.38863584052743727,0.22058823529411764,0.18537590113285274,1190
MB_img67,10.188384690437715,0.6259342817774622,,,-2.1056476395485455,-0.23878685958711643,,,-8.567526841277166,-0.5791959785211381,-6.432356612983491,-1.7173135367054884,,,,,,,0.10661764705882353,0.7461928934010152,254
MB_img671,21.730516534187938,0.184807127209949,-13.043445369421088,-0.4892068278824202,-8.784366419683165,-0.3411335004272582,-4.5774355924951555,-0.538754071298703,-21.126114464089447,-0.7981260151477074,-17.417934045205588,-1.1248254706577303,-0.10997264836097517,-0.01724781892274031,4.791104061203946,1.3176407364842642,-7.646322918027256,-1.5190113994635845,0.11720204841713222,0.760187040748163,1498
MB_img673,15.758045006193884,0.724692401467991,,,-2.8677887166404044,-0.6170122216528888,,,-17.056975827636858,-2.0042445478260573,-10.103365073817345,-4.099463536995441,,,,,,,0.012987012987012988,0.8461538461538461,138
MB_img674,46.26930388888471,0.2860744855011585,-33.892437289469825,-1.5896267672262792,-41.77217320105665,-1.0640850262522785,-24.28992426726628,-2.3099328508219266,-16.9393398756151,-1.6630556741339397,-9.471566771846557,-0.7172551367322916,9.640288920647961,0.6697603219501447,10.680111487687833,1.4861898331767467,5.9114465734084245,1.2793651943585092,0.09947680995475112,0.48303812668868207,2439
MB_img675,13.291860278744199,0.6479260071565607,-2.485691208140088,-0.5349469630140404,-3.713773272685634,-0.7739963251111732,,,-7.553652906674978,-0.43460693570677444,-10.357130292268046,-1.152677239029365,-0.10404426193901027,-0.06073915785767857,,,-0.9847827252552401,-0.2211037253678754,0.0368705035971223,0.8082191780821918,350
MB_img676,,,,,,,,,,,,,,,,,,,,0.0,107
MB_img677,32.60266919203634,0.9837181465211581,-9.199350009875591,-1.3869382561989674,-10.145320867529836,-0.9620802388341964,-5.926876649583347,-1.3701642805402101,-18.095480500495004,-0.6352940376239401,-17.09455746734673,-1.3241570938153286,3.2075098884105535,0.5490404210935609,0.8701243038991311,0.35460575566500663,1.588577675186024,0.13390449934406912,0.057058823529411766,0.49588477366255146,1308
MB_img678,56.029319908490166,0.8824028311268093,-23.17367975234163,-1.891321478364609,-36.74804431157203,-1.315970803708413,-16.05579593867207,-1.8947854336450687,-27.169750646018233,-1.5706390251388458,-17.555245456455097,-1.5680681469178006,6.496842302933958,0.3885693864889316,5.1543669174877795,0.6820344483431914,8.934525864554884,0.5921628214810679,0.12623762376237624,0.33783783783783783,1852
MB_img679,14.307955213353717,0.23722478593002813,-3.012057563695821,-0.4479758500933018,-6.317685916048747,-0.6967246785065048,,,-8.870824357139846,-0.6312027608316498,-11.270613339483983,-0.9048874173070179,4.075219659057584,1.3959286763311392,,,2.1515067367942597,0.6930858962932847,0.04057835820895522,0.8625954198473282,374
MB_img68,8.489161431085941,0.02820369453468236,,,-6.936850478846741,-0.31642042957208644,,,-6.954938864610189,-0.32641781336838654,-7.463511260604081,-0.456665364156843,,,,,,,0.021592881944444444,0.939622641509434,1241
MB_img680,,,,,,,,,,,,,-2.593818859219923,-0.3287994107682779,-1.8277688937588108,-0.3291569800321445,-0.7081251790516186,-0.20570529240356883,,0.0,241
MB_img681,21.14073445483954,1.2312359405015767,0.933118158494817,0.1411941502013253,0.07572391242334282,0.020140937595279396,-0.5054696567841304,-0.2499509289798826,-14.736333821932103,-0.34867540141945474,-5.89554325164225,-0.8808178741049508,-0.4251636495547391,-0.2558028366027179,1.1557276158454475,0.658014252771384,-0.6112659457709103,-0.027700395210114193,0.049796747967479675,0.84251968503937,1785
MB_img682,51.44927443402128,3.0672436084200374,-13.886719653374149,-2.2743913213142846,-4.859547741309242,-1.0804681716471936,-8.842876259985417,-4.774435675554892,1.2312046717963443,0.2571314489755575,-23.44132045365758,-2.110490986359726,-3.0603738258461624,-0.3032770384293036,-0.12492153055223294,-0.010430132850778826,-3.151187667060393,-0.5521109455055792,0.08,0.06737880032867707,1115
MB_img683,28.943088296743493,0.4969728620982547,-19.934359069689133,-0.6915291965590166,-11.694783480286798,-0.5557020313388504,-7.308716977256471,-0.9248000045692599,-13.598355899973908,-0.7268405103827092,-11.830473767997475,-0.5043820420369193,-1.9542451254441071,-0.15240846538687314,1.3015579207556787,0.1977359498660218,-1.2752688437018962,-0.09247637979421354,0.19914215686274508,0.5414012738853503,1787
MB_img684,14.303825276377058,0.052214346019409504,-8.627881445453333,-0.9760475394494504,-9.638032728905474,-0.37586760602641545,,,-12.023394210108679,-0.4042659229839972,-10.33269017657003,-0.4329741677391783,8.793289677741878,2.260727938450625,,,5.013439141985761,1.588573754273535,0.027217125382262997,0.9157667386609071,1851
MB_img686,67.11175243226087,2.042000532354654,-13.62665379288044,-2.8637097718446394,-33.829831151219466,-1.32044185923947,-22.21658486005494,-2.0677774390915564,-9.233813000745961,-1.1947681736280953,-7.1671390727717315,-2.028863790212885,-8.81184040813491,-0.44829439446564906,2.7657186683777732,0.24400666760217524,7.420397377346934,0.9030808117477475,0.23274739583333334,0.12329333884981382,2193
MB_img687,23.246773676407916,0.38206036156865564,-3.8525667846872422,-0.3425879647186412,-20.161935583806017,-0.7046269363189762,-12.189901254472508,-0.4360300148847952,-5.083123822491851,-1.2820161060192332,-8.361329696146665,-0.8661217752026212,-3.3732541065399304,-0.5822780717161928,0.7259218122503664,0.12298834288697497,4.155200141616839,1.4941090702700428,0.29966765140324964,0.537551744529864,1288
MB_img688,22.109447773267657,0.044092269437823975,,,-20.665237144708602,-1.1508523777959045,,,-8.282379728632701,-0.41284877556264454,-26.62610626273867,-1.0660578063340258,,,,,,,0.00523068669527897,0.7746478873239436,1976
MB_img689,25.443366801149036,0.39306282245274615,-8.325334494423052,-1.211765860788539,-9.201390837823576,-0.6987859285083909,-4.242205784683655,-0.5911829386216967,-22.354239696572265,-0.635361885960415,-11.75845259697733,-0.740596844613075,0.6205883451722038,0.20032057610898799,0.5611358282283524,0.32192809488736235,6.808261570177871,0.7341186370688967,0.04016666666666667,0.76010101010101,1362
MB_img69,27.270543858687162,0.1133874923217317,-7.717512178875662,-0.3650134284412791,-15.55519559502718,-0.9173356318995161,-9.893517384983674,-0.3689525052936152,-25.206297497713486,-0.916014343759787,-25.502401561429263,-1.1140234934138284,-2.094753707437723,-1.3996268496413002,8.85339546143299,1.7795260563942519,4.95270092510393,0.9688943997591389,0.04526123936816525,0.8504566210045662,1968
MB_img690,22.90166331612017,0.23928948109898715,-3.75741654515624,-0.25669737575821494,-19.984387724921106,-0.657863194882924,-21.15528489617488,-0.7464259234152725,-6.1350963067811515,-0.7461694214960459,-5.041461301715194,-0.24122402292074832,-1.635738556197527,-0.3202380965985726,1.2709601079019128,0.23709072304384624,-0.18150543584438664,-0.10701824988212047,0.16600985221674877,0.6290951638065523,1546
MB_img691,32.45677313456496,0.22694338139487655,-19.39505158996099,-1.2882523933201198,-25.57395488558242,-0.8620314619846198,-7.034700726202142,-1.440066293770366,-21.024965954435466,-0.8926831624774745,-13.94873789106374,-0.7498326392310432,10.20099897198865,1.1393366816088892,2.8736120110769794,1.2080371283593778,9.832603524046775,1.298014919804215,0.07286535303776683,0.6622152395915161,1646
MB_img692,27.29798899017485,0.25146587486664546,-3.7828865827195486,-0.6083791651523244,-18.89100545771311,-0.9964292209960359,,,-25.627648056499915,-1.3294347588245077,-17.41636327174829,-1.7709668985041338,0.7663934546228128,0.3492354408830976,,,2.61603461692053,0.8703872618695305,0.03431034482758621,0.7617866004962779,945
MB_img693,18.724277609231482,0.1262651632608152,,,-16.50626360837927,-0.7191277390458687,,,-20.01392614506828,-0.6156192174180484,-3.9672650704612886,-0.472306403049545,,,,,,,0.03145539906103286,0.7910447761194029,1317
MB_img694,30.53951148934581,1.9676929559910308,-1.3887545685278806,-0.2480540600899445,-7.7818085973322235,-1.0914315159957109,-10.732056839381466,-3.0403664435082236,-9.427421884406645,-0.6658851257583597,-6.176063193549829,-0.930377534989433,1.1165935208226556,0.16087033119927258,5.154077256745303,0.8334932148798924,-5.261173588118524,-0.6754933610108613,0.1118421052631579,0.1906040268456376,740
MB_img695,45.984993225048584,0.7337477629002364,-11.421230610397112,-0.8546735462233366,-24.63379881300957,-1.1114324572934835,-7.386091407072571,-1.7278731135062164,-36.91074557230597,-1.2964844742491182,-14.832443158507605,-1.209731851305114,2.5946904062108898,0.2542178671918458,2.247033257273787,0.7809089417538031,5.9380666113388765,0.46314331393726355,0.09708049886621316,0.5284605433376456,1896
MB_img696,40.335672865390194,2.0036325647729134,-4.377447037162182,-0.695540918728253,-10.090193294518919,-1.9129626358349103,,,-21.834065097104684,-0.7421364987524748,-6.283181265516497,-0.9829529546291995,-2.99372781233864,-0.55696417446969,,,5.93421384472088,0.23278617418356043,0.05420353982300885,0.2566585956416465,1813
MB_img697,,,,,,,,,,,,,,,,,,,,,29
MB_img698,37.48496898351605,1.1468164224656945,-3.2618101611186816,-0.3029592418886956,-30.193789113178685,-0.9659611385969031,-10.295285736418995,-1.263433054737557,-7.716283026843716,-0.518865720307387,-5.05410008444622,-0.6739922670630986,-6.290419242883451,-0.375070830508649,-1.2654875125948537,-0.262583493174743,4.169104487344895,0.43539658691342287,0.30874463519313305,0.26461538461538464,1820
MB_img699,37.61234315270401,1.0239817435623635,-18.83128489343585,-1.4168873477548032,-18.44387775036642,-0.9671512029128426,-2.507278307084072,-0.7374464123812513,-15.595730891818539,-0.9318229190968152,-10.87215163876426,-0.9109458103174083,1.7315393808261805,0.10312802943763014,1.436678043229399,0.4160502722519123,4.050386537682838,0.27469055342338694,0.15174278846153846,0.3784090909090909,1199
MB_img7,20.74886945388293,0.19684748027939022,,,-3.240033085214188,-0.35167237929054157,-3.8569350019637056,-0.45655821662389207,-23.152729185909784,-0.5560678644155401,-7.044530997940633,-0.8179155673170891,,,,,,,0.014022435897435898,0.986013986013986,1319
MB_img70,44.62022193106381,0.21561638773508965,-11.788063063623794,-2.073927317726004,-30.867299736433804,-1.5853264375074316,,,-50.39321106451305,-1.5745316040754962,-12.965381986878507,-2.0736060405749406,7.301168003956949,1.9483208221046506,,,11.049733416048419,1.981699183257056,0.011303191489361703,0.7073170731707317,2086
MB_img700,50.42909290393058,2.927667958617073,-21.100609466839938,-2.8196681834964554,-1.3454584106973506,-0.32442660154414443,-11.418474562593085,-3.8868984813533403,-2.988531551383974,-0.520811345040978,-15.704341021642387,-1.5725047444479432,-1.5561436765671435,-0.16576404506716982,-9.181050027215374,-0.6943906734682871,-2.0144026568386146,-0.13026767486444563,0.09044715447154472,0.04962243797195254,1271
MB_img701,8.678315211981614,0.03657817772514261,-10.62255194388928,-0.3382199317625052,-2.4936137693483014,-0.1346951762188237,-1.5841907196619793,-0.16473677839068393,-8.376879730127305,-0.37086435165963105,-2.6205428511446107,-0.18508091423791748,-2.9857512248655294,-2.5939512839484107,-1.2708423805682036,-1.0565835283663676,-4.112319810696092,-4.277612870756686,0.05783881315156375,0.8784313725490196,1403
MB_img702,18.158573569093235,0.20329926087432762,-11.57231178497464,-1.1308930092803078,-9.988090863270553,-0.4207599232957031,,,-12.269393607693623,-0.8797943594255436,-15.483714536418162,-1.251347269309046,4.868009785452358,0.8395610674661786,,,5.674856131319746,1.2032835983887433,0.10597345132743363,0.7283311772315654,782
MB_img703,15.721780329869826,0.17895170730677823,-2.7312248385759568,-0.26720284283049506,-4.042970238201232,-0.2512536761948543,-1.6052068124549497,-0.17317248743006552,-12.119224603652219,-0.4221337327631766,-11.384539226990233,-0.5678411576198554,0.9438865096461109,0.4138357540690906,-0.49271812822270716,-0.3757345385831561,0.002605229795363165,0.0008017199655548415,0.05369595536959554,0.9196217494089834,1020
MB_img704,18.60243653332084,1.1315180860486613,-6.307185879505135,-1.3521602963067774,-9.926778705735927,-0.9262506400133487,,,-6.7001256972436085,-0.5624023513147186,-7.257332514348089,-1.7985897392331038,1.192650778449514,0.1519076802615299,,,0.12133544496770753,0.018816249678233237,0.13861386138613863,0.3824175824175824,331
MB_img705,28.36899052563148,0.8139950002700485,-4.758231811311981,-0.6789596544380511,-14.234240225981795,-1.5192682902536188,-5.889263547775418,-1.3310797932568925,-21.821728612426114,-2.5398934432418154,-16.45606822925656,-2.520038889493316,1.404091980144467,0.3006404578894028,0.2523853220205435,0.12253618450438147,3.200477600309411,0.5035056931462862,0.07880434782608696,0.5325779036827195,476
MB_img706,26.08666764401003,0.132249784457151,-10.132213585347476,-0.28154724793728436,-12.626349640447241,-0.5559827453994719,-6.035065372018397,-0.7005321956284407,-27.993930377049107,-0.9705644554320119,-21.208500306624753,-0.7765601660329752,-1.5631808929166353,-0.38838637118884545,-2.0919172085976507,-1.778208576398088,-1.9660498341314427,-0.3619884837773602,0.07585470085470085,0.8389694041867954,1947
MB_img707,48.954820563068076,0.6668712858813485,-13.544282135235571,-1.6146537615852827,-34.36900580218396,-1.4880512935037222,-4.271731377608585,-1.2725209275655158,-31.867725499594787,-0.9768335995915299,-11.798864715681106,-1.3480012665062397,7.612918396613995,0.8357858226040755,-0.35616853841080065,-0.27500704749986976,6.154790348648066,0.6279394176678391,0.05865839243498818,0.43005181347150256,1665
MB_img708,,,,,,,,,,,,,-4.6543662295795505,-0.1761205055868536,0.8411401253657602,0.33262391549526243,0.07505139968742967,0.015620980587869518,1.0,0.0016673614005835765,1411
MB_img709,,,,,,,,,,,,,,,,,,,,,40
MB_img71,37.268930510783356,0.4136195858622846,-7.360375614997564,-1.2704458832804972,-25.692145003309598,-0.9955981961088463,-8.694357700306108,-1.1227869464600577,-31.008871486053124,-1.0122148288033157,-11.27356327109466,-3.539572427808367,3.012445430328431,0.704864750999182,3.4622952172162034,1.3400754415976217,5.467072075082956,0.9310086325289251,0.06145397489539749,0.6550665301944729,1534
MB_img710,32.62380281155716,0.6361768187508183,,,-8.099661746962077,-0.9302692259622699,,,-29.522306479904664,-0.8964025614677924,-7.295158617199652,-1.1121213729172847,,,,,,,0.017857142857142856,0.9017857142857143,1124
MB_img711,13.043757390184066,0.09018586196048682,,,-6.639273447255759,-0.24395463686866162,,,-11.126797427419058,-0.2674408129096413,-10.172064936407459,-0.5582909614609786,,,,,,,0.056568627450980395,0.9261838440111421,1680
MB_img713,24.461807093851565,1.3150506229066141,,,-0.8420914731750414,-0.187357895790062,,,-1.6202821178707691,-0.10824001513681895,-19.89546786197481,-1.8775644356539525,,,,,,,0.029166666666666667,0.8571428571428571,443
MB_img714,31.479626131319748,0.2023052471677925,-16.290944198326823,-2.0258777969324004,-4.671724586137521,-0.32957346445059926,-24.757720414051207,-2.3359702775209144,-27.553625532486617,-0.6642310989079817,-19.964578540375093,-0.966664751978384,-0.09412234130934582,-0.058316495590822956,18.833811152437303,2.875904089552165,7.827470061014276,1.0822425278389973,0.015141752577319588,0.5490196078431373,2041
MB_img715,13.800378629467106,0.048283924026978245,-2.6589708056196835,-0.232660756790275,-8.469020707025,-0.31029724047579493,-6.730459790181483,-0.9027525030443557,-1.301078768553549,-0.06895882688116381,-15.557029777426843,-0.47267491976139403,4.6832921950963415,1.4941090702700426,2.3290244392684403,1.0588936890535685,-0.5177410306283495,-0.4005379295837285,0.02750809061488673,0.9148936170212766,1733
MB_img716,37.6870077173176,0.20820117693105947,-8.733725719930199,-1.1022074620017377,-18.369860032407342,-0.9497580321053869,,,-27.14602777537007,-1.3228407615999196,-43.321509448115506,-2.1911699482084,3.838183069875301,1.325797641349014,,,6.765595859061241,1.6637166121355675,0.026292725679228746,0.7598870056497176,1418
MB_img717,47.703132712812156,2.5496079955412307,-10.938203490146067,-0.8541394546989353,-4.400870625870938,-0.4840720131887847,-16.51319037344094,-1.887482887773536,-9.267329646639935,-1.524862350850982,-9.061707474319096,-1.1254306914493597,-6.904217401126746,-0.3628161612847874,-8.601552675760015,-0.3985521136598852,0.43446194433095364,0.026497613249926503,0.31400602409638556,0.1144047035766781,1759
MB_img718,29.299856945049573,0.41627207868455224,0.9436276963984451,0.09518245520208847,-14.07973194499014,-0.8227519734897314,,,-27.924143830198386,-1.140373051169118,-9.503141580540387,-1.7461740457483435,-2.9951814580814853,-1.3830130154886704,,,-5.180496685232076,-1.5760685790880888,0.07160804020100503,0.8024691358024691,971
MB_img719,,,,,,,,,,,,,1.9421816418775604,0.6151607567742591,,,-1.0228480652901655,-0.2779847472997652,,0.0,121
MB_img72,,,,,,,,,,,,,-0.07423578390546037,-0.015465851704172565,,,-0.9771818335175764,-0.11575814333668155,0.25,0.009708737864077669,300
MB_img720,17.42370266818871,0.021102814775362282,,,-17.451685368202202,-0.9250228282915618,,,-10.423313385844677,-0.8762972136783519,-22.960808269455715,-1.0192705993555466,,,,,,,0.006317902692489372,0.7251461988304093,2183
MB_img721,14.852297262519057,0.18165800310596436,-0.9286550259459674,-0.1639587020112742,-1.118650708928532,-0.11832380495509989,,,-16.004879888642364,-0.3803776897253527,-6.167706607927892,-1.0026495784139493,-0.6672291550761019,-0.5897634869849773,,,2.320043658194564,0.5596255039125273,0.013888888888888888,0.9736842105263158,1219
MB_img722,27.600931778401442,0.19986432064120052,,,-3.7644803683534587,-0.4027221768456045,,,-26.967955860551918,-0.8265930864946063,-22.48138627785053,-1.3950321537592705,,,,,,,0.0060888252148997134,0.9722222222222222,1353
MB_img723,65.04133280085603,3.4355593774598936,-8.055050216653084,-1.153956119423747,-6.476835456627399,-0.7968745831848912,-23.97477540946036,-1.5463852486530507,-1.2903747080924117,-0.3156344202816634,-3.4998421975032534,-1.251237081037329,-5.305331300669618,-0.3052609376348238,-17.929779073960976,-0.507884436983082,0.6628928864143416,0.07542113450246565,0.3451086956521739,0.04552038071591144,2511
MB_img724,33.63465482866015,0.7830182640135493,-17.70282740725598,-2.0432598873019443,-13.64503060411533,-0.8869288029247506,-9.73601830910241,-1.900199100776698,-18.228927816006067,-0.7502502049616449,-7.291077968183765,-1.069039236725638,1.4610468836594441,0.17936235642230797,6.989216030322679,1.234722441451393,0.9101183231237708,0.06802284548919321,0.08138173302107728,0.4226457399103139,988
MB_img725,12.626467311474315,0.44313569458865026,,,-7.140182935329739,-0.7952682342759376,,,-10.217141863079762,-0.6164464038230738,-5.453128090672128,-1.149747119504682,,,,,,,0.051305970149253734,0.7037037037037037,242
MB_img726,,,,,,,,,,,,,,,,,,,,0.0,104
MB_img727,,,,,,,,,,,,,,,,,,,,0.0,71
MB_img728,16.27397575743496,2.8926584467603176,,,-0.11214578974470885,-0.03430376776803499,-2.8868107623213,-2.7548875021634687,-4.6748605058493125,-1.2040711406889244,-2.6952022581593367,-2.1218442978763763,,,,,,,0.125,0.3125,92
MB_img729,25.55269274796392,0.1368073149019248,-5.940095862536562,-0.7189842557457435,-8.754592818093398,-0.4330730903493999,-22.264471718381007,-1.511773170878161,-24.79641794314534,-0.6481715689585619,-12.609379154693126,-0.5481640967063981,1.4707288935289433,0.7369655941662062,3.6402845671467796,1.3461756411340395,3.7836470988016915,1.0006871612613306,0.029943596549435965,0.7229129662522202,1889
MB_img73,14.821058574035508,0.03203477445494969,,,-4.462749728041569,-0.3764550369597922,-4.886197865012173,-0.4650808782005623,-21.429483744834425,-0.9256360650620749,-12.379282106259822,-0.9983343907625903,,,,,,,0.004526462395543176,0.9473684210526315,1508
MB_img730,25.32436472218291,1.2215097487183428,-1.0623283713586438,-0.3845103638751728,,,-3.7898755693659814,-1.592841419968973,0.16217634655628635,0.01576731585831655,-25.445469829320487,-1.6794609682106398,,,-0.9711529734274017,-0.8797057662822879,-1.1315335751320796,-0.5811101752255496,0.01673228346456693,0.9615384615384616,420
MB_img732,43.789907307925986,0.5903872147252747,-35.10772136020634,-3.595911192254977,-36.012796722457125,-1.6436709429632523,-18.30282916170078,-2.534596122895741,-6.560016889096459,-1.6265851510733207,-11.227187839203244,-1.5081267766459892,3.5439633789703313,0.23734392776981555,6.516804077943194,0.9765036819096066,13.97086525965736,2.305986551018341,0.09512022630834512,0.26191556967771223,1184
MB_img733,18.562088084598663,1.33553604394338,-0.11880048901132505,-0.019887758615866388,0.7811337386886595,0.12718639092577216,-16.28818365216862,-2.340943695571335,0.9246162340251131,0.04974288717929211,-6.552004619147898,-1.2243147334674764,2.13643266875704,0.523242039001146,-2.300743616686821,-0.3080400881745898,1.3978997737807604,0.13485796632416736,0.15625,0.2215568862275449,698
MB_img735,,,,,,,,,,,,,,,,,,,0.125,1.0,136
MB_img736,28.19687355517848,0.1613758646432626,-2.444882983536961,-0.14381080284448222,-13.611912959396951,-0.6176392873824128,-5.879364051840009,-0.6152639542726326,-33.06656799290464,-1.0163944382506684,-11.68216649281375,-0.937770144636928,0.9197300737810988,0.31156137932910294,2.358331092844737,1.1024829576012514,-2.226778318504274,-0.6113870188959798,0.03633093525179856,0.8689547581903276,1737
MB_img737,55.43231115311026,1.4736643860837562,-23.440140443302862,-1.8632777244949101,-38.88478235702388,-1.6904512346998657,-11.814317095941815,-1.6581723476749328,-7.176815871219891,-1.3711716139072117,-14.701692199032442,-3.004535963952053,-3.381531149153494,-0.13215174727439963,3.273109635563639,0.3177516339693107,4.506500962703627,0.6713772525386293,0.18561484918793503,0.1745994344957587,1484
MB_img738,43.0438155633087,1.0316367415565466,-13.36847073002724,-1.3774119082924547,-23.888345021293873,-1.5154024840741294,-18.340394437059828,-1.8707077946657136,-29.023962831784225,-3.060796790736579,-10.714567173067032,-1.1629989437766397,0.9099559466282184,0.09504720863297411,6.270735149598829,0.7825542701999124,11.768646559328221,1.0152317163948625,0.09988038277511961,0.34050179211469533,1019
MB_img739,23.181466558596412,3.439410448197675,-0.6231498261651223,-0.10734626558088785,-0.8386160487959822,-0.16334163585533934,-2.196706883517482,-0.5935424860222135,-1.735827385852778,-0.6310266534255643,-7.62924600626283,-1.8267542692635597,-2.98971583777728,-0.1840078197390031,-1.1053841580050814,-0.08883684998408758,-1.0601922883760688,-0.09316604174710325,0.4583333333333333,0.06302021403091558,976
MB_img74,24.654093522521247,0.34022525181532215,-6.637676574982446,-0.2533916496531943,-18.21366921808305,-1.1343617752267223,-6.381583945314679,-1.0582010291822703,-18.65644136672349,-0.8054065383032312,-17.158372225863694,-1.6142427454823498,-3.7281071986999894,-0.6174964648695488,-2.3581993683294824,-1.3109217352303437,-8.372667397600802,-1.0315863430578331,0.12516869095816463,0.6964006259780907,1222
MB_img741,37.32995315120019,0.09425170760101319,-3.745684237115612,-0.40079208179805453,-29.320600397783664,-0.8411589611886612,,,-36.27822023703023,-0.7659086641257796,-16.81617723640481,-0.9565748658901009,4.652161692839003,1.5954931682133255,,,2.2527482844090705,0.8533447778805348,0.018727801097836616,0.8203661327231121,3538
MB_img743,119.1234639207108,3.051501124997989,-28.548781133373964,-1.9897808317175762,-5.931590533276828,-0.22500313739503708,-55.39034239357412,-2.437337479789735,0.119732328208945,0.0098749602626982,-4.309342799685426,-1.0862176259468768,-27.683061322380052,-0.7205387581894505,-45.404184622149124,-0.6957803343549933,-0.21019317878576366,-0.009201953445603745,0.3098540145985402,0.05467023380248924,9124
MB_img745,83.0257666270307,0.5983472057314019,-34.76730317064388,-1.5483665904705053,-55.845003538096556,-1.6084454827837968,-12.53478555062459,-1.8968614947130682,-55.703859987884556,-1.1593289879072726,-31.350590591756777,-1.828460148613028,15.046760908049968,0.711480050262559,1.1610822965841883,0.31865296285450134,11.486838966149579,0.5235362754007521,0.061891165602955996,0.439143135345667,5397
MB_img746,96.5469363241738,2.913152055604808,-23.98023009440409,-3.012255787492311,-20.250555017353637,-0.8745930522872111,-25.81515343703978,-1.173451607903803,-12.160705482181827,-1.6059581663942177,-11.702355469607866,-3.6386004643232295,-13.180137678499548,-0.3396630379062877,-18.17373801082185,-0.5002533377081471,10.073638242654061,0.44543954728844987,0.33165548098434006,0.07388739946380697,5366
MB_img748,9.616665243302275,0.015879511650846903,-0.15565717982819083,-0.009214445961203408,-12.023395089147387,-0.24281118522572445,,,-9.39893806801672,-0.2836729081679274,-2.813970375533616,-0.12555567044548677,0.38911472576299716,0.1973636268449255,,,2.004256032252426,0.9043166519446921,0.031427221172022686,0.9309484193011647,3954
MB_img749,32.67285796085922,0.051842435868586695,,,-45.24284874237228,-1.0001081980706896,,,-18.9360888310486,-0.883416103193849,-22.494003563693383,-0.9000030737517059,,,,,,,0.017284569138276553,0.6813278008298755,4285
MB_img75,57.07922093996446,0.826279620270112,-27.545090549550725,-3.2657737677218326,-17.7208198402551,-1.2147085851693709,-11.99440251473166,-2.0673327694580594,-47.450114947260715,-1.4186913013684443,-16.088945935862867,-1.496837270333046,5.30324956969823,0.6112805862298542,6.181674872808108,1.1505196022697195,11.920053376619041,0.5811115053705268,0.03272727272727273,0.38113207547169814,1770
MB_img750,104.31145209120342,0.4169446653121302,-15.535526077443443,-1.6517928277030347,-113.46489105803794,-1.8987770286913916,-31.839030670776484,-2.0952423194791536,-10.01757161950104,-1.5471258897265239,,,10.298301681732566,1.0146670814562193,8.10501600795911,1.8031325181319524,1.2248588594667944,0.6780719051126377,0.07586073997944502,0.31136755823986195,5670
MB_img751,60.24774968315631,1.656099529515447,-3.9953789158089754,-0.26640125693219235,-41.61282959537812,-1.845232343268016,-20.82556727508946,-0.7370713375713249,6.445513522170318,0.5886274549320397,-0.8422684438677012,-0.024261380242385944,-4.860923610567435,-0.20373010042551984,-7.284490021505017,-0.3295228647227298,-0.8499423956316049,-0.175393949147322,0.27592699884125144,0.1478295927966671,6039
MB_img753,25.77835906081499,0.03775736493788849,-8.728776655946403,-0.35500800055675996,-29.673912632259604,-0.44552156640559015,-6.256969875439201,-0.40203277174763924,-13.262802903573098,-0.32774158758164584,-13.141795146489098,-0.5434682853302911,7.143106241299949,1.3612485384514392,5.101598737510679,1.8550213556879185,4.517143321802428,1.4099842715525583,0.03936500888099467,0.8517138599105812,6145
MB_img754,77.29696457309862,0.4545680517734502,-25.224367294290335,-1.417398251031406,-87.78333661495623,-1.5334840273324333,-16.113827654927704,-0.9620612827676837,-12.289175761200722,-0.8583568207416118,-3.9352731239932677,-0.5375031574580803,15.968906017749909,0.765823560052372,0.5726009548952132,0.15200309344504975,4.031509591568347,0.9756803208045869,0.12191684284707541,0.3730982019363762,4497
MB_img755,94.40982200091845,0.9453319524637238,-42.51113527906969,-1.5995079542182402,-82.5153875179918,-1.523630134740936,-28.992696229342453,-1.4524749793814962,-8.899450112369346,-0.8821286997984755,-5.150560376807561,-1.0889950618899207,-8.642996756142612,-0.21140555308060624,7.080139009184954,0.4611800532444569,9.161691825927821,1.2198601806901819,0.19702216066481995,0.24808070553898864,5344
MB_img757,43.545537737599915,0.13832636683921062,-12.853551059031858,-0.8969291682383567,-48.889685210290395,-0.6919951385586687,-8.263079293361981,-0.7887995881114594,-18.601406806928697,-0.4211911420177958,-9.10638283234851,-0.7829576591142269,12.763623905809714,1.480568975844988,2.910662969480132,1.2260036748888268,2.536114157602044,0.7025150842894254,0.09257709777671527,0.6980478014960774,5300
MB_img758,82.80534400956283,0.25651895975722144,-11.572803516637608,-0.9675334824237267,-76.10595621061323,-1.5321082677690612,-3.0288627032383055,-0.3554391972486858,-54.401982908460425,-3.156543989854816,-76.6839125743939,-2.2836385427323567,8.446851656281172,1.4487086046291586,3.388276731218554,1.2515387669959643,9.481312705321427,2.0162150217888963,0.032914880587875076,0.5584507042253521,6214
MB_img76,16.833871071332013,0.5185065986147008,0.6951219874793042,0.1742143725352086,-4.965341732656739,-0.5310694927259543,-1.6545507590458965,-0.2484936697966096,-15.763808030336868,-0.5853432384401214,-7.564552940484625,-1.4298669913822935,-1.0589916941161213,-0.8619553641448694,0.5260530567552711,0.3279518825151325,-0.4616158376809898,-0.1186919527918057,0.06866197183098592,0.8,653
MB_img760,36.02243961238806,0.3525334646845197,-9.2752910590938,-1.5348708986744732,-33.574260856616576,-1.6590340765528917,,,-16.537470107915464,-0.8661161037293418,-30.69616354577285,-1.2850385927520769,9.57940737199648,1.651902046734932,,,5.166503123281786,1.2274104961030725,0.019257064721969006,0.5442359249329759,1567
MB_img762,52.42512889468748,0.4312324070637208,-23.89732769231485,-1.3358411929105054,-55.66600004250495,-1.0636455139853391,-18.55870916553691,-0.9550078010096894,-12.941820667981625,-0.428731197617756,-4.229292328619357,-0.5057517473420351,9.24020817429328,0.4593750286760227,7.994741975753915,1.2091196638951922,9.6209699080207,1.09054689032366,0.17595698500394633,0.44269038354641466,4438
MB_img763,44.92567079920661,0.1443982732842899,-26.610031273465978,-1.373115234118357,-44.74577687106936,-0.7799044056935653,,,-29.431664126346163,-1.4479837425895559,-12.674392547302213,-1.014602768693813,20.47345859680317,1.5368038313910786,,,5.092686516070077,1.1206767592511444,0.06424183398261912,0.6789429294349171,4040
MB_img764,30.016723047317715,0.040385554003732296,-10.503132767004619,-0.9754950364913518,-26.954110257918238,-0.5000988734517875,-16.923835846767282,-0.7465312059056359,-23.127724694978475,-0.5142049898767428,-27.2162143742705,-0.9131947625036335,10.71785138630649,2.5283789723547887,1.910444227972162,0.9714308478032291,10.874108479983251,2.486509254411882,0.02565195159365945,0.8434373160682754,6351
MB_img765,39.91546234024739,0.24463934516965655,-10.244029059327934,-1.0562608860658191,-31.121523849277832,-0.8494029586214235,-3.067928006836643,-0.25131221031727297,-32.73072144463968,-1.0119233618849195,-16.463615581847282,-0.9172713409348209,6.546327226049047,1.1418131653304209,0.22701253759733986,0.1600404125104682,5.114321781826131,1.0179325160880341,0.04858104858104858,0.7609539656128674,2766
MB_img767,77.0315665979763,1.0304033152191667,-53.42913990756741,-2.3297677205503353,-6.191899621342002,-0.2587938963544465,-52.02997854420024,-2.386920689037445,-30.43983964687361,-1.3574563456069877,-10.421165286879553,-0.57286668532237,-8.244669003719034,-0.489775191080251,-2.9112490804215274,-0.1120920946728671,6.080130886508949,0.21010172308914005,0.13527503090234858,0.25290622578145183,4185
MB_img768,38.267747567171256,0.04862289506602076,-11.185138729827678,-0.9288089521430472,-45.28610732967045,-1.1403947741617517,-15.179485012982635,-1.4708157275735683,-24.15738924105674,-0.896189899546726,-27.29461277749509,-2.122469884203754,15.115591483780348,2.7626522378298555,3.339032909578275,1.240134003723715,7.052561197919888,2.148800661406706,0.014468056669339749,0.65527950310559,3975
MB_img769,94.93868045405168,1.2310307592087788,-45.059138654035415,-2.189204830736556,-63.234560899489345,-1.3333425260450662,-13.27958349076467,-0.4639340197107348,-24.49661719188177,-1.4716448106076427,-22.113504905917523,-1.5541015370163955,-4.625166065187325,-0.10925540631564569,-10.836364143426291,-0.6121110858248084,11.748581563669216,0.5414345129973245,0.2332359488035615,0.2523849698228308,5870
MB_img77,23.917662092037066,0.6013488422366629,-6.948726164374538,-0.5126870400149696,-14.332364069831575,-0.5272051739889866,-4.270088121650438,-0.6744918217152985,-13.907132849065336,-0.47028757627681494,-5.8189842506085485,-0.885155969557467,-2.9719324136229246,-0.2476170053087355,3.1472267139871772,0.7438519797514461,-0.24770508457361912,-0.0187992870893624,0.23268072289156627,0.5333333333333333,1810
MB_img770,26.204793101650136,0.3904497657414442,-4.325165405576766,-0.38353849610968305,-8.413057776862573,-0.3754737588398155,-4.748199081745423,-0.6592480308209826,-17.32574077084702,-0.5233747024983244,-22.20287863810224,-1.1889443566954832,0.3325256820607239,0.0703983447635814,0.8419944468180316,0.410921390806612,1.1068939204941375,0.1487666311659682,0.0927132701421801,0.8287815126050421,1525
MB_img771,30.91902858470746,0.10347960277553635,,,-26.640979200891067,-0.7760171681295861,-11.211875142957622,-3.0014419741739062,-33.82683696456838,-0.7356795919043643,-19.62550985267542,-0.9831449566263029,,,,,,,0.021729701596113808,0.8175182481751825,3370
MB_img772,37.09432272099602,0.5716094040710273,-5.898694592971056,-0.26825884994083404,-20.6570173682512,-1.0257521715014686,-6.467814029861433,-0.31471427997273116,-28.32003356624012,-1.1435245867276569,-11.442837081558787,-0.49127174955922465,-6.9487791846543745,-0.8010534049446744,5.0880925734960245,0.522920515543278,-10.122759283069929,-1.0107798387532427,0.17785939139559287,0.6067660967624591,2130
MB_img774,55.43466656250349,2.2763270301344583,-7.44142395276055,-1.4632920434507493,-1.4904973303567612,-0.16209601458278894,-25.031155346073323,-2.5139117860232933,-20.17699838986697,-0.9178371592576501,-11.863686896617711,-1.5168276251768977,2.0218774785245914,0.3369860001622066,-1.9593762403228105,-0.19120271059209845,-1.8518512922227364,-0.12236515223479923,0.09250902527075812,0.13430127041742287,2107
MB_img775,24.560853055540846,0.10777562789570015,-2.953142949461838,-0.2714256760929344,-19.615713074858963,-0.3901459379876815,-9.697772568671242,-0.6496719935852755,-30.12797706986923,-0.8357649316140082,-8.323840471626307,-0.8155142549468646,2.5603498341861646,0.6277164871194719,0.9496567101430208,0.5706072077440861,3.354338402511448,0.9863590893306137,0.09720680725120237,0.8303480905711389,3400
MB_img776,20.00141872307327,0.05808138034536301,,,-16.962767789821,-0.495911980867944,,,-28.926633257812277,-1.2140039457955591,-14.538954151754924,-1.0204477156533736,,,,,,,0.019194362641985697,0.8683926645091694,2611
MB_img777,14.234533635024029,0.039594884581947314,,,-10.008623082120298,-0.454108097897177,-5.363553458784395,-0.6317695019930581,-13.229527097984748,-0.421065225838355,-10.38997991743039,-1.3357542497543786,,,,,,,0.0155195681511471,0.9124579124579124,1612
MB_img779,60.32993248082013,0.19748457020790963,-9.081864813244687,-0.383712907410341,-62.127659965340136,-1.3165149758065302,-4.736810251107557,-0.24330147236920888,-62.28146068147497,-1.5187029820445404,-25.226288099256102,-0.9828237074025197,7.736127963957693,0.9733785935302743,1.3526701217338388,0.6242654614168437,5.875437527322082,0.859567771170697,0.04899328859060403,0.6524621212121212,5625
MB_img78,51.3946388675144,1.1976462688591507,-28.309850674784254,-2.075288127304237,-22.494581647918125,-1.4357751096402702,-16.217139788673716,-2.528326699848365,-16.118913694059337,-0.818143144600161,-8.876816530010517,-1.4277977021603274,3.8663848575782063,0.19542611176329633,5.002792563096666,0.43389432562407226,4.616977350214232,0.2175125554560137,0.12179487179487179,0.2146062831497348,1440
MB_img780,78.7996922290017,0.8478939903110666,-27.24189130078361,-2.076932979091261,-63.848658823616994,-1.8796686478128433,-10.746639197563276,-1.0655123716276453,-52.547798754383585,-1.758548170358036,-27.438597042552853,-1.9822234069161662,13.035488463909065,0.6973735004307962,1.2830297545074378,0.30595558691379726,2.09457898815128,0.14986585039097955,0.08174111948331539,0.28922069952955615,3968
MB_img781,84.62545760423276,0.726105628164734,-15.17799658435485,-1.9498060058968167,-87.68459434242834,-2.0794125920486386,-10.232501511115004,-2.0640780649132915,-20.64559009284426,-0.7538659417469612,-9.480129193142032,-0.9575602134362653,8.75403222407842,0.6224065199373027,6.202249926058181,1.9335417236985168,6.514776966524749,1.1081488038556226,0.08844279117496152,0.23419499859511098,3731
MB_img784,,,,,,,,,,,,,-7.072805496350706,-0.24303031205949244,-0.24808270292489196,-0.021412041326276127,0.49005898535301073,0.01938659546521063,,0.0,2261
MB_img785,71.58070979998715,0.44209174761928094,-17.837484526571675,-1.3187769577607904,-39.79319578627075,-0.9064241328208271,-11.9350247295729,-0.7306070229371088,-63.19306738069169,-1.1365367157901214,-19.198854437380746,-1.419433824327831,10.532692833248559,0.9180690502259111,-0.6062423966176503,-0.2624331576313474,14.039004908187364,0.9609898917833324,0.07268488219895287,0.6710144927536232,5068
MB_img787,65.63779541810457,1.1757390656552515,-25.908749892082415,-1.6475707768525503,-29.652044372410625,-1.2229567059501214,-8.01656861051817,-1.8446534634805796,-34.99384290471067,-0.8616570693034435,-17.639087180752547,-1.9450926305399563,4.955342308813479,0.27854539846457854,5.363596212224545,0.8545036854965344,3.8876626724870817,0.12369411009219453,0.09503424657534247,0.34913793103448276,3417
MB_img788,29.23136916490297,0.0647812196031455,,,-17.77658455215749,-0.468971952523104,,,-36.59853488341329,-0.8736677346890599,-22.455713777012555,-1.1415532571656397,,,,,,,0.024941571720712825,0.9054470709146968,3817
MB_img789,39.57362123086979,0.28212387199676037,-4.5362491042089825,-0.5337675715690265,-38.87340262847213,-0.7046213007356478,-5.822071397350525,-0.7975420114663643,-23.790916505896664,-0.511562301513809,-6.9272603761283325,-0.7051698001954104,3.7730615426428953,0.6846822032334643,-0.7483308079965391,-0.6135316529179271,1.2918918467272287,0.3763203917059899,0.12040668868703551,0.6368869936034115,3813
MB_img79,26.355087095654536,0.7097489500329597,-9.046523447613371,-1.1300941004035048,-22.513961231311075,-1.4390515947059037,-4.2395317360068345,-1.2725209275655158,-11.693516177806924,-1.5482469087327353,-17.054358062362656,-2.672036327630201,0.42430835707176057,0.06265560784976745,1.014443932141848,0.4856672963833811,5.165278947525783,1.034978196590913,0.11856617647058823,0.4126149802890933,529
MB_img790,33.739349692705375,0.15754091374150958,-13.689716536665344,-0.7657854603461036,-21.551050011111457,-0.5112259042414239,-8.175115718073616,-0.707699418360777,-34.206829411596544,-0.7593182493434953,-17.74386255048239,-0.9554616039235017,6.8989829019742235,1.0208657878632226,4.332425258003649,1.4639470997597903,8.650529743747292,1.1326333617271453,0.0534147272033575,0.8317135549872122,3318
MB_img791,72.58599117126947,1.8484579208613168,-19.876100153420484,-2.2056175015189656,-28.147761656365056,-1.5557528812759835,-28.642876917952417,-2.828062145223748,-10.783911793852866,-0.857186379721322,-17.86405749118146,-1.6174674652941965,-5.856138244112886,-0.3686699931313865,7.376566248822912,0.3971095227935312,-5.924214141023054,-0.5605693967847132,0.09375,0.1294302377747869,2071
MB_img792,57.97011356425526,0.16168171079154,-9.567474701172397,-0.6491625318700653,-66.27541962826146,-0.8752676260975452,-17.04356361730925,-0.8300937055816424,-48.00062019212167,-1.1209895819450808,-19.979867612914024,-0.7732357699116296,5.067535348288038,0.9161664372254319,1.3644048522698966,0.7107557148433574,8.21405741472314,1.5805184846536109,0.06392045454545454,0.6970588235294117,7569
MB_img794,42.272913607384666,0.12183735406105807,-23.689514543081916,-1.2980675140652695,-47.06530760067813,-0.9588400793311079,-0.369777792446992,-0.039443597005386244,-26.459147457901114,-0.9051066504541412,-15.864242073140334,-1.076901087557264,17.191694092277626,1.7169013549132561,-0.7888889672929538,-0.6135316529179271,8.399692920155328,1.781617360643996,0.05059772032249096,0.6530679933665008,4221
MB_img795,86.49453307771108,1.2106254843131117,-51.522713701863694,-3.705326160476735,-38.079910575471445,-2.0404611241423094,-26.072963494816513,-2.966280486414344,-26.31206551405704,-2.6634058368908593,-25.326048454728838,-2.8969893755129816,4.577732287195274,0.1936526117340792,6.336414183415635,0.37459535546216377,8.389475745073085,0.4445503988359636,0.057713963963963964,0.12453959484346225,2261
MB_img797,91.29626833308599,1.054918243010075,-50.227182858446085,-2.239936141820581,-27.8298811967927,-1.0835015843978069,-41.90980260847795,-3.117850855292448,-22.744865952425286,-1.0516529862832522,-26.01863790150962,-2.0754891944216474,-2.038230240882329,-0.08639512075188582,3.3047781178598243,0.13439523157575423,3.988608802135589,0.2094537470521815,0.1061138439915671,0.23011281457911484,3532
MB_img8,30.22468188919948,1.7630412059171443,-1.7989178518221915,-0.21457864002924049,-13.095689624514389,-0.5033210349795151,-12.123825716358509,-2.565394079487185,0.13240181721765357,0.014178149388363122,-5.948315819837551,-1.8677552931876213,-7.053189898569615,-0.34180082583880206,-5.514487426564621,-0.765693858365148,0.7293565394024091,0.0892673380970873,0.4707142857142857,0.1640577353120553,1389
MB_img80,23.608484667432165,0.21486727256409394,-9.022648125634923,-1.0572411058302464,-16.288768958608035,-0.5700329944866545,,,-20.953527648350132,-1.011767887044233,-12.193845229299981,-0.809498689553202,1.359211580387136,0.3325944224808206,,,4.2886744326401836,1.1313132346778652,0.08601190476190476,0.756811301715439,1148
MB_img81,24.29655308702288,0.6923018983727058,-9.373882884368395,-0.6593467683919093,-3.8573840761199287,-0.543077043230962,-2.6660762089915657,-0.41683974191282935,-16.13691012858202,-0.43920600596227355,-10.012017866875835,-0.8608135967425429,-2.186471209691631,-0.6863137584547694,1.635312910985585,0.37428720840849633,0.3916510034223877,0.018052658160049327,0.09665532879818595,0.6510416666666666,1365
MB_img82,31.341106942278557,0.16396228984676672,,,-29.047931030174553,-0.9953215185790818,,,-28.018967939895276,-0.9965498364309527,-10.842211680510005,-0.9875876701002848,,,,,,,0.03534727143869596,0.7133152173913043,1737
MB_img83,49.28310197036907,2.2196713170694022,-24.73003074817432,-1.7948738380945182,-7.587989062119216,-0.45953083345330753,-7.683150056059883,-0.7095278157657962,-9.487047833290912,-1.2563111118374044,-7.173332089196621,-2.3897962297549222,-29.939012309935027,-1.1432731060203132,-6.018024441008879,-0.2364972681639629,0.34291972799559395,0.015438179289649634,0.38601532567049807,0.12414869466515323,2110
MB_img84,9.39134559270292,0.0405189692347456,-0.5260539536276156,-0.03810561052768951,-8.129313121612183,-0.3911248793345155,-2.6462861437069582,-0.3071635430919727,-7.105653622034527,-0.27458451360049574,-9.95474026950186,-0.4779949484296356,-1.7681891100698501,-2.1521834190550453,-0.6358088639269147,-0.5160151470036646,-2.074628698632375,-1.693765712217783,0.03248898678414097,0.9116883116883117,1284
MB_img85,39.46293978838109,0.4444655176338245,-12.770186949017026,-0.8801627770328856,-29.167860802737792,-0.8441013234186711,-3.919058658850788,-0.7295001439196406,-24.163262651802803,-0.7882680828668372,-12.094100057486944,-1.3421492754516906,6.074376467520025,0.510330878227157,0.12749203497491127,0.08161376555365227,4.277848334620697,0.4516866878422517,0.13926566884939195,0.5795081967213115,1926
MB_img86,39.42467332601934,0.5112015974076597,-6.85437188638173,-2.8656714176484273,-16.680835178926884,-1.104497182211662,-2.974002989375705,-0.5338747772585466,-39.46843235464363,-1.6151546882823558,-17.383961039159537,-1.3008311982166267,3.1170983949846462,1.1663227647621168,1.3738773040041559,0.6608626150804143,3.8936369366178467,0.9052009272043035,0.024266759776536313,0.7634069400630915,1177
MB_img87,43.82010498426294,0.4403445884019198,-9.647280414115846,-1.5312665328629596,-10.282042468129085,-0.9762931279478401,-5.451732276349786,-1.0403914948637818,-43.268874434609586,-1.074301988207341,-17.14279527262638,-2.0250527450039346,1.9746342357361548,0.8740183461452846,8.31903860536491,2.278505814596234,6.637917167422721,0.8407161294064909,0.01221264367816092,0.8067632850241546,1974
MB_img88,43.574689743375465,0.85066541272284,-36.13839084823949,-1.996891991265791,-20.529682932350767,-0.8496846081754699,-15.71658287865186,-2.1311661238083626,-14.973379556938356,-0.8879062473841488,-11.077577833746176,-1.2274294969902195,3.791359092889313,0.1715601454431247,7.799635414826593,0.6840280868581149,1.4392518878806047,0.10738479647121452,0.15112481857764876,0.3165095773791426,1584
MB_img89,55.04798386620268,2.1078405266205027,-17.078174036678487,-1.4619704939351745,-13.80962119280333,-1.3020200486607596,-23.121591202275503,-2.41029811192138,-9.802266430554354,-0.6080331896584756,-6.300480742701183,-1.3433130608907788,-3.0332226229054435,-0.15035986678490842,-7.900212585475502,-0.3856282479163878,-2.8000532371786826,-0.12052175627327083,0.1948784722222222,0.10940967598757212,1936
MB_img9,7.444694841706915,0.027370720769664823,,,-5.872542441036931,-0.24651753940941504,,,-5.41091687927397,-0.21341513605237555,-7.571748367550454,-0.3933163461635807,,,,,,,0.02682648401826484,0.9625850340136054,1199
MB_img90,46.07523952290877,1.3098611008429206,-22.89772397611771,-1.7820020522397757,-14.631969707844569,-0.7346361665896574,-19.39078301185527,-2.1358631653686793,-13.417683166886667,-0.8725093377639784,-14.160747137576923,-2.7348112148909194,-4.414043799838805,-0.25678908263172573,5.394969876135172,0.3066402463554705,5.930292744845113,0.3212787226298147,0.19667832167832167,0.24523586379256482,1489
MB_img91,3.185748649049309,0.1420945735931043,,,-2.4716071118728093,-0.3255425272558209,,,-3.7123527688049136,-0.21126591482276466,,,,,,,,,0.06009615384615385,0.8656716417910447,182
MB_img92,13.447868556422613,0.07561523750587183,,,-14.748345644024868,-0.5826079842195633,,,-3.858172025056927,-0.23014082510805586,-9.538147213913966,-0.6192714723653326,,,,,,,0.045921361502347414,0.8133086876155268,986
MB_img93,24.30014413341607,0.4942865116731377,-3.3717637012539416,-0.5824054635407788,-9.798264971795541,-1.0217415357844373,,,-19.161831291772746,-1.234949882575884,-24.37964622795232,-2.068081588289819,1.6510755051313433,0.6426043935652652,,,2.6060774386358743,0.7035775547642709,0.03125,0.7875,523
MB_img94,18.66482556095961,0.35178987455231814,,,-14.31007463327951,-0.7578709145453745,,,-17.4924322028391,-1.4397298956605677,-13.204516198632806,-1.1126869999688125,,,,,,,0.08146067415730338,0.7031963470319634,543
MB_img95,6.404432373406214,0.011906309432240657,-0.09185859445474194,-0.004478731332225509,-10.291799651618057,-0.4431269523719802,-5.24028536208206,-0.3793489390293455,,,-3.2257537356697097,-0.1931058652641781,3.778911808152829,1.4065134269723052,-0.8229634910268044,-0.7441610955704102,,,0.026182432432432432,0.8902743142144638,1547
MB_img96,26.16377392894728,0.44273045324645316,-5.043302154493816,-0.6811533217989988,-18.456679777637305,-0.8084212583914036,,,-16.116657635469927,-0.46628576021831863,-7.451474550998118,-0.8784885873614362,4.2495653194690375,0.6813732682028887,,,0.7459950037992911,0.12057937949211348,0.10521828103683492,0.6163621922160445,1465
MB_img97,31.809168808584097,3.736965594166206,-4.756928879520023,-1.8548822319582594,-4.71365749479034,-4.548436624696042,-4.903002229844144,-1.9092397405949946,4.05953015013528,0.744917173770577,-8.18406947770609,-2.115001525255087,2.628966221858184,0.3457574360196408,-0.5906031852654732,-0.07322700631047455,-3.3912525422808466,-0.5687896866522096,0.07386363636363637,0.03180914512922465,496
MB_img98,,,,,,,,,,,,,,,,,,,,0.0,95
MB_img99,,,,,,,,,,,,,,,,,,,,,24
