core,enrich_Tumor__Tumor,logoe_Tumor__Tumor,enrich_Tumor__T,logoe_Tumor__T,enrich_Tumor__Macrophage,logoe_Tumor__Macrophage,enrich_Tumor__B,logoe_Tumor__B,enrich_Tumor__Stroma,logoe_Tumor__Stroma,enrich_Tumor__Endothelial,logoe_Tumor__Endothelial,enrich_T__Macrophage,logoe_T__Macrophage,enrich_T__B,logoe_T__B,enrich_Stroma__T,logoe_Stroma__T,tumor_immune_nbr_frac,tumor_immune_mixing,n_cells
MB_img1,23.889530946522296,0.26873071214256955,-19.266290055109728,-0.8832083372139836,-10.369724446042316,-0.5758463208702728,-4.180069104692569,-0.9404800052969648,-15.051844029763645,-0.39575625451595436,-16.80991936487011,-1.2776191041143192,8.056886295525805,0.9603602350920311,9.045506315859305,2.0588936890535687,2.0518353430557843,0.15921259367042118,0.08415841584158416,0.6503378378378378,1624
MB_img10,28.430149496469436,1.1515486627680303,-15.823711969791775,-2.2332791184736287,-11.978835959432839,-1.4366217357292115,-10.624693813440928,-2.2869483358212808,-6.644066220716396,-0.21701645634836006,-17.541281722664007,-2.5156889643403617,12.48883502297545,1.0508506253232337,8.550018509680836,1.2137117981056726,-2.2624113274932,-0.11075585748749875,0.05790960451977401,0.2186046511627907,1373
MB_img100,50.35425989484164,0.3855330540864256,-23.1272391273137,-1.6979879315778128,-13.350666112673972,-0.9488776766299414,-10.762087722506386,-2.6609514282601165,-49.09853980486796,-1.4054218247709165,-21.65914521402295,-1.8654056477851348,5.945171832840522,1.1745456620961383,4.7763995836538555,1.608860768418521,18.086239668955653,1.2642983846156834,0.021207177814029365,0.7169811320754716,1793
MB_img101,51.90042576494595,1.6531349393757042,-9.406745447978379,-3.3104439975636937,-8.179197247883346,-2.6718594682474768,-0.9466933039653215,-0.3555801473773594,-44.615401555686944,-1.8321377919894868,-17.010965199254514,-6.040417589563266,-0.04932802967902951,-0.026209879322848795,-0.05565558464688622,-0.04264433740849367,5.9446216567929495,0.40198543364554584,0.0072852760736196315,0.5217391304347826,1234
MB_img102,14.117166008445434,0.12677365439460325,-3.5492527868576196,-0.2038005350989291,1.0831404615620157,0.05870381614544538,,,-15.709199829859779,-0.36912656099241997,-9.3483203881525,-0.6063522649200991,-1.1308339539749015,-0.5952308361749832,,,4.555279757244993,0.5200854934259406,0.048654015887025594,0.9596330275229358,1583
MB_img103,44.39252805132634,0.8414754642300916,-14.071921387489649,-1.1522668764216752,-9.412553436033097,-0.6245275625660992,-6.699054717635914,-2.857781988983262,-41.23546485096774,-1.589159823035014,-6.965434861842168,-1.1119494024633925,5.1884448957597336,0.6144243389738802,3.1883621413719196,1.015540850895778,8.610695395549634,0.44769028385405923,0.08318815331010453,0.627906976744186,1326
MB_img104,14.450132907827399,1.5442294398662857,-4.071333132929498,-0.3757654244662219,-4.1589839241648034,-0.6526978190924803,-3.4726870293059267,-0.46031553271021813,-3.6378428665460714,-0.16574280751533704,-1.9076942063724565,-0.6877498190149917,6.6304177866659675,0.3859351645249432,2.7575531363347645,0.18841153875577016,-8.310891532765341,-0.248618899036083,0.305,0.18269230769230768,1563
MB_img105,11.973134600896786,0.3331689912834411,-6.414170653517354,-0.9774245473325159,2.108619627896966,0.2183541604622606,,,-9.754627749390808,-0.38079374748957884,-10.465807413862683,-0.5989814995785749,-1.6777164898518626,-1.446256229889564,,,1.8727389886142554,0.2985114304561943,0.04320113314447592,0.9358974358974359,710
MB_img106,34.56262387294095,0.440197213941727,-27.660595818172425,-0.9035429412535073,-13.55294074946469,-0.732913772593947,-17.288436867000698,-1.359120029814942,-17.55952133751222,-0.6018462640908867,-9.935493219839103,-0.5658686806522276,8.66300079680465,0.635353849861411,10.363734306329704,0.9098002735721723,5.308875819019164,0.2981566072450557,0.14132420091324202,0.5319722650231125,2066
MB_img107,53.75686441631875,0.4708980573854161,-6.515974886604676,-1.8802937015105117,-10.499656676414743,-1.5879649888826797,,,-53.65640520176446,-1.6567794025498068,-22.04008632547465,-1.9217481818830107,0.8309958259445758,0.45898084686644086,,,6.8342297259659786,1.294480554775405,0.003208174904942966,0.8888888888888888,1611
MB_img108,23.088620067460564,0.27847390208995954,-4.260068528597414,-0.366487873064541,-6.0054304787759305,-0.3701038785690441,,,-26.207647405140992,-0.639120435475063,-6.9298495811812915,-0.4982508675278254,-2.0369849563942735,-0.9714669147284166,,,5.360274334745636,0.6317833574741497,0.04389880952380952,0.9061728395061729,1342
MB_img109,24.482415143414876,0.2522877760753686,-8.453394616998578,-1.2759239175916695,-7.421007682645737,-1.1301294467667384,,,-27.690573801695933,-0.8137974239813073,-16.362841738934737,-1.3184848373554574,0.4770372365807837,0.3010407284135388,,,9.80799182492501,1.4110970528800175,0.009049079754601227,0.9487179487179487,1128
MB_img11,23.34005492404194,0.5907008600353396,-2.067259213554515,-0.5763877649831465,0.3586671889295444,0.06433072564712154,,,-20.43191531384473,-0.5137461573939358,-9.30545401907444,-0.7048719644563528,-0.655949899207456,-0.4854268271702417,,,2.3634703920812536,0.3954872827095568,0.01072080291970803,0.9464285714285714,1349
MB_img111,17.673118287187865,0.07632227244498092,-9.608026813494998,-0.42739394507027356,-7.669843334990804,-0.3649954312371271,-2.5627904697926787,-0.34639451619152095,-18.73415467375678,-0.35705221130234666,-6.821060120718826,-0.43869306658417917,3.8081708897279296,1.1587683815323475,-0.9359661365111732,-0.9259994185562233,5.4827865397228095,0.660424039293213,0.029987834549878346,0.8926829268292683,2544
MB_img112,54.234618930159264,1.2941305349397914,-14.507000643197802,-2.6954719106186285,-11.893035037439011,-3.909704539873828,-52.081556314765486,-5.125647584741655,-6.818063809230696,-0.34652314962150166,-4.634390590873854,-0.5984429912211611,8.420689784393483,1.478035586665149,1.6125107871496556,0.11734544364483956,8.224280679233763,0.8090764040131033,0.020478723404255317,0.03318672530987605,1375
MB_img113,15.73605042160231,0.04743495138799876,-3.5993389835108287,-0.2613707665372272,-3.374880131344651,-0.30009608911534724,,,-19.314714304491634,-0.3639879559612406,-8.478284157792235,-0.8430011730019579,-0.6703638197181881,-0.5558161550616397,,,2.6784657008141357,0.7358730571651942,0.008602150537634409,0.9935064935064936,2097
MB_img114,29.51633948921009,0.3295404175800525,-13.454139365123114,-1.157701028315565,-14.270706944643672,-1.1690539761160499,-3.49681294182219,-0.6222796382480611,-28.20218387630905,-0.5950069014145352,-8.60270308456359,-2.1818976431083885,5.782537400639817,1.0651982659077774,0.08185839688930159,0.05139915250664445,8.989951791577461,0.6870137721908534,0.03431122448979592,0.7146067415730337,1651
MB_img115,16.408887610389048,0.08060098981416579,-5.021664104055182,-0.41501851632447045,-9.893510479329429,-0.5428430925362319,,,-16.641659072863003,-0.3505576905573762,-12.766852069789264,-0.8096524307164915,3.803555062509415,1.5164480204501953,,,3.854958202933607,0.8257490731548975,0.019526034712950602,0.9105960264900662,1830
MB_img116,,,,,,,,,,,,,0.46006744891751256,0.21256753548313234,1.493907688654161,0.6703979772272165,1.235035061809918,0.161768536143997,,0.0,314
MB_img117,35.42352961451183,0.9601377502595605,-10.477335274268007,-3.9253665187694162,-5.52166625780312,-2.3603642765434705,,,-33.41853390702596,-1.1374897662618264,-11.75293265258125,-1.7974520268345613,5.193972987335525,1.6570660469923353,,,5.916589387591505,0.506001056808988,0.0026435045317220545,0.3142857142857143,854
MB_img118,20.57147129726615,0.39988489060262045,-1.504676748747677,-0.307844827327841,-5.997512265588781,-1.2414588712746513,,,-20.877632001682187,-0.6282707809257675,-10.737169823652762,-0.730689353976781,0.7057859998537392,0.429537068973959,,,1.007727871956277,0.24663996758312512,0.006675874769797422,0.9555555555555556,1001
MB_img119,30.443489974877625,0.6157483309602655,,,,,,,-8.519821505900719,-0.31748000712781727,-39.22833177817571,-3.1732101607731273,,,,,,,0.0,1.0,882
MB_img12,77.19304518741357,1.9071535897903142,-10.232034939620753,-0.6533384080990529,3.380880792833789,0.3150990351785441,-63.747325779993155,-2.5750500720148337,7.066630159676334,0.3817187013652543,-9.835968088549238,-1.3212593739332956,9.479926376212719,1.0252259762881735,-17.32524299604196,-0.5269376111977908,7.531246328216088,0.530159052831818,0.1961206896551724,0.1099425349669305,3117
MB_img120,32.223571368393934,0.8692725635934351,-19.350926932784947,-2.1997683032199444,-17.071278323294575,-2.4315307452651376,-17.70843881611443,-4.22634337669295,-7.643060122985455,-0.21958903750492068,-11.763341838576235,-3.26134275618808,20.45538643480355,1.5336660654853909,11.131293223404345,1.0619024389259069,-5.356128879435158,-0.29561419528325855,0.027445652173913045,0.14260089686098654,1413
MB_img121,23.054685056395044,0.2446528028041729,,,,,,,-20.466799799242942,-0.6936446596419715,-15.663203931779622,-0.9721234680699846,,,,,,,0.003227194492254733,1.0,811
MB_img123,35.47851151217088,0.25744644303337866,,,-4.087705208569558,-0.403194012029366,,,-39.76820977052313,-1.2345445534445922,-20.676017556469784,-1.6260992641946876,,,,,,,0.007594621513944223,0.9770114942528736,1335
MB_img124,8.899251422136729,0.47615548407200536,,,,,,,-9.394173262590781,-0.549695017061601,-2.6112376039949323,-0.46543301392879316,,,,,,,0.0,,195
MB_img125,,,,,,,,,,,,,,,,,,,0.0,,5
MB_img126,12.537221591963487,0.35386242058635176,-7.144273128883183,-1.0441755126392098,-1.2408309260136938,-0.24959214292172105,,,-9.137861768748829,-0.2890514122713138,-5.5287457514869995,-0.6785041547910579,-0.26291833260412073,-0.18269229751619018,,,3.8962465398313975,0.3992778956384371,0.026923076923076925,0.82,686
MB_img127,29.065258450806486,0.29613940440110936,-13.627438515120632,-0.9260169141455163,-10.913838705867303,-0.6070034381789524,,,-26.525196157075456,-0.6085312956496982,-13.91243239456377,-1.4197235801194121,2.8137814497054454,0.5690105267637465,,,10.48242020148243,0.7498924459322508,0.044610912343470484,0.8424778761061947,1750
MB_img128,69.57392354611073,1.8268151975113662,-24.19308377124655,-1.9891286834888333,-12.423656061504447,-1.579206971748099,-11.022737314106552,-3.03671017915185,-45.36126970733664,-2.2159797679968256,-11.33909721925944,-3.094820722368255,3.570119342660413,0.2659110272523891,5.802888782313466,0.5948144039637462,8.481278506386785,0.21960815172899228,0.071875,0.22364217252396165,1915
MB_img129,32.86188654593674,0.544155638793397,-6.335828388948822,-0.7621716130349414,-1.05390196539852,-0.18252503822194593,,,-29.523429793882443,-0.8465086584022669,-13.752722235329355,-1.515376860324859,-0.5699403489221361,-0.4515408330178321,,,5.512424369336232,0.604093519147917,0.015057755775577558,0.9473684210526315,1107
MB_img13,32.05196270398717,0.708359736374886,-6.009169974425628,-1.2868811477881617,-5.996495028611591,-1.4138648330979475,,,-22.921431715702912,-0.7135107289847533,-23.303509849835308,-1.8883796315872763,0.9237901235579602,0.5171517169315346,,,4.415080117157265,0.5626538763956941,0.0068877551020408165,0.8545454545454545,1063
MB_img130,4.350920174684054,0.058566481684011455,,,,,,,-7.040887523952199,-0.8909448813413003,-3.219265493912114,-0.3577378898403924,,,,,,,0.0018248175182481751,1.0,155
MB_img131,30.33979393856094,0.7649890779428042,-19.352567124907726,-1.2140739996126264,-8.722933530064532,-0.7227113599092961,-2.398770795318083,-0.8032270364349273,-18.983134474724167,-0.5410473617620023,-1.5074946073031732,-0.23650762527304225,9.065927153856746,0.7593201783175109,5.242506797070698,1.4198545155766196,1.0572246320845506,0.04783652020852173,0.09594594594594595,0.4810964083175803,1508
MB_img133,23.25509585318961,0.5208217467683531,-6.823367466316267,-0.9764714645037592,-4.435183044393284,-0.6809994071757064,,,-17.426597562681692,-0.6938626577569712,-17.017183786996934,-1.4085824771415445,0.8745554709859787,0.4090387586574007,,,4.954353376350941,0.6331938773985492,0.0323960880195599,0.8322147651006712,795
MB_img134,36.060010165016486,0.7821922181843864,-9.726386042457712,-1.0936728471015875,-3.7170360239963145,-0.832777518937511,,,-33.124968003251475,-1.121995671116772,-12.336744866819878,-1.1186444964986189,-0.9076792729948285,-0.5861642459309093,,,7.305000892262723,0.4551144599817386,0.024019607843137256,0.8266666666666667,1172
MB_img135,31.37167694773791,0.16176213976215384,-4.819535523578673,-0.45973571202323393,,,,,-39.03949215854133,-0.9630152332578402,-10.488950653908503,-1.7121066069097879,,,,,6.219426833281619,1.1340811854477877,0.0064854299928926796,0.9882352941176471,1745
MB_img136,35.032171814141115,4.007714965128005,-4.6112624887429785,-1.3908618702346882,-1.522348591346918,-0.5622189369311326,-4.556146504498334,-1.8918080010354388,-2.3778336181642814,-0.34203091401918634,-2.996113540900866,-0.8159169355610281,3.540513506302494,0.3593577986104101,11.806418699539817,0.6784690317952083,-9.67111576189118,-0.5683050948708886,0.16666666666666666,0.02822273073989321,938
MB_img137,42.63518631018694,0.9786446589362126,-8.223959054382487,-1.686517504959647,-10.814702074748608,-1.5262099134370668,-9.981753956927644,-2.2349610948395036,-42.24029255814671,-1.0609956110635137,-3.457009046584135,-1.0688271241211145,7.3326329870247875,1.5140580165875808,2.4730295739280943,0.8408014051507462,4.167779431152642,0.3030554247642195,0.02666666666666667,0.44,1480
MB_img138,10.15120089354656,0.09598763880313653,1.7870579319243252,0.16107817908068564,,,,,-10.413370854972086,-0.18297166009379037,-5.166152001396882,-0.41782183523931066,,,,,-0.5874442073660598,-0.09980014339941541,0.011951219512195122,0.9913793103448276,1552
MB_img139,13.480327305442433,0.12812355827163147,,,,,,,-17.689880070204147,-0.6010983683033507,-6.358209700425089,-0.4099110502093243,,,,,,,0.0030991735537190084,1.0,765
MB_img14,8.981518984650956,0.03548513764261106,-5.2163679238977725,-0.4643052243882547,-5.830968327286229,-0.3497112514009003,,,-6.469700372676042,-0.13685414617349456,-6.717825943393715,-0.26342911913293887,3.221383851840218,1.3584539709124765,,,1.9872462322670117,0.5902875082357613,0.014629200463499421,0.9448818897637795,2024
MB_img140,,,,,,,,,,,,,7.786431624005991,0.7317760380636426,6.424784526300458,0.7601267736138928,-4.9757701870965025,-0.2705148383422693,,0.0,664
MB_img141,,,,,,,,,,,,,9.484903567583505,1.1760177779301229,7.551086646448093,1.5882806129455147,-7.744924167813069,-0.6152650307044066,,0.0,481
MB_img142,,,,,,,,,,,,,9.357830058237614,0.7468278057025323,6.154370233824257,0.8231099072417707,-16.214328560500498,-0.4273980626597151,,0.0,1530
MB_img143,24.005906952381494,0.20334151610885007,-8.414159199978144,-0.5639178980062334,-11.366791549633144,-0.5643741961738123,,,-22.07654347507917,-0.49244731875207487,-12.475750501316055,-0.8663329655643544,2.932279901012754,0.6884567979775692,,,6.790444223328071,0.7161130800288273,0.041269258987527514,0.8654781199351702,1990
MB_img144,29.31244328321884,0.22091413012089609,-7.368608157344105,-1.1770930022500499,-6.130210406595336,-0.32091423252835555,,,-30.646651739474205,-0.6896194723408997,-14.901309415922276,-1.4829199715596668,-1.2015048171337253,-0.9011082430145124,,,8.400827233219426,1.361052251742455,0.026211361737677526,0.8793103448275862,1685
MB_img145,10.335936118681067,0.0680717041532027,-8.256819952842049,-0.3555461847502444,-5.359859005876421,-0.3114836588312719,,,-4.751208138630224,-0.117590729302785,-7.268920051432522,-0.3265225983912935,4.242288457203844,0.9333289603547122,,,4.927085879772672,0.5991911163276001,0.05795813586097946,0.8608247422680413,1652
MB_img146,13.078702840557519,0.10267917293500303,-1.3241157541359576,-0.1236661964538199,-2.632643211152616,-0.2779103796593001,,,-11.993954542293208,-0.2858692985345789,-13.800076682028196,-0.6542154484079657,1.8493178553130414,0.9785202725895483,,,0.3190208470359126,0.10297475751768559,0.013481449525452978,0.9490445859872612,1514
MB_img147,16.57806523363987,0.89570719843029,,,,,,,4.67927281173151,0.1879094679831076,-24.01674427488826,-2.025242888318833,,,,,,,0.0019430051813471502,1.0,702
MB_img148,9.37881532045892,0.0458385543281624,-3.3987558738393893,-0.20265279667130323,-6.641662962359785,-0.2819072350811385,,,-8.339521979250387,-0.1725624443360762,-4.4078971149159765,-0.28165220998696133,1.63059787527458,0.6438561897747247,,,2.7278741499974113,0.5003570174967824,0.028871918542336547,0.9541284403669725,2288
MB_img149,40.79774609390232,1.1103649001025313,-28.722918121794095,-1.2823608743224362,-7.7458290776022345,-0.8059497094222983,-17.12864650216749,-1.9691286726592157,-11.283415860174818,-0.9382201327628269,0.8558525105722533,0.17136841831198113,3.9590182528617435,0.2629104986973833,6.9764819049628075,0.3490304932019751,1.5094786144376398,0.08548319272278405,0.22493224932249323,0.2601935038009675,1112
MB_img15,8.420532603272418,0.05737667797664429,,,-3.2804274986131223,-0.38818953715608373,,,-8.280847876316825,-0.44515952000025527,-8.49107350383362,-0.8814688536587528,,,,,,,0.005907960199004975,0.96875,449
MB_img150,22.501668075071684,0.32887425787176583,-11.189651931245578,-0.8276353324853674,-10.51063526386156,-0.7526853240959658,-7.9464158065824835,-1.2805656677479,-18.859175910329622,-0.6106969946299917,-4.613232185290893,-0.5268068440062774,8.681029618455353,1.291517405293503,5.61570487593913,1.4583343332813936,4.4895642011841295,0.4901363008017037,0.0625,0.7142857142857143,1060
MB_img151,22.93235052287421,0.154908627193414,-5.830124768597608,-0.7371459197762014,-4.309895556416816,-0.44654127908213714,,,-27.694236151016824,-0.8549672111756659,-14.59684922786708,-1.073787282635809,-0.7757722167662392,-0.7527485914071339,,,5.0767883877899695,1.2073461272888248,0.009687208216619982,1.0,1333
MB_img152,17.97501099937641,0.21393761634667965,,,-9.373002015545609,-1.167698720812165,,,-18.534174303408662,-0.5667541342298811,-8.376571015101247,-0.8187855028340083,,,,,,,0.013596491228070176,0.927710843373494,810
MB_img153,45.13415601682024,0.7600088490705259,-30.090165265668112,-1.415891365027128,-15.583580599705584,-1.6797173003457397,-19.14985918183658,-1.8153149032990392,-25.418702425133105,-1.76929043312478,-14.871662984706463,-1.5269590894131422,6.417890123663897,0.6140894762765391,10.371307946153495,0.721733896317652,6.562436111432728,0.43280606482455475,0.1115480132450331,0.3680276020701553,1243
MB_img154,16.524812410052732,0.18272131136840006,,,-8.841818915112901,-0.31848323074105855,-6.588778534466651,-1.2336835821013832,-13.337443153560672,-0.3800241465873308,-8.589766447288968,-0.8844280372675463,,,,,,,0.09653465346534654,0.8030973451327433,1223
MB_img155,22.28213461450861,0.09996769036319503,-4.25061507819899,-0.30404160977095873,-8.535920200454358,-0.48131645752885455,,,-29.07439909656726,-0.895539154228039,-15.103532475851853,-0.7100147976153918,1.1433738069652237,0.601284806023089,,,3.6614636130205716,0.9281899974089747,0.019627411842980707,0.9577922077922078,1762
MB_img156,22.711351987566136,0.6051934678381643,-6.072872445428994,-0.959770155211467,-6.817119746435312,-0.6646320486635938,,,-20.628313214164447,-0.7204091191344901,-3.9560779832536594,-0.391887985347136,1.687913837743044,0.5005401137908678,,,3.8014478419906754,0.39901465620488163,0.0426056338028169,0.7916666666666666,779
MB_img157,27.23585498821092,0.2604969792801889,-15.807395820641304,-0.8387161933659129,-11.929430875210704,-0.7592597818542755,-18.58550947270004,-2.6958786508635098,-14.182062510168999,-0.4210727805039972,-7.874561678554688,-0.4490129877252018,10.354676043239973,1.2962242763849807,9.53276511146735,1.6599431739423611,2.0423534557156273,0.2065769926859067,0.06861979166666667,0.6082051282051282,1482
MB_img158,35.175305515531186,0.6846539976239902,-3.84647145728559,-0.6816476875558511,-4.3295671111107135,-0.830834789589334,,,-29.52008226684013,-0.8608106436433283,-16.176539064812587,-1.5923478728915805,-0.5524301698834941,-0.42223300068304764,,,1.837778066560552,0.2627188508061724,0.015107212475633527,0.9,1133
MB_img159,6.663998909632679,0.04751053753330589,-5.091905846147133,-0.2656242827981992,-4.362109724901268,-0.22782907456073198,-11.3754358757636,-0.9737582006962555,-2.6236664895445894,-0.05925006185306212,-3.6516498208882404,-0.20383523579556007,2.497324433118704,0.7121337411862706,9.722937084043886,1.9456677517381473,0.5336648791409234,0.09236497968926327,0.0641705069124424,0.8092189500640204,1434
MB_img16,7.722981750074195,0.029050680921485304,,,-12.618942935758234,-1.1317385628572374,,,-7.07690057182531,-0.24102100369510793,,,,,,,,,0.005867903930131004,0.6419753086419753,999
MB_img160,30.830779371964166,3.2913397750539395,-5.421934761113321,-0.6584711704567329,-4.547984380291136,-1.6758159311722698,-9.305385419314,-2.3356483988397057,-3.008583714479702,-0.6303278049300778,-1.755272686955638,-1.9541963103868754,-0.7949579851779898,-0.05419246971711832,-1.3352975542699672,-0.05257455028392058,-0.9113652926936284,-0.048646306875555836,0.3344594594594595,0.05010989010989011,741
MB_img161,5.948436565222573,0.13453182186213927,-3.471010249988261,-0.18491623865403362,-0.6563092512202237,-0.03324630399681604,-5.44830958668816,-0.445049957266203,-4.062226034036663,-0.10720558170668432,-2.986511603324364,-0.22653817067448592,0.4622148778572552,0.058136169980827615,2.4915495961224097,0.3763909573229924,0.6197967087088375,0.03775616731521862,0.19875886524822695,0.7548192771084338,1543
MB_img162,24.33617894991371,0.24880297661459858,-7.9668539048906055,-0.7272101755429169,-4.9543065008127956,-0.1995741989782438,-5.914619862496778,-0.711081862306696,-28.314148246525892,-0.855641796551018,-2.909762510390892,-0.47911556419213536,0.9982273426613446,0.25948752011145537,2.6974329446550915,1.0203404482841756,6.560221873199342,0.7930501633711718,0.0815279361459521,0.8654088050314466,1302
MB_img163,15.087306454232086,0.7230071365762863,-0.9352636103130527,-0.15992898577805298,-2.0958211724513984,-0.28066667419127816,,,-8.657639481770836,-0.4699542054734559,-8.36889099930696,-0.7544194909849649,2.466953378778021,0.6763417089737551,,,1.7036238759027689,0.20041924553698448,0.08598265895953758,0.7696335078534031,525
MB_img164,,,,,,,,,,,,,3.2748470193214003,0.33043252799110895,-5.203805113650957,-0.29835923909433815,-0.8381415753715298,-0.06202958284611729,,0.0,739
MB_img165,31.291488082207913,1.1258960253399002,-5.017335493137645,-2.1562347978502703,-3.6682406870046,-1.533563348214512,-3.272063886815419,-1.2850322496229114,-25.742061109488393,-1.2233948182254735,-12.914115628131302,-1.3777947216645876,-0.8762443054978445,-0.7268312170324931,3.30282499809429,1.367731784500487,4.572188706000101,0.6134228435817539,0.007755474452554745,0.7037037037037037,810
MB_img166,,,,,,,,,,,,,-2.560944538504236,-0.9827654625836462,3.6688274868675457,0.7706757678271561,-0.6355986244648667,-0.12805646914573027,,0.0,110
MB_img167,,,,,,,,,,,,,-0.6631087383650427,-0.0516132444519758,-0.8542171429478854,-0.341727037456401,1.6731725286400387,0.07801512302702847,,0.0,552
MB_img168,17.859020938053444,0.41781080196902654,,,-1.2570306380578242,-0.26903314645523685,,,-14.417400184926388,-0.47628506372091267,-11.547808276321819,-1.2474058707019455,,,,,,,0.008928571428571428,0.9705882352941176,742
MB_img169,35.068457208872424,0.3849173611148338,-4.738225369301136,-0.9240998856407415,-9.771641709171345,-1.3551415906358986,,,-30.639292890131667,-1.0280041826014084,-19.046785570490137,-1.7383908094778082,-0.08671154298971634,-0.0635029423061579,,,2.915667046285845,0.6225627432158457,0.007909429280397022,0.925,1223
MB_img17,20.163574807333315,0.29204140872182327,-5.6761958811647295,-1.2473199349798196,-2.6335740704470565,-0.507921464957328,-6.736968264564831,-2.574343753920013,-15.993970137792546,-0.4496253821266105,-15.394780977235662,-1.0045601959701989,-0.6496678852204143,-0.5260688116675877,6.886877518263153,1.9489759969755334,2.50119123432036,0.5859727408750982,0.006239600665557404,0.7924528301886793,961
MB_img170,52.557994167261384,1.2947041650104492,-38.747458399250434,-3.8181266431271492,-21.899999586525578,-2.708215906430902,-22.916112266909124,-3.946433138546522,-13.44054413599538,-0.5850575079044981,-10.54437738732724,-3.0513721017210256,15.598793312149756,0.7555760581595159,11.265555061498484,0.7825512818199644,-6.028784391137109,-0.30856955194781377,0.03397027600849257,0.07507082152974505,1422
MB_img171,16.982961178448214,0.30845034424565065,-7.282348969763184,-0.34435011017687966,-4.343658462792572,-0.274482859996278,-0.3075026987625007,-0.05529850553188728,-16.0562852533835,-0.4841971891117084,-4.399478862110623,-0.3850759899441383,3.2480218198427098,0.4319929766351922,1.3364721975827727,0.5638381606855499,2.20611908333645,0.13906571935807782,0.13691437802907916,0.7583497053045186,1229
MB_img172,15.2562791844691,0.060105556739311186,-5.3359863529399805,-0.6166331124589671,-6.7756067262908095,-0.3805094490899112,-5.703697516299858,-0.8097955148001703,-16.040045218654726,-0.4220637080320491,-8.06642686166852,-0.37824482805354487,2.986818268692617,1.2757863132426417,7.326517123364806,1.9942407307113152,1.6896368541687017,0.6637166121355674,0.015961395694135114,0.8893805309734514,1557
MB_img173,48.12847989410343,0.49575216492565544,-30.47971420790169,-1.8714365584446588,-21.575589191263,-1.183168880147036,,,-22.61779550565612,-1.1289960553679095,-34.21091611220634,-2.182656988835444,13.513316647625988,1.2262619677980995,,,2.847103691430081,0.30929321082228645,0.05416666666666667,0.5063291139240507,1499
MB_img174,9.630596719757689,0.09676264822383517,-9.90295013534469,-1.3217290887430522,,,,,-2.8939542602922756,-0.2826644433826388,-8.872235440727664,-0.7174005988911609,,,,,0.6889250997991235,0.38646834708207295,0.013235294117647059,0.5147058823529411,294
MB_img175,33.84757302597421,2.6046889055651663,-10.486572488067102,-1.322414705116093,-4.588708067773705,-1.3735708819834593,-8.267206254567784,-2.6846691502192828,-7.559702761151252,-0.587473117105944,-6.2404567344550586,-0.8831107596988175,2.056392785848015,0.23137707184945255,-0.21298448217712204,-0.015697374816445543,-4.269817474054116,-0.168461012642781,0.12760416666666666,0.09568162574089754,1084
MB_img176,21.369360086113513,0.13465467363201283,-8.31472340742289,-0.4966937874287391,-12.922938722504387,-0.5718521829460463,,,-22.931843447043825,-0.7640978640449352,-19.790508514032307,-2.4193944221603028,8.420872439286644,1.5683235586073672,,,5.0054412311723455,0.9327249637461936,0.04555288461538461,0.8246753246753247,1280
MB_img177,27.283288157466746,0.10404327149943894,,,-26.721754331695585,-1.1632737155092987,,,-27.077202382387476,-1.3180510417864366,-18.75249458771596,-1.809145977583592,,,,,,,0.017234848484848485,0.7142857142857143,1480
MB_img178,7.469419620635011,0.533576476799119,-4.804642271561397,-0.4712281128530231,-3.4358906281236408,-0.4453126851715455,-3.2415068386910395,-0.7865963618908066,-0.9481117014854257,-0.041787983255960975,-2.561870965423103,-0.2942071783016726,-1.1477793765012556,-0.2082463234159514,1.0491535241291683,0.27820671745804443,-2.4487251949448448,-0.1633828894511829,0.16612903225806452,0.5256124721603563,641
MB_img179,42.494557881814984,0.31419685096379407,-23.656521724825655,-1.2840845330610577,-12.05363903878517,-1.1316135742803113,-46.98057347474219,-2.079429749847653,-20.547121364793558,-0.88684430158351,-10.28721573508473,-0.9125249075508962,4.4729422831191945,0.9981977573660146,16.352827977296382,1.269714994273433,6.857899974141009,0.8550213556879186,0.05867552334943639,0.41965973534971646,1737
MB_img18,46.924411783564004,2.5275691519344856,-7.3399679106698485,-1.4764464972094768,-4.428609089061875,-0.8533628114558365,-8.108336715897506,-1.8810687281605991,-20.351535240913957,-1.3536490172318376,-8.92212932368917,-1.7439282901736022,5.892047877072075,0.775632061087639,7.413977470896157,0.8574526457009101,-5.152175341334832,-0.2816279777589779,0.07851239669421488,0.16031746031746033,961
MB_img180,22.84589463984381,1.5133761507397812,-1.1235136968634585,-0.15905876494452711,-1.4779799130348146,-0.42626475470209796,-5.413765355745237,-1.3041300651673917,-12.636254043614395,-0.6579531716241122,-8.068910385985731,-0.7025897013443492,4.818837688242658,1.2222962448729018,6.853692896118968,1.2134889819549923,-5.389082333636663,-0.40841310896759186,0.07916666666666666,0.44150943396226416,913
MB_img181,27.082106726194347,0.09968797743374411,-8.105449567659306,-1.0200830588349432,,,,,-33.05490141025348,-0.896089625883608,-20.796229837407235,-1.010107402548203,,,,,7.908629161224596,1.8646840354878291,0.0020793346129238644,0.9743589743589743,1783
MB_img182,29.335132075582678,0.23129130300763928,-22.449638953936574,-0.9402628057826053,-13.900821023595844,-0.5060322768817975,-6.120142981138214,-0.7410256527912742,-18.968128356596743,-0.5277359984763129,-4.568892117033028,-0.47827012405674973,9.453207545581666,0.8576446190991246,2.8913647943106575,0.7438519797514461,7.661729764357428,0.6044954802613136,0.10178275290215588,0.6950617283950618,1778
MB_img183,25.033747008206856,1.0664984875711063,-3.122284884714516,-1.151534141347917,,,-3.3354706757846166,-1.5977297967950341,-17.63294092308023,-1.508873407156777,-15.123963587495052,-1.3603852430530499,,,1.5762961862469396,0.8236772273595371,1.2518133533876294,0.2924072520104392,0.010416666666666666,0.85,393
MB_img184,52.861583207696135,2.6608950766521065,-13.636392667511954,-1.5063656097726987,-11.908668510506995,-1.2286884721437867,-9.463214695216944,-2.8024689745841593,-16.96464305150655,-1.5066273290134882,-7.2235659174992914,-1.817445300802079,2.6669544019411355,0.13350929388870436,6.1480186622420785,0.4889613844603612,-5.182682120309333,-0.19966711055914696,0.16294642857142858,0.11902485659655831,1535
MB_img185,20.85728413162228,0.5929644541166293,,,,,,,-20.866567472613916,-0.850194880761682,-7.188252900170156,-1.0861310202087104,,,,,,,0.0015182186234817814,1.0,499
MB_img186,43.55764340735877,0.49558413810864244,-1.305183422354947,-0.22884522257449955,-4.782332827126801,-1.077731303232566,,,-38.752206666369226,-1.079706742241177,-33.76744646785398,-1.612427653670446,-0.5189798114982208,-0.35049724708413305,,,1.020788335693564,0.30260073617895894,0.005487152034261242,0.9795918367346939,1558
MB_img187,42.732654992260876,1.878099136102162,-5.037136837816241,-0.44905561399271265,0.5749368413499887,0.08837788366639279,-35.71467194469928,-1.0190256259836614,-3.4474438865825547,-0.5558872710767818,-5.946211479218874,-1.1428313405600372,5.935868350299831,0.9802305336400566,-15.111803372878162,-0.44356535146155923,11.078030459549126,1.1174354862185094,0.41592261904761907,0.15934484509903504,2201
MB_img188,7.95827532847268,0.11511716590118538,,,,,,,-7.338420440479631,-0.14699134402155106,-5.696264787191875,-0.30963481869593296,,,,,,,0.0036848072562358277,1.0,1527
MB_img189,,,,,,,,,,,,,1.0935221437041711,0.08759400130687685,-1.682952992511109,-0.13427048144182502,0.24657656656557786,0.011955838327515872,,0.0,735
MB_img19,17.42595982575327,0.1470961304133938,-3.674340083649993,-0.5138516449122987,-2.4449483752126544,-0.2840833494127708,-3.171837882924595,-0.4591229877577614,-14.712522382925531,-0.3629751749593036,-12.677191591772447,-0.4931860014024697,-0.7501532785315188,-0.5945485495503541,-0.6370568985813597,-0.4382928515791469,0.3733581819652608,0.10955330732009416,0.012865911237016053,0.9770992366412213,1466
MB_img190,30.130560674620043,1.2291998876401662,,,-3.593341738238221,-1.247226438654918,,,-25.50650781192087,-1.5656268948757606,-13.801494863668463,-2.093694104782654,,,,,,,0.008540372670807454,0.8823529411764706,465
MB_img191,48.93538261989372,0.48392213271526835,-18.961371718389195,-1.7483246076863628,-24.504245321868524,-2.0763880685128413,-4.034832453033705,-0.849635401950704,-29.830105298919086,-1.056594117692162,-27.409916013353833,-1.4223261031740806,14.204339369949023,1.7689440517289272,4.305190400763939,1.4794063183985635,6.904994125105974,0.6930820204927657,0.026911764705882354,0.48268398268398266,1406
MB_img192,14.614512777444222,0.1840056305529433,-5.968036178664128,-0.5706888463163382,-7.801348044956333,-0.42191630766434907,-1.1350324192956427,-0.19534759832221918,-8.245406575625955,-0.25299813550726824,-12.018530455901436,-0.663288618109404,2.76870476958616,0.7421272992819852,2.2589498518959528,1.0588936890535685,1.0712774085955885,0.1891162664621492,0.05669209431345354,0.8329853862212944,1097
MB_img193,6.540303968923096,0.11723767528437339,-3.5970860610345987,-0.37152312093199746,,,,,-7.16078815222592,-0.33899727118864265,,,,,,,-0.3693033529244542,-0.08354069554270321,0.0351123595505618,0.8981481481481481,357
MB_img194,16.910715168917033,0.1664285846206663,,,-2.906541430710931,-0.4093909361377018,,,-18.44054844509247,-0.44788259575141,-5.475103808142697,-0.356582875419906,,,,,,,0.005675029868578256,0.9285714285714286,1174
MB_img195,12.180567374057622,0.1909407184906817,-7.734840862256977,-0.751419394878857,0.9410788254310256,0.09927807243588484,,,-12.2877955784802,-0.35771035634103987,-6.001291651595136,-0.6120693582884096,-0.5571420950777738,-0.33199177823206005,,,5.273774951369687,0.6276769385232024,0.03463855421686747,0.8942731277533039,887
MB_img196,48.07053967276654,0.7104197777928366,-10.688936886560493,-0.4461585131055103,-6.392275093045193,-0.37316016700066545,-50.300365398061125,-1.564970763337323,-7.925353360778421,-0.2323965924780252,-9.395781368674674,-0.9080216776271676,3.477178952578166,0.45749853152720893,4.528961531594082,0.19601198360628008,2.007029324511767,0.15035588489553764,0.19477459016393442,0.3538753668220266,3045
MB_img197,55.91620163929585,1.6916285480562705,-30.2714058790561,-1.295114063429422,-14.092134846661354,-1.3692402287617427,-18.835558849220465,-1.2701183867414663,-14.446168115745543,-1.1219523797633943,-7.484656559941146,-0.8019004919654958,4.466117921053735,0.18389238807746633,1.644280893628057,0.04901557006692239,-1.58490964100122,-0.06299738209523485,0.24410860655737704,0.18064199148378643,2390
MB_img198,31.381612076283805,0.9756046829238909,-34.87498015139746,-1.9662706523264157,-3.0560780762918833,-0.2207226663938512,-10.647716983424004,-2.722356725252062,2.002632348377873,0.07383401412821804,-5.969519928338755,-1.4654722207945967,0.8534830445956876,0.059458438169666415,15.09258222599287,1.085271300683307,-17.845767186164153,-0.7985487218951145,0.15112826603325416,0.2308910891089109,1471
MB_img199,38.49489402868038,0.9085784888414222,-4.8260269837883785,-0.45168149112513034,-4.346927947338067,-0.48555097802793096,,,-18.830730051196415,-0.6081358482580799,-29.294215659705788,-2.3039402691452717,5.817429104795623,1.2399805010326208,,,4.720852291683326,0.33969930788491487,0.051591375770020535,0.7380191693290735,1348
MB_img2,20.240098969287583,0.27733704416184796,-5.110048363617401,-0.88644923486035,-4.0299719404331595,-0.9093183539279807,,,-18.90510174794672,-0.4948434832520163,-13.17757160922095,-1.1533960921444244,-0.6703455964134333,-0.5509006646475233,,,5.995211788560736,0.9413240926723924,0.006569069069069069,0.9591836734693877,1057
MB_img20,33.98817638676919,0.5555823482104443,-21.938763731433312,-1.3137690520311913,-6.756524794030295,-0.7411943984283168,-9.602747902670735,-0.7196189113076186,-29.431730049132664,-1.0922630150021873,-19.13559366136231,-1.1760557529879987,6.2148562849713205,0.9440668713925882,3.0045426099353114,0.4342778559754955,10.363426106695826,0.5939263869074038,0.08310901749663527,0.5735140771637122,1430
MB_img200,20.000546983874294,0.16614417072090282,-7.484877486489734,-0.45515515339030244,-4.626977450086938,-0.5189756853806227,,,-21.1452343089062,-0.5372420386275496,-7.101774423748364,-0.38245035577087383,4.812025071260697,1.4448382768120855,,,4.432783311956613,0.5424079529527034,0.030818767249310028,0.8869565217391304,1497
MB_img201,19.703977380995354,0.16515504593458993,-5.810036268558901,-0.6211651393763773,-3.596356867499935,-0.3977224430936179,,,-18.94125377887495,-0.49305676969998546,-11.845112254710688,-0.6997423147883773,2.8071764742159426,1.1981515542489392,,,4.540887420179649,0.7392794600044527,0.014841351074718526,0.9419354838709677,1308
MB_img202,20.157054330103012,0.10436204982816805,-19.044540905362595,-0.34881892973232753,-8.500152928371502,-0.3854310371935204,-7.681102276614483,-0.5412529886594432,-12.932382323389731,-0.4306278786358708,-8.417432962239161,-0.7453351320173162,6.343468178936809,0.6885815743580742,5.343790937015534,0.8733916447651157,8.263899840077242,0.693725348016944,0.14475495594713655,0.7835845896147404,2399
MB_img203,18.22040495318747,0.20887898738341684,-0.5479655757338673,-0.08503610385579928,-4.002091686641285,-0.5063597685059696,,,-15.033143904246645,-0.27612440527423754,-13.028997104834007,-0.8760093560471905,-0.7757312472140994,-0.6959938131099002,,,0.44396192976932874,0.0998219509684405,0.010687732342007435,0.9813084112149533,1785
MB_img204,21.523015832183063,0.4437951414363984,-0.47615110380993164,-0.0642820855790572,-2.208593792299918,-0.3788115286785471,,,-17.271121147638784,-0.6897237102227087,-14.428047227667681,-1.2846989336852548,1.2486220379648671,0.6608626150804143,,,0.11004332541576471,0.024247546246677208,0.030414438502673797,0.92,668
MB_img205,28.054801776915955,0.3008299886177834,-10.393041777582818,-0.6011122106739224,-4.0808280893388345,-0.3983503703459648,,,-21.95781631003182,-0.44474953002129014,-15.94159594594486,-1.2459415786690642,4.03973325000576,1.0759827595081304,,,6.305829770566672,0.43352489857807014,0.037778253424657536,0.86892177589852,2005
MB_img206,,,,,,,,,,,,,2.612573367645798,0.3117388740748254,,,-0.4703954929164665,-0.035327561957710155,,0.0,211
MB_img207,24.677299506379363,0.7767841935063047,0.14144455518542445,0.024353865200326424,-22.734049912060932,-1.8624302872597998,,,-9.38878479773799,-0.28819816718349617,-12.254075434823203,-1.3999096601661052,5.600194466027113,0.9526942852216432,,,-2.741729369041072,-0.5056006198304187,0.07250656167979003,0.2807606263982103,1080
MB_img208,1.0011996202736937,0.0012337644894526475,,,,,,,-0.4794599644519069,-0.019338000838466138,,,,,,,,,0.0018104015799868334,1.0,1546
MB_img209,23.298061518422497,0.26268363486549956,-10.080393133319635,-1.143269013576083,-7.534722470232379,-0.5690080239299173,,,-22.181196447212418,-0.7139798979562357,-11.766006559778301,-0.8567989935618355,4.742107775674434,1.2415546784233422,,,7.888438185719212,1.00260179518828,0.030184659090909092,0.8287671232876712,1011
MB_img21,27.78604890111221,0.20002825885674397,-6.363859978472769,-0.596723831478299,-6.618644119140545,-1.0959244199985354,,,-23.253254516434453,-0.5439397443790962,-26.458903189622962,-1.715879294306737,3.455430508634204,1.3219280948873624,,,4.250599067075679,0.6850963542456063,0.009039657853810265,0.9448818897637795,1759
MB_img210,16.717982063628966,0.16158373181825147,-7.987618577499536,-0.6570541238435547,-8.456106854693665,-0.6660513282783519,,,-15.194254719094953,-0.47451784584358403,-7.886940438261344,-0.5444602377909998,6.6533421280153435,1.7031473105045842,,,5.605952055995991,0.8231924779432425,0.030149051490514906,0.8280701754385965,1003
MB_img211,25.16369736137785,0.26662086224346815,-3.1628168257835196,-0.3737958285873125,1.0496212720647968,0.08349644237164222,,,-25.622201944837624,-0.6698424798523416,-20.732209254464454,-1.6145646396556161,-0.7204029103577654,-0.6016965164809575,,,1.1376127028496128,0.23616354110904847,0.022933467741935484,0.9598214285714286,1496
MB_img212,22.785955987514804,0.6269965642815718,-8.741179043479407,-0.6068750291714661,-6.754993874083305,-0.6685622962692104,-6.1367645700803015,-0.8783737061345138,-13.349789247174677,-0.4449683306376134,-6.76674948854631,-0.7782085763980876,2.8037560173230283,0.4151692582670982,-0.9521171822235689,-0.2619885956822427,0.8957906257780583,0.045825419838896646,0.1016905737704918,0.6503401360544218,1287
MB_img213,9.148861581221313,0.020489082105264483,,,-7.847128191661348,-0.9904598543736468,,,-8.930052609760791,-0.309016511371996,-7.90883312038465,-0.8548898725623332,,,,,,,0.002413937867338371,0.8857142857142857,1247
MB_img215,50.2691675302554,0.2236664401004199,,,-50.467592697954835,-1.8659486484981556,,,-41.8009717480814,-2.2893734076679477,-11.614459543347014,-2.713970692436053,,,,,,,0.027927321668909825,0.46983758700696054,1811
MB_img216,16.609601761472533,0.29449410075655563,-8.102208237301598,-1.5778460018822362,,,,,-13.871074160272205,-0.5679324613870992,-12.805669220728674,-1.2021162872035351,,,,,4.312850685281642,0.7853225437915575,0.004603399433427762,0.8387096774193549,541
MB_img217,18.544841721555724,0.22946769502113018,-9.067214573224648,-0.481106343676483,-6.996703673118962,-0.2533799590635884,-10.555889880254119,-0.5960683985697,-11.342459427054862,-0.34852083216519136,-5.115301972899903,-0.523920345089011,-0.6558359420213584,-0.07528812730423712,8.352047290702805,1.0790715709911987,0.01684994579872162,0.001850795687941454,0.1735248447204969,0.7055630936227951,1666
MB_img218,34.30560449843961,1.0626186060867222,-22.607466299696494,-1.574869685050002,-10.153698764550892,-0.857939012993655,-8.01075460944741,-2.3529199093509887,-5.8643430159041525,-0.2754154662412433,-15.660122859618932,-2.5247304648609576,2.535874700313166,0.16443957231849,4.910010971342065,0.6301458097438188,-4.426341286006825,-0.2527857538858943,0.1683381088825215,0.28618968386023297,1132
MB_img219,6.25364793773428,0.038882726004736634,-4.589088972051823,-0.28044629588290226,-4.490797046408675,-0.19781235067701328,1.517342735182222,0.14497260348342433,-5.32498504228647,-0.14588659313884414,-4.301370649904019,-0.28919509258853976,3.1628260983256395,0.9478037888745716,-0.17643350208195321,-0.1309308698264486,4.629926322847397,0.8627439580314232,0.0508193091231178,0.9369676320272572,1396
MB_img220,21.152876978258455,0.14555113743830275,-4.537976308596378,-0.3266778572685992,-7.380944059385432,-0.5559276763418629,-4.023354878439627,-0.3766214231262943,-23.772829945714612,-0.3790300821385331,-2.979755161441194,-0.2822056709482243,2.027372528519469,0.9513652247491234,0.9841037861441871,0.5510990488548722,3.246465409350288,0.40706262030129914,0.020450863930885528,0.8984771573604061,2695
MB_img221,19.098303703951057,0.5326205669951946,-3.8779484677742433,-0.4593691629546585,-5.3668791552859325,-0.40102067847258627,,,-12.538116739572374,-0.3999757628924084,-7.317695164819367,-0.6132643003821454,1.1692419609269415,0.2816383738616454,,,1.5949379404417063,0.18603687353017734,0.08276566757493188,0.7938388625592417,883
MB_img222,51.41510401436135,0.6533870227253036,-23.679787982400708,-2.627625075967458,-17.255817098805103,-1.3495049842069142,-7.100833465729323,-2.816394909169121,-47.45300645709414,-1.6567002025781055,-19.974052944837165,-2.525492620476959,8.80414314133978,1.2750533569728197,7.189453738867017,2.0626556078497673,11.796627094186025,0.7328194713503535,0.02476899383983573,0.48034934497816595,1770
MB_img223,48.61079907266173,0.9675052252081416,-4.944620409038534,-0.7373898538489839,-7.129556046200101,-1.038135128886771,,,-22.803295649373315,-1.0701999854092195,-38.371035381553796,-2.0272214687350245,2.3194532785193953,0.9073005103835134,,,5.31378082899055,0.7405150408879317,0.018627450980392157,0.8333333333333334,1223
MB_img224,5.954863488934277,0.02346595289155093,,,,,,,-6.935510453324531,-0.22593892597770557,-2.5236726139654246,-0.14835993562480096,,,,,,,0.0036382536382536385,1.0,1054
MB_img225,12.151692109289925,0.5389705484326324,-0.6568711538089878,-0.10989398868704517,-4.478292261679216,-1.3389337151174698,,,-10.217637691689555,-0.48014462886825793,-5.435488996114092,-1.2145134100800157,0.6809911149775846,0.3770696490798233,,,0.4307557948034857,0.05683485842545328,0.03671875,0.8767123287671232,385
MB_img226,25.60373284276328,0.3533218240161435,,,-1.553690737102012,-0.2794712956444677,,,-24.629849123670063,-0.9159160619631954,-19.23105075176546,-1.7395200061870797,,,,,,,0.007601351351351352,0.9230769230769231,670
MB_img227,45.968500554963256,0.6901095748972041,-6.56145051275678,-0.7649122730571277,-8.543999191708282,-1.057516923221813,,,-38.64826614468545,-1.2075101627262157,-22.979423332931752,-1.3872706230862342,4.11634179536957,1.187320580890523,,,3.2516401820505476,0.3360761735243643,0.026288300835654595,0.806930693069307,1501
MB_img228,15.469342374532081,0.03332490433005971,-10.079201494556731,-0.39929749431571815,-13.069801825759871,-0.5584607271485612,,,-16.316741117359665,-0.36601006952741727,-0.09528521681211373,-0.00704901259452451,9.107860338586034,2.100271930285898,,,5.685891898754252,1.210817271074151,0.022163481089873933,0.8813868613138686,2686
MB_img23,7.048272698397928,0.3748854018179475,-3.1195742720253183,-1.1294662046845168,,,,,-5.098369693519855,-0.27911677600395596,-4.571401429192048,-0.271342832981055,,,,,1.6158562096908613,0.40198134645339767,0.013422818791946308,0.9166666666666666,382
MB_img230,18.737488301698644,0.341971564995664,-9.531748930086517,-0.9364242920246358,-1.408599528937783,-0.1289672558180387,,,-12.162716019255631,-0.5778755972176438,-20.835448443856727,-1.581553575734817,2.163857656760746,0.7594675926610541,,,3.0965483971140317,0.4969930951956372,0.04326923076923077,0.817351598173516,614
MB_img231,0.930748909394101,0.00020035642259035933,,,,,,,,,,,,,,,,,0.0,,1419
MB_img232,64.54831854812633,0.6048823883628913,-51.116559060889536,-1.839320155096776,-27.982759682351087,-1.3228739243156258,,,-34.51517771833099,-1.5643537235875506,-29.933670122273153,-3.031476965728587,22.38974679962742,1.051484099369264,,,1.9749392816990592,0.123499858209503,0.08554083885209714,0.3518961393918688,2398
MB_img233,53.95728125830528,1.0249771948196074,-33.80535571682011,-2.722018148732295,-19.792004870358838,-2.1976310765014526,-15.881388093615799,-2.734725557117,-37.51171757581946,-1.9763285749152435,-7.727585979132082,-2.2343340935804856,12.02563796401897,0.8188072376291757,12.249274380107416,1.0797560738428342,13.969600445295015,0.5614049132226914,0.04788557213930348,0.2036764705882353,1409
MB_img234,26.194227802583004,0.6503827260406372,-4.880107438856049,-0.9103177963239537,-4.709722938052916,-1.278834391046872,,,-27.529754973309384,-1.12113556046178,-6.168869126419521,-0.6324670844833399,0.6520011440004121,0.42468766931256297,,,5.126996237938705,0.5466525957238133,0.010610079575596816,0.9322033898305084,766
MB_img235,21.4792609713195,0.7162579056664353,-6.552440907860288,-1.6136388009770124,,,-5.889962525872686,-3.7079112541851678,-12.777312763879326,-0.4500388293724111,-9.952617936900774,-1.0659883127315688,,,4.918250475879753,1.7210240502971845,2.171362069404692,0.2590610812641636,0.007878151260504201,0.45614035087719296,620
MB_img236,20.59666879186106,0.1477562841906113,-10.076275768367008,-0.9512526124803646,-14.168074655172548,-0.48476447231745695,,,-17.888757702211887,-0.4321650445648988,-6.301004390372579,-0.43990304152867726,8.142250311149347,1.666576266274808,,,5.7639206677111,0.8622779026505425,0.04727793696275072,0.8413524057217165,1903
MB_img237,8.96374969624277,0.16365470774558488,,,,,,,-10.360901814510116,-0.6888471066972376,,,,,,,,,0.0,,211
MB_img238,20.678232139054884,0.0768741622129825,,,,,,,-20.80100970097268,-0.7409583901001443,-20.695067514125107,-1.0033751767637278,,,,,,,0.0015782828282828283,1.0,1329
MB_img239,20.73689544144773,0.1515278191726282,-9.12671331695311,-0.5594984275677992,-4.970331940988927,-0.350772244437784,-5.803602398794476,-0.7065014709282936,-15.052892963463348,-0.4191896669613658,-19.502296083539104,-1.3414532553053016,3.028604453300837,1.0018044968467479,6.562481547007504,1.9734528453884408,5.980669084643203,0.8381824040979375,0.03841212744090442,0.8605200945626478,1289
MB_img24,24.064205231835025,0.46841744893434334,-15.82554509214125,-0.6592941924656814,-7.615573756049928,-0.4218434666201533,-2.683767309054946,-0.6669459095205176,-11.341635296277303,-0.26707284240315243,-5.137332543117366,-0.5809298349148174,5.818111673721694,0.4984698646458407,5.255635098222845,1.1880152806483264,-4.003499828411233,-0.17473496334634064,0.15210843373493976,0.5734149054505006,1826
MB_img240,23.785485657601082,0.294687857995988,-13.698600924593046,-1.294957644700437,-11.727800810269539,-0.7420626625064913,,,-23.435580717657366,-0.8011883886369113,-7.29897774240456,-0.7285830662988955,6.41811855415332,1.2647801160604384,,,13.8855806439778,1.1282402217950915,0.04046639231824417,0.7620320855614974,1108
MB_img241,6.386020973659113,1.0081774954200649,,,,,,,-0.9646556068951951,-0.12422935748404398,-5.890304345732848,-1.2198345238853703,,,,,,,0.020833333333333332,1.0,69
MB_img242,14.699260756868057,0.047260096822019065,,,-6.029417483969261,-0.2590939676884659,,,-17.173339315831104,-0.3723488235866627,-11.06942386059814,-0.39441614543095566,,,,,,,0.015670767428236674,0.9734848484848485,1949
MB_img243,17.670997672178142,0.071950653669264,-14.640169455654231,-0.8167640290774324,-18.80321400193498,-0.7051217663315977,,,-8.640276570738203,-0.2197982356359109,-10.616441284961626,-0.6795072067998773,11.695289016347575,1.9104099255544507,,,4.765720938245676,0.9990166794751286,0.03294511805998724,0.7956204379562044,1834
MB_img244,23.990932602131362,0.32818556779843916,-11.105602781557975,-0.5740834284111965,-9.403510250781284,-0.39226887089193657,-5.284113584845189,-0.8052444561649484,-20.252723717468825,-0.5506634707646645,-3.7175371708736717,-0.5375997894572954,6.980052440672052,0.7385598125663901,2.762949193739278,0.8083043758864685,5.1673371119545894,0.3164782015792459,0.11835548172757475,0.737381126554499,1639
MB_img245,35.74199301900836,0.15990317691691688,-21.65217327201376,-1.1369436110499662,-27.763508055566174,-1.2732789545328016,,,-37.39430365125184,-1.16114741492278,-12.635151017391841,-1.9065058256260037,14.158447015274652,2.042064059566544,,,15.569242277188247,1.608860768418521,0.028293413173652696,0.6757990867579908,2013
MB_img246,26.303847131187304,0.4877031412424454,-3.02970123428866,-0.8414699994657991,-5.6435090226943885,-1.0097265459847735,,,-24.406622720282243,-0.9161505036886497,-10.951761587500949,-1.0964064430704732,-0.8955937105409381,-0.8559896973084806,,,-0.3983805327068557,-0.12225856781199798,0.004758883248730965,0.9411764705882353,672
MB_img247,16.95707890686303,0.08175049425937643,,,-8.792793822483173,-1.2866446210164393,,,-20.426806727667365,-0.9956095271765102,-13.587823293400508,-1.3034676519902,,,,,,,0.004375,0.8888888888888888,884
MB_img248,22.224981538039167,0.14187272191458036,-2.4091937342771774,-0.28009023899811497,-15.87224576313213,-0.49510564820346653,-25.011518146423285,-1.573968646330296,-15.472139649034789,-0.8139751014207302,-11.568709202684806,-2.7043801645399186,-1.0623009801311478,-0.6387689444169499,5.119263769636936,1.6199038680302782,0.34612039972194497,0.18442457113742727,0.08734798877455566,0.7004115226337448,1336
MB_img249,21.054198829582234,1.338994127890713,-8.44946942777941,-2.0091594557745833,-4.397986641741472,-1.1534450676189565,-3.543900857012103,-1.4761965011167026,-10.555461123597155,-0.8031614191224342,-7.29687884891514,-0.9229852024495038,3.186080397525801,0.7882689151911395,0.9398432600235156,0.36215793967589516,3.3181616690884383,0.29982843802014897,0.04261363636363636,0.3944954128440367,332
MB_img25,25.078922054267903,0.2544212755290857,-9.494148762950125,-0.7077417654893566,-7.312103806913532,-0.37954218470667894,-4.73190817504089,-0.9818526532897405,-25.950265030295498,-0.6680288045739213,-3.9871453086244464,-0.29319426389643344,3.103820542149866,0.6566286236606035,1.4071600841722174,0.7369655941662062,8.97172262801908,0.7915641694132706,0.061982401656314697,0.8578052550231839,1501
MB_img250,35.8172686964396,0.31266469277710585,-16.510097991348093,-0.9899907445778701,-22.56339601108502,-1.5029732777702283,,,-28.06664078826226,-0.63230016380689,-13.488867438599984,-1.6772385865126003,10.442643163208297,1.4139692318913526,,,7.264751839205918,0.5587196966323958,0.036771012006861066,0.6224648985959438,1834
MB_img251,,,,,,,,,,,,,1.9879407314978927,0.3977376985630133,0.7245893811805977,0.13956839014068778,1.1332937858035879,0.08326728440616579,,0.0,399
MB_img252,15.078622710816283,0.2838133980251902,-3.018222361631953,-0.45233798681694876,,,,,-10.105121747161483,-0.379838065231484,-11.304718833171185,-0.5410843847498245,,,,,0.7097034757465023,0.17186839927033443,0.010869565217391304,0.9259259259259259,716
MB_img253,11.064195371950468,0.03921387951061676,-6.945980827800041,-0.2305355946450621,-2.5503474189304387,-0.19543049039273483,-10.11016563338807,-0.37490879806145105,-7.298836830346377,-0.23789534982691798,-4.049038970682307,-0.2196375351047451,2.327254568820597,0.9129143832362888,1.4849533617863564,0.38465614355163086,0.3981916150860877,0.10303624429677231,0.05822649572649573,0.8970438328236493,1874
MB_img254,57.025684743966316,0.37350546559351433,-47.75581037116948,-2.6709028321470694,-47.16475509176123,-2.9677574293600433,-34.78706072333032,-4.30912239613003,-27.140386187442743,-3.869086241582857,,,27.71881415026807,1.60287077156959,14.037145974931558,1.3075728019102923,12.659534092201701,1.400002170917564,0.0280763528539659,0.1868713605082054,1812
MB_img255,3.1669424184678077,1.0719771659074797,-1.3112980801614424,-0.1346495266947818,-2.3950668016641936,-0.7158933705476049,1.4098895751580571,0.20015047225147636,-1.4903563751918545,-0.3185832424142907,-0.6476504064042283,-0.3243991689272094,-2.553322034821968,-0.14399801301475185,-6.928571489023447,-0.25730868029910187,0.22366284140306517,0.010411011981271616,0.7847222222222222,0.08210947930574099,919
MB_img256,,,,,,,,,,,,,1.4232544014757595,0.4118350672404999,-0.5611342374655046,-0.21101219348551173,0.22042208043413786,0.024297964567495084,,0.0,218
MB_img257,,,,,,,,,,,,,1.9959922291895271,0.5513507182913392,-0.10880892267629856,-0.06695024392462665,0.5030298749392301,0.02288173205976715,,0.0,1608
MB_img258,5.5574131882371125,0.1915444665957243,-0.6274992455483932,-0.13664791729554646,,,,,-3.487057759646132,-0.15416788389346134,-4.6612847089812925,-0.37399614213123683,,,,,-0.5654790990284603,-0.16992500144231243,0.020348837209302327,0.975609756097561,413
MB_img26,25.46212709875535,0.16521677392310832,-8.071610561449836,-0.7007279401060683,-11.88772385610878,-0.6389913080180204,-27.930354877973333,-1.2692891162600117,-19.211763669194934,-0.5905534690738651,-9.368631055134944,-1.4377775726734172,3.8900276859972167,1.130786607535354,10.68972193950653,1.8762736147628891,2.808180616495927,0.6912655501611499,0.056475272422464376,0.6474226804123712,1546
MB_img260,31.692670022074694,0.38016151613869525,-7.059189390475664,-0.8222980610141916,-5.154086577438116,-0.536576469485981,,,-33.01249590652705,-1.1723793867068613,-17.162171823531104,-1.218762036561747,0.6973215636840373,0.38458370273713005,,,3.9715783839067305,0.6406662534168888,0.019374068554396422,0.9084967320261438,1016
MB_img261,32.644588908136924,0.2620298279203346,-11.013377432236986,-1.6799223911561778,-12.039000171156927,-1.3128954704765765,,,-38.36591777933117,-1.3315869771338866,-14.023240040246693,-1.509484720978757,1.4751425408125167,0.7784322114615906,,,10.562783808147513,1.5060111593263341,0.00807776560788609,0.84,1220
MB_img262,15.118638891975372,0.09050518978782489,-12.197865249388064,-0.6339557949469117,-11.32705705936169,-0.8031581381784666,,,-11.418998091979768,-0.396231768987375,-9.242707963856878,-0.5868972870320991,7.4546157444307255,1.6320077524082293,,,8.64030376934445,1.233560317091192,0.041983695652173914,0.8211009174311926,1108
MB_img263,,,,,,,,,,,,,,,,,,,,,75
MB_img264,,,,,,,,,,,,,2.375586036609544,0.49953784446847843,,,0.7967065829465361,0.14380594047843065,,0.0,183
MB_img265,28.8262214578407,0.47749768145790294,,,-6.118172079153097,-1.352224931733454,,,-24.293361446670172,-0.9338582899033439,-16.263548896327613,-1.1402333165055072,,,,,,,0.0023834745762711866,0.8695652173913043,794
MB_img266,17.01330476443418,0.1354417825763903,-3.062447524332655,-0.4707537627913883,-4.188035936903577,-0.3194400762154832,,,-13.306903302614142,-0.3532659322310235,-18.40612178163041,-1.1990626474070103,-0.9007160806884266,-0.9448584458075392,,,3.004702045201487,0.8405747623035454,0.017241379310344827,0.9502762430939227,1398
MB_img267,21.996817927523438,0.18373374287453553,,,-4.281084811794247,-0.6913687277260956,,,-19.497030403570268,-0.7294694668670959,-18.600952496591116,-0.882832172002003,,,,,,,0.003820293398533007,0.8611111111111112,1057
MB_img268,19.065302189338638,0.3039753264901636,-15.174764891812764,-0.7409469776100085,-11.2869218103944,-0.7787861236793162,-1.5393082989402154,-0.21480302915640084,-10.581301856898554,-0.4427842931294219,-7.135246229965767,-0.8132966493003565,6.7838818376412595,0.7478714516010767,1.6609082290689106,0.5017491324721747,3.1311906055439644,0.29667005906560723,0.11541811846689895,0.6693147964250248,937
MB_img269,18.155238553202864,0.18903287303983798,0.0797262320168911,0.011941773521334412,-6.367512604507478,-0.5274129793236513,,,-18.952358460140665,-0.66888839810355,-12.586356846254816,-0.9366279864873618,0.1709142208689842,0.11247472925841265,,,-0.6946803136534272,-0.3202783576682696,0.021781789638932497,0.9292929292929293,849
MB_img27,13.876970846651602,1.4549468723394035,,,,,,,-5.730623219766362,-0.7607395627824723,-11.42470790027697,-3.8043338787066103,,,,,,,0.07575757575757576,0.9565217391304348,134
MB_img270,-0.21615434474053133,-0.14839183989267116,2.3667620015776962,0.960861606093042,2.449704661991558,0.8665376414719288,,,-1.0754122376736797,-0.16535330667680784,-1.0752561957621176,-0.21921817354130427,0.745096986230147,0.39592867633113904,,,-0.046834592237141856,-0.00809242094872157,0.19230769230769232,0.42857142857142855,316
MB_img271,21.609016228027492,0.06853198510839927,-12.358373466675117,-0.7157641951845881,-23.065178128094175,-0.5961551576344685,,,-16.37199451972969,-0.5557687424372573,-6.021460384678712,-0.6921066856778898,7.545535083693785,1.5387494308718062,,,6.32047373660989,1.4351528605759196,0.05157835400225479,0.8,2030
MB_img272,13.989585278811273,0.12427192989289508,-3.15756746676425,-0.20163386116965037,-4.153609258671968,-0.47239813245305995,-3.87905388397436,-0.4837731968307432,-11.26649495601308,-0.23267279424561227,-6.481760085999494,-0.4051527117380873,4.485898229203726,1.577766999316952,0.3164265889009995,0.18442457113742758,1.41258407474939,0.18113257622720866,0.031369274809160304,0.9161676646706587,1552
MB_img273,8.153244575222862,0.4859202683991924,-6.799032602832988,-0.534710754202589,-1.0177226029648345,-0.17568427073099727,-4.30904539865409,-0.6012467885582657,-1.0000880845742097,-0.024534853752246205,-3.303755094961187,-0.35165064416862424,7.526464750880657,1.0288459406525199,10.871798055343069,1.067826813823576,-15.508246464728908,-0.5069087426554265,0.1281163434903047,0.3956262425447316,2089
MB_img274,24.134088890130883,1.0511302889338858,-2.840506869139388,-0.2884412526818674,-1.9114295192675395,-0.18975817799306754,-4.3808158245083995,-1.0826458249525635,-15.878002301416831,-1.0730884774923533,-17.746019134980617,-2.3738718907647183,1.734908352833791,0.327113739784948,1.7836559451777454,0.47823132576603794,0.43399732847628614,0.03936015852151572,0.14797297297297296,0.632420091324201,596
MB_img275,47.39225667002738,0.2598262780139506,-36.591378513363665,-0.8335761831204563,-7.138193504380493,-0.5936884087300689,-42.948693079572514,-2.1423432314061395,-13.08198742117267,-1.140438728224686,-10.551144480143956,-3.2147465226823955,6.461530881917449,1.0562824755970306,10.647798309414512,0.6935338061658728,3.794758362008636,0.5985201789935819,0.11515809051456913,0.5163602368339046,2203
MB_img276,31.891112654153538,0.8451739191780107,-14.937876072268008,-1.8345663287193135,-6.071100466107046,-1.1211297598882135,0.49113788574411643,0.11605340861056468,-23.644924875549577,-1.186529369767735,-10.600783607442008,-2.1434587270855343,5.3525685234808,1.2821703856496278,0.3242878376165478,0.16542360920737173,5.440717907533697,0.3825217308743064,0.04716117216117216,0.508695652173913,617
MB_img277,47.804782449261495,0.5274216558185204,-28.88663385838199,-1.0704198414232122,-6.277439283095606,-0.47053686509258247,-36.1404043493872,-2.6449238196265665,-28.393143225830638,-1.474038085709457,-17.354078785668673,-3.410428903725314,0.8145698248670289,0.1206547722778513,14.751420145100665,0.8484727674327868,2.3644607067197314,0.18640081039609152,0.118875,0.42603321745847816,1712
MB_img278,19.926628727059608,0.35543021926484647,-10.664818703987496,-0.6213797682918004,-5.869889199276091,-0.31102929143304636,,,-16.881408550983746,-0.43145519198244886,-5.485107081692556,-0.676836927798434,6.543860249684135,0.9215076916807006,,,2.943456348398421,0.19727717320949062,0.08333333333333333,0.7682775712515489,1546
MB_img279,16.698539368166863,0.26858309026673666,-2.7551888699085163,-0.5842753394598253,-2.3048294245504546,-0.48975924796627474,,,-16.647949681859117,-0.3868723692341824,-6.12285383039899,-0.3678618020975112,-0.46549484581824646,-0.269033146455237,,,2.7091442127711467,0.5482039507110383,0.005533854166666667,1.0,1369
MB_img28,1.1198160135406858,0.05981763720172268,,,,,,,-1.036871451626453,-0.046345702181939605,-2.891088503100626,-0.3682775658611305,,,,,,,0.0,,270
MB_img280,18.703826826438075,0.1362187858300048,-6.428891126898293,-0.18330661298713533,-10.58229457997401,-1.2407048177761917,,,-22.999026574140352,-0.818165053227244,-7.7586257681673425,-0.4104581293478644,-1.287124689522205,-0.48971418557334007,,,1.8421983198554734,0.18404774077329245,0.09705372616984402,0.8654781199351702,1548
MB_img281,21.184997293349603,0.5906232434498032,,,-4.010308454530849,-0.7843136160966865,,,-18.773681203218203,-0.6034501074336456,-9.819161071791221,-1.4670931218676042,,,,,,,0.007315521628498728,0.8571428571428571,897
MB_img282,33.71318669304111,1.1550933010824063,-22.58711585347206,-0.9664370011772504,-20.367820117209693,-1.3540895445431764,-5.755850646630125,-1.1998686165244283,-3.7603434457461593,-0.2814544390119701,-2.866097816727746,-1.4441369565875914,1.2954355143905025,0.049204156465557466,4.089947255896974,0.450279920267767,-5.678075619138641,-0.35681169685866004,0.27592329545454547,0.2591508052708638,1230
MB_img283,23.08446948571447,0.5106728550579437,-9.239202303141893,-1.9402893365540863,-3.2603252757819106,-0.42337443790407336,,,-19.505544277693865,-0.6303827994891156,-11.644855145361829,-0.7551834092593452,3.574595859997327,1.289506617194985,,,6.898575757616632,0.6981372518479609,0.016966067864271458,0.7837837837837838,1048
MB_img284,15.181469586384244,0.14581967375894295,-3.5214336636735712,-0.3248106034204837,-5.003707552712651,-0.36426455883312375,,,-16.518469182897114,-0.36769124159934236,-4.04218822086373,-0.3974118285970091,2.2145637130737303,0.8913995138660183,,,2.6845949083147147,0.4128089681681944,0.031041069723018146,0.9347826086956522,1512
MB_img285,,,,,,,,,,,,,4.131559975185107,1.588573754273535,,,-4.673922368744247,-0.7481309078644384,,0.0,300
MB_img286,3.9958704246562076,0.33890527765895534,-1.9659125476156456,-0.4619276314413674,,,-2.693880850542127,-0.53659061736939,0.2775615845715464,0.024718995959916754,-2.2380894201726425,-0.3580586183054919,,,3.220386837640987,0.9143354077696833,-0.13154969815345482,-0.032394760870167565,0.125,0.5877192982456141,145
MB_img287,48.475978802796035,1.7342428850950309,-16.901225186985226,-0.7663633177711886,-6.429645836519124,-0.7460864258161322,-26.178173650808326,-2.6473366515443413,-7.118313688407896,-0.5176439526312977,-5.334970821087059,-0.99505989000652,2.5925772530237152,0.14301665292264212,2.5934086703146817,0.08023058055369049,-3.078789346213498,-0.1302255679102312,0.2927215189873418,0.16762767710049423,1765
MB_img288,12.32646339160481,0.14365002479928432,-5.551875736206748,-0.49620160242317174,-7.586613755444417,-0.35381563934502924,-6.316866031076061,-0.5133222950022663,-10.446310267060847,-0.26607573418313907,-3.5670758590430443,-0.31488105227952656,5.0424035532761815,1.254664867982684,2.353961077009188,0.8684703772946979,1.8478557184332478,0.2954230953751059,0.0699582338902148,0.8264705882352941,1270
MB_img289,27.332434232535416,0.5671163326987585,-5.34201379172787,-0.5732224316652552,-2.7892413076296174,-0.2966641079275784,,,-26.18368815607521,-0.8298323639206058,-5.382706499767679,-0.853995647176393,1.5705363786100726,0.5412243009197568,,,2.047920442191445,0.18924512487870923,0.047828638497652586,0.8367346938775511,887
MB_img29,26.817662567202298,0.2785226979144192,,,,,,,-24.46131084998336,-0.6217468803244977,-15.70646843654789,-0.8667216658328917,,,,,,,0.000740521327014218,1.0,1270
MB_img290,,,,,,,,,,,,,-0.484398119801102,-0.054348159456204415,0.7289376208961318,0.07139956804534002,-1.4193171309729682,-0.1359803956975041,,0.0,368
MB_img291,38.57800545126317,0.5152401838404044,-15.934958599327102,-1.8201256059125586,-26.148042203054523,-2.0018022426339854,0.40888891831144153,0.07556472088084698,-31.105544855261147,-0.9309432850121809,-6.009933842298491,-1.8312016640119717,11.443906360971223,1.4069991624395053,-1.455525503787893,-1.5801454844233804,9.36195492894292,0.7582314166914765,0.03555045871559633,0.4904214559386973,1346
MB_img292,,,,,,,,,,,,,,,,,0.5388009775826186,0.048536537933277175,,0.0,123
MB_img294,38.02979115537629,0.5977979882893956,-36.733975989700404,-2.368079904846506,-17.10890836945347,-0.880493718836044,-19.717453062776617,-2.9370853994943578,-10.860911311752231,-0.3306083491559651,-4.1591328620197245,-0.6244042139548327,10.254589054785404,0.6878341086191891,18.824406953491124,1.4346949268074103,-1.462777523525177,-0.08554289056194644,0.09011627906976744,0.3157630522088353,1585
MB_img295,14.69786606335193,0.23041381520291337,-4.573458811817059,-0.43584269429801986,-3.975383346833833,-0.1926991779920597,1.9767550858556218,0.19222877580680214,-13.25355662111959,-0.2908895660301874,-6.848718934601976,-0.6112264523821149,1.6355907819691087,0.3423599947921756,1.6079476690947672,0.6703979772272165,3.1157223140635977,0.3367588998131572,0.10520134228187919,0.8543123543123543,1414
MB_img296,34.29448206311819,0.4912549674331141,-31.54401314762461,-1.3390963602216206,-16.36611738363902,-1.0006785991159082,-8.36347673180547,-1.2416454834981268,-14.11943070715999,-0.4561616007427933,-5.602894294629036,-0.7097392349312289,12.284370955386686,0.8064158523621434,9.670904571383755,1.2564825558132455,2.529507097251586,0.12845034542365116,0.09800664451827243,0.46109052408681844,1698
MB_img297,5.026352390307702,0.01633113992703585,-0.1368451047041724,-0.010183067269701777,-5.620623404120306,-0.28613697571077035,-5.757837370708705,-0.6518016698456442,-2.4239695451725023,-0.053658607424118154,-6.055021744609327,-0.4087438246731452,0.9469659808014541,0.5318511642615935,-0.4937609518162847,-0.31614574229335646,0.41582031609263576,0.1793104394407854,0.017664872139973083,0.9580152671755725,1663
MB_img298,13.191497603390205,0.07571562567914243,-7.565689071685681,-0.3429078039639299,-5.194249643534556,-0.20946259441786072,,,-9.410340629245212,-0.3088721741930382,-15.304501134827492,-0.8890076310008564,4.225902644711547,0.9553560849451578,,,3.5164980873484306,0.63047229258956,0.061899563318777294,0.8844566712517193,1406
MB_img299,27.02468773104998,0.20208596831819162,-19.07515838905008,-1.4696960783739024,-17.645235068328816,-1.3429951061789807,,,-19.08756085588543,-0.6988156781052476,-22.050474138756787,-2.2180338366511605,17.25243712128745,2.303232001177457,,,6.466804737952252,0.8937719573448188,0.025056306306306307,0.6239554317548747,1148
MB_img3,43.44143927470061,1.0064839630096543,-28.85849899422842,-1.5095787534550291,-22.016758957677105,-1.238769639443276,-5.652521960382609,-1.6934683719362504,-7.307246724910044,-0.3549421478023819,-15.796416108891345,-1.7932156208225678,13.578724242848779,0.5429634574847166,4.12264244361608,0.6719162910300068,-0.821873687047309,-0.04126515837773872,0.16105354058721935,0.2834566240753194,1648
MB_img30,32.84682257220804,0.2566239422318605,,,-7.153685431668424,-0.7815145100527799,,,-37.809666447645334,-1.2822546811389943,-15.307963562851084,-2.443827635628745,,,,,,,0.006559031281533804,0.9701492537313433,1306
MB_img300,27.630194767492895,0.8428446229824285,-8.09481203868249,-0.7094571133419235,-9.599947809138424,-0.8931268320398695,,,-20.813568350024642,-1.3129374620498953,-9.44385428689203,-1.9668847521375379,2.219235804721918,0.32903021057257636,,,2.3029544170574416,0.1875412686381845,0.11192468619246862,0.6236786469344608,557
MB_img301,25.02519931582564,0.6580975610235366,-2.219767334942244,-0.44303312928921484,-1.4731371583641775,-0.32500256603681216,,,-25.43160960435145,-0.8268620234394828,-9.46782268250005,-1.1750127202999203,0.9417050644198548,0.5458241068141982,,,2.000710880689007,0.28171608202740084,0.014778325123152709,0.9420289855072463,919
MB_img302,19.027464858539073,0.23952526227737134,-3.335559445133802,-0.47715921118664134,-6.815567308475312,-0.8198659258210446,,,-18.25939057974216,-0.4738323856001415,-6.548686742894459,-0.789845153769155,3.4057852807621978,1.3279518825151324,,,2.308793420671267,0.4376558019408626,0.01465633423180593,0.9009009009009009,1145
MB_img303,28.088108483287268,0.12449052490864268,-19.91708998190496,-0.7321677427269887,-18.326007246459035,-0.8968318865475219,-29.260247698981704,-2.0155656507051347,-19.42585455306166,-0.5318468756254905,-6.064466506684258,-0.5655971758542251,10.076070520757932,1.5483590134428606,11.648712543187356,1.7429019006648292,6.9475502611803615,0.79083744967087,0.045876141552511414,0.6772486772486772,2140
MB_img304,14.043334855166426,0.27434026976547077,-9.187366585345202,-0.8986966786385424,-7.7595409070194306,-0.485587833257222,-3.6355674572119487,-0.8628370723714817,-6.342338105175176,-0.2386212238220677,-7.3605369210316764,-0.6351197599280909,5.96081245056359,0.9477280323282938,2.4045756160172536,0.975477680865931,3.214469860047578,0.3844557094126324,0.0860066371681416,0.749003984063745,789
MB_img305,31.312570356027404,1.1768939913788152,-20.686145969726624,-1.8534292656718963,-4.461152788467868,-0.3322371942263309,-9.345969654480147,-2.4663008291793416,-7.499363477746662,-0.3083997100427154,-10.574066553213163,-2.238634023627348,0.24234864448090918,0.01755837138430454,9.008055874314453,0.9743893563209621,-3.00616892339608,-0.13616037648125376,0.15249140893470792,0.3142639206712433,1130
MB_img306,59.036869108060195,0.9348455930593245,-36.625388234888796,-1.9328088683351707,-19.313040859282903,-1.6268233533340877,-26.68738506441904,-3.8858183719899175,-36.3583087645934,-2.000706795337645,-8.940792625116883,-1.140778655782796,10.522709055317838,0.6402279365907763,12.44901073022279,0.7782913373302016,13.889765557246305,0.5866827374896495,0.08454030226700252,0.26052631578947366,1766
MB_img307,37.47155810446257,0.5334761485588779,-41.42318733150119,-1.1724768920699975,-9.062770978140236,-0.6230932660624523,-10.064131816195722,-1.4555823162367767,-5.354031177276627,-0.3462743389916554,-4.474538719065521,-1.082172701595131,5.808477160822732,0.39685133449384824,8.886558241537603,0.8475282898661445,3.659750915944152,0.25968917370418226,0.19471995332555425,0.4090035684875103,1631
MB_img308,15.722950822624417,0.25047042805446956,-1.5575583683840692,-0.26219927119924946,,,,,-14.307405005766842,-0.47074877126617787,-10.46493044654796,-0.9677614823779843,,,,,0.5125273109267114,0.12708171826342338,0.007882882882882882,1.0,686
MB_img309,50.48910200171919,2.80472830702812,-10.030672627238907,-4.126972856257765,-6.4999359728353605,-3.7685372345245005,-11.907107445390409,-2.7932626057288883,-11.604958802601232,-1.279084191068428,-11.905676890228317,-2.274305518168814,1.8588112646284403,0.37764332330338957,5.238673775495565,0.43157868768852053,1.7980765327061556,0.11853514183543977,0.028409090909090908,0.045234248788368334,778
MB_img31,,,,,,,,,,,,,2.1736707737760943,0.8771432522144663,,,-2.1559692221784537,-0.18952520553948415,,0.0,332
MB_img310,28.576752705783257,0.5674773168157312,-6.986498226092457,-1.5270703355126605,-10.820677490381131,-1.9796595517158244,,,-23.09633304281878,-0.694803298037873,-14.046606589723346,-0.8033225335275173,6.364584644571327,1.931574858989116,,,3.579347989945672,0.534863705404166,0.009948096885813149,0.6296296296296297,1208
MB_img311,14.597726283993095,0.17846885154172903,-7.834877220664654,-1.2141248053528473,-7.421672779281072,-0.9722199922222023,,,-12.873319737384659,-0.7229577685106946,-5.734726269744964,-1.2598374005895059,3.292520908315503,1.431620383474448,,,5.985346828465814,1.3026367562786023,0.012916666666666667,0.7887323943661971,374
MB_img312,34.56360052180961,0.4144428512879857,-25.048132645343305,-2.456037801024428,-21.43545671972701,-1.6569917566981596,-18.08368253695992,-2.287876962847628,-18.743716709779886,-0.898681996713474,-15.70597681792925,-1.4446140645809897,13.184037804012165,1.5136280728674374,13.61092500637793,1.874201976902344,0.927644386032868,0.14304121989447402,0.03858267716535433,0.3491827637444279,960
MB_img313,4.400774706516344,0.00528478292600003,-4.4175769913520755,-0.2538957214072244,,,,,-7.526316798099168,-0.34033942082338786,,,,,,,9.144650287804847,2.5311560570253624,0.006974921630094044,0.9411764705882353,1630
MB_img314,14.886970293123328,0.6533210922622616,-10.171477021154011,-3.345436929581516,-5.6043404849605984,-0.8613672591519048,,,-5.9849294907882795,-0.4787830993944829,-10.262810158839278,-1.191164379824155,5.255167466691817,1.2235563544700838,,,5.05498194845539,0.8322840912536121,0.04326923076923077,0.47619047619047616,276
MB_img315,12.574006595523173,0.5821342879249145,-9.943810665501317,-1.1183154232602168,-3.6912344777281505,-0.8000436833320227,-6.146566248657165,-1.3980636584734067,-5.302503936362491,-0.6959938131098998,-7.352906235035505,-0.773517869781712,0.5733858282640323,0.16857310844235346,3.6461019575574074,0.7715660794866342,0.028480048912311397,0.0062964241386100515,0.12152777777777778,0.49377593360995853,223
MB_img316,15.241879216150478,0.11622990301853775,,,-5.307054016823188,-0.6957464162061147,,,-7.830769338198005,-0.779293615494745,-20.215847997411867,-1.3168806092194643,,,,,,,0.006519274376417234,0.9761904761904762,504
MB_img317,13.75873205298575,0.09170070736914514,-3.119416260070846,-0.32889204263712674,-5.876021879532722,-0.3741856978509396,,,-11.711090366452913,-0.4028583525447015,-17.56314161225544,-1.1828842289193158,1.258843052940014,0.6303939299681622,,,1.4833892536418776,0.4933277569333789,0.024240041928721173,0.9362549800796812,1140
MB_img318,39.2758331887038,0.6472021443460896,-33.46641085867864,-1.3922131223374277,-13.261781019542877,-1.191078143881821,-12.529699013984894,-1.4901944123033022,-18.47404356479441,-0.6749264197645248,-11.545321780983976,-0.8681787641678808,10.702469337713543,0.7807854790407688,8.31932661148508,0.8359302927808844,8.551896871894007,0.34253722059698727,0.1224059662775616,0.39101338432122373,1669
MB_img319,36.647582489465556,1.2245431099956785,-14.90467208932414,-1.0443384265235767,-11.771548575324223,-0.9901034617054854,-6.584606068223322,-1.7212732215582578,-20.406997972953683,-0.7922461833119786,-4.6685309860137005,-0.8125221048850186,4.49262284970826,0.32061512759180394,3.046695233891679,0.4541669998876184,1.348424687352945,0.047350021828154086,0.16042780748663102,0.34720496894409936,1432
MB_img32,48.17528713476478,2.1739633784963126,-12.741442445455228,-2.458913812192465,-7.633846002305194,-2.9263790251998785,-7.9854459401374855,-2.5846850326866653,-28.247059319072772,-1.2674333584872073,-12.819587096972441,-2.8353986274436425,5.0440013270277575,0.726675395887176,3.4960588225702427,0.5484963148981998,3.6684676934347933,0.13009487978342796,0.025921658986175114,0.1411192214111922,1291
MB_img320,20.126951403323105,0.11166164310246897,-6.900092974459169,-0.683553555609099,-9.289988976832827,-0.3120527324640671,,,-22.75225950178524,-0.6340256218437234,-6.133471238597922,-0.5658408537605369,2.0812080903419536,0.7540987439693986,,,5.574141399196337,1.2551865440111087,0.04868839427662957,0.9052132701421801,1558
MB_img321,,,,,,,,,,,,,,,,,,,0.0,,1883
MB_img322,28.56367262104481,0.5864279097256551,-8.850143998898123,-1.2625719294583353,-11.429943911515405,-0.9998654139612918,,,-25.78549391563913,-0.9579998155352758,-13.29455947841329,-2.367970067127298,2.731491138917748,0.7026455209823299,,,3.993374066058496,0.3959286763311393,0.04176136363636364,0.7076923076923077,846
MB_img323,,,,,,,,,,,,,,,,,,,,,104
MB_img324,34.64860873781132,0.7152810611617227,-7.430899626653182,-0.4720684443152228,-5.148305709608411,-2.5744043090225794,-14.551252210362954,-2.7211447707687957,-30.084473015087937,-1.3935629904381217,-21.043195134995297,-1.3979328008456857,-1.3006365632488643,-0.924733341212231,0.6051608966585321,0.13085588959846395,3.522845207562644,0.274612029045226,0.06626506024096386,0.6815642458100558,1035
MB_img325,23.48508988223475,0.10068299417063836,-9.589290112082221,-0.8310272701475522,-11.89856565251583,-0.7270438157715883,-7.376150701723788,-1.1494761654160108,-26.447919509879494,-0.7542663341140792,-22.1974138695291,-1.2353146676803115,6.726699873013585,2.075381811842137,5.1731601628028985,1.6551715030025587,7.2871171359128155,1.4355500966045562,0.012106537530266344,0.8888888888888888,1916
MB_img326,29.27724179540962,0.1378905911041569,-27.023036149586556,-1.0463543157022606,-4.442440470200971,-0.3130875081752537,-29.900236896097653,-2.852747964800878,-25.19609720296967,-1.1632517870780048,-16.36986556967859,-1.5932451056662777,4.06175480520592,1.1887076867253803,19.767002682130787,2.305882253527539,20.88068770524751,1.9397896030110175,0.04180800542740841,0.606651376146789,1753
MB_img327,35.99326630559232,0.3533396590472205,-4.724726460193901,-0.5310020313600214,-4.63422155003388,-0.4265604285486442,,,-37.50331841816788,-0.8451887093809295,-9.44996645428282,-1.0572463793042346,1.2732345444116968,0.6382316405808466,,,4.508149739080885,0.5714190332344682,0.01919431279620853,0.9047619047619048,1696
MB_img328,,,,,,,,,,,,,,,,,,,,0.0,157
MB_img329,35.63930901685003,1.2519885334364123,-19.49225688074376,-1.101073728111183,-13.983269183303644,-0.9950854147094709,-1.7484738609504789,-0.5659452745507839,-14.487128838166747,-0.81603576695008,-8.231694249729554,-1.9437175244029694,4.365357942868599,0.20419002137556988,0.9317562384482649,0.22600367488882675,0.7090072918883399,0.03110930867717556,0.1902654867256637,0.3117125524965002,1259
MB_img33,20.11775732739138,0.29354516626328436,,,-5.802533769755172,-1.4157586665224982,,,-23.164582093905256,-0.805469182864135,-4.945862555172967,-0.6762305582884701,,,,,,,0.003355704697986577,0.8333333333333334,654
MB_img330,22.48317909856798,0.9142126152850347,-6.450017137791767,-2.131205329075995,-3.9543720338149995,-0.9698932448691633,,,-17.567459716718005,-1.10363993006477,-8.438869589348604,-2.1707262761315516,1.032945659048559,0.47679652202680173,,,6.1882911764097095,0.6758397823761516,0.016964285714285713,0.7346938775510204,342
MB_img331,22.999299731469286,0.6375236767797838,-8.499199412670901,-2.0643201532269613,-17.650408384686,-2.0663762653847746,,,-12.572184374714714,-1.1473842359335056,-10.556688184010916,-0.646211865386274,7.945460794638924,1.4049304024547369,,,4.590385847260502,0.8960165523405086,0.029347826086956522,0.3524590163934426,452
MB_img332,35.729901882495135,2.474198378821349,-8.03728788487169,-0.5069762018536123,-2.3930555738414108,-0.5098044063953969,-16.013568294051368,-1.1772566566136633,-4.700623453277453,-0.471991837288583,-0.9957441351064353,-0.3112583523441487,1.4537100086432242,0.09658187721739199,-3.9104371243843263,-0.08681286707263555,-4.360158003864469,-0.15036291575640176,0.43670886075949367,0.10138248847926268,2098
MB_img333,20.738271519068334,0.7516222385959623,-3.3542504430490174,-0.7774071904361463,-2.846126283088321,-0.7601649075051361,,,-12.263415529369295,-0.6012504982279399,-14.047137392575728,-1.5700140649878642,-0.33262046979724236,-0.2570106182060237,,,1.851268243300602,0.33076703209726627,0.022135416666666668,0.8301886792452831,469
MB_img334,15.954688234134203,0.26835584091066444,-10.07723185447846,-0.4127284704505087,-10.49944474038249,-0.29754738554404075,-3.687546694646251,-0.5541795184245328,-2.903549026180706,-0.10544366565530995,-6.176439630320074,-0.3930882357569043,6.767240528285476,0.3074232980457714,0.831189491673737,0.23714767469034298,-2.8178420937498525,-0.25021978654006005,0.2845659163987138,0.6194984646878199,1929
MB_img335,20.08573272929899,1.1332533284984245,-5.825481225867035,-1.2969656073556768,-0.409306013790717,-0.12344548276244013,,,-18.434986949844806,-1.4779158712298257,-2.422030064464413,-0.6189804646995808,2.4269045658641133,0.9068905956085185,,,1.7600402090572609,0.17604343034977143,0.05030487804878049,0.6842105263157895,250
MB_img336,18.707016512538264,0.18195248514218113,-7.422185386616968,-1.0388876430519098,-8.368314038798356,-0.33415626704492635,-4.768237079124584,-0.6614855919336439,-19.759793757095814,-0.5209300581976776,,,4.047863444948925,1.144735092981011,1.4686148580586948,0.7858751946471527,7.359637142924291,1.161480371748574,0.06465517241379311,0.8700787401574803,1475
MB_img337,30.563828679644715,0.22046576845288443,-11.841056488772297,-0.6917468420097139,-3.8489575619710785,-0.264330363248102,,,-36.18176572796076,-0.9230035593040525,-10.812332893860965,-1.774239674195142,4.418085228109171,1.365664885807574,,,10.429184515121278,1.0214715303028246,0.027553269654665688,0.9015544041450777,1831
MB_img338,23.312619632807777,0.12946155579035226,-9.13060897634253,-0.5099255849830802,-19.723775299428592,-0.5027387828139817,,,-15.330141066899477,-0.3620766143198619,-4.355166415759806,-0.40289913312371234,6.950193266166281,1.0166297348309985,,,3.6809204892243255,0.5688227980659032,0.08311892510005718,0.8015651201788708,2282
MB_img339,,,,,,,,,,,,,,,,,,,,,200
MB_img34,25.67843440283901,0.23126015477516929,-6.73006174476662,-0.4728741245331779,-12.399568724623247,-0.5081064843617856,,,-23.82343697492008,-0.6510006105124941,-10.421964777518706,-0.5388975183965542,3.140660382179323,0.6838542577066438,,,5.417522230319278,0.6833167742949422,0.05957943925233645,0.8501971090670171,1742
MB_img340,41.79792559922197,0.7108916112586549,-24.74549257300414,-1.9545938665156943,-20.46871749873377,-1.5344441228468702,-5.694466466319964,-0.828536010488561,-27.10080252120776,-1.2544198284776966,-14.026652901916334,-1.6949974564781058,11.43220400652599,0.9310835615074777,6.27379320725218,1.1196794052230499,9.852328107700636,0.5058813680401248,0.059328358208955226,0.38258575197889183,1323
MB_img341,25.522987743701314,0.15002692886072483,-6.164203299001424,-0.4743689052463017,-7.432697474950271,-0.7525073884739257,-4.73092361335615,-0.8354188404754804,-28.662972882515348,-0.607035706859063,-7.923643947441016,-0.5277668923549635,2.4557201268915954,1.1466696491420094,6.630302337820587,2.1292830169449664,4.293819947208198,0.6702745380792576,0.013557993730407523,0.9043478260869565,2055
MB_img342,14.689692925715539,0.6601750581067518,-13.592278734023674,-2.341526714153093,,,,,-12.959040025227122,-1.172353303157003,,,,,,,8.04309104671184,0.7779672598439237,0.026595744680851064,0.3617021276595745,176
MB_img343,44.219202302301305,0.6278247574877678,-30.492084774399302,-1.2531121436190702,-10.570239995342996,-0.8820148705333746,-10.972375454115419,-1.50750636064116,-27.520753316247923,-0.7410504060379511,-8.29078490336712,-0.7605532092200693,3.5018048589017554,0.36328934134358704,9.067255485354842,0.9985355064114267,0.8581981773610294,0.03417304129221555,0.10147647647647648,0.45179584120982985,2131
MB_img344,24.351220818736156,0.781919472905236,-9.406085049589164,-0.5339849591272977,-6.143746356826769,-0.5876820020747482,,,-17.295505040688347,-0.5766329181524178,-3.5720007541056535,-0.584341853242929,2.995960472044806,0.28593103071089204,,,1.3685636187779444,0.05025919183653405,0.16625916870415647,0.5706371191135734,1293
MB_img345,16.681049855411793,0.043767831413721696,-9.256319814586535,-0.2817240818011804,-7.224970055833607,-0.25984310565868274,-4.136267858156299,-0.28695070710645987,-17.35780825360719,-0.415021215947212,-9.123393889525447,-0.8905145623864861,2.4921532909268858,0.765534746362977,4.478125891389604,1.565260586278608,6.84139777060699,1.0379651785440112,0.038412661737523106,0.9268897149938042,2439
MB_img346,26.86808965724974,1.0520271505057202,-9.311913038587075,-0.9288370198669202,-11.237893154621329,-1.5118053539935326,-5.323426151369377,-1.173024240101199,-11.271086905351382,-0.5120712580793578,-9.93803831565855,-1.7434431582374108,5.429529878177949,0.5654421190057973,2.2005176986366446,0.4521048258792339,0.5062277450164999,0.033656667329340896,0.10779816513761468,0.37596302003081666,734
MB_img348,7.766129027631364,0.06795140917890563,,,-0.570619347621175,-0.04661677977416495,,,-6.148822187679059,-0.1822590388270876,-8.86492791619195,-0.5622546374607279,,,,,,,0.014664009111617311,0.9777777777777777,1095
MB_img349,20.181423254391998,0.294835373041771,-7.530424268784375,-0.6283847810122846,-8.072766626401483,-0.33336462504789616,-20.62763267739467,-0.9102001227498094,-8.080432658227313,-0.22655906468935788,-7.025844918748632,-0.4511791993310083,3.031892066693867,0.537459602174176,4.4551934851713755,0.7210832074490487,3.1109126082932628,0.39353717238611674,0.1403709349593496,0.6531554643406875,1839
MB_img35,23.55839124790282,0.9519338833136217,-10.80814936611437,-1.4410772230565485,-5.709126211683533,-0.8793201048745412,-3.3598478162063077,-0.7250353840832244,-12.063263716237232,-0.43111762018367517,-9.37860658167949,-0.6621615001586351,6.032026263922955,0.9382495903824745,7.57824700595809,1.412175413803896,0.939230503552517,0.05340606341513808,0.06860269360269361,0.42042755344418054,1078
MB_img350,28.332799328191452,0.7279432501354401,-5.743403993816306,-1.7301800928186837,,,,,-25.28931991021308,-1.1189895975745114,-16.771877000318643,-1.3825179770309586,,,,,3.4844899777631078,0.5663995373741375,0.00348297213622291,0.8181818181818182,662
MB_img351,23.527508117857572,0.23844124757443255,-14.337219958792309,-0.6706946154610814,-9.491023310462959,-0.5071354692740954,-11.063100520611973,-0.7288183314805818,-11.732138480791129,-0.32429961069381813,-17.389812626282367,-0.8911867777361198,7.519638782237329,0.9597819465171987,7.2218611031014115,1.0190404301372868,4.219793924281157,0.34736054353787554,0.10260663507109005,0.7042660882140275,1682
MB_img352,16.291033450657487,0.28422974156705305,-9.174344162836933,-0.938454188109926,-6.8748021632220215,-0.6355187501999342,,,-14.036468031014346,-0.5794688383316688,-7.916049195322975,-0.7368344341096689,6.262654662541408,1.4279187905755764,,,5.291784300243759,0.7069431110667548,0.05099067599067599,0.7272727272727273,676
MB_img353,23.86405329041064,0.17013937636485812,-9.080181306854854,-0.997451818517599,-11.556441852833025,-0.30627047286873216,,,-26.770375488184204,-0.95536874527466,-13.221174113491916,-1.6502056517914867,-1.8461022171889,-0.7250867246302268,,,10.97201981108316,1.788021104667798,0.08896023198011599,0.8328,1611
MB_img354,25.811941537865078,0.264105456647067,-3.266744366911716,-0.46117928092356464,-12.034869583849517,-0.7971257897407177,,,-21.619237146185917,-0.714143218899602,-22.051341671173887,-0.8955340187458748,2.2270723407812034,0.8872998672506377,,,3.7250961516615244,0.9091465695488865,0.027294303797468354,0.8786764705882353,1392
MB_img355,19.68258806150292,0.12142690899017018,-9.123570203517339,-0.3987565279465053,-11.964287863016814,-0.41366912701586017,-18.24576488372816,-0.9895214821957354,-12.924987654326738,-0.3038636098508865,-7.864321914617079,-0.8435015255368229,7.33045751565713,1.0960108854772892,7.394448791788846,1.1865513200297213,2.6254413799714857,0.39026677154515327,0.08052721088435374,0.7704359673024523,1934
MB_img356,27.392613255488886,1.182826635205011,-4.579913928940716,-0.5930652278491125,-3.2462779089456215,-0.7237346996584217,-3.4358713284952387,-1.133025418630783,-24.55355702198253,-1.4043287334385324,-5.157013066202828,-1.1039172107520663,1.5944111876987521,0.5054421610776298,2.587476314822827,0.908018141614244,-3.487622907832,-0.28213053966855295,0.06538461538461539,0.6116504854368932,623
MB_img358,11.81414833788507,0.16686363122372244,-4.207328503646735,-0.37049532032945276,-1.4048295072423373,-0.2471173519505055,-2.5173561066407437,-0.36451750282676026,-10.309398932086705,-0.2570422956590166,-5.963987992337935,-0.4005677913180819,1.4182874837812767,0.7612131404128832,-0.16022739619462664,-0.11103131238874402,2.8595570176564635,0.33997510463330227,0.024128686327077747,0.9245283018867925,1180
MB_img359,27.786152951313,0.8747501195955681,-4.83531574888455,-0.807738311653506,-3.0925547044675703,-0.6934060186207444,,,-4.713111799925555,-0.21670438927376798,-32.16136305696155,-2.474953384966919,4.630762951959578,1.584962500721156,,,6.353983119126917,0.8486020345916843,0.030109489051094892,0.6792452830188679,724
MB_img36,27.476496113481417,0.3775767035886163,-4.02496701509707,-0.9013013619547495,-4.946197984545787,-0.815106945325126,,,-29.452759390680395,-1.0650716650615504,-14.594574413265697,-0.9979375335431077,2.081398814194472,0.9904139511708019,,,2.136542497548616,0.5175819227020965,0.00731981981981982,0.9137931034482759,1041
MB_img360,24.55855217270136,0.7524841215586328,,,-1.6430850444513956,-0.47021145739053993,,,-20.355701155812785,-0.7994603084677744,-10.150285190066384,-1.0099659982392544,,,,,,,0.007562277580071174,0.875,631
MB_img361,46.74789453698026,0.6613688492470314,-33.094619370891934,-1.1920220240472694,-16.230943097539576,-1.4136247359812077,-19.056213204541184,-1.3376559709784712,-18.71514577383653,-0.5806860878120523,-12.325078516844703,-1.393335980983501,10.284091443727071,0.7127282772749864,11.15963065517364,0.6878710446380365,-0.8553826065588483,-0.037298130708772255,0.1346972563859981,0.3992662794252522,2283
MB_img362,17.480428600556603,0.2496600487366498,,,-8.554899611444839,-1.68599914593268,,,-20.60189090553457,-1.393736016926801,-8.609463002763922,-1.6829280729649791,,,,,,,0.005972696245733789,0.8285714285714286,375
MB_img363,21.526673840778546,0.2276611351907054,-14.005003238457375,-0.6725020015555031,-6.230479699352778,-0.4012762209057562,-5.236922244642582,-1.0684988462998088,-11.746679248500447,-0.2882172700789385,-15.818575664996267,-0.8943261422276417,5.267180620075617,0.8825064369815595,2.2691435818261465,0.8996950942043145,7.537342305644336,0.5570097155444245,0.06507731958762887,0.8002481389578163,1497
MB_img364,28.4845769856627,3.409800850912697,-7.4848085625342815,-0.7913571316714548,3.572155172764993,0.6761087205390569,-2.988766461165285,-0.39762044620143444,-1.1488234167895428,-0.19248112600848588,-2.2251175316001492,-1.411426245726465,2.0155376745875615,0.07577510176897392,-12.593067956089424,-0.253381770798719,-1.867497739519589,-0.05593774240420796,0.6037234042553191,0.03133687136719737,2525
MB_img365,22.712855450804838,0.11218693237167718,-13.404861175623278,-0.8688447736505214,-12.2972251044238,-0.935027503172556,,,-22.928599791197797,-0.49768076062615557,-14.177524750358154,-1.6119784192768982,3.6690371670371675,1.4823043693574174,,,8.291497057517498,1.1030121839406952,0.014614427860696517,0.8488372093023255,1981
MB_img366,33.49419646111985,0.36380045914203596,-27.25200292281097,-0.9385118890459554,-12.846681922603068,-0.7150452061124777,-14.015371138654771,-1.1773684467390158,-22.152813765506938,-0.8315087837663809,-13.61591969480677,-1.4190991571824485,9.459871973292106,0.8093564097163037,8.436744939713128,0.9360787639707352,9.255106151425204,0.613052500627956,0.12561942517343905,0.5808383233532934,1632
MB_img367,13.417372936966467,0.2894902810378969,-2.54500801374435,-0.28776777797537656,0.31220573095723686,0.031221270569013842,,,-10.712736405421117,-0.2595658030987995,-7.205016524729111,-0.38525751256929563,1.0220112092916802,0.41407602304139857,,,-0.5535622540941442,-0.07417715050011439,0.042291666666666665,0.9288389513108615,1278
MB_img368,39.73777188473009,0.28999170278242326,-22.43688542434648,-1.1301485121646053,-16.86212545905758,-1.0490786192067807,,,-33.79094218165873,-0.9110795967906945,-23.43121501792791,-1.3241874718153248,9.54053084991275,1.4478402892612405,,,13.370122718776017,0.9360671083415647,0.031607142857142854,0.7250712250712251,1993
MB_img369,39.58025022228297,0.8174038888122915,-14.871483397008067,-1.0568445382862146,-13.134683837112767,-0.7672776705661998,-1.9449668792939736,-0.6801197337614963,-24.442330405969667,-0.7317699698802042,-7.665465276360329,-1.4836127767160234,3.4293834555384657,0.3334625478702407,0.9192852988506206,0.39474273706099633,4.250288853857972,0.18175765495194396,0.10571923743500866,0.5570093457943925,1540
MB_img37,24.664450395133375,0.3063428430542041,,,-5.333410822506566,-1.0207392382288258,,,-26.87371565012921,-1.2145657672540366,-18.17974347418033,-2.7057409864934048,,,,,,,0.005,0.875,660
MB_img370,11.935202658439229,0.20572293451753684,-8.031785593891339,-0.3400975678678483,-4.194788425886954,-0.32919419378324377,-0.3301024851891116,-0.02601944715729941,-5.335843372336439,-0.13387850045068483,-7.414471312079728,-0.4754091934010621,7.364471305785658,0.9554601612291819,-1.9309018426307458,-0.4578025794618891,-1.058165628649861,-0.06569454597396152,0.129863813229572,0.7560975609756098,1563
MB_img371,79.46224829482512,1.306434803450569,-18.729881647557455,-0.9152129840590143,-15.167702303714737,-1.424371453851779,-68.83516189904785,-3.036189134261013,-14.624390115666106,-1.13893335673871,-4.896044028201142,-1.6105282718224767,17.456842151091738,1.1723893970878807,-12.874011637424799,-0.5220678534750626,12.284356585265071,0.7483183989817529,0.13201371571072318,0.16106623586429725,2411
MB_img372,45.81770461798732,0.667924400526703,-38.402989330131895,-1.4619331057465441,-9.095570476525365,-0.6745589030255874,-22.4487752315035,-1.8375277618607464,-21.39044715430822,-1.1832400801255314,-17.862900375785607,-1.6818581055701598,5.095058207600737,0.46477285043458727,13.966931699675001,0.7440861215727894,12.660834288147154,0.6539324144909536,0.1363905325443787,0.3856707317073171,1699
MB_img373,38.44116954628114,1.1710491032178272,-19.374711342184757,-2.4537942984945276,-12.744300061003187,-1.1114083115616302,-5.3629092217228695,-2.085976949073639,-20.06443584085885,-1.350795567694692,-15.779702705043167,-2.3896815253190926,5.858185323960667,0.5076605597405641,2.100604188095089,0.5609468348112194,6.258737776020637,0.3955985779334312,0.0881578947368421,0.3258145363408521,809
MB_img374,28.8165856554349,0.1730129031385761,-27.45252903675446,-1.2243500235600326,-28.089618614953597,-1.0564762661236529,,,-11.183224278705856,-0.5972843122492951,-12.005189479260268,-1.668942748677013,19.465728923484704,1.6223209409941846,,,0.28741928098761205,0.06663152151302204,0.06992115027829314,0.565625,1361
MB_img375,9.48953989202177,0.013120688514022786,,,-8.093636822130414,-0.6173189278952422,,,-11.536139722278692,-0.49019532657812415,-6.5605804303229265,-0.5964581395589855,,,,,,,0.00498911465892598,0.9390243902439024,1419
MB_img376,28.711102024253222,0.9868662537231883,,,-11.137345385486984,-0.9769256945668753,,,-17.50522646725757,-1.9671251979720505,-20.596120394954298,-2.954705510304359,,,,,,,0.08049738219895287,0.53,459
MB_img377,24.12806651156348,0.23128099896906545,-14.537222134277306,-1.2300789825850016,-10.361054379510307,-0.7716192987219035,,,-23.104093867530754,-0.8284731762416057,-17.03982172278624,-1.583703787503993,6.8842770862196705,1.4831203597870728,,,10.740116202483112,1.2119226849859346,0.031751336898395724,0.7538461538461538,1005
MB_img378,24.012744086352583,0.36383193272201786,-9.953540087094217,-0.9339922093097538,-8.862426498529382,-0.3809472012258479,,,-23.639004537933292,-1.1566071487612533,-14.873544152745986,-1.6549642394236463,-0.9248580735299871,-0.2240402742179302,,,7.723412997043449,1.0012154129117243,0.09870689655172414,0.7955439056356488,911
MB_img379,4.5355166696158475,0.16724395620273338,,,,,-4.21708588540424,-0.9008110864653901,-0.8068164034840294,-0.04977203529297661,-5.900564569184381,-0.42763425197770566,,,,,,,0.027597402597402596,0.7678571428571429,275
MB_img38,46.376130387060506,0.8301629257697716,-14.750386823164577,-1.4604305420221178,-6.352409336785359,-0.6498929118517758,,,-29.88625560180355,-1.2570418944521013,-28.908082641998107,-2.3565924954142705,6.621501802405519,1.1175147170597595,,,9.121604656510547,0.6477181163145412,0.04696394686907021,0.603448275862069,1146
MB_img380,25.67101554438744,0.16488727176174733,,,-3.532391030489029,-0.2612058337750555,,,-24.133973711861078,-0.538349989167397,-20.41574224036688,-1.1323862037880141,,,,,,,0.010173323285606632,0.9854014598540146,1770
MB_img381,28.892779906356285,0.2590458723114629,-2.739627492109135,-0.5116220405613233,-7.821352091846881,-0.7741031162612193,,,-29.924171271116343,-0.6740022032131079,-14.527214972802504,-1.157708644079366,-0.7179781562361534,-0.6690267655096305,,,2.5595650054111108,0.6611341812065603,0.0082579185520362,0.9900990099009901,1591
MB_img382,19.833810967262373,0.2850222131520177,-11.202077987167069,-0.6320300064071421,-11.78792695054862,-0.8580220239089897,,,-15.359569634840815,-0.623919907830448,-8.886786622685477,-0.798730644751819,6.3189321542499695,0.9550230912816162,,,5.3940766258620325,0.51951552098765,0.07542372881355933,0.7361563517915309,912
MB_img383,27.347665546056344,0.32216912035948686,-30.785687117389955,-0.5083842684075408,,,,,-6.910964796742246,-1.4981164695547542,-4.202781103629597,-0.7674918278851948,,,,,1.6165988954071768,0.2628741152896715,0.30906805877803556,0.556363074068347,2377
MB_img384,11.743389824440989,0.3588739205693069,-3.890349046245784,-0.2983679589227862,-2.350446791774354,-0.49057013044620135,-3.9805819085424794,-0.601593175265277,-5.520813586400896,-0.2887975018988755,-11.057878299385065,-0.5345876093595779,3.8244557544548896,1.118157434945123,3.557248293897163,0.8992810620473938,2.7282669491112443,0.278289016781725,0.09345425867507887,0.7427821522309711,690
MB_img385,14.064299640915939,0.24441411266495053,-6.959761935727231,-0.7247451640302282,-5.003507719305018,-0.19659185371383656,,,-14.381253858367993,-0.7465869836189251,-2.575634231548615,-0.43468202842511394,-1.372642349878442,-0.30403737995916835,,,7.397203745656153,1.0711910478569528,0.16908482142857142,0.7784552845528455,728
MB_img386,0.9768939051117566,0.0021540774598459234,,,,,,,,,,,,,,,,,0.0,,202
MB_img387,3.8847267663118634,0.012979952969439879,,,,,,,-2.49317067009817,-0.24664454756011228,-8.581008285089107,-0.39866781949685887,,,,,,,0.006809927360774818,1.0,872
MB_img389,24.829110626709213,0.1505990475009423,-28.184913712863086,-0.7933614294078101,-6.079616406133524,-0.3328940127569168,-9.794332373745096,-0.7339046972059384,-6.7943099913787215,-0.29001780529397514,-8.842946338174606,-0.43539835532604676,4.783752722107608,0.6928233702297719,10.65424406828878,1.3833286395515056,5.456948730345286,0.7009507631376347,0.09551886792452831,0.6903807615230461,1928
MB_img39,58.50437610993051,1.0295165735825211,-18.846932189789918,-1.2609719393769014,-22.12065075532472,-1.282670433260557,-25.373108598057698,-3.3483487805055567,-43.71035702171955,-1.7511008433087487,-7.273330446827105,-4.1927859592511245,7.089099530898681,0.6171837931439507,4.79860679787652,0.48760070385679544,3.956777789737437,0.20972519706298462,0.08657718120805369,0.33811362382790955,1856
MB_img390,19.821354831179516,0.10337499728051701,,,-5.754759520934292,-0.7219054279841893,,,-23.0526544781885,-0.8711797228822074,-18.72367915848686,-1.5502126064551598,,,,,,,0.00539568345323741,1.0,957
MB_img391,20.500682397323562,0.12364684200039631,,,-3.527514715342927,-0.19373639058927586,,,-27.869395492530295,-0.6646360132440642,-8.626668691387563,-0.7110003634005769,,,,,,,0.021612635078969242,0.9389312977099237,1512
MB_img392,,,,,,,,,,,,,0.6347911618192102,0.20433082559305676,,,-0.395594673410889,-0.058893689053568565,,0.0,584
MB_img393,15.047926802737292,0.713434612640684,0.5394139908641161,0.07768680520813784,-0.9724012563455524,-0.09641052732363975,,,-7.908241273873026,-0.4315133599137297,-11.640964634803273,-1.2706036914826175,2.229657611243702,0.5612635834547489,,,0.8319797247434312,0.12146496740273888,0.1176948051948052,0.7922077922077922,450
MB_img394,11.8836228474071,0.10319565807514726,-3.4243974052443065,-0.2975243732270967,-13.177136068188858,-0.24176595620046845,,,-1.0270593642527248,-0.12975402414500029,-4.240485174617251,-0.5347821763991999,2.512725487996864,0.36963944360433476,,,-1.2091487982570766,-1.137503523749935,0.25616776315789475,0.7372724874703245,1782
MB_img395,38.78134935094941,1.0522223866235867,-14.560406503432434,-2.9263157643618736,-3.772744001101989,-0.4631515948373057,,,-18.921224744171013,-0.8445504653338313,-27.2902795247551,-1.6639713914650804,4.22419163567975,0.8879144712392544,,,1.218203713626112,0.10920671122920014,0.031901041666666664,0.4860557768924303,1073
MB_img396,31.543110185153214,0.24445074801128605,-3.942536965017732,-0.7988898794516098,-14.130268401387081,-1.1502865992069429,,,-34.37088145862258,-1.0266206749897613,-21.877956421480445,-2.579772067819538,3.4658331333824446,1.4441838449383602,,,2.940597423576912,0.8808282990223224,0.009615384615384616,0.8625,1500
MB_img397,27.565969474222833,0.22125801911053866,-22.02260480564847,-0.8817356567415721,-17.219166682473077,-0.9447798298226562,-6.69253104608038,-1.0900630054099176,-19.580986978860107,-0.700197905411936,-14.682374372507876,-0.5396692702816422,15.377773575030803,1.4863149127882447,3.9874731033584943,1.2185785682215657,12.163417986595963,0.9780655044575227,0.06415441176470588,0.6741666666666667,1937
MB_img398,20.691894765607906,1.2788358305139214,-4.017427089866064,-0.5750995124187387,-0.6591614313427636,-0.1329058120115065,-1.3424800746823762,-0.5202126915443226,-9.637644800456215,-0.510182926255813,-7.565081525989556,-0.7227623874632773,1.6025582457348733,0.42208319013036877,2.159054628628778,0.75090478512408,1.4893241382491906,0.09272349228881363,0.07932692307692307,0.603448275862069,732
MB_img399,,,,,,,,,,,,,1.8160056982357597,0.9213901653036338,2.5045733958688645,1.0061962659639059,1.3732765918358802,0.24013400372371518,,0.0,461
MB_img4,31.909931814135597,0.6076969237074246,-7.2185423042474515,-0.8820766707450349,,,,,-34.22206239726463,-0.897596014757078,-1.6769623817969328,-0.30632258796607803,,,,,3.9449842390872143,0.319091327071648,0.01584507042253521,0.8053097345132744,1348
MB_img40,13.403550289758641,0.11553881596145885,-5.723034545265677,-0.7518402158173105,-10.31725560715075,-0.8560252803108845,,,-16.920710476498577,-0.8366336379634772,-2.098525559484447,-0.27408959434278957,4.858911395394063,1.613439847972724,,,5.723089389168383,1.461580085215874,0.02753831417624521,0.825136612021858,626
MB_img400,29.97467559825192,0.5930030640824488,-18.312041414318003,-1.302530430522305,-10.327840951589533,-1.5917990781178142,-20.03367572712603,-2.257507196987726,-11.020139467056886,-0.4600298174134942,-16.241385926253486,-1.3660547379651584,8.940616342116005,1.3265727976536237,15.909067196191373,1.3630644293406815,0.1032190600595862,0.010195231405479016,0.06663223140495868,0.3665919282511211,953
MB_img401,50.12800919106504,0.6283691045031015,-32.37646069634041,-2.037526250978899,-24.648549191082054,-1.5642195672438537,-35.14836940665577,-3.38998496404068,-24.069012931380815,-1.2406244620373363,-18.926342586812577,-2.3112838504405055,15.529589370284341,1.2074439805931025,5.957092330148052,0.4707798031602926,12.244095481808854,0.8862916344286518,0.06025369978858351,0.27789150460593653,1658
MB_img402,22.373467164251778,0.037411978960580024,-20.4980280113462,-1.1975771170328402,-10.242384116332559,-1.1508003463633927,,,-25.836735338751435,-0.7472923316451915,-11.170390586754486,-1.2684343935763835,10.882344931654172,2.590744853315162,,,22.05027471543381,3.001560513987617,0.005212765957446809,0.7542857142857143,2483
MB_img403,35.0319939542177,0.49015117398423586,-13.404277819129055,-0.8732257914995482,-20.311936346427032,-1.1718302943632157,,,-24.664368372352317,-0.6879028564407402,-15.31514031173171,-1.123559785139449,6.230439749460729,0.7382811502120605,,,6.65816044667496,0.446707980288423,0.06565064478311841,0.6481042654028436,1615
MB_img404,32.183437417988706,1.5937816751739475,-13.254778298902682,-1.120410696585205,-6.385101681540122,-1.0081783976412202,-9.808847134688149,-1.267327183206698,-11.420223055862193,-1.2819737292758242,-13.322540524196793,-2.23208956207198,2.313792178574954,0.19504984664412983,2.7376049793576285,0.215985478319211,2.5047799206776737,0.1574683987103714,0.21079881656804733,0.2447954055994257,749
MB_img405,45.20313844716997,0.587869313321605,-20.2121772183507,-1.4920103626887422,-19.24970672504011,-1.4300950442010167,-6.7240103120373504,-1.4823048439280766,-35.11221618441369,-0.8669397964045442,-13.394628016071632,-1.8952613631638353,14.374650145413685,1.3134603847473227,2.699035559292704,0.8937474102345049,5.692352918661892,0.3350094433246814,0.04292168674698795,0.5139056831922612,1912
MB_img406,41.98382840127194,1.0134554203238422,,,-47.61130776769796,-2.2179243402269595,,,-2.043611862974905,-0.3084350135393314,-5.60467586465187,-2.2974849157105743,,,,,,,0.11015193370165746,0.16929637526652452,855
MB_img407,44.51173792152351,0.19142272512384978,-12.166295433879554,-0.9026727789745059,-18.84330291941031,-1.4801049509963968,,,-54.960402569343294,-1.4469895098910162,-18.888342909814124,-1.8196288853190186,7.0884883749236725,1.9268652953697847,,,10.516721603642734,1.3822968107433726,0.012328962371721779,0.7832699619771863,2142
MB_img408,34.249836852431606,0.3319001930257618,-11.264321020120729,-0.9069197406684862,-13.305568314040595,-1.2301346829123916,-19.21948191036613,-1.727866012213681,-27.466569723177656,-1.0072665107939913,-23.78028240648144,-2.6554166382547963,13.499586962025216,2.1539672803255643,2.7816199868242006,0.7941904628591563,4.564163265953142,0.6065380352802988,0.03876768867924528,0.6177685950413223,1233
MB_img41,11.729865412962486,0.07611240026913063,,,,,,,-14.07362138245958,-0.32891818351930285,-4.991322607605112,-0.47341813888145456,,,,,,,0.0027254707631318136,0.9666666666666667,1244
MB_img410,,,,,,,,,,,,,,,,,,,,,59
MB_img411,49.016424308590096,0.32717705209684733,-29.9741993018564,-1.8179080343027145,,,,,-24.541231858537998,-2.1293871475658053,-50.48134014114277,-4.108986573389814,,,,,16.165278764551523,1.7568461460356202,0.012004405286343613,0.608955223880597,1479
MB_img412,10.904528192812299,0.6548330055267043,,,,,,,-6.1316040373371,-0.4346631727581171,-5.792662306868128,-0.34713941953952426,,,,,,,0.004424778761061947,1.0,326
MB_img413,35.58821355760089,0.7459626041152454,-16.713033959497835,-0.9276478043039186,-4.454723805836313,-0.4078457631452452,-25.67130904470867,-2.115318670791842,-13.27298060589785,-0.5808806883019221,-10.377346941659065,-1.3173178523578342,5.953831050656666,0.5974543673439324,8.322285204341949,0.49204912799529177,3.2064079875449005,0.20411144092424224,0.1522373540856031,0.37319807794981313,1272
MB_img414,16.507539937703996,0.44732019624475294,-5.494877455156488,-0.513376636049958,-4.597078000795952,-0.5056086847831728,,,-8.534651427384405,-0.2917179757636282,-10.943696142117064,-0.7594670716234253,2.3500739403642346,0.591388769880589,,,2.4685786993130234,0.2321484151097354,0.05909090909090909,0.842809364548495,842
MB_img415,29.57808532275892,0.1640723602280795,-12.202337424908722,-1.2453020440367624,-19.851723065935314,-0.7586812726442926,,,-22.353806200937022,-0.5733875843413133,-22.22307736466784,-1.365276599745237,7.1268801278432505,1.5348339944920881,,,5.949839951067996,1.18613331827653,0.04152158774373259,0.7879616963064295,1833
MB_img416,14.180339840568807,1.4351145280923718,-2.7174305824485567,-1.595145567990858,,,,,-9.484819340400376,-0.5657754808011085,-4.521050900061027,-1.041518355877288,,,,,2.7946786107131585,0.41041404270710524,0.004545454545454545,1.0,291
MB_img417,20.20420065188782,0.07845140555199012,-5.024744339166502,-0.521874569176027,-16.11128327884496,-0.7776017986237649,,,-19.163527423773857,-0.4425229146745517,,,6.039656804689219,1.7627422290996282,,,2.8455699592465646,0.7948855700953876,0.023665819567979668,0.8337078651685393,1828
MB_img418,26.15753356819086,0.26125208981944037,-19.826121429743424,-0.8700345036546985,-10.06319487258536,-0.41207446996382513,-9.882525877827655,-1.3223215035270466,-18.318162979691955,-0.5411445460740447,-10.993210077326676,-0.6934782842663526,3.665990704177398,0.44208766579605097,7.736876497311831,1.5274544641264907,5.30099043947112,0.3933274749502099,0.10078534031413612,0.6990033222591362,1784
MB_img419,71.80011132948066,0.9173879882687218,-25.963324766698545,-2.6702052490877755,-7.47235807098861,-0.5862117520064297,,,-37.00034815781392,-1.8275191105930941,-62.59074875834809,-5.1377425869267395,4.037320582268619,0.6913531836208419,,,21.091334828955965,1.302794206801563,0.02630846325167038,0.502,1879
MB_img42,37.37648746643266,0.16609408965801328,-6.46962708196805,-0.6788767559234085,-14.658260224886627,-1.5560164320163432,,,-39.613718321937,-0.6495072442030617,-16.56013218729012,-1.1949151820700268,0.08214999876800792,0.058893689053568614,,,6.234768460896014,1.0689473537174914,0.005450581395348837,0.888,2676
MB_img420,37.45190005181786,0.3911802400805991,-2.1637122838446503,-0.44938128910224984,-2.8674128631824485,-0.2567509655545443,,,-35.57121493179314,-1.0432611532883336,-23.502253225885756,-1.11913961577622,5.672371057485098,1.9204796603564736,,,0.45392488145776466,0.15077054741460152,0.01222397476340694,0.9302325581395349,1508
MB_img421,37.665178190813606,0.2509738318625259,,,,,,,-42.20097358317256,-0.9533942822624725,-14.667359027484526,-1.2490288415041848,,,,,,,0.0,,1900
MB_img422,15.88159174997196,0.25509347501016033,-3.993369751221372,-0.5122047036621596,-2.308984179960359,-0.21605173904506655,,,-15.379611911275415,-0.308836100568547,-11.680428774682522,-1.6764742880588355,0.6634482902222618,0.36587144247495945,,,2.2566423321612485,0.26989011242485067,0.024282560706401765,0.9366515837104072,1723
MB_img423,53.82904264797558,0.7452772007900164,-15.815484648347715,-1.5898139388057546,-20.7628192838167,-2.529222301672411,,,-47.218156525809945,-2.112719571494145,-18.573119530254196,-1.6507807370902576,7.5662922698695185,1.181551248058811,,,6.413573171930454,0.5232377697947829,0.017618694362017805,0.5127272727272727,1266
MB_img424,20.785320628222333,0.11071628860345199,-11.538861047881559,-0.6546584752213936,-10.243461732609418,-0.7075758994227207,,,-21.922037225244118,-0.4982300152107947,-5.840026167245626,-0.8056183042843983,4.761235477584558,1.4311571646421208,,,9.191824940413307,1.1301285938222874,0.022984441301272984,0.8801089918256131,1756
MB_img425,28.35073523499839,2.582408088700283,-7.001206583249799,-0.499630153534132,-3.0699570632112154,-0.8183992603393522,-6.700653039895633,-1.3747016869526463,-7.697738037937558,-0.9465229340693451,0.09151250691438846,0.014387476533108005,-5.461766343519142,-0.3938581554462873,-7.218463977316804,-0.41737112130774595,-13.048280408563791,-0.49591525022507416,0.38392857142857145,0.10720753350235422,1260
MB_img426,35.001835860297376,1.3511572019899403,-8.762743185501321,-1.2547348450798816,-9.892814921080461,-1.1769677801405156,-5.941617852948087,-1.9587713059270966,-26.97459698451045,-1.4052887328302377,-9.275569151239216,-3.193070810531738,1.79425286807496,0.2549080583349446,2.492678831556611,0.6790340225480213,4.526660378961223,0.2837068375243477,0.075,0.44029850746268656,758
MB_img427,18.147912537155516,0.3834299800879517,-7.189685138625989,-1.1235208522096702,-5.792486968815304,-0.6944869450116699,-7.397623177089492,-1.6957914006169845,-11.921319437990894,-0.30565432139883303,-14.84316016293737,-1.2478560469036746,0.3519388139470561,0.19759995988516096,4.763273098280085,1.6734626518600482,0.5789569388709509,0.07090670275347748,0.0202808112324493,0.7619047619047619,1321
MB_img428,33.408590606224514,0.4544902156662267,-21.74564227501213,-0.9207456867839138,-13.600031093540856,-0.7425103173497911,-20.588999758784677,-1.6466943956150055,-12.915883561070572,-0.5001889378262535,-8.243797296782152,-0.6220489191266961,5.861849576676203,0.5292005786900261,11.771464636356217,0.9143622642913075,5.314497243425255,0.4095519601951143,0.1476857490864799,0.5068235294117647,1522
MB_img429,51.884768310000204,0.721222621907326,-37.318460105971226,-1.240840829871297,-18.13115847082634,-0.9737683955193367,-40.59306997947854,-2.360700589846858,-6.751157919628082,-0.25443374631732074,,,10.546972113590556,0.48433174351596353,14.249842765874082,0.5549567748833125,1.2836029810368037,0.07774200368693439,0.15379799666110183,0.32254565178087147,2567
MB_img43,28.012776270610598,0.13581930537243342,-18.78626376994616,-0.9755122756893732,-26.060045517207918,-0.9378306015028502,-11.082046004977654,-0.8963707129683222,-18.50150131989939,-0.44124009091966576,-9.749405920100067,-0.9449152213546977,9.869449674205146,1.375715853196101,4.9948032796489725,1.4983932457743239,11.343582578014656,1.1844245711374273,0.04525974025974026,0.6987012987012987,2450
MB_img430,44.79190574837592,0.7312555069461775,-17.59122998751755,-1.9247820570453877,-22.519181507606582,-1.6608815212423518,-6.998246201718415,-2.3790317320285355,-31.011521800342575,-1.1130729518759994,-14.853439829832435,-1.698440756175842,12.869081582994252,1.319606605105672,1.0322549093587956,0.5288125396130149,6.020122446745317,0.4468223155655192,0.04422757475083056,0.397341211225997,1233
MB_img431,35.919826957966514,0.3581250170140984,-21.026084732690933,-1.4206140238174294,-8.408983644366248,-1.2917181466315932,,,-31.043770754639237,-0.6518087154049607,-9.996989358714178,-0.9287347319728876,5.943116856675404,1.6122698467168917,,,13.435498249845352,0.750872900196495,0.020319634703196348,0.6828478964401294,1810
MB_img432,9.138912024919263,0.08014934331299844,-5.058399550750968,-0.3484350486367477,-4.937817423420853,-0.20397853421124,,,-8.579945749948266,-0.2313769157363609,-0.7829918961719238,-0.07899511845907532,3.61971045981606,0.8869150288432815,,,2.1488346631466593,0.37373907036116666,0.0579833984375,0.892018779342723,1371
MB_img433,30.89178044162142,0.12444844072534138,-28.20252431065982,-0.5634706885088844,,,,,-14.10824637634323,-0.9721071529343642,-36.31411491507183,-1.1285392513431782,,,,,8.956806510000185,1.2840111594433676,0.07580246913580246,0.8066980023501763,2486
MB_img434,14.886490619831875,0.5292319302609777,-3.2286815575600216,-0.34857548860463017,-3.8203360666906834,-0.9314561409127121,,,-5.270425978455784,-0.21512919357538135,-11.047939429338866,-0.5479518364963806,1.3971328088280455,0.49873457933298504,,,1.0184339623003382,0.11103575145723747,0.043478260869565216,0.7764705882352941,768
MB_img435,16.739884214939362,0.13091226942530967,,,0.4136195286841602,0.032605506653771044,,,-19.879326660595954,-0.6086517643760833,-16.02443561256807,-0.916450468113139,,,,,,,0.012254901960784314,0.9805825242718447,1103
MB_img436,16.83111607153694,0.1057504313863141,-13.094476629184033,-0.6614996861015296,-8.045940579914527,-0.3391525104422592,-6.480463524272967,-1.21867785616951,-14.605076294551143,-0.30043538044614904,-4.05521531946874,-0.3756289742439667,4.574932956719796,0.9091465695488865,7.359818797586103,2.123148230772865,9.382308438284692,0.9068384760643974,0.05123390557939914,0.8634020618556701,1841
MB_img437,18.1989002457264,1.6491919277415763,-4.960796320076458,-1.2839217723076173,-5.577448032466471,-1.034059164413676,-3.868313819472982,-1.3634047308635215,-6.695647327345122,-0.5179955111319056,-7.339803076354631,-1.1746708946222522,4.685434825874377,0.6791790547899768,3.300378014549174,0.807805834716655,-0.5287147917590231,-0.05021898569230813,0.1038961038961039,0.26262626262626265,494
MB_img438,21.74789841994005,0.05430501663503806,-3.9516557671618004,-0.22373874107564468,-7.220941663076219,-0.4336324238098061,-1.6103214476014047,-0.1888530242092066,-21.50627893216003,-0.42599963564758614,-17.60181574993817,-0.546526696782091,3.035162779307222,1.2618807112174235,1.162322056360776,0.5723938272181007,2.0008600762503876,0.5750779117893121,0.01156978896704924,0.9662162162162162,3069
MB_img439,39.505955381405286,0.43855502667604357,-10.447467718524921,-1.978021254261014,-20.533345338072575,-2.8626373575587936,,,-26.798366351526216,-1.343126732176927,-30.718612808514756,-2.161086491121906,-0.8225625383442441,-0.5668151540108968,,,7.64095330232058,1.287022479939161,0.008116883116883116,0.32075471698113206,924
MB_img44,17.400183121023282,0.4711956841498261,-4.190177661438754,-1.0598311361928212,-6.501956123186984,-1.2391943430076728,,,-19.040239815583135,-0.9059841553486477,-5.432300659373901,-0.86898931930416,1.902866851789453,0.8365012677171206,,,3.043209174275363,0.6267202774606951,0.015077821011673152,0.7540983606557377,463
MB_img440,29.538503553453044,0.7611334558313037,-11.273553917255473,-1.9612264201160088,-8.354661256459188,-1.0595530560855622,,,-21.024439937336595,-1.5852531242939365,-21.295015491952185,-2.1601820840111876,5.162552791232797,1.0699319605060167,,,7.367844012786542,0.8097614197646994,0.03679245283018868,0.5882352941176471,525
MB_img441,11.91510241174178,0.18723500441134663,-0.41201502902853654,-0.06645827630148306,,,,,-9.828303580411772,-0.30431088988941984,-9.178119706471302,-0.8379078422409035,,,,,-0.7269488463189148,-0.21867785616951005,0.013392857142857142,0.984375,779
MB_img442,40.09644985674454,0.5405223320441523,-26.146869231821395,-1.4747681976542095,-16.18293790867464,-1.2019456227488157,-21.04568313361815,-1.764951590559389,-20.42219217168363,-0.8595354647402993,-19.388859717081434,-1.7071006663346908,9.192350484445857,0.9404469439144378,14.758112318153412,1.2314920319584715,9.315545511239884,0.6497648466655002,0.08099250936329588,0.4541284403669725,1434
MB_img443,47.18297478040219,0.9699450746160276,-32.17846875848432,-1.9240107836402263,-17.93776132843098,-1.4503375299620793,-12.586042617212609,-2.737740834423524,-29.319285498574573,-1.286694240478686,-7.4506668037313535,-0.6299148756871754,10.968621732040932,0.6529620417810215,6.428169660775399,0.7452808623782098,9.144597347630182,0.38034306999149603,0.08815372424722663,0.2829880043620502,1563
MB_img444,28.842911969009524,0.09141433768416317,-18.351139788360936,-0.8500720199583912,-18.271873790824905,-1.2271934076002693,,,-36.32744778719318,-0.7802987066324917,-13.626386127502412,-2.5178483048626195,7.6535535520007265,1.8988978048549878,,,11.524415421479576,1.472248352447112,0.016966608846487423,0.7982646420824295,2652
MB_img445,44.69297696579113,0.8617723741911045,-12.827774867106235,-1.6749856412974384,-4.906485041127774,-0.8295451616916699,,,-32.40465728235389,-1.1076718724740466,-23.67068026818945,-1.6429702797281802,1.9966019520271696,0.7323489660958362,,,10.399072981218088,0.7278639067356631,0.017463235294117647,0.7006369426751592,1245
MB_img446,5.270634194481663,0.10707680779842194,-1.0879513703496413,-0.09161577651100504,-4.5922502398437945,-0.7713093839896122,,,-2.7614017665006054,-0.07369682419644157,-5.565422731264125,-0.41681449238246954,2.598469000223655,1.0588936890535683,,,1.480652833291331,0.16427468513712054,0.03631907308377896,0.9054726368159204,1041
MB_img447,26.964224530004135,1.2416310984271153,-3.128391723635179,-0.931446685298666,-0.21778869256486783,-0.041353665038402314,,,-8.927152370738572,-0.5339998336159499,-21.404045012137487,-1.79978625950839,1.1751332955618925,0.6082322800440034,,,3.583626124080467,0.5871142750991019,0.025,0.9122807017543859,615
MB_img448,67.53358340215678,2.3387859897533145,-24.125438050875868,-1.425926068863874,-8.114279133242242,-1.1363034446227387,-25.817078089206124,-2.825378603892931,-6.621798966655856,-0.4843236602186039,-9.90017108267456,-1.8171846817242296,4.019235323439513,0.21584083649767083,-5.2356280466945835,-0.1548231292957953,-1.330323201439537,-0.05543239081090167,0.19201030927835053,0.09041095890410959,2102
MB_img449,23.9401141068158,0.18674978621289876,-20.20020071610816,-0.4881679581346423,-8.180823812765142,-0.4497523498366352,-10.007073575957618,-0.720325043600028,-12.791852833596646,-0.5620878008639907,-13.994606072507947,-1.0894761032496303,5.230105862483945,0.638412735797414,8.195809482087661,0.9985837627304281,3.2857916758648087,0.31193917640973207,0.14899507793273176,0.7114893617021276,1753
MB_img45,,,,,,,,,,,,,2.942849836559752,0.29399638893164104,-0.7016079120568836,-0.21412480535284734,0.8887810325561148,0.026093776189327216,,0.0,1159
MB_img450,57.9952954023605,1.4199268933975278,-26.384753729508187,-1.1187519168209499,-8.292342001087114,-0.6165907525208353,-24.853595553549397,-1.7219337779795898,-14.548388772195139,-1.3841888583883266,-16.15133567768007,-2.0126933931954514,5.533950480734335,0.2851317388987858,6.654308526811945,0.2160454465115133,4.579309442469787,0.21838527527757345,0.2543352601156069,0.2249426166794185,2036
MB_img451,10.372681364787594,0.08165198036312614,-8.244537719574742,-0.285163817044372,-4.614999911571915,-0.20487223523619505,,,-8.849629036685975,-0.18532174514757885,-2.486346469782858,-0.15375789123068986,2.696979865620974,0.48569319545869666,,,3.860099443982436,0.3160091736269668,0.09729166666666667,0.8567941415785191,1694
MB_img452,13.676171513088478,0.04911417466245407,-3.3403057432698806,-0.4342946179599256,-10.239811494401575,-0.37067274229993774,,,-11.22853208132302,-0.3293456482005182,-10.00636664177845,-0.3551590402861005,0.7317116182851928,0.4565041165742282,,,4.929180081684786,1.6141088463806725,0.025027654867256638,0.9352226720647774,2063
MB_img453,36.52016467903094,0.3871789167190514,-27.988746784254108,-1.6178280607008668,-22.341109254658708,-1.5022624843479209,-6.55627754182024,-1.4074887197599881,-22.47290928607901,-0.6406014084887164,-12.072772149517837,-2.2740752545068834,18.957340362208317,1.5618592592376834,4.115698713901986,1.1867685116057265,6.638356108927383,0.4370009307514146,0.049750554323725056,0.4682875264270613,1433
MB_img454,44.28802268621505,0.12792475813095125,-19.939089063115897,-1.461189930909656,-39.385649825752715,-1.5748527482094345,,,-41.48129289989602,-1.408419823923629,-10.821450128539778,-0.6614163511021386,14.536718957724217,2.34222550912059,,,14.202712952902816,2.0884266066974853,0.018439716312056736,0.6048387096774194,2424
MB_img455,56.17434999979183,0.6863934653653414,-31.51215339969096,-1.6813990087960866,-10.421432012982622,-1.7310657917377321,-41.786333968484456,-1.7210518068558602,-30.726219043311367,-1.1877811151429005,-11.702679661706908,-1.206200387833862,4.118245117098802,0.8006721965752333,17.530714960767444,0.8189344409524872,10.802554008974111,0.5735284221248881,0.09481292517006802,0.3442796610169492,2313
MB_img456,33.960066473965064,0.4327694551755051,-3.3432548580859685,-0.3762622444454679,-14.843846312382608,-0.5714806232962529,,,-36.7256480647138,-1.136172060941332,-11.552022956908818,-1.386677464533382,4.626844752592125,0.9140378681881409,,,-4.827119213849971,-1.363482607036431,0.08465458663646659,0.7398212512413108,1506
MB_img458,23.822724288395122,0.2506912339489858,-9.814915769932078,-0.8897516524193705,-9.699558397379631,-1.341036917835067,,,-20.2179088382337,-0.5275943569342498,-16.35317370494025,-0.9238162487224585,6.109829185213497,1.746243407754217,,,7.685398094048149,0.9528804514314494,0.014253135689851768,0.7672955974842768,1306
MB_img459,13.287110174838109,0.17639972798899634,,,0.25884110000642835,0.04514978253529972,,,-9.918950409331098,-0.20682362562330472,-9.752398672436428,-0.35941280066059644,,,,,,,0.006403118040089087,0.9818181818181818,1622
MB_img46,26.758867351524053,0.18963814843984247,-20.387614042986193,-1.2006179418312257,-12.646118890038014,-0.8132385969997753,,,-18.454232090099406,-0.5107780887328782,-26.334837224156665,-1.5269834044129595,14.808852367316058,2.088858120950424,,,8.481261973638416,0.8836193044802828,0.03398058252427184,0.6563573883161512,1656
MB_img460,18.423033465197147,0.09876013026967588,,,-9.662555195822597,-0.5155083157878816,,,-12.271154508555659,-0.3994235612869096,-25.362697867802183,-1.00678762629451,,,,,,,0.021521739130434783,0.9094202898550725,1401
MB_img461,2.3859216053838708,0.09678901753736699,,,,,,,-2.190313944817963,-0.15161571691198913,-3.948215662755268,-0.8086733549032016,,,,,,,0.01355421686746988,1.0,129
MB_img462,41.725729611559466,0.9490530754204709,-8.995399263824277,-1.5534151188088587,-40.68305920797124,-0.8381474985816048,,,-1.6400946058797001,-0.21518611224598538,-3.5728254967074498,-1.9500017490834987,0.7945867937200349,0.047090917720917294,,,9.31624944181543,1.981218504346017,0.36914348462664714,0.30422343324250684,2136
MB_img463,20.8722912697824,0.3072094743295624,-16.29864060718992,-1.1363308150623201,-9.588370441024416,-0.7624128594251148,,,-15.764878782764484,-0.45563316836330137,-6.292381731144824,-0.5153289470356307,9.605213818436583,1.3578306418723673,,,6.8129378592133945,0.5129855343960082,0.054652042360060514,0.6456140350877193,1102
MB_img464,7.282351791290936,0.06366433009651316,,,,,,,-6.722775265943603,-0.41946600788241256,-6.988159009744904,-0.5290006059694,,,,,,,0.0075,0.9523809523809523,346
MB_img465,20.74076644295102,0.5562107624663724,-9.617540904212165,-1.0468272017419693,-20.939280769627445,-0.8165982541736809,-3.8127681514096268,-1.2265085298086797,-8.100431279297469,-0.7462682815922169,-9.858371960265448,-2.2302030133664212,6.583700371123074,0.5005056836539306,0.5495710661972012,0.30222618044481414,2.9376351674067234,0.5251313645283351,0.24090296495956873,0.4562674094707521,783
MB_img466,18.723129997025257,0.337524949938381,-10.274046210445084,-1.054342027037498,-3.12482073529875,-0.7812897629784078,,,-15.376536972815488,-0.39101784557549185,-11.319092172929084,-0.7774760770288003,6.0534291231811395,1.9341979416042538,,,4.610590616933441,0.4001653501784939,0.018118594436310396,0.7058823529411765,1264
MB_img467,37.17862933535098,0.7745833150604741,-5.853757559859606,-1.1342209397606333,,,,,-31.022716060001667,-0.7822278255615035,-14.235699468922945,-1.155199481074709,,,,,1.5801170113060046,0.1595229067893629,0.005134281200631911,0.8,1550
MB_img468,41.59289858430619,0.4597633745713473,-3.7674396450176295,-0.4826295504026903,-5.083296499723021,-0.6648891303335422,,,-37.6454943896406,-1.1162571686165628,-19.915589504354806,-1.0522334275433494,1.0586793316099978,0.5912881389705711,,,2.7401781232015887,0.47531374238253127,0.013665132336018413,0.921875,1456
MB_img469,45.23391667924795,1.2548931609961298,-26.062215521997786,-2.0884462845409724,-13.044009369823883,-1.0716846735579892,-11.857232335543985,-2.0542283097501635,-18.887615502074507,-0.9644164434607477,-6.062978888182921,-1.1661175295909723,10.967399775255213,0.5903595695524534,6.416584127337164,0.597927843246468,-2.4940291304721316,-0.12436284367818046,0.12118055555555556,0.23516110797060485,1202
MB_img47,41.54841401571686,2.031384239139618,-12.079619294412927,-2.180784391078699,-6.61824995518851,-0.9943276550343129,-5.157049044840215,-2.0592783564444326,-15.199856542307241,-0.9107704019492401,-7.3870398659665595,-1.4243724551958912,5.859603068468408,0.5432555389385912,1.2863209440142738,0.25031250679388445,-1.919040286402916,-0.0938397093642423,0.09580291970802919,0.18545994065281898,893
MB_img470,24.885868685454785,0.166035674530614,,,,,,,-23.289199252348496,-0.7170309775766125,-21.941413925675583,-1.6489655626429889,,,,,,,0.004555808656036446,0.9795918367346939,1105
MB_img471,11.50377530590604,0.16346105509353281,-6.446495478376822,-0.42877368136349864,-4.703485416674162,-0.2621397241094071,-3.1281993056359827,-0.5263131498917111,-7.956229459244768,-0.22913835088190643,-5.405129291793421,-0.6674932558934339,5.091091288938221,0.9318607818044777,1.6946729116962114,0.7078726826458795,0.422824733415222,0.052439541998445104,0.08359497645211932,0.8093841642228738,1006
MB_img472,37.749328859717764,0.8127195017818999,-10.93502175689275,-2.440742427757964,-5.261565638263695,-1.0180266750748213,-5.555849888149673,-3.257262112156088,-29.042286789686596,-1.0224804751690677,-18.504462713303848,-1.5917454381256115,3.2721132791322285,1.1461857668497357,7.091529356001544,2.094859186341441,4.524779375238289,0.4685238070637751,0.012761020881670533,0.5888888888888889,996
MB_img473,20.119445035645267,0.1536624511334385,,,-2.810824393039252,-0.37472336276402207,,,-20.76199682473738,-0.5362079819198485,-12.061686065788798,-0.6774445099990801,,,,,,,0.006747159090909091,0.948051948051948,1379
MB_img474,17.623012040358017,0.2422381934031477,-5.373364496954866,-0.8687638447174032,-3.665238228499192,-0.5547717077265931,,,-10.48015991376513,-0.37878826954606887,-15.95884471509762,-0.7132092213620095,4.342144458766597,1.649502752915867,,,4.836116820374725,0.9587228221734574,0.015017667844522967,0.8775510204081632,857
MB_img475,22.33024347858163,0.1291939444508257,,,-23.49488202830669,-0.6062476220797642,,,-17.13662901331073,-2.126312130328704,-15.17572904558309,-1.780420620745723,,,,,,,0.10823036187113858,0.7241157556270097,1408
MB_img476,6.031083733891744,0.00816358263671845,,,-5.859484559451338,-0.340809105895616,,,-6.660339862370694,-0.16196616468769776,-3.727507297569755,-0.2537806637086061,,,,,,,0.0036439929328621907,0.9866666666666667,2353
MB_img477,15.395280084893654,0.5851618586037121,-6.3404066964547905,-0.5169347129129638,-7.485291686508007,-0.5153031865128777,-3.151887543354331,-0.7786938149387533,-10.386200939986798,-0.3018052549980986,-3.251554955257446,-0.5560013177444184,5.400737729004412,0.5379808248919772,-0.11370432214839737,-0.04582418229486596,-1.0806551035602479,-0.05895907884829905,0.15318302387267904,0.565359477124183,1245
MB_img478,25.554484259665774,0.6375552415883455,-14.954116472132892,-2.120058389290526,-7.902473277648355,-0.9669743967171108,-8.346342350781477,-1.561011317466665,-13.582683115145034,-0.7332396286437449,-14.124110144112192,-0.8423786069096899,6.64910150120664,1.2389556375583513,7.621948058543891,1.4710018572937409,3.7780512792116636,0.42308641515178036,0.04518950437317784,0.43526170798898073,701
MB_img479,32.61242016960764,0.39252056378550765,-27.911178331440233,-1.4175629126227278,-5.3027072906431325,-0.5132844768611858,-11.198913805381224,-1.595258489638932,-22.6499466781205,-0.8014230069951966,-12.576888592551017,-1.1773863149229733,5.041927082116096,0.8372170678017073,8.073219150122748,1.2948330360454536,13.509031446368503,0.7991485440696483,0.06660714285714285,0.5518102372034956,1134
MB_img48,53.60896513500615,3.1286355436276394,-34.03443067847779,-1.1220139345944766,,,,,-3.0540229118098576,-0.9780125349367026,-3.8478672081935206,-3.01435529297707,,,,,-6.094486215576371,-0.19666237913014575,0.3991071428571429,0.06167132952195597,2102
MB_img480,33.87878918291687,3.697994362653374,,,,,,,-11.005352948212165,-2.7000361106294686,-7.631841822414892,-5.180505943794759,,,,,,,0.0,,184
MB_img481,,,,,,,,,,,,,2.9947064408163055,1.2439255828860893,0.6422998667502821,0.1534881116316387,-0.4033753603586942,-0.07670310182360034,,0.0,358
MB_img482,14.113484237644272,0.03759207825708225,-5.718887961909653,-0.500102176728506,-8.727497302618014,-0.332041179675073,,,-16.805951622281817,-0.3881034138213783,-6.950353934492234,-0.3436619529567435,3.693179070284264,1.377069649079823,,,8.079180753676654,1.933049756075373,0.020844799119427628,0.93646408839779,2023
MB_img483,23.09347353129377,0.1350781982355991,-4.344238630098691,-0.3765922339586964,-19.55358283166057,-0.5218238853872529,,,-18.21815941498676,-0.4250510384289441,-7.6636056566008826,-0.47220490196654397,5.162251848993494,1.0532185677786798,,,2.389979627346183,0.6309093929787868,0.08681577398469688,0.7932263814616756,2291
MB_img484,24.471885686644164,1.5579095809717654,-2.2638742934570852,-0.8044666427327776,,,,,-24.395014948787768,-1.635112321524648,-1.9629113236131301,-0.5164736548864017,,,,,-0.16154163178386516,-0.023332503830623724,0.013235294117647059,0.8181818181818182,343
MB_img485,23.579206764984153,0.21303378782870155,,,-11.553309553509942,-0.6503607956175398,,,-24.36747962887674,-0.6061403602848147,-12.586758245116375,-1.4115248544576395,,,,,,,0.028402854006586167,0.8880597014925373,1304
MB_img486,,,,,,,,,,,,,0.6233231678416641,0.20700586691104272,,,-2.484186453515129,-0.11839999994783666,,0.0,912
MB_img487,48.81995251957594,2.2731375164821443,-19.028058305393834,-2.3742311830145257,-13.207369481287568,-1.3183057158242555,-24.032621593971726,-3.435007235924965,-9.666312897389066,-0.757453457409507,-0.8596949248020735,-0.14360372328635262,1.8650541016074422,0.10842865599146043,4.337951266982568,0.19376917253246012,-0.8420429525291347,-0.04426361186902636,0.125,0.07469512195121951,1474
MB_img488,,,,,,,,,,,,,2.2707271262816637,0.36540673155424325,0.7896198065438628,0.18442457113742727,-1.8515208579398232,-0.15790944432483078,,0.0,96
MB_img489,18.021621200485423,1.689978671796812,,,,,,,-17.09091896196088,-1.3334677713632317,,,,,,,,,0.011627906976744186,1.0,203
MB_img49,31.863406821222796,0.5493371291015234,-10.525491256195446,-0.8479724704563901,-8.776185439371563,-0.7692394678342755,-6.5450072949233995,-1.7647185115231623,-32.251869104074025,-0.9715263209886669,-6.483821462053479,-0.7570232465074596,3.373490880709038,0.7099496756104642,3.1462907929469406,1.1505465612255337,7.998296119705258,0.5839860065005757,0.04873511904761905,0.76905311778291,1269
MB_img490,22.032017987903505,0.5549672396324805,-4.429799113851247,-0.9162917111957404,-0.8564111960083748,-0.20659113266743995,-3.2594517465765893,-1.1207138657860831,-18.431565645856907,-0.4941991229536522,-9.826164741505528,-0.690757164743753,1.3548112598929123,0.6665762662748081,-0.8744867837289622,-0.831877241191673,3.3072809265514564,0.3980518482241093,0.013198757763975156,0.9130434782608695,1151
MB_img491,39.5637792686575,0.2587994518775573,-13.983936343144439,-1.2994545248740292,-28.11356813261103,-1.703694776419759,,,-40.804993882740895,-1.4235654143468928,-19.494809004555982,-1.3967033704065321,12.722133768501232,1.985394130376032,,,10.197688873655443,1.360136414299522,0.016433418150975404,0.6268656716417911,1536
MB_img492,15.763644207854712,0.12912964143068253,-7.333507445768363,-0.4223611661911397,-5.045645659762142,-0.24359130275756444,,,-14.272539651134231,-0.3435521510150298,-10.01468541323709,-0.6120562601380753,3.5854875287020254,1.0257530982130931,,,3.1116640906463577,0.41672956226816127,0.04475703324808184,0.8831858407079646,1602
MB_img493,14.567323525906948,2.5384714405271227,-2.5104313484441225,-0.27803786469602293,-0.3584579045872301,-0.08647698225688713,-2.5784012957403037,-1.008825849685844,-1.9717512630023626,-0.29857331865513825,-1.3060926533834545,-0.28214322878149856,1.2412488184632013,0.07325997822377114,-8.468316100200816,-0.8690077016159978,-3.9897441260155477,-0.15166972466949566,0.45714285714285713,0.08507042253521127,929
MB_img494,29.817308488702547,0.5124223808088727,-3.402259037967819,-0.8975170423987487,-6.362232251444908,-1.2933268824445676,,,-22.376442852842004,-0.7539160327411417,-17.793645693346093,-1.1405367349235238,-0.7846144805195321,-0.6553518286125543,,,0.531443767236184,0.14933390666906568,0.00575938566552901,0.9318181818181818,1084
MB_img495,27.12063751660591,0.31850307347758317,-6.128629384911669,-0.9473544586116088,-4.35176727503281,-0.4247198581170157,-4.8478879200689695,-0.8841094513592296,-22.975438408413716,-0.8171273301872026,-23.680580622091476,-2.069369205194798,2.3512117499442993,1.0867116331933306,1.3639287211655287,0.7693870718585837,5.635678319085184,1.1350050170931527,0.020167427701674276,0.9074074074074074,971
MB_img496,35.38870796741639,0.7869155113282421,-13.301772582774282,-1.3890458354468047,-9.8369521566096,-2.2448870591235344,-16.795147766128494,-2.7563886256806476,-23.59432942178742,-0.7970204717524315,-8.275736466656445,-0.4788216765874122,5.690055453415233,1.15521264992094,8.487011791400036,1.1803739506733433,2.0747587962661282,0.15067280746708,0.035940803382663845,0.3173996175908222,1187
MB_img497,12.280147626498964,0.2432011246064365,-1.318960958419425,-0.25946779081360155,-2.482729216832407,-0.5710457203859715,,,-15.969932774118604,-0.4521311291827279,-3.5215028514045907,-0.4272859474787949,-0.624620534456693,-0.4750848829487828,,,1.0504859860180533,0.2341509752258274,0.012755102040816327,0.9830508474576272,858
MB_img499,19.625641934199624,0.1860609415054103,-7.540633604040663,-0.33784213701893095,-5.464988834042122,-0.3154770539657933,-3.127193041561789,-0.37820892820609936,-18.12674271023711,-0.4353983200754189,-9.32889399202982,-0.6633234017544273,1.1227580070551153,0.27809818947465664,0.27445858954302454,0.13832815654797342,4.816289234416213,0.415425720577564,0.0671254512635379,0.8934010152284264,1677
MB_img5,27.984862965522357,0.12731615454122033,-20.298214397632137,-0.894350171007241,-34.44854682451698,-0.9626378693033762,,,-16.367719945111386,-0.5472438217832089,,,20.527582530847237,1.7379277116015899,,,6.153303757079244,0.910619759752348,0.06446256038647342,0.6391167192429023,2018
MB_img50,33.627723866381885,0.20065691960728932,-14.16883050008644,-0.8728389118164008,-10.738696248249045,-0.6181558455998295,-0.33780061615807194,-0.04139875559929404,-28.349060328691785,-0.5802513044667339,-17.882148559111137,-1.9322045680829312,2.243183923797384,0.6167400618481068,2.422492391681569,1.2064508774674263,9.325891628732874,0.9014906078659287,0.032398293963254596,0.8589981447124304,2118
MB_img500,44.561900772542174,2.019302130533235,-5.347484229815336,-1.3791420340310272,,,-3.023760944932791,-3.1858665453113337,-31.37525565353789,-1.6010621285141595,-9.805529037501394,-1.2924136678274847,,,-0.3918537772129413,-0.3219280948873623,4.175648236114182,0.2580756836663025,0.014583333333333334,0.5384615384615384,991
MB_img501,27.139628214047686,1.095845657018415,-12.930190781273428,-0.9019357136657536,-6.116116240712705,-0.605975277760962,-11.448689482588147,-2.2004572714285717,-9.387770883488745,-0.6628485489450995,-11.356433698614008,-0.8913701692165793,5.377682748624057,0.5113980236110637,3.1021533767925598,0.3668594504776044,-0.17343014633974288,-0.01112024907496461,0.17199248120300753,0.373134328358209,930
MB_img502,14.716057836083747,1.585769828689,0.3804600340374545,0.035926127506441884,-2.844600212749414,-0.4317636967186607,-2.830095580327422,-0.4584092765317619,-8.13039839171659,-0.5697377399778526,-1.7014972995559259,-0.18215853212827487,1.6965547156209533,0.14640724212341616,4.3425917868183985,0.3738894496909152,-1.4116747789380295,-0.0581590391059857,0.3241150442477876,0.2621283255086072,1221
MB_img503,32.61470552539747,1.2601518973006725,-7.698288891306438,-1.8093321197735013,-5.178405295351751,-4.351910961103076,-4.091444019302981,-2.502500340529183,-20.462513297577058,-1.31192097039797,-17.775872343179756,-1.9150122683717639,1.4711653729288419,0.6877220751463569,0.5040374102095093,0.29070936427664207,4.705132328237266,0.4717704944421056,0.015625,0.49056603773584906,541
MB_img504,4.057308650611119,0.07047691289708495,,,,,,,-5.823544136169274,-0.44565990241408376,,,,,,,,,0.004166666666666667,1.0,139
MB_img505,37.022755713313444,0.2348219958031274,-3.344316142726251,-0.522956199800252,,,,,-40.46484789084654,-1.037077785893721,-9.643047073775437,-0.5155512206258785,,,,,3.9451602672103774,0.9697345571423306,0.0026985350809560524,1.0,1747
MB_img506,13.097913561603344,0.2463997475361714,-3.068087095652956,-0.6342060197410054,,,,,-11.505001626283084,-0.3039123981792328,-5.493129232788198,-0.3602081829494973,,,,,1.9689933430325401,0.3959286763311393,0.007994186046511628,0.9565217391304348,911
MB_img507,41.375481658912825,2.227029072571837,-4.485712260687974,-1.437582863847845,-5.009884822559826,-3.655924213083815,-4.26168525999803,-1.8647875107962306,-22.705489827265446,-1.5914344979909352,-12.320935251648878,-1.4753950944624596,4.580134668108893,1.4006822063017739,4.582153518819982,1.4680498306524024,-0.46461820642188795,-0.03830479464805871,0.0146484375,0.23595505617977527,829
MB_img508,32.67057683979507,0.5980729589524261,-8.851270993358721,-1.453898744968469,-7.135896386919974,-1.6592721979838971,,,-25.864977912633318,-0.8084396581559375,-16.01763058815387,-1.3643389676071211,1.8811785969132986,0.9374835158798915,,,4.578172440797766,0.49044490193686624,0.009027777777777777,0.6976744186046512,1065
MB_img509,23.443804858462737,0.4658412265651725,-11.354142140109552,-0.47545610668329435,-10.160057442260209,-0.7660935013615198,-11.656249422067019,-0.9798361315449745,-10.190711070472558,-0.709497678081834,-14.042650099076475,-1.102302427574084,4.1833915159269095,0.4160683639464193,1.487493291346954,0.14066418560901459,3.750394004983135,0.32419497581928847,0.21756628787878787,0.5694050991501416,1049
MB_img51,22.623998324280592,0.05557532700323816,-22.815247812310123,-0.620765017080504,-12.936612952890346,-0.6424251765011352,-14.630525029939179,-0.7222474177518474,-18.963837477928976,-0.4244307276222421,-3.233125358944938,-0.1682530326603491,11.086973687196386,1.9720459384289988,11.804699577023372,1.9074819852625833,19.449668936630328,1.6481308448750507,0.03799233182293482,0.7985197368421053,3258
MB_img510,25.189070033474312,0.27627734292175915,-7.2591371836966845,-1.5104556216617642,-8.958925622990483,-0.6572976946934533,,,-23.812962671802513,-0.6404751388375619,-6.809967903728328,-0.6819551881071828,3.5722545152574456,1.3817613444045456,,,5.144049258234332,0.9170396978014651,0.01727066817667044,0.9045226130653267,1330
MB_img512,7.621850584545963,1.4649948086227491,0.9844981084652078,0.33278908751912917,,,,,-0.4429020213639139,-0.0415615915927067,-3.6493682246221475,-0.9319739229964542,,,,,0.7540120964226764,0.12014904224766637,0.05952380952380952,0.8235294117647058,160
MB_img513,,,,,,,,,,,,,2.8238583516912827,1.0011101924679358,,,-1.5035135969755413,-0.3037051794564266,,0.0,67
MB_img514,47.73430025349899,1.7763856062247487,-9.503235609631584,-1.2881475956010655,-6.3805814787107,-1.5042571761274932,-24.143698678071424,-1.326941466983916,-17.797569130589313,-1.4966262967793722,-9.01245384075696,-1.7439106928897696,0.1511586633778329,0.03771966594915853,2.1427451364436076,0.12382348789076067,5.408212802745698,0.40244536499283384,0.1834016393442623,0.20582706766917294,1186
MB_img515,36.58949773549075,0.446509844310908,-30.73282556852685,-1.1224445784828467,-19.982765637194383,-1.3284679220079196,-5.3744219366546755,-0.8923262570054088,-25.362368477928445,-1.8717393032431062,-11.318814506802802,-1.2047667506546131,8.731355832000142,0.7574648458704862,4.893095269924412,1.0282806420386472,10.361291884488018,0.7843612232963232,0.11624087591240875,0.5158204562178073,1120
MB_img516,22.659954684966348,0.1347080066871536,,,-7.621138732394929,-0.39942832024935143,,,-25.858139298656283,-0.6823933545810102,-16.64555368837987,-1.3832557355664776,,,,,,,0.013888888888888888,0.922077922077922,1627
MB_img517,22.129608062215055,1.1686590690054228,,,-4.234076400450402,-2.192509818941948,,,-18.757574771801078,-1.1750829318408538,-4.659149761166953,-0.8493605125552275,,,,,,,0.004424778761061947,1.0,347
MB_img52,,,,,,,,,,,,,,,,,,,0.0,0.0,54
MB_img520,19.744544853538464,0.8465525926852344,-4.028711173741823,-0.7620298352748699,-2.34530452683671,-0.7242650565535462,,,-15.59963268863371,-0.5415858013950895,-9.154513738269285,-0.8672561137994766,3.7119425326332713,1.4107691676420404,,,1.7847345471160585,0.16142274577581203,0.022637795275590553,0.7567567567567568,856
MB_img522,2.109367493304803,0.8309912863248423,,,,,,,-2.372461870333139,-0.41496813727297016,0.764858250476829,0.2145445595137629,,,,,,,0.0,,35
MB_img523,43.55498479257243,0.9997135028637075,-27.35822197421516,-1.1874025036965914,-12.286782968965598,-1.1745786773767743,-14.555201453956276,-2.440804585092393,-23.46049961195888,-1.325632003337442,-10.175059800224277,-1.6974924340907556,5.014291057802459,0.35831877190939826,-1.512806121115599,-0.13686876754365968,6.86334453068756,0.2673284547062398,0.1746031746031746,0.33358954650269024,1541
MB_img524,16.356791303827215,0.36005212335835085,-5.016863004931337,-0.1391772743898115,,,,,-18.524843081163446,-0.8120707422188366,-6.134811117914625,-1.159040257029758,,,,,-10.02353031614657,-0.5218337948577838,0.2947976878612717,0.6440191387559808,1150
MB_img526,10.691992138902025,0.3567000249154129,-7.06126553226972,-0.3840360906822996,-4.596324296723872,-0.533610360680207,-3.881760396856989,-1.1223803892751563,-2.722588587907036,-0.12434777245656392,-5.374657939444899,-0.3867700792397373,4.7192124638195,0.5383071034061992,1.1193754168250614,0.30867854352805435,2.451433550440146,0.14639255695694764,0.1806853582554517,0.6270983213429256,816
MB_img527,24.641104276815636,0.3670898837207827,-4.536085709237136,-0.5448328883320723,-7.157260735369016,-1.0636672864472356,,,-22.93809841524772,-0.5520260141127534,-8.715115205868232,-0.6288616140562634,-0.2940316697647899,-0.2203299548795555,,,1.0543556212936624,0.13375556305773295,0.018147896879240163,0.8561643835616438,1331
MB_img528,23.270902814247744,1.2277162162485495,-5.2325752886430505,-1.4434506422793676,-0.848539011980445,-0.26774980015188155,,,-16.43274775064104,-0.9287867078817952,-10.515602632836357,-1.6667167323746297,0.7316758290889307,0.4222690685099195,,,1.2382371199426665,0.1335650154813196,0.01574074074074074,0.7837837837837838,476
MB_img529,,,,,,,,,,,,,,,,,,,,0.0,84
MB_img53,37.19548443068499,0.573485092576769,-21.916996145330764,-2.5082612046530044,-7.868071122281097,-0.6025845282290955,-10.404766465052647,-3.4701029718439313,-38.05550796691493,-1.434543999662984,-9.670173976430025,-1.1707139521986691,1.1699735177136044,0.2783056765587497,8.378815740649337,1.9224835302979049,14.224753322504144,0.9395962063840497,0.04292168674698795,0.594847775175644,1204
MB_img530,21.35740979797988,0.3038502145891661,-1.5507485815620268,-0.2265085298086797,-0.26638029100884075,-0.036919715975046556,,,-24.124119275973605,-0.9622383435968588,-15.384801949042194,-1.6253652798372307,-0.8098216866910988,-0.7092906357233579,,,4.546751745557418,0.8723667202741264,0.02087737843551797,0.9777777777777777,700
MB_img531,40.514634820148736,1.0101284390052123,-20.354277364903687,-1.0841095312531788,-13.59802166773777,-1.3945838243241708,-13.512376198607521,-1.7009636788739653,-21.231177489087212,-0.8204798967887043,-6.618889914779239,-0.6944305937123053,7.453835217177116,0.5237512644006871,4.871831223568879,0.4138122004411645,4.30956563695746,0.15018417389445063,0.14296407185628743,0.3600891861761427,1539
MB_img532,25.67506648505393,0.62791691852671,-7.10465061719139,-5.020146573111776,,,,,-23.435281125517683,-1.7949748851250473,-21.599497230218805,-1.6293767201839757,,,,,5.263166453429198,1.2262593585476065,0.0010204081632653062,0.6666666666666666,446
MB_img533,32.59597256765917,1.7433197688263418,-6.9814922352200375,-1.4966728785760757,-4.819507940644697,-2.010382018527121,-5.13631329707547,-3.126532405928932,-16.11557299439683,-0.8944895932643045,-8.569112182638623,-1.0299417096601027,1.5510246036795092,0.45699912259757447,1.7467679176105801,0.5657053820400744,1.6371763942269946,0.10574356800977568,0.030534351145038167,0.344,673
MB_img534,28.16712585785292,0.30768930130349453,-15.553129175440581,-0.6441908779348829,-18.308287057832228,-1.5019910641665768,-22.396520368286463,-1.4257853743883704,-16.55177775622142,-0.3984211615664661,-7.116821345041035,-1.5652925205810226,6.227622783412891,0.9174123095563753,10.812305569956079,1.111774448503191,7.187017701951756,0.4203813658059273,0.07806244995996797,0.5984900480439259,2112
MB_img535,14.4419517726132,2.913122549320033,-2.7297370959417937,-1.2191685204621616,1.3078371712354933,0.28246065660883557,1.1704448833090497,0.1766327599537649,-7.800583511548033,-1.8380393222773894,-2.1231394193391884,-2.805292455600712,2.992464213450897,0.3694081458495164,-2.55252153309133,-0.23215951643401636,0.08283872181696975,0.006087329878915063,0.5375,0.07902973395931143,640
MB_img537,22.594387135183393,0.5188038514135166,-4.100085386847567,-1.2830327746164154,,,,,-21.761603856789275,-0.667895694680467,-3.2371234180870188,-0.7351453961398153,,,,,3.399731569478628,0.604023234635644,0.003676470588235294,1.0,885
MB_img538,24.321961774729854,0.4852904834374117,-11.713679026324135,-0.6137443300084409,-4.806885525581071,-0.6652648467134316,,,-19.018003784173843,-0.5909898090212486,-11.311848559913296,-0.7628970732211662,7.294686007481361,1.2681483798933118,,,6.21974294824102,0.30225003574095755,0.07293178519593614,0.7283950617283951,1446
MB_img539,3.806142523539576,0.5567469935907202,-1.6508895503942373,-0.8032270364349277,,,,,-2.8664692425852953,-0.11526408513387615,1.245404568602587,0.20661408749541743,,,,,2.7363890327455405,0.2872941783614373,0.01171875,1.0,478
MB_img54,,,,,,,,,,,,,-0.9388969473983632,-0.7158933705476049,,,2.009099113065698,0.16179809472129858,,0.0,227
MB_img540,24.69975272427518,0.35549109236514376,-3.7144590637769093,-0.42417742126700253,-2.3031986507479645,-0.3944696470615342,,,-22.581047262058938,-0.5615619548480963,-16.599173192187045,-1.3290800951068358,0.594388005808727,0.3833286395515057,,,3.078578097184399,0.39091893536589734,0.01730769230769231,0.9384615384615385,1240
MB_img541,13.448994687416182,0.17672818546634733,-2.100262554916705,-0.32701099518058835,0.831573113010919,0.13918765056274807,,,-15.090184147195961,-0.3779539053171681,-4.811487305558043,-0.5861833131831631,-0.5417999140864534,-0.3448284969974413,,,2.417427873612734,0.5195680827501505,0.008479899497487437,1.0,1229
MB_img542,31.48304789826645,3.380821783940931,-4.793225282086354,-3.4818801396202854,-3.105133155360812,-0.631950872306338,,,-9.229413829234458,-1.376225000950922,-7.663244203932664,-1.401282930912388,7.906373152860984,0.8778465341933628,,,-3.0048146379513505,-0.33971273688768505,0.12828947368421054,0.08782435129740519,673
MB_img543,27.527357161150725,0.8537262666223331,-16.463907872687276,-1.744054493801352,-14.343864518457462,-1.6439086504587503,-10.721509392354472,-1.5733494515784117,-13.31201220443201,-0.49987748226846623,-8.226468603654839,-0.9812490882915198,5.794103304821751,0.7030042827074894,17.630110144721524,1.743065793702624,-8.166683446467546,-0.6246113798529155,0.06525974025974025,0.2750845546786922,1073
MB_img544,41.720924238957046,2.1386849230309557,-8.210447106105327,-1.187744290687798,-6.022938636857014,-1.279504312660887,-8.408553199399025,-2.01929133860876,-20.12988006498216,-0.7444509985376658,-6.868874011520081,-1.2354011669904623,8.136230010975158,0.8985536569832889,7.2729790148246165,0.7639235073453429,-4.800448900525825,-0.1757957481232328,0.0859375,0.1773809523809524,1504
MB_img545,21.888757045795437,0.4467958122175904,-8.510203254187218,-1.0130527681202726,-5.808734788016196,-0.7381543528869152,-6.619227003850774,-1.670387156973834,-19.767090859364558,-0.5692470736018455,-5.985781552269296,-0.8587104495546306,3.6071842440035193,1.009870244024061,3.5407626297169363,1.2267708618470223,4.778316846009275,0.4188706334922882,0.037306201550387594,0.7459016393442623,1017
MB_img546,,,,,,,,,,,,,,,,,-0.9962583325731144,-0.15946772926676586,,0.0,77
MB_img547,21.151249413817034,1.1316976515193027,-5.061970402530825,-1.7499632581692675,,,,,-14.576396760534868,-1.168163412214293,-13.286312395462964,-3.76998326260455,,,,,4.105526039364185,0.6429013316811687,0.002688172043010753,0.625,247
MB_img548,25.442869684782472,0.13426492445268132,-9.209174140212577,-1.0,-6.351047442783814,-0.40238701512153247,,,-29.37430582737001,-0.8323133657754374,-15.296075062201803,-0.6494884133891773,1.408580298700963,0.7612131404128833,,,8.573781244194734,1.5389550794994327,0.013574660633484163,0.9471153846153846,1643
MB_img549,37.55523973516345,0.535279129232894,-14.888667029877608,-0.7182956207378005,-9.292897071167488,-0.9514904918364986,-3.278044475814244,-0.6931284794155108,-29.59585989244891,-0.6361412246467191,-12.389256556284765,-1.1565044856799909,10.771992666841667,1.1848560636009067,4.7468700938913875,1.1844245711374273,4.640059021069761,0.19771586812122427,0.07333153928955867,0.6758349705304518,1914
MB_img55,29.949997349358814,0.15813112375584273,-17.72060613174043,-0.8994905647618214,-30.597494147694206,-0.7934446376584213,-13.537117202618253,-1.3303193651465028,-18.2740415811782,-0.48002351668735954,-7.0933016480795805,-0.6581960403888074,17.360536050676505,1.4733969557616384,2.6310333121565077,0.8927903985636646,6.322091569842269,0.8263294626598293,0.08025074478649454,0.6703246456332876,2624
MB_img550,18.46641156119803,2.216913795303997,3.5040939127728206,0.4457549804499019,0.4223559355575421,0.08408548104801912,-15.170463160433872,-1.090292111928885,-0.4137209558295423,-0.0646691492063516,-0.09862777490925685,-0.027282754393404846,2.9151920686937896,0.37876488450523116,-9.194944685458589,-0.3377650623011678,0.7850820070376973,0.07682364782687037,0.5165441176470589,0.09476095047237332,1058
MB_img551,42.755184534206236,0.2709823368809626,-11.300680062442053,-1.2507046971119629,-6.174825756762166,-1.2636354035683293,,,-37.72192382890106,-1.3487979710792237,-41.978078243118944,-2.2702299072379977,1.898426482819102,0.9204796603564737,,,8.489083761502243,1.4209684224966248,0.0049555016181229775,0.9113924050632911,1612
MB_img552,58.7427535539433,0.8161437453061193,-35.735990032047724,-1.7015299376369593,-20.979309992963664,-1.5391985479102848,-27.31507327806045,-2.967947079977397,-38.99917483261571,-1.6394168936522866,-19.224832728632983,-2.0776356350032925,5.415167475579216,0.41920547075954334,6.591125323008163,0.5086469072306046,12.355827060541172,0.5198216830743995,0.08181145113524185,0.3287488908606921,2101
MB_img553,14.796754611064468,0.09951643809902747,,,,,,,-17.657669801304646,-0.46582826951097356,-7.410852139391254,-0.7584970069935258,,,,,,,0.0018440463645943098,1.0,1151
MB_img554,,,,,,,,,,,,,2.545211581082177,0.760569798132038,,,-0.9983593203621935,-0.1420866296175269,,0.0,159
MB_img555,26.854462740849513,0.3896610964274316,-6.418853633487942,-0.5367634124638242,-7.637715480209647,-0.35762032860004744,,,-14.193576577311779,-0.4871326777270231,-27.171669345119053,-0.7284760298793794,4.488605333710602,0.8375751010684386,,,3.9858300878000703,0.5008635161194105,0.06117788461538461,0.8288543140028288,1988
MB_img557,52.04252841776884,0.5475378181238714,-17.949266331191122,-1.020366173219406,-13.933291462251821,-0.9091866347880894,-21.083864050610444,-1.3211017507428322,-54.65376364483689,-1.9310234539255025,-6.744668540957094,-0.70231039827468,8.607727804049926,1.043348544428939,7.2752150095778,0.9006271012257817,8.75726502898625,0.5937144264662224,0.07258771929824562,0.5690647482014388,1970
MB_img558,41.04005537723255,2.244718695448147,-15.92612217113992,-2.3481717052874944,-15.199227564726401,-1.8619760353493817,-3.4584187469196785,-3.4554916206284685,-3.574383268469689,-0.20360844052884652,-6.1198021604641575,-2.838615670260641,4.401451604366603,0.2056532009958847,3.772415738078369,0.8616769959435164,-10.676807572300806,-0.46980033675391303,0.10444078947368421,0.08121277747698971,1267
MB_img559,23.716341547162592,0.5826363059763371,-3.3861086118154207,-0.47310655553437375,-10.731454092353498,-1.0397795392220324,,,-20.26693809523287,-0.517515787127595,-8.521557648236925,-0.6963447270771854,-0.14764764808234146,-0.062121711907797306,,,4.683035961342673,0.4127458052063528,0.03177570093457944,0.6929460580912863,1290
MB_img56,23.07153789992289,0.18195766611980124,-3.2314806930074136,-0.5718501379030059,-2.9964766449946523,-0.2635545146085993,,,-24.135672627826995,-0.6040619199908464,-8.711431436757769,-1.2230480428159831,0.28952723867401065,0.2009126939259963,,,3.6023979778537427,0.8997986208120077,0.011499540018399264,0.948905109489051,1456
MB_img560,13.301720916585356,0.03449970654244039,,,,,,,-11.934749793814822,-0.3930528085517252,-18.58070316610483,-0.7484612330040356,,,,,,,0.0010718997361477572,1.0,1633
MB_img561,12.620046733388211,0.5566272123068816,-6.822264372591371,-0.5265973405384066,-6.648494270306266,-0.9449188842165,-4.187495447140767,-0.8801957289430983,-5.3947373707215664,-0.20861184353222265,-0.25248504321709425,-0.036829840456459026,5.534990722298428,0.7596501673492156,1.4472746936430452,0.3400754415976216,-0.671569449537954,-0.0448270175457349,0.14563679245283018,0.5451127819548872,615
MB_img563,,,,,,,,,,,,,,,,,,,,,99
MB_img564,40.204672689493314,0.6051605151698556,-10.291898639910615,-1.6257900050594172,1.1320070159782039,0.20534153866544783,,,-39.57732173653029,-1.1258727647084472,-16.319680904248035,-2.3500366689995325,3.63118145573569,1.5353317329965557,,,6.511733215135207,0.62847355422321,0.008670520231213872,0.8311688311688312,1290
MB_img565,76.40307235193968,1.3571782858061023,-34.41171970329423,-2.1889236056644354,-16.40113201709394,-1.726153994762342,-32.915258128867436,-2.7029097006867167,-51.59395713040268,-3.590556915993263,-10.774522183837,-3.4607425637896445,7.727978472273684,0.6061638997027742,14.796672578548948,0.6486302147677084,7.069602226344255,0.23925473469654027,0.07322888283378746,0.17730239303843365,2135
MB_img566,15.12160537258801,0.3735198970978889,,,-8.789085972412536,-1.2865526279095045,,,-14.512774822622191,-0.6156645866828921,-6.406599748100193,-0.7957669477823921,,,,,,,0.024466192170818506,0.7560975609756098,505
MB_img567,22.873927564756848,2.3723595729376945,-3.2343313515824303,-0.6852674065168415,-1.4870864009192621,-0.1872836678479043,-1.7631744618221774,-2.0426443374084937,-8.85957444189701,-0.52617942416044,-3.8624093849072088,-0.9122171707365778,0.45515164802808494,0.044244280743812044,1.1119575178164134,0.5548787079223868,-0.004928036556719418,-0.00021021346982982373,0.19345238095238096,0.20963541666666666,1233
MB_img568,56.94317536144227,0.8535721879583943,-35.28205930366077,-3.3183716247955033,-18.443476333226503,-4.048692255049319,-21.03137636499098,-3.8422378481865773,-37.495103097216834,-1.7828776671137305,-14.949111039751026,-1.51973242676256,14.007236109105989,1.4720448379976343,13.754713095618754,1.3890739014129958,12.230411638760856,0.6430855471439846,0.015478056426332288,0.13494318181818182,1290
MB_img569,24.803128812991705,0.3302516919433894,-7.243043284375108,-0.922197848396367,,,,,-27.352400679447836,-0.6523793859016305,-8.905104368632417,-0.729599919764699,,,,,5.455749203287104,0.668080580470183,0.007589285714285714,0.8805970149253731,1431
MB_img57,48.49436511727417,0.6024939127254131,-18.4809603640826,-1.6635309351724263,-19.25004550981297,-1.3886831503449792,-42.23489093237382,-3.2621359639425407,-25.708284865746403,-1.6578166678939856,-8.076630049581222,-2.0616322088604973,13.424397639859087,1.5043908221207722,9.816052417212902,0.8638998762059538,3.2486725948091353,0.47845892575354404,0.059803921568627454,0.25560266505148393,1282
MB_img570,38.38359585318804,1.8171447505391072,-10.477253622718207,-1.319353282129876,-6.031664288105637,-0.8935727429274596,-9.644382925763775,-0.8705635469221467,-23.704249293608402,-1.0919210674004272,-4.615168408328546,-2.071462362556624,1.024740468522601,0.14752167635761318,-0.4356745142576149,-0.043309504572921056,6.543990884890662,0.26185064728976853,0.17372881355932204,0.27314814814814814,1445
MB_img572,32.09359383061952,1.06688357434833,-5.69624925313044,-1.012277618950985,,,,,-21.19391955830381,-0.78551680330268,-18.56115645713972,-1.6625245438454874,,,,,1.9990906323643234,0.17849098363253574,0.014026402640264026,0.8846153846153846,927
MB_img573,10.389332995835476,0.06446137741331734,-5.455108072249577,-0.3202738963618451,-1.220099524871421,-0.09382824085622614,,,-11.423425804523319,-0.2718164048185813,-6.417322854224542,-0.4295228569246638,0.9617257096359761,0.4672674580514016,,,2.2957587738343768,0.3942347756541095,0.029516994633273702,0.941717791411043,1397
MB_img574,54.100670046124684,2.0323901014559085,-11.556394057709905,-1.3051811499993156,-10.161441355568005,-0.9772624202691912,-27.870702611480237,-2.3144765172622237,-14.591956045760574,-1.063077361570251,-10.048180549185155,-3.8746330512202083,8.405354715971027,0.5704899548952029,-5.556913061406096,-0.3292664606230274,3.0307786728831503,0.1629654360423478,0.18867924528301888,0.13013910355486863,1575
MB_img575,,,,,,,,,,,,,-0.8868865622792844,-0.0967733657382669,-7.6913791458464305,-0.22244522403171324,2.3115709663864155,0.12867780467952178,,0.0,2754
MB_img576,39.565436815908164,0.6653516529688953,-12.698012284684957,-2.8843680735301622,,,,,-40.373269370006426,-1.287002791194432,-18.209622604574704,-3.9249233236597836,,,,,8.681739382433847,0.8157689959647753,0.003566066066066066,0.4791666666666667,1229
MB_img577,17.905065579713003,0.14222706274627106,,,,,,,-18.722765458078264,-0.43066657296605265,-9.749981499664067,-1.4812128182128597,,,,,,,0.0005586592178770949,1.0,1201
MB_img578,25.979785702827133,0.3753217294290812,,,-6.166583990665743,-1.019968726089745,,,-21.00188949587211,-0.6825592961049515,-10.44345719603816,-0.768943740925027,,,,,,,0.008317490494296578,0.9411764705882353,869
MB_img579,34.00539707983021,0.9800277443030707,-5.978931819641447,-1.2470894072311316,,,,,-26.235574539034104,-1.3939681957142858,-20.29895631844473,-1.7820871002846685,,,,,5.45803453912281,0.6213785031663162,0.009927797833935019,0.7368421052631579,684
MB_img58,21.71316567417653,0.0620253437487896,,,-7.592543673342826,-0.6938753714428548,,,-25.04569081549427,-0.594238887141002,-16.229542336988334,-0.999442487389602,,,,,,,0.003727369542066028,0.9456521739130435,2082
MB_img580,26.54469046949413,1.9573556625915063,-6.818135417652003,-2.1990179129626393,-5.518614515708379,-2.18269229751619,-2.981478792439433,-3.1731274334806563,-10.736215407122105,-0.8136120142201112,-8.305044050351603,-1.5382739773152916,0.10892894931570912,0.033292685849684284,0.12325765870498633,0.07096652135414358,0.9863379436993567,0.08423586179975266,0.01584507042253521,0.29310344827586204,419
MB_img581,,,,,,,,,,,,,,,,,,,,,49
MB_img582,23.80570731487553,2.003020561251818,-1.2439969667228417,-0.5069065545806933,,,-2.75520474195097,-1.6712933724815757,-16.50292711852772,-1.433567676277545,-6.311777527068731,-1.1708778185913995,,,1.49010025484142,0.7226103011891363,-1.9770456543584616,-0.3308602822333873,0.029891304347826088,0.6190476190476191,277
MB_img583,1.0120845342407319,0.000257509499549136,,,,,,,,,,,,,,,,,0.0,,2560
MB_img584,12.368380255111786,0.17941912735412419,,,-8.251444409664206,-0.1757564633760048,,,-11.370188359726292,-0.78357935377859,-10.728005844517163,-0.8579949106142676,,,,,,,0.2804323094425484,0.7339854843799306,1488
MB_img585,19.024857856322654,0.1062842171717788,-11.611689566967351,-0.3803197017297362,,,,,-19.65091825229612,-0.4655789199486604,-13.046566795659984,-1.6490980652873477,,,,,5.5566249707470226,0.525178570064292,0.03866559485530546,0.9065155807365439,1938
MB_img586,4.202064042414535,0.013259148560388947,-1.9557318258136371,-0.14672205377931347,,,,,-5.033994401398624,-0.16115836054078747,-3.9444568377528104,-0.19350598028625024,,,,,3.1700018866578548,1.1769918136309103,0.00714550853749072,0.9880952380952381,1447
MB_img587,46.395163266769025,0.4842318963108904,-9.713141813224496,-0.8366801170685995,,,,,-48.72931187591998,-1.0408753005365243,-14.11991791066434,-1.0977202334757938,,,,,8.068776362406016,0.5506556542940594,0.016833188531711556,0.8773584905660378,2019
MB_img588,16.25481054787656,0.4833484775020669,-4.155984813982755,-0.6269019239076544,-2.1388675276774105,-0.6202512507242953,,,-14.976051534625546,-0.5016913039003668,-7.349563802906064,-0.6487563382880819,-1.081548522240505,-1.1210154009613658,,,3.755383793710417,0.39955723035588486,0.020522388059701493,0.9210526315789473,769
MB_img589,45.91453224012493,1.9716838190542523,-7.601807496894089,-0.8887293915159573,-13.345752260844712,-1.3004280384490163,-3.0937920943961092,-1.561692721398309,-16.214111466167843,-0.697150925164356,-16.41421155364943,-3.0059340225593076,2.994555024550952,0.2303014594456454,-0.875716827355663,-0.37016428054020983,0.19418973639206633,0.008079049137738811,0.11805555555555555,0.25203252032520324,1675
MB_img59,16.106575811208398,2.5994620704162714,-3.354755159764371,-2.046578366620329,,,-3.3826901387318644,-2.362703656074854,-3.5632281723125834,-0.4236094390935224,-4.6133958366447985,-1.102778091039598,,,2.0625903737878755,0.5953044449426151,0.40614228646855766,0.04373868580110085,0.02717391304347826,0.09090909090909091,301
MB_img590,,,,,,,,,,,,,2.3755782420153033,0.6903063929728965,,,0.12073025677745022,0.016433976207559695,,0.0,137
MB_img591,34.42699569646806,2.3903150698676128,-3.54430565731234,-0.9477511537053871,-0.332999601886019,-0.11462329905177494,-2.617349842080426,-2.2479275134435857,-16.114768401966742,-2.2142683023648075,-11.012287638670646,-1.4056860947322283,2.649900920083127,0.9632036440114234,0.6725430602626543,0.3400754415976216,1.360084253462618,0.13688997052379176,0.030357142857142857,0.5,461
MB_img592,7.585798770555533,0.03427405847090805,-4.68229670557349,-0.2365247758153172,-4.424475182181561,-0.21816778403670037,,,-8.637096977638514,-0.17491624976911616,-0.6908971273504072,-0.05380644369579377,3.072704703609443,1.0038523254956067,,,6.015325494215122,0.8896538906832145,0.03569121447028424,0.9488188976377953,1868
MB_img593,,,,,,,,,,,,,,,,,1.711609927376317,0.23863443193732256,,0.0,72
MB_img594,14.851966314532955,0.11385805348533434,-1.0679462425739539,-0.13951986934843963,,,,,-17.287632889747897,-0.31619876996492746,-3.0677396445802456,-0.17679337653157204,,,,,0.7915757861199653,0.18537070410885328,0.004938032532920217,0.9666666666666667,1838
MB_img595,10.786437237160746,0.09511524411473421,-1.5528444034299194,-0.16125253207008947,-1.2780189807730795,-0.1856226202045073,,,-10.152745553888982,-0.27648389672131596,-6.145201339526051,-0.3809498835305906,-0.7775194314582636,-0.6369145803558781,,,3.2673985054456005,0.768977273520112,0.012794117647058824,0.9903846153846154,1094
MB_img596,13.192149451430454,0.14376627689782315,-4.812844742643738,-0.23933309732305844,-9.8067754917453,-0.5303536753166718,-7.77618273126319,-0.4963915309465379,-10.543336932467753,-0.20018369012552567,-3.5691245836437395,-0.8374121559137842,5.059651425060354,0.8624964762500651,-0.06302039784189893,-0.01745719707654639,0.012968316269636276,0.0010168024672070227,0.08522727272727272,0.8117752007136485,1947
MB_img597,15.431967055136305,1.8616025208103977,-1.5045380083505737,-0.22816394598674175,-3.219690770922111,-0.9145645234939398,-5.5615818853005194,-0.6658475212555506,-5.827280124810928,-0.9435838145526739,-4.50867614467567,-1.9507350121442082,1.4919691381621278,0.23118755578893266,-1.1697135844439908,-0.0834055500486742,-3.063990911378596,-0.3347620195048289,0.4429347826086957,0.18078512396694216,410
MB_img598,53.52151635475424,2.2753898992793444,-5.818335530607434,-2.775226169341556,0.849071114672165,0.29639300278022485,-6.732861315413622,-5.4208865749755315,-37.609822180180096,-1.8176486781066583,-10.293867877731596,-2.5477685556677168,-1.2438772091415609,-1.4141355329844512,6.822450109470419,1.737967813755583,0.1452440960830964,0.010819223207166327,0.011235955056179775,0.225,1089
MB_img599,16.93725729660105,0.20185834481785303,-9.092025153857351,-1.9436088181496014,1.1517011139802926,0.15610166165867062,,,-19.272059505171566,-0.6284123347245291,,,-0.8856826074125105,-0.7570232465074596,,,10.18629926647005,1.3996166216156993,0.012455516014234875,0.875,775
MB_img6,25.655843430889178,0.3979015351211073,-1.6711724159436718,-0.39231742277876036,,,,,-21.237743213852188,-0.6676433877938078,-16.89958696380574,-1.6671599677606537,,,,,-0.43124972444296117,-0.1409967337880314,0.005845323741007194,0.9393939393939394,944
MB_img60,23.646073655330262,0.3497182963869605,-17.402105876618656,-0.8538421444852987,-10.002428848296999,-0.46424648151874864,,,-14.306019978326953,-0.32459223320916725,-5.492309241789669,-0.44059877436147027,8.823129582225693,0.7238865912182345,,,-3.8718287989255997,-0.20694707101954726,0.11567926455566906,0.6168395363026236,1949
MB_img600,39.749061363768035,0.2742384291797869,-15.067200090154001,-1.2735158897021166,-7.588842438655117,-0.7494341515285254,,,-48.37441018012498,-1.302851945307595,-7.174086654169953,-1.2709474874770585,-0.8368695718134234,-0.5720812094244238,,,16.52541316424001,1.4459915806342836,0.014169254658385094,0.9072164948453608,1749
MB_img602,14.54643380933468,1.124486774898146,-1.385680180047144,-0.41323300243209593,-2.908493732734856,-1.4646682670034445,,,-11.108947067318928,-0.35687701444527736,-1.9630529473921632,-0.6100700642903039,2.2515591517007016,1.0740005814437767,,,-0.8000369849086147,-0.06304267908933703,0.01826923076923077,0.7741935483870968,773
MB_img603,44.545222133970015,0.6787594471634569,-17.39577720335404,-1.0938022555660787,-15.696377342772966,-1.1095952925881105,-7.663438719215381,-2.8151362300035645,-41.23843055144676,-1.2678252278155742,-10.479735402602246,-2.2709560279495236,7.544839377695623,0.7694142149315154,1.8970932562940488,0.6627646523247893,12.787801787380067,0.5667311046283078,0.06907496977025393,0.6163594470046083,1706
MB_img604,36.27372844858434,0.08049628780987172,-5.345937053458182,-0.5588438477592077,-6.390538939948906,-0.6885052614463576,,,-52.72215662409368,-1.3646807677152304,-19.029265669969348,-0.9074500779136112,-0.33249895572100013,-0.13750352374993496,,,3.8091856784002136,1.3599961357208818,0.002644336712208021,0.9154929577464789,2492
MB_img605,,,,,,,,,,,,,,,,,,,,,51
MB_img606,20.801637148011732,0.4300936149630101,-8.60132509391764,-0.686420486403099,,,,,-18.435702980233476,-0.4465898652830468,-2.4683886358023157,-0.19479967008134175,,,,,3.9177136500088037,0.23360783620529188,0.0431260945709282,0.7466666666666667,1251
MB_img607,22.712594480485393,0.393973698943496,,,,,,,-25.832559716710396,-1.365589927116326,-9.51386995595368,-1.6566234858486024,,,,,,,0.0016611295681063123,1.0,442
MB_img608,16.693333592121913,0.4261314229771878,2.730016502772946,0.41023651301502245,,,,,-13.927521682674396,-0.45202787052837257,-9.339504811001701,-0.8123841286874613,,,,,-2.37778314851345,-0.5847438940019126,0.014399509803921568,1.0,824
MB_img609,21.29304938303336,0.2549391974034251,-5.049160991447715,-1.0465298637024445,,,,,-20.833780751249233,-0.6958116965542567,-14.133638744634766,-0.5445972945603388,,,,,3.6914576477280074,0.907674882140956,0.0030816640986132513,1.0,994
MB_img61,26.288558999782154,0.2711217668252773,,,-4.565349311693613,-0.1601556423758303,,,-28.080824258705054,-0.7349183764505008,-4.112023299016727,-0.6226626646700555,,,,,,,0.06661105815061964,0.9101717305151915,1628
MB_img610,65.33224515460937,2.399178615711386,-13.347441000186796,-2.231281926549365,-6.742617192540257,-1.2628383741681768,-6.643170034541493,-2.0584247369564355,-42.96509400977766,-3.5867064535884676,-14.16356778932119,-5.003677187717482,4.545429592656615,0.5852716827863226,4.108433622957358,0.708777827570238,4.795282798894998,0.16951417875384867,0.05260416666666667,0.21906693711967545,1453
MB_img611,,,,,,,,,,,,,7.135930429566914,0.351570622455272,6.520602508451972,0.5215585780622151,-13.690576519644978,-0.25694349049732684,,0.0,2567
MB_img612,24.75745001774125,0.7811755101921163,-4.37244905277713,-0.9376341190396262,,,,,-22.11062826459543,-0.7378535163204792,-7.54994411416065,-0.8984688373051082,,,,,2.4878792324660375,0.32581399055762555,0.010033444816053512,0.9411764705882353,766
MB_img614,32.53188439326814,0.23431872235850748,-32.200180345150265,-1.93771161111974,-20.35565199748944,-2.21350818307279,-10.013519030162533,-2.868319893543478,-17.586859814943995,-0.39322044866688394,-15.646351988155036,-0.5211808528694702,27.70856574196575,2.7134567594720527,14.181442024908517,2.819427754358179,4.092156484806474,0.3388482687084127,0.017045454545454544,0.36137931034482756,2367
MB_img615,51.32069463036891,0.4341753849605321,-35.405887234244155,-1.1579281215234136,-22.383433334465025,-0.9975231792385344,-25.769383676936208,-1.2946985701314786,-37.44891971079114,-1.5469282784358849,-20.33758079159096,-2.7850855037729794,9.893737376312108,0.8033495463446051,13.346086258716783,0.970335931450318,19.506739648245787,0.9399526163300611,0.10083333333333333,0.552180128663331,2607
MB_img616,56.94765829039109,1.8828631594510172,-15.05529798588315,-2.139142019145689,-7.3659369168231565,-4.403097261532003,-4.555504118403157,-4.199672344836364,-40.880397749918195,-1.6170388087236434,-14.62555627653814,-4.459349644999337,1.674021758277422,0.43079698612548556,0.650391003095647,0.26644844866330547,7.864974597482391,0.24156966902727295,0.021564327485380116,0.30042918454935624,1600
MB_img617,,,,,,,,,,,,,,,,,-0.8604637949142074,-0.15766965348068174,,0.0,148
MB_img618,44.639134590558456,1.3486229615527825,-7.88731347514036,-5.697106574476975,,,,,-40.778051800207905,-2.2873309558351975,-9.925434307811276,-4.161726478394281,,,,,3.887251792735939,0.40467698767312205,0.0,0.0,681
MB_img619,61.94697731256102,0.513703687926952,-23.325632303948577,-4.4584476274379226,-27.179246425816967,-2.594715184202114,-12.498388821352703,-6.015582311680932,-58.60142616116579,-1.7194704770268279,-22.52059711905783,-1.6774638998886824,6.415780010650379,1.248808974240392,9.02016625453122,2.473931188332412,14.892423341521678,1.2391333845173749,0.004102844638949671,0.3037974683544304,2152
MB_img62,19.304351078421266,0.17369928767984907,-5.082357398861783,-0.5235233550043975,-0.5783282109923991,-0.04659734557910632,,,-21.51430980404967,-0.5690675842729451,-9.259035008506391,-0.7202965578353738,0.16964315097194727,0.10211421765269067,,,4.57987685915551,0.7555812723335531,0.02130225080385852,0.9627659574468085,1295
MB_img620,,,,,,,,,,,,,,,,,-0.09916930434331199,-0.016496319896195925,,0.0,105
MB_img621,19.70572701334401,0.12322266349551701,-9.72046603877907,-0.4756595604626964,-4.41302488286556,-0.46783276715550354,-4.069334429560134,-0.7324862930299443,-17.5552488814953,-0.32018131647332826,-7.360534860385331,-0.31077536451517546,-1.9867211128266995,-2.1842802944193824,2.9376201538614293,1.3309732344903695,8.057274839065082,0.6884057088856798,0.027440920398009952,0.9344262295081968,2244
MB_img622,40.10068509464413,0.21552174768494875,-25.684534849897602,-1.701062329834948,-8.660523415576613,-1.0566702261844212,-17.59442975530961,-3.175893042832123,-34.98911151103839,-0.7895497989319469,-25.295954508669713,-1.601467963490145,11.38190324434971,2.355374577980504,18.87429427408015,3.001178191197281,14.362981332968742,1.2959470727740814,0.012277521423862887,0.5591715976331361,1988
MB_img623,14.425030401260436,0.052904550319981945,,,-1.120993586459583,-0.08512974050976511,,,-16.87620004380163,-0.3508714385116982,-7.370154564612098,-0.3932106645982347,,,,,,,0.005652620760534429,1.0,2237
MB_img624,62.07517846796108,1.343737581650564,-37.481175438273894,-2.6599427716809045,-17.326976734500544,-1.0976969788398883,-18.249970666510347,-1.733209702281871,-30.44692483921552,-1.757316805373238,-5.4550850105952,-4.555509427083257,8.452065667457246,0.3858782737210948,10.674055257527238,0.5982311018766681,3.043156318055261,0.12018165321314549,0.12583892617449666,0.2099712368168744,1878
MB_img625,15.180186493821736,0.09874410253435201,-1.6892549554070824,-0.13942318982893387,-7.009134862667756,-0.3909168234165039,-7.896425181212961,-0.883687081588528,-13.071462645888486,-0.2891195957809851,-7.885203363067791,-0.38975034907496203,1.3123762994436976,0.6764240522311554,1.4840805029617687,0.7490384264667812,0.5594989908404019,0.16093621821505788,0.03041862284820031,0.9106699751861043,1683
MB_img626,22.48035243291026,0.8492955951317203,-3.5053676553200632,-1.2251377980752653,,,-6.933506770617824,-5.02967373462642,-14.314099338426134,-0.7564452647300607,-10.920402612366113,-2.269293396305476,,,5.963130549671332,1.9714308478032292,1.5077957753263114,0.33064921538942527,0.003937007874015748,0.3076923076923077,308
MB_img627,53.385737623885824,1.4003742260383731,-20.64498529606576,-1.8677924447387872,-10.764595056848643,-3.266309537866655,-17.170000751994777,-2.6259036241821057,-28.54125057683754,-1.3404896815412026,-16.918128305874397,-1.8095933942536035,6.8660706002304135,0.9027978409746354,4.598542930639034,0.39528949985202727,5.052199782595439,0.2050441055981954,0.049825174825174824,0.208,1497
MB_img628,15.291265439150012,0.15362400921749517,-1.4618682521931397,-0.16101235844408843,,,,,-15.372323765171034,-0.26590140811595153,-7.855620784740614,-1.1298057106934638,,,,,2.013275257258651,0.3311511582793213,0.006179092382495948,1.0,1911
MB_img629,53.23442376923334,1.9231388363127164,-7.153291738790699,-2.597862196652043,-9.107990443086187,-3.6821237896197205,-28.24407884103408,-8.001436344265315,-10.804496917113998,-0.6715342914475996,-15.4679879629963,-1.7113736581873689,3.1738559532007153,0.9635943535712628,4.240567401654954,0.5511535302672722,-1.2103858827114016,-0.20757525229147786,0.008004926108374385,0.011648745519713262,940
MB_img63,44.27621918561293,1.5537492281555318,-4.496467634600353,-1.6803243568440163,-9.671927680202678,-2.7679195858018026,,,-31.57139420103522,-1.3318746037329718,-14.922331501495226,-1.2686140455336408,0.321819971725759,0.1942948151614885,,,3.9613581706882655,0.4864808658004053,0.006696428571428571,0.32786885245901637,1110
MB_img630,33.45831524758348,0.537244339605122,-13.066907549862997,-1.5117781541171942,-20.475949675728035,-2.036706201635109,,,-26.769739406607403,-0.8999614311817541,-9.674492904119239,-2.1620667767897475,8.15261932807179,1.3979639859199022,,,3.992383412447183,0.4277299128820012,0.019499178981937603,0.45896656534954405,1076
MB_img631,64.58095873945577,1.3845973631020128,-27.8125229155498,-1.5425174933565815,-17.458724848809695,-1.8260927390469925,-22.542785422417982,-1.6312324678024115,-31.34232550274069,-1.1017812964372438,-11.397554787798066,-1.3405472775728193,9.949405888881305,0.6680878165400155,4.838562739280417,0.25220289951282043,3.5613596084113497,0.10238633540215081,0.12072039942938659,0.23704414587332054,2595
MB_img632,49.26180063918481,0.5721381482068154,-22.50730928109259,-1.2354207226374407,-21.7258064729011,-1.6910212478574744,-21.199181211833288,-3.2624901833022832,-42.952668260173965,-2.2307030036910906,-14.930094113947092,-2.6132015868865093,8.417393848777293,0.8609428941471656,9.19721869005934,1.1560919815129285,9.66672596929832,0.6568650748187365,0.06311425061425062,0.467444120505345,1349
MB_img633,,,,,,,,,,,,,0.3254177724835564,0.15888947903028985,0.8799421254486467,0.31701818076355603,0.08316704533229216,0.005442623573258227,,0.0,397
MB_img634,39.19054276584857,0.4321545311051542,-18.49056702343008,-1.1633477727556087,-11.4535246646678,-1.0869778202200897,,,-42.610536610005376,-0.8100727053108372,-6.641272834919514,-1.0619681602030184,3.98167708686259,0.931693986609091,,,9.065459358912232,0.5219314128888327,0.02446070878274268,0.7378640776699029,2330
MB_img635,25.109359275659532,0.5048577602943389,-14.892962610202238,-0.44839191137805245,-5.669690856500909,-0.4750848829487826,-23.7851947059039,-0.965625387666463,-7.785145356321296,-0.31739832615710295,-4.631140690316558,-0.513177495308408,3.6837617683006947,0.31012923083227006,2.989688296077846,0.1163309160938927,-1.849211881682792,-0.0867339131740638,0.29537366548042704,0.46699956578376034,2110
MB_img636,16.921678834465748,0.6968467699845432,-4.437574034405629,-0.5430833902018356,-6.00953528577856,-1.6029409506259287,-6.302203307569398,-1.6550823926157137,-12.679323551307835,-0.5904557642812365,-3.937771350331638,-0.3002106655347372,4.459279397705512,1.0624045078507196,4.776583191921027,1.1565903629407017,-3.085306878070361,-0.3307528398762247,0.07134146341463414,0.5697211155378487,551
MB_img637,28.067067894665584,0.4707174458213363,-18.213551693863838,-1.1451182653605683,-13.03986869219244,-0.7628679352038658,-4.35046085783146,-1.1822685363027192,-21.623573895335664,-0.652542995540909,-6.733206333370399,-0.6394102847435327,4.195503410231466,0.4823969434849885,6.584673892166588,1.6801718982649214,7.69296727918739,0.438493675270259,0.08338994565217392,0.594758064516129,1423
MB_img638,10.656390709129122,0.04893738660663068,-5.294360339751109,-0.42492208821068794,-3.373421622471538,-0.07129100051047293,-11.351637348784864,-0.5834159273650191,-12.079333384547766,-0.29505652221360273,-7.307898177212438,-0.5053450507877958,3.422110527328974,0.9117993959921414,4.50403053306878,1.5423181633126626,3.434022312499902,0.9917794931950314,0.10248316498316498,0.8835540838852097,2222
MB_img639,22.146262185178795,0.22249004825961455,-2.1924684528875447,-0.17488349576250375,-6.096514242492289,-0.922197848396367,,,-22.29482963697202,-0.4658458675508191,-12.96262202000163,-1.3431739062782744,1.603795688937554,0.7759597257820697,,,1.2722588459941488,0.17208646848533635,0.017713004484304934,0.934010152284264,1720
MB_img64,14.286244130000904,1.0001311600565375,,,,,,,-8.086941946898621,-0.5015077383000657,-5.030109873454884,-0.6736667259926367,,,,,,,0.006666666666666667,0.7777777777777778,252
MB_img640,19.261600401285484,0.06326130129687878,,,,,,,-23.661629593645173,-0.4981610871139916,-10.5329790210286,-0.7617055319061601,,,,,,,0.001422070534698521,0.967741935483871,1996
MB_img641,18.207669975394776,0.1379057470162962,,,-20.025411443520362,-0.5319051066151583,,,-5.923745580916925,-0.42004217395117316,-6.747204577186832,-1.0962911913341549,,,,,,,0.13866396761133604,0.7170542635658915,1297
MB_img642,22.07749382006957,0.3524991694937906,-4.614977979773883,-0.46383643424812127,-4.967436761430683,-0.9096182769727671,,,-20.149703015958995,-0.4901065758434044,-11.183184510748323,-2.0417060805038965,0.6828040725927685,0.4246876693125632,,,2.3459906216517368,0.24280716100306526,0.024618585298196948,0.8984771573604061,1295
MB_img643,39.40552803706923,1.2127831622280254,-12.135364018654807,-1.7019723977438204,-2.166466257985971,-0.6921295817831568,,,-30.699491673959795,-1.3024987577408127,-19.76365852901271,-2.125081872305969,0.9126100616403302,0.4316203834744478,,,7.401975046938499,0.4304547325988762,0.016359060402684564,0.6732673267326733,865
MB_img644,9.68156544008894,0.26644700399557086,,,,,,,-9.25817813622957,-0.24512970893948705,-2.9623346344111816,-0.34946822062047195,,,,,,,0.00641025641025641,1.0,792
MB_img645,,,,,,,,,,,,,10.600377054904753,0.8025887402047444,-6.6440425466640445,-0.49169525439180956,-4.105494804339119,-0.15532169184441327,,0.0,921
MB_img646,31.759016775511252,0.09154849949867941,-10.301937177094965,-1.258644545769405,-6.977246849500835,-0.661709949536805,,,-41.22814969425648,-1.3633092166100595,-18.98875264871272,-1.50860657083526,1.6741036792221933,0.7190436861689437,,,13.605412936632842,2.4852465015602467,0.0035080183276059566,0.9855072463768116,1934
MB_img647,24.641056040750623,0.2193075770826725,-26.27162579762302,-2.2750452620562824,-21.048135328854972,-1.2036159926813124,-10.254000820959359,-2.1646790265326232,-12.55893158187662,-0.4044072534411092,-0.9962399400047134,-0.10692424333080504,4.449799390301902,0.831357964441161,17.170756343787584,2.9358696625802843,0.6449270141365918,0.08843546727492317,0.03,0.4568106312292359,1102
MB_img648,21.110688707423936,0.5017509294068266,-3.9907004019745154,-0.549446986135817,-0.9069762987303069,-0.14702753051918024,,,-21.086074978082205,-0.6518499926791174,-8.661811875419327,-1.153009906513683,1.7538942494255285,0.8624964762500651,,,3.7140176334199198,0.4145881315627393,0.021461716937354988,0.8952380952380953,865
MB_img649,22.286359597356384,0.7628882434756334,-4.466066349750032,-1.6085135781513025,-7.8319238962946525,-1.2302645080081003,-4.922664222123059,-2.2836255006070405,-17.06593170390946,-0.8849001198245873,-9.957733799691637,-1.1451702039328766,-0.32734362091515706,-0.17791779219584308,1.6316597587411612,0.8451143980218287,2.9158092498772086,0.6066622559028875,0.02682648401826484,0.6593406593406593,523
MB_img65,7.807746911397405,0.03746100493411813,-2.6195748581624136,-0.23001509682984403,-3.5592571713181824,-0.10802190761531362,,,-8.731503206878248,-0.26436685909140917,-3.9145341547579267,-0.2159976616316519,0.8877362567301338,0.41263500906353945,,,3.0656972191667715,0.9623077099280496,0.05045963229416467,0.9370967741935484,1470
MB_img650,18.91430566242688,0.35454917990296536,-6.905269685614225,-1.0086114354082227,-4.7683699656794225,-1.1365664044958814,,,-13.637737215308864,-0.6109847956473742,-15.120785673197902,-1.4517855257991057,1.423231743511477,0.8015058463609168,,,4.898704331800861,0.8518947218404965,0.013422818791946308,0.8771929824561403,472
MB_img651,16.816856947390516,0.37684690179326547,-9.222123886098341,-0.5034149949922042,-3.2375653799498227,-0.4857592070912807,,,-13.698728134745393,-0.39367984089977365,-1.363677806050231,-0.14583123604541978,2.7142828362960993,0.6562368778503992,,,5.5178851544813226,0.28400975551978264,0.08646953405017921,0.7967914438502673,1193
MB_img652,37.84783938094434,1.2051740148630998,-8.561804735229353,-1.3907777267512003,-2.0867218918908916,-0.5747426584032772,,,-30.201795300693323,-1.4998718282059742,-7.454149428928759,-2.0300244250755854,1.9040673311140253,0.7941904628591561,,,5.555074079208969,0.36754638386527866,0.022995283018867923,0.6770833333333334,593
MB_img653,42.348110950975425,0.4838823536742553,-9.680514268586624,-1.7657620438517054,,,,,-49.36857506316155,-1.5551996977429883,-12.659296118102613,-4.062294438042801,,,,,10.268033551812795,1.101598140007807,0.003960709759188847,0.8529411764705882,1237
MB_img654,,,,,,,,,,,,,,,,,,,,,58
MB_img655,45.913064243956505,0.8006204221744236,-18.736791911489416,-0.8824228480939351,-6.742712221799555,-0.8171170757472105,-20.81659726313842,-0.7150606612524377,-37.49180858042678,-1.4709297717374596,-5.680011291998447,-1.3409013198236988,1.1289207931300487,0.17450509193989808,3.688735123758771,0.1702620596649754,8.784273751888101,0.3776484504029531,0.22323430493273544,0.4567546380977267,2255
MB_img656,20.53524469331649,0.24702097449156443,-5.205018478481915,-0.5037549324180205,-2.0758716332006797,-0.15378592270693558,,,-21.177808202929416,-0.46026743799284203,-6.889018311519614,-1.1226727188241399,4.536006622205925,1.3760291188934346,,,2.6369306981969953,0.29543862651166897,0.03314989517819707,0.8987341772151899,1558
MB_img657,28.036976461343173,0.6190481896681113,-2.5574930414339043,-0.5552708157843509,-2.123361687175901,-0.16720399479791742,,,-22.55935738890799,-0.809930048088263,-14.412380534527426,-1.0247957903544689,-0.3505049152106369,-0.20539251298968475,,,2.459374986428407,0.4303280511975107,0.05320945945945946,0.852112676056338,970
MB_img658,16.057209516917943,0.47909584996921223,-3.7171118265233565,-0.66955014481553,-8.915346604511464,-1.7935792788863103,,,-16.624504963279914,-1.252968801739982,-7.440231863187885,-2.1885064271840378,1.7727110146579623,0.79993513848569,,,3.3861259449289207,0.6380505680935188,0.03209459459459459,0.7121212121212122,247
MB_img659,23.60507312776531,0.6418413308928079,-9.440307357318137,-1.9273218579585645,-11.084018812580407,-1.811111339495037,,,-14.289829911604436,-0.697262639392275,-13.380255978179568,-2.097656347026328,5.075873862556068,1.1488006614067061,,,5.432094985879176,0.6333624770345619,0.029958677685950414,0.461038961038961,484
MB_img66,20.63348632829932,0.20208072418992987,-2.210473587630938,-0.15945885750380887,-17.992222126109642,-0.49169843922127887,-4.000948826470526,-0.6127231939217699,-11.926566141183327,-0.3637248786303933,-9.616793000473365,-0.8835832221164496,2.296376429446059,0.38771689327933184,0.2745776585083311,0.18442457113742758,1.3782596886812135,0.24281569348222642,0.13527562862669246,0.7515997673065736,1600
MB_img660,37.85398782037324,0.5763278116623349,-10.943671815362508,-0.772959853030238,-9.281178087684241,-0.9416714154039536,-5.184557946960894,-1.5558161550616398,-34.53624353148993,-1.0349893344874657,-8.138314613188678,-1.316016981970107,1.9603374201207027,0.5149412542301193,1.3628101633415526,0.6495027529158668,6.377538821245857,0.42586286497260767,0.03908402203856749,0.8116343490304709,1367
MB_img661,34.159573667715584,0.35265975755060097,-7.893800497174152,-0.8396495638414303,,,,,-36.78220189044323,-1.0145526576876405,-8.419921051894756,-0.8727142462958771,,,,,6.9286058697531265,0.7749287754567915,0.008477011494252874,0.9111111111111111,1297
MB_img662,8.074535681472712,0.49771082083432816,-4.83881081852168,-1.0820930023924984,-4.391600561570896,-0.8844758190864845,,,-6.266223718887663,-0.5530444732171612,,,2.609809281106866,0.810966175609983,,,2.896822288025069,0.5116695682543934,0.07056451612903226,0.6621621621621622,125
MB_img663,30.66609467156278,0.19816395404141765,-15.33681045216657,-1.2515928670456284,-10.61247022809441,-0.8087282634662974,-10.471626005277134,-1.5813928072258439,-28.602686200168005,-0.58192802313968,-7.315608917527956,-0.3117231885978227,4.508407356764946,1.4331036839941511,20.9210614612477,3.3175629023259603,9.272535774857742,0.988236027665463,0.015777439024390244,0.7205882352941176,2259
MB_img664,21.82722819036921,0.24234597708524952,-6.95757293818188,-0.3105506367866658,-7.634147952274062,-0.5183588827484,-4.806168054735515,-0.6828728913764588,-20.254931592508214,-0.39667104303758133,-7.447948181044966,-0.9694509366403933,2.8577497623195622,0.5846346527386321,3.9597756289317,1.1780630708859894,4.016699302711838,0.23084126056469903,0.0631169324221716,0.8484513274336283,2278
MB_img666,28.734882125972558,0.6358575097014965,-10.574705767100975,-1.293236977748338,-2.682435760551524,-0.54487000967585,,,-20.26329053929174,-0.5256168516203656,-23.3846789205406,-1.459045587978403,1.699771510292181,0.7594675926610541,,,6.78994560385252,0.47547831452989064,0.017537826685006877,0.7791411042944786,1729
MB_img667,19.117371268830325,2.3229998010460093,-1.2773544489489481,-0.20532548000627313,-3.44860857213252,-1.1251064976004665,1.937194319677316,0.4914023245588184,-6.7588600637304435,-0.5728345606056473,-5.378326726398813,-0.8254789765366151,5.643522814369025,0.7508764889410291,3.0623213726493366,0.5711072382140843,-0.8601957036212292,-0.04942576665272614,0.20474137931034483,0.24449877750611246,812
MB_img668,11.686062391555305,2.2186402864753405,-3.40478683306716,-0.29712940206375565,-2.5196318872894454,-0.6122452551145611,0.44082832875088923,0.10969228858708571,-2.5785647184168994,-0.6482884360899854,-1.6943217504984773,-0.5891242778292443,-2.960321673772763,-0.11940844557809147,-1.407543404651527,-0.08936058754546901,-3.489471805279139,-0.15105661784784516,0.6678571428571428,0.06793478260869565,945
MB_img669,28.011142532350693,1.6922857643323386,-9.935343004389383,-0.8669605234192056,-5.11409918918567,-0.7075927479895608,-4.674355007487129,-0.6498825033309947,-6.985597100867337,-0.41448907345787434,-8.376995957883468,-1.0976451919593255,6.184194069478473,0.46643665178548804,1.417388723407181,0.11647227582863032,2.4263177056277483,0.09744246663490473,0.2168918918918919,0.2558764271323036,1262
MB_img67,9.661066124912951,0.7559096326990329,,,,,,,-5.021579614122357,-0.24772007639437787,-4.897700243443048,-0.5241984364206683,,,,,,,0.00902061855670103,1.0,358
MB_img671,17.482834678505608,0.2566599864844579,-4.649692372565017,-0.25141899111501176,-5.750842145205788,-0.37723572396991933,,,-16.051973638160593,-0.38097463396699677,-15.275565997668222,-1.0077935097198703,2.3881131173611543,0.5058029632020262,,,2.8309150039347744,0.20845078121615773,0.07203638497652583,0.8658536585365854,1520
MB_img673,14.388360642450765,0.7570867184257251,,,,,,,-14.750518130915122,-1.7211442698748458,-7.095527853356747,-1.4794988519310768,,,,,,,0.0,1.0,155
MB_img674,29.201116190389758,0.22709944223147824,-23.802340585149224,-0.8003118798164827,-13.911872015805354,-0.8374163425775899,-16.893499659425732,-0.7947534874253431,-16.145963270244426,-0.3721807365598422,-16.659537236394137,-1.0219982438070958,7.279991243592618,0.9810754881404911,11.018739305875469,1.0836557970918705,6.578858121561734,0.44096673689012866,0.09194029850746269,0.6682692307692307,2485
MB_img675,16.408884359821304,0.8222160729445511,-4.074073380916772,-0.6834373418370154,-1.9580939387555023,-0.4501199584342892,,,-7.1879661722979264,-0.4080196442832156,-11.230120687314805,-1.4368202820503277,1.9445360647734602,0.7141046363573939,,,2.233667376007,0.22787204774769984,0.04521276595744681,0.7238095238095238,427
MB_img676,,,,,,,,,,,,,,,,,,,,,113
MB_img677,32.77528183252016,0.7954923548958427,-10.510667634128215,-1.4919043912414467,-7.995503134806225,-1.4820330475744299,,,-25.184305873591665,-0.7456747617546307,-15.883287638413304,-1.326409511974799,8.783523242429965,1.7521431220697037,,,5.6529752401164295,0.3673572194158201,0.021921641791044777,0.5645933014354066,1375
MB_img678,59.6708757827835,0.89045710243123,-35.45017330515046,-1.507646214088737,-19.533951918354468,-1.3470084032069058,-18.475993299277654,-2.541300813984669,-33.78878754897245,-1.3488385925941304,-10.684767498390856,-1.2343309966017175,12.080599799827695,0.6353253322903684,8.177331882259919,0.7270882859653187,10.418627538682477,0.364859578340842,0.11452434881087202,0.3450405248938634,2095
MB_img679,8.379530909414896,0.3506999408247824,-5.5183505718464865,-0.7433833139963616,-3.2241846605077598,-0.7626387366098819,,,-3.21044873139254,-0.13709360897494,-3.4805521589924533,-0.8106803827099217,2.377538834015534,0.8777095701965721,,,0.6918768001848896,0.06720688899381744,0.05244252873563218,0.7022900763358778,400
MB_img68,10.550475997989267,0.05702859776779209,,,-5.239860182947833,-0.4552438216738637,,,-10.662306536396228,-0.3151765060790237,-8.50682075366839,-0.5093280628843051,,,,,,,0.006147540983606557,0.9733333333333334,1281
MB_img680,,,,,,,,,,,,,2.225100885623898,0.29572484817249295,0.32438220509087284,0.10469737866669322,-3.6165466641235553,-0.35518132600694896,,0.0,267
MB_img681,45.27805522665584,0.4188963120261539,-14.794697150352407,-2.665108479350647,,,,,-46.04769900214705,-1.2376071132427189,-31.645167338185534,-2.029499877733168,,,,,11.443072984531604,1.2025055122394779,0.001503608660785886,0.7916666666666666,1932
MB_img682,53.97140104092497,2.9922186920540392,-14.397213134969231,-4.447413892046738,-11.014762608317946,-2.7226150555172324,-13.28163098461852,-3.8250223640447016,-9.883875101479546,-0.8596157654195918,-10.19921832020009,-3.506763775531121,3.766745049500438,0.2633810690158625,3.6642599281346544,0.2423366462391694,-7.766697564369544,-0.3998371499318827,0.03555045871559633,0.02314540059347181,1146
MB_img683,27.726038930781158,0.31822406754257776,-16.385630410208016,-0.6204513688432792,-10.093243436847136,-0.5887906649380764,-15.416993462141084,-0.8774876453788222,-22.18424477234643,-0.5816237059079343,-5.126267752014478,-0.5221431084537875,3.657149363016861,0.4766506896860045,4.164635726414202,0.4454426313727165,7.017184708206299,0.39913634780114793,0.1374195032198712,0.6693589096415952,1854
MB_img684,14.516124749820523,0.06922682602754235,-5.418364821214874,-0.6515123185861781,-4.182459136113823,-0.3296209670904654,,,-12.141289657557499,-0.24978602405764164,-12.153809377104823,-0.5219196645660681,0.36835012987892135,0.23446525363702297,,,5.194959325462466,1.2169702531293858,0.01001628664495114,0.9726027397260274,1868
MB_img686,63.895588923150214,1.6149744705598446,-25.844970943538016,-1.8496034100880465,-21.983720483790552,-1.6261351894629585,-19.39270571806041,-1.8982816538516503,-31.884924748709892,-1.8900064726250452,-22.810235299700643,-2.886136760546702,10.749024054668938,0.5119685740741005,6.085034798891186,0.35906224721941327,1.9476160026340494,0.07090860776621757,0.11557788944723618,0.20275344180225283,2263
MB_img687,26.179921306445568,1.0922182583504716,-3.315785453390203,-0.5557269318301639,-3.526757549666262,-0.37647561734140017,-2.5693783598919615,-0.9752633216784935,-20.47793767700276,-0.5491566832441317,-2.2795102878583715,-1.1110313123887439,2.2793164921431046,0.5263573795335139,-0.2153214002929087,-0.14622074085104383,1.0056264135113757,0.063467652675886,0.07083333333333333,0.5047619047619047,1296
MB_img688,23.677634276960447,0.0662211111828287,,,-7.165013393730456,-0.47415162826053314,,,-30.858786547785176,-0.8641151163339209,-11.166437284865177,-0.8784904929822788,,,,,,,0.005809185347184253,0.9411764705882353,2014
MB_img689,28.040186712614886,0.43476234571771954,-8.016100441447104,-0.6341847393267992,-6.88429615892112,-1.33199177823206,,,-21.374695336006788,-0.49640352126000176,-19.899528223899214,-1.3280321903038623,4.861567312496098,1.4193184966067198,,,5.389715331657634,0.4056762743617243,0.026796778190830234,0.8217054263565892,1572
MB_img69,25.44328900803447,0.13680938572865223,,,-2.0798951698882022,-0.21987122831261,,,-28.74808447908414,-0.5457065034393721,-17.451718604907207,-0.6893292508476195,,,,,,,0.0029346003353828954,0.9836065573770492,2338
MB_img690,14.483999607170423,0.13906356757773353,-6.597045096667128,-0.4265668581564298,-16.28463942814361,-0.5690134574432165,-0.3611986908375085,-0.026547154611559317,-9.89518791177647,-0.25721212927170634,-6.462070770730911,-0.44856431332371777,7.006220744407007,1.0127283048429223,0.8104448027432012,0.3492354408830976,2.7944066739213547,0.4083205830642631,0.09480786825251601,0.7926421404682275,1599
MB_img691,29.55288475736509,0.30751237483260274,-19.99532656205501,-1.0276877395437556,-16.849046438436435,-1.0018099727308913,,,-23.445192847540966,-0.563857371086706,-6.496869686891384,-1.0355103966073387,9.7224794911746,1.174562718958938,,,11.503922025807897,0.6926869065715322,0.0531015037593985,0.7051948051948052,1690
MB_img692,28.999112786469013,0.31240948404682634,-8.077801501846269,-1.1932197872624792,-10.98443003037514,-0.7390460664308782,,,-31.079774097538493,-1.0751692612631898,-10.730640051044464,-3.0436288508764306,2.453101998801159,0.8867440224967423,,,8.47176578263759,1.2039956301746313,0.02739971346704871,0.8565573770491803,990
MB_img693,17.958247307404527,0.16583503071277558,-2.6956119024295253,-0.29078732319075007,-2.060057516439932,-0.10304772398163937,,,-21.88449643361402,-0.561877383128353,-4.449255390486932,-0.5564702902081394,0.5279285264226168,0.27229732716276156,,,3.5570018930821914,0.6856069830782044,0.034518828451882845,0.9571865443425076,1334
MB_img694,32.84469920255341,1.9732472723943146,-8.37880937675855,-1.1716535122399978,-6.3198516689613955,-1.4389069821485718,-10.55143101874653,-4.1235834327764955,-15.716138013552767,-0.9600759972330994,-2.0195701724674233,-0.23895510063695302,6.9350440092104835,0.8734867471360193,4.9093651979354895,0.5891349322543764,-2.101707760886181,-0.11586772578319891,0.07267441860465117,0.15384615384615385,817
MB_img695,47.49520312890227,0.6235776968335849,-19.961308215673853,-1.358375249097587,-16.459778432082945,-1.150444797294179,,,-39.51251214683578,-1.000864126727741,-16.75158971118785,-1.7653393216476487,6.215869140562754,0.8448395503530772,,,7.916697827503188,0.38903002298308464,0.04807692307692308,0.5788787483702738,1946
MB_img696,15.694167021378679,0.07726158532146087,-3.9149675203585352,-0.13957209891818317,-4.432317344631741,-0.5134369868997252,,,-20.404330427355347,-0.4504471964386174,,,-0.4920729570617857,-0.3617683594191534,,,1.953568496430411,0.24425782065461044,0.03409836065573771,0.9300970873786408,1866
MB_img697,,,,,,,,,,,,,,,,,,,,,29
MB_img698,33.039372007329625,0.32255680992967034,-14.952982975003914,-0.4222030660419013,-25.89188186612542,-0.9188126742473529,-27.805337411606683,-1.8870278411463106,-17.03850128048271,-0.9663899676738653,-7.012793225582587,-1.0366716729438878,5.300981338981922,0.36732934507087134,-0.48974441890726256,-0.057535219046519676,3.8838984422910006,0.4294291272552381,0.18981481481481483,0.5437482749102953,1909
MB_img699,42.31078650210012,1.081328856880836,-27.198843707050848,-1.4597121697684796,-10.906787565872298,-0.9202349580354413,-9.762914844060518,-3.1385960607509467,-20.288558575507267,-0.8831196295854329,-5.635833406824363,-1.3100044670278945,5.310071809721755,0.3391065567096825,6.3528807198573025,0.7945022452453476,7.478452453862174,0.2291435631070024,0.1328781512605042,0.33314947600661887,1420
MB_img7,17.036493077865266,0.3034324169183349,-0.41115331606032823,-0.07558449029642332,,,,,-14.588870699123882,-0.3331085870690707,-12.180352873613684,-0.9378151688034193,,,,,-0.773797349527735,-0.19482250457997524,0.007747933884297521,0.9636363636363636,1377
MB_img70,40.31987079230244,0.2503849361426446,-8.634722093089072,-1.3943769449570547,-8.879553833202916,-1.8128832349095414,,,-41.926258752860555,-1.161607486050522,-32.74660598238543,-2.0794119763249723,1.3195643220396613,0.6214883767462701,,,7.700947367189344,1.4504428354100425,0.0021604938271604936,0.95,2115
MB_img700,42.952174635513444,2.440104259928894,-12.92976628971937,-1.3688493095438352,-14.058856941133934,-1.9954845188775068,-11.80447503255064,-2.1163028530621215,-5.218975534108966,-0.376922172512953,-4.206687858104003,-0.8736420398536202,8.983030604522016,0.37005477838598994,-5.807456263926734,-0.3686583091900737,-0.7792056081117563,-0.03528010849208035,0.18625827814569537,0.0871413390010627,1344
MB_img701,14.423279159298914,0.09131203602496507,-2.0009179961980235,-0.14151390329993135,-2.3162781719244636,-0.18426322847696816,,,-16.422596478736136,-0.384004799994497,,,0.15020447013018876,0.09696172988708811,,,2.5206338762647493,0.5297507007332558,0.019430051813471502,0.9783549783549783,1433
MB_img702,11.936435513449128,0.24927030056103072,-4.852977934071402,-0.2972484617103568,-3.974372537820754,-0.2332255966177404,-5.237863373248899,-0.8971265091121171,-9.557228760653878,-0.3775786127980257,-2.2715946703398817,-0.24405381674608115,2.0178993818447846,0.3136032302364308,2.139599811747731,0.6488742645413492,0.8507230318387536,0.08180225458460867,0.16666666666666666,0.757396449704142,807
MB_img703,12.689500889288144,0.13838224793572407,-2.9682709475496307,-0.27686882997645584,,,,,-11.082554083800819,-0.26040448430689556,-5.407375343913289,-0.48163635487796685,,,,,2.6305337744336503,0.42548153663072313,0.014017150395778364,0.9831932773109243,1096
MB_img704,11.035928101581437,0.5120861957600259,-1.83422038458678,-0.24989627937038755,-2.735896144451941,-0.3339143628885291,,,-9.655718710070026,-0.4572375244039116,,,-1.3615536330537639,-0.6301983513842158,,,0.8071303720822219,0.08837356726361428,0.10050675675675676,0.8397790055248618,362
MB_img705,33.12667307367873,0.992804498595796,-16.443134584859067,-1.8404828528976434,-10.353117607504792,-2.153680637946723,-5.426206752032368,-1.928528244866962,-29.39091011476303,-2.585974563225578,-7.958232393534353,-2.7362801512161927,3.387426538867483,0.5961869383834102,1.4643391212811874,0.5116318975176357,8.781847350570558,0.6111175864171319,0.03806584362139918,0.3892857142857143,556
MB_img706,30.202076765399443,0.14223835921576547,-14.061049938100131,-0.7431558832382762,-4.958543451971266,-0.7607941431301906,-17.67486399733041,-1.7804055501030478,-37.70366445233088,-0.864600040450495,-9.029057498068461,-0.5142124539778006,4.38755950247087,1.6633085524408973,5.6590770712890395,1.6571775682725587,14.344083259106844,1.4712067747028397,0.0188180169286578,0.8195266272189349,2057
MB_img707,49.66324587786359,0.5500200752034106,-24.108993899064757,-1.4699081390205968,-15.230846623229885,-1.1054243917392628,-8.646625723311356,-1.1786008325499049,-41.30739078321021,-1.1672082690458518,-6.940817406716252,-1.5496691707264905,4.935562509253304,0.7024591864595151,0.33213367318729714,0.11344985267565696,14.28229771303297,0.7469324389252526,0.04335187057633974,0.6059817945383615,1747
MB_img708,,,,,,,,,,,,,-1.3980800062292968,-0.061822580156307094,-0.05227666886934934,-0.02325535230030289,-4.317113766645082,-0.1519707303833888,,0.0,1458
MB_img709,,,,,,,,,,,,,,,,,,,,,41
MB_img71,27.411707470332377,0.4105456651590337,-4.584656974348959,-0.765534746362977,-2.435009413090704,-0.20267891376217,,,-24.08561346862349,-0.5651272273042249,-23.369722693196238,-2.0647137509835827,-0.3241441365081476,-0.24488705912353456,,,4.600399931008448,0.6888713059651611,0.023373983739837397,0.95260663507109,1559
MB_img710,25.367105616645066,0.6297860165282808,-2.3570739445144535,-0.6284819943838985,,,,,-22.90058315577315,-0.6603277820382061,-8.43401582550727,-0.9253338875431015,,,,,0.6479985286868201,0.11735695063815874,0.0027066929133858267,0.9375,1158
MB_img711,11.679073809469712,0.12765526019434398,-0.7767515695751309,-0.057851274529568966,-1.7339912502447474,-0.18216983431363495,,,-12.388038925942794,-0.24635995571725755,-6.065135939615212,-0.4658953346751283,-0.1467005679166909,-0.09536185612286019,,,1.608003289929402,0.18333760620545314,0.024168165467625898,0.9800796812749004,1712
MB_img713,26.342397957389704,1.2296562119221106,-3.2884239196148015,-1.0432808673287641,,,,,-16.75837888117589,-1.020098594959552,-14.396336033541633,-1.4293606783433777,,,,,0.06788919315768585,0.015020116350911663,0.014655172413793103,0.8888888888888888,461
MB_img714,38.492858126824174,0.2716321386562623,-18.86464307614206,-0.9431780936298907,-14.556182643523623,-1.978626349207433,-10.627266631979403,-1.2505455115142172,-32.19925309051225,-0.6095785986917115,-15.445759911227178,-0.7614341544577902,14.984411324919254,2.5289126121022782,14.465795555186206,2.5094298695537987,10.582235718100426,0.6985739405559837,0.02420916720464816,0.6743362831858407,2323
MB_img715,18.327112537320282,0.08304747592491646,-2.471697580961868,-0.18155111826168036,-6.399943172502532,-0.38518151511958454,,,-14.290179711220073,-0.34094243006930036,-14.839774134072165,-0.5523016708854028,0.26794838605069476,0.1480011628875538,,,0.21460593320928686,0.06553900269558106,0.01564537157757497,0.9757785467128027,1839
MB_img716,31.04948436565865,0.320720238706678,-12.248218008303322,-0.6675952258847629,-11.175875143324468,-0.9333485800147203,,,-27.92508207684925,-0.8084970167492871,-23.29929208298169,-2.8837763090343684,4.1384921251757945,0.8918050500713278,,,9.728386003019796,0.7157978619540594,0.044957310565635004,0.7987679671457906,1438
MB_img717,56.74758099704289,2.180463975585761,-20.234864501870756,-1.3194079328732777,-13.7249627793866,-1.2410373035612627,-17.960114089737154,-1.7813678470889958,-16.603933521497385,-1.3551777744067293,-8.317556915946605,-2.4926772580435412,3.747533956908174,0.16510504176849702,4.03040143505632,0.16170019665144625,1.0992894359432681,0.04281325512701832,0.22804659498207885,0.13298750294741807,1892
MB_img718,33.751566994788966,0.42221412549844894,-7.311740920003626,-0.7957669477823921,,,,,-38.92054414421263,-1.1804387367721103,,,,,,,6.832295628228306,0.7576216647197122,0.01310641627543036,0.9230769230769231,1006
MB_img719,,,,,,,,,,,,,-1.2730587873945756,-1.0565835283663676,,,-0.10136279185473213,-0.016181174305730357,,0.0,136
MB_img72,,,,,,,,,,,,,1.076281549137918,0.37281767122780135,1.955738731240245,0.7429893817939762,1.4581104564248577,0.09043259843814679,,0.0,356
MB_img720,23.079402123410013,0.05287326170667524,,,-28.881149519511233,-0.8644866873383013,-21.34323577043916,-1.6314570885499908,-14.933982013818092,-0.523600086781887,,,,,,,,,0.025522908366533866,0.6584699453551912,2185
MB_img721,18.301968531063025,0.3174678169428396,-5.239806125482904,-0.5228299685599762,-0.006066941025521609,-0.0009014027415322508,,,-15.222276971607577,-0.3225047880899566,-9.911621284220757,-0.7533905976659918,2.1913623027454054,1.0242475462466771,,,1.9874331959024734,0.20414071678022522,0.02264747191011236,0.9024390243902439,1387
MB_img722,28.097276513699878,0.3153801851749768,-4.429117776040639,-0.747506753947792,-10.328294421127811,-0.507863568081029,,,-30.215484638055244,-0.8390613858367593,-14.164636122792837,-1.05448231523645,-1.2014188903618674,-0.7634115744700071,,,4.538866765271172,0.8334375693033176,0.039603960396039604,0.7389705882352942,1393
MB_img723,58.5140313769204,2.4626510922129112,-16.83885368495989,-0.8281563963042012,-8.172793578422086,-0.8890961759584907,-24.85494451904951,-1.5726834719217537,-7.9706563758068745,-1.3090597425015846,-0.7918000023137586,-0.3259619961718521,2.163043317547177,0.07773294265968031,-8.592932980826458,-0.18135984274790956,-2.347220894646488,-0.14177326946161098,0.38127240143369173,0.09904252033357357,2635
MB_img724,28.625896481916687,0.6982562082424505,-16.04676459796766,-1.0908114470954895,-7.067938109070616,-1.0003555500321206,-8.806481052904708,-1.8707820069070111,-17.36912951154293,-0.5533493621190109,-8.281693730212599,-1.2452597041058178,3.7209187445349663,0.6022404921529917,7.460986939648702,1.2150128909708504,2.5429953423339047,0.1311833635524498,0.07017543859649122,0.5052631578947369,1089
MB_img725,11.327895111847743,0.5922904150140164,-0.8992976937117207,-0.23143240844796514,1.0254338539410712,0.1799231789024865,,,-10.931938549468166,-0.5435537677746792,,,0.882759791018327,0.4865092544118819,,,0.5120494704015122,0.0967206579438603,0.055952380952380955,0.8405797101449275,255
MB_img726,,,,,,,,,,,,,5.409148138556341,1.7479367119872093,,,-0.8829706920658,-0.18708555260049542,,0.0,110
MB_img727,,,,,,,,,,,,,,,-0.7053367989832943,-0.2969817377571315,1.9116846396614253,0.31447627385187416,0.25,0.2,73
MB_img728,16.581125150905887,3.0424055662649994,,,,,,,-7.1706143927720465,-1.21077248341752,-3.185342361353277,-3.070389327891398,,,,,,,0.0,0.0,105
MB_img729,20.250290578688293,0.16828738222830886,-0.6208961171637823,-0.06454844930233734,-1.8122844325781018,-0.12613497709635915,-16.449140460165825,-1.5336545051374808,-19.039560412590664,-0.41051946303827636,-6.651052777846071,-0.3752268410545411,0.18709436116381598,0.11768302026117407,2.664414286437332,1.15200309344505,-0.9228924721718919,-0.22826898767311726,0.027492389649923895,0.7687074829931972,1900
MB_img73,25.245196743402897,0.1037191990344181,-9.093413071455478,-1.138972605890864,-7.749705668975081,-1.1154267726554807,,,-29.380109200586237,-0.8100540490642881,-19.11921776117026,-1.0150542136581466,4.432094967275371,1.588573754273535,,,8.538102707413927,1.9196952032435193,0.0035133136094674558,0.9298245614035088,1571
MB_img730,25.445745063058776,1.15802688107282,-3.5059850623385134,-1.4739724076018794,,,,,-18.38552452737118,-1.1710509904846442,-12.096635980954002,-1.0564871913464733,,,,,0.040886727464259136,0.009112352677672223,0.003676470588235294,0.8571428571428571,430
MB_img732,44.3733466270205,0.43679297303185116,-41.152758157305236,-1.9312621902201772,-17.987560972717265,-1.4267478089065775,-16.609087454169156,-3.823239844131022,-22.672687594686565,-1.230059992434946,-12.09512140020327,-1.4810309853987333,11.795183018339422,1.0883084181276603,9.309142684079161,1.29689930039584,14.498251152735595,1.095600910694016,0.06709215442092155,0.36619718309859156,1204
MB_img733,23.421024795313524,1.202272000823552,-5.554352628151243,-0.8710318752242675,-4.073259230122674,-1.4895429356424734,-12.275148960668401,-2.5584775671253794,-11.882330228612584,-0.5069000464413594,-1.9842470311606337,-0.19744606420621688,3.828656819490843,1.0923401721467105,4.379743988444747,0.5824706332934999,0.5799268341844657,0.034960633117847986,0.056472081218274114,0.28061224489795916,866
MB_img735,9.795245883043858,2.5104570643575266,,,,,,,0.36336200897911,0.06166467777379542,-0.8912476467392206,-0.3379964635150159,,,,,,,0.0,,136
MB_img736,29.073161927488737,0.23164296892130218,-10.605009823105163,-0.42740708909863656,-9.256562529696568,-0.6401908811690177,-2.5842477830223034,-0.395385441818126,-26.225210341154714,-0.615225621089208,-12.558697551894726,-1.1183528037469792,1.3157557725492401,0.3213646521772563,3.0247139383777717,1.2039308854889108,4.860246026630752,0.3775267043793498,0.05371732026143791,0.853416149068323,1787
MB_img737,54.09863966235885,1.1705418698203836,-30.155593960641735,-1.6248103563071898,-22.12074727441443,-1.6755148679322605,-17.033696654286913,-2.160893672357246,-23.496310516406144,-1.7847831421875755,-12.902311682045625,-2.2440878769493193,8.36968499187329,0.41494575688328406,9.98907887416975,0.6108074628724217,8.978028460601745,0.42058059329507347,0.14524021352313168,0.2489946380697051,1540
MB_img738,54.417986576831225,1.227209437634224,-25.88163824913558,-2.552622992009278,-14.401725429236915,-1.1991924571575032,-17.15554187000304,-4.107722736812614,-36.226654313292045,-2.3514286588407862,-7.558376894326608,-1.2415690385108462,4.731826568644255,0.39376478299502604,8.236061624535957,0.7892633949853254,14.95189417660614,0.5637324717304165,0.053964757709251104,0.27712031558185407,1220
MB_img739,25.347582827665903,2.6651457306683675,-4.4949518722797706,-0.427460228567831,-1.2731890001798745,-0.220892738206719,-6.091289266391648,-1.1015623858180983,-6.413272970379176,-0.8738387592502916,-1.9646709996305094,-0.8229340480283716,1.0539623893434111,0.06033808094037424,0.4573161131452438,0.019675519922454046,-8.899717030326276,-0.3821192262573583,0.4676724137931034,0.09470429068419019,1071
MB_img74,38.567977147844815,0.4563786811925999,-14.679329613051552,-1.4514853063054516,-8.923591440474704,-1.288452813892231,,,-34.6726791893244,-1.0520205088544905,-18.279021456227948,-1.0305700869895777,5.776582245499877,1.5343364276511882,,,11.372569674753493,0.8719560102404699,0.016636141636141636,0.7435897435897436,1384
MB_img741,36.37880795506033,0.13372148628437847,-7.577734831520377,-0.8712804257651396,-19.034818272644706,-0.8054369820729887,,,-38.23726555151513,-0.6803635225829364,-15.81970830670986,-0.9526184728215401,2.9096925425436737,1.1340811854477877,,,8.786905045485401,1.5066036204290794,0.011838085539714868,0.8997772828507795,3618
MB_img743,106.15651010994115,2.495650372065393,-35.26296376509106,-1.2521409342535983,-1.5330246847565077,-0.06695459687160628,-58.55372586469893,-2.0854584384726587,-1.8668092434232846,-0.0826293445535995,-10.500945278426379,-3.0716232489431508,4.092086205877095,0.11115368850334138,-6.919245333356323,-0.07304278886224291,-6.057365308728085,-0.15803805064509333,0.30815439672801637,0.08537466342680765,9576
MB_img745,73.67957241490443,0.6787437169208053,-32.31529034281427,-1.4653122497393793,-37.76253817263551,-1.4603009653278418,-14.579483346859533,-1.7265083219906596,-48.02959311519864,-0.819789769048156,-22.801390403366685,-1.919986292105812,15.884248947272992,0.8466333853423441,5.586393753702761,0.9670414025307145,10.388417776744152,0.35031533280240634,0.061355835240274596,0.4643281807372176,5590
MB_img746,90.87599511466551,1.9977716452285117,-40.08904368553626,-1.3745540864866348,-20.650044688483884,-1.2232558985023203,-37.8834111146021,-2.0283994449588962,-23.955797132959482,-1.3759148696338344,-13.4810705347495,-1.7328450903044283,4.942174932535874,0.12602977246965585,11.886163025064794,0.21771592616225974,-5.5367580035507675,-0.139175782983854,0.22389001009081735,0.13465841779649862,5596
MB_img748,17.252207700105014,0.03570641073382555,-4.745341149068159,-0.15143511232959259,-5.9807580978899795,-0.5222330316123996,,,-21.81308909405157,-0.3047368309939615,-9.564566624721314,-0.38973117462714585,2.6227478285514025,1.2009126939259966,,,4.987185991577186,0.7490384264667812,0.013616485555261066,0.9752066115702479,4246
MB_img749,42.748099202071415,0.10833449118557126,-8.52103529132198,-0.7699700433033977,-13.325703068530103,-1.2349917412488023,,,-55.979903242311615,-1.0323977294304012,-25.87169211998918,-0.8969726813660092,10.846034797561265,2.4839848529963353,,,9.280562650612591,1.743492501255357,0.003098373353989156,0.896,4475
MB_img75,56.32914387383605,0.8495135263290593,-23.656572252051625,-2.4322056659946343,-11.936629431062762,-2.1582562288113407,-12.554087676752944,-2.2942531364445142,-37.13405545424569,-1.2940070442806249,-31.635649042147598,-2.1398902146789487,9.52258521208231,1.5831602580871709,8.375941892646688,1.6344194341666347,12.113500372675594,0.695586716658746,0.017139479905437353,0.33171912832929784,1839
MB_img750,80.90188708065743,0.3548678555919954,-73.52701791926465,-1.707601769726032,-41.90812610873719,-1.376748775248362,-31.982775017287427,-2.2736433993395546,-46.59671107347369,-0.8125991291038769,-13.367699749935444,-1.549584201350125,26.636933633597582,1.198236590636723,24.056050578012627,1.66046881269203,25.22182315216052,0.8740957026363002,0.05904296372523797,0.44435418359057677,5726
MB_img751,40.13184884103111,0.39136816988956735,-43.332071739262865,-1.0334798573424948,-29.897722141873007,-1.2554080353260826,-37.24766540171651,-2.238988889058217,2.5905711639777773,0.0322909378721994,-21.204079179803667,-1.4036284756793451,27.84023121299497,1.1782483190865234,15.197142890960187,0.7860022939441611,-20.612004296656632,-0.6603713670330106,0.0879885993485342,0.4015901590159016,6602
MB_img753,26.526478508638355,0.0694941954522399,-12.606590704713131,-0.35064305486038433,-9.645910675807391,-0.3076823494970786,-11.988737038618133,-0.49923467132965227,-24.139549239343243,-0.2818108381721104,-17.398564453784186,-0.5892369913386779,4.976738321227546,0.9915795770246999,3.0435635066573816,0.9019077433187543,7.451300022910497,0.6659932842324622,0.03534069097888676,0.9150360453141092,6334
MB_img754,60.96050689339091,0.495719457299747,-45.84876018578123,-1.3360838499994838,-33.422317401158566,-1.104769628965444,-10.977773267487992,-1.7358230082588824,-32.009456595085084,-0.693289407955257,-25.64939592276635,-1.0480883755043349,20.176161419812054,0.8168548214305568,9.529137628452325,1.3097261810649214,12.538315028207133,0.4292072022087268,0.09524760383386581,0.49102194635335844,4559
MB_img755,76.82463628924712,0.8494172071089348,-51.235478347808055,-1.1340717292001579,-24.016216020258934,-1.1044515233075456,-25.804939211249128,-1.215080297369547,-31.528155090490255,-0.8726086021028837,-18.938989948596355,-1.6024062840045072,12.801010895143305,0.4089649350293631,12.386126344488003,0.4586775019367654,13.689411646691633,0.3040160966328998,0.1953342618384401,0.3634534304331161,5533
MB_img757,31.956750626386636,0.17217151414637666,-21.501493284755483,-1.0672924477533743,-19.37094467667327,-0.5485929791664581,,,-28.247420854693566,-0.335474594038931,-14.652700222351628,-0.7862374378832611,11.251858814943398,1.485125774400905,,,10.277929766847336,0.6489936562661487,0.034057288864981175,0.8043193717277487,5475
MB_img758,85.44514045515466,0.21096356447734835,-17.58089807182219,-1.8142549477251813,-43.545435537210736,-1.5848393145330704,-11.555892660316507,-2.157416901363239,-84.72201601003951,-1.2220373590510332,-55.53324161903865,-3.3796244565233455,14.313000598568903,2.4335169198865043,5.518641623155858,1.6954889581900472,15.054960956353618,1.7279996122355799,0.009769283160224757,0.7309711286089239,7359
MB_img76,23.316115424296708,1.3840822018777994,-5.092599755663745,-2.7311832415721997,-2.447573397807269,-0.3779374924346297,-4.735873883760703,-2.5801454844233804,-16.41297242631877,-0.669593751188333,-6.320621326048292,-1.1583791810346804,-0.9214049483863964,-0.5160151470036648,0.05240807022800923,0.03406183607363319,1.6759437162302169,0.17550984632967975,0.042483660130718956,0.48091603053435117,740
MB_img760,45.13854422432783,0.6480518642833142,-13.496483860279664,-2.8509993947164736,-10.304742499760977,-2.288936269276551,,,-33.04721597571653,-0.9043848495204675,-29.85350007706999,-1.2755740103253457,0.008855576864551544,0.005420275784253042,,,9.447622576414554,0.9748847518730428,0.0038252714708785786,0.6666666666666666,1990
MB_img762,43.40678693512696,0.1598840361897168,-49.211133966068495,-2.336861868704557,-32.237717680202515,-0.6676215306823523,-22.84849274007549,-3.8569856897822046,-33.495007722639485,-0.5402327702767303,-4.855767571032653,-0.7501777055930572,25.212962911868296,1.6839713120710804,24.96815502292542,3.180931361099331,24.0960419855975,1.3629120135871342,0.057926829268292686,0.6345047923322684,5040
MB_img763,42.74990917514864,0.17174076501012045,-29.294434232214567,-1.3056426767269416,-28.389876519535072,-0.8019141228066287,-9.03457401992289,-2.8525981703790686,-27.191969619829422,-0.4294843886911601,-38.07859512072923,-1.869632163187091,15.492045942367003,1.6171757420084845,1.6289298030598518,0.8332845550335777,9.03085269109856,0.76785960211199,0.0349095646842428,0.7192575406032483,4245
MB_img764,28.59353396772988,0.0587084488893853,-8.243523011250172,-0.5627344047494703,-15.803091903882704,-0.42335908823770807,-3.389860785837809,-0.27416714816841725,-34.19328822822021,-0.4258457971155468,-21.96054850412658,-0.7212449536907158,13.78291397988951,2.6791892628870055,-0.6300904618309604,-0.45417589318580204,5.642702336905832,1.1392357973711722,0.01649135318238545,0.910828025477707,6466
MB_img765,48.021636404157434,0.31769589895747113,-10.301059449354222,-1.1319186788625675,-24.13400159811821,-0.9076367811125217,,,-43.17414362365568,-0.7905713460981925,-13.343451499629097,-0.8146785889699,3.683746016992496,0.9501580495126879,,,9.232862110653418,1.0094019217252879,0.026799100449775112,0.8178694158075601,2925
MB_img767,65.91081490541168,1.240268627892788,-37.47494223984594,-1.4296004752329736,-17.754138664973787,-0.8334473439621625,-29.395922056044846,-1.064452873936422,-23.135748473019966,-0.7524714677145775,-11.177538029604063,-1.0110766770109012,13.933421394750528,0.5401845667794372,9.582941105062925,0.27583007414141797,-8.709562363737948,-0.2818430807119454,0.2208777686628384,0.2578158923143726,4511
MB_img768,52.9856548482789,0.17652318335423545,-12.892239875248782,-1.0664882791306418,-9.760842066454313,-0.7135515958158097,,,-59.78145052874907,-0.9833544475838186,-36.0563817833419,-1.4906492257661845,2.19470082893888,1.026205070347394,,,11.984818076244737,1.4436780443368575,0.006827891364052487,0.9483568075117371,4133
MB_img769,68.00103089825166,0.9452325108698717,-30.173901866780852,-0.6121346908700591,-19.750718849407384,-0.7440513703186401,-41.427645925767756,-2.3128917125750363,-52.530903935606794,-1.2151256614701864,-6.078156932409852,-1.4827309669439128,0.7962540472294067,0.03470671855875359,12.772454166846233,0.40062626055557515,-8.281064559325161,-0.17410515058234488,0.2167329279700655,0.39621226326645415,6078
MB_img77,17.468428633604983,0.24873635264135663,-6.306800371881642,-0.3306927163040966,-10.806300340856884,-0.3729004674719041,-4.937806856731805,-0.539172013473071,-13.436265202810945,-0.3220965054036074,-2.793517801530594,-0.25652937715263935,1.2460223907362484,0.15099415349833567,1.051120304710384,0.34109035197425663,2.401196955163595,0.17625063969172727,0.15765204386839482,0.7326478149100257,1914
MB_img770,25.38061318022026,0.4603448148259541,-4.068301621023412,-0.43172580733699567,-2.5209117158120153,-0.4184280884796178,-2.0241451967793602,-0.42849975908540633,-17.52067303821979,-0.41183357667245535,-22.44848277330958,-1.1799565174804019,-0.28262412633698747,-0.1795110502715101,-0.4031574865144501,-0.319039815562536,0.8467910938959899,0.07846845750972842,0.027777777777777776,0.9110169491525424,1756
MB_img771,41.46832024015802,0.3161346663061359,-5.192488398620867,-0.642458376579441,-5.066100408597928,-0.7273648238839303,-1.1003718704481444,-0.1037613843206151,-39.28677040907677,-0.5676000163554449,-19.45946739810687,-1.1425391136472334,-0.8884437135716549,-0.8639384504239714,-0.09688546048210844,-0.07038932789139803,4.248475380212247,0.5012286215894005,0.010475161987041036,0.9578059071729957,3920
MB_img772,47.95434857457741,0.4479045259754574,-17.13806173608087,-2.4715472381640358,-15.1327243862045,-1.0834373370518668,,,-44.570175844711514,-1.2061396944818215,-25.507298212360862,-1.0248696356805176,14.840262448192322,2.3085325015183193,,,8.415720765507288,0.8479736374677506,0.01527476500361533,0.610126582278481,2216
MB_img774,64.53631155166337,2.2151240528661704,-8.30850960210711,-1.7861010726346214,-5.3781504989568525,-1.4225559559597512,-21.92772032106107,-4.221877081077034,-17.098158992469568,-0.7352759962060832,-29.65924800683287,-1.6197710454099448,7.358058175702631,1.449690321244904,10.83779861987996,0.975035656134631,3.3344455583847425,0.21617048051976798,0.016554054054054055,0.06655974338412189,2519
MB_img775,46.673969537516385,0.11017641896518966,-13.95851953080191,-1.2996354202689084,-10.021890912889196,-0.44163170929055684,,,-59.546439981809556,-1.0421387348895077,-17.556493293278287,-0.8547753756154803,5.009386133554784,1.7429893817939763,,,14.295817751536541,1.9902793902379161,0.007915103189493433,0.9415204678362573,4954
MB_img776,64.86052346030336,0.5181833343327031,0.13935559965712438,0.02491458565482545,,,,,-74.37640615087254,-1.0828397279881323,-13.945255823936648,-1.1013877023110135,,,,,0.16805534492468807,0.03741396164311694,0.0017103205629397968,1.0,4589
MB_img777,22.068322282003994,0.14223449046318762,-11.506756980362805,-2.3485672199857337,-3.238388480219195,-0.37735515422115157,,,-23.256365789474337,-0.5403961098503866,-12.745425171169105,-0.6189590400082483,-0.6328309358624091,-0.4750848829487828,,,6.644854336047316,1.3020285374496576,0.004056603773584906,0.9661016949152542,1737
MB_img779,64.45686264776074,0.16421370149589234,-12.580153199484789,-0.8944266300424628,-36.22675167737584,-1.1657073088875336,,,-70.62543142222802,-0.927258897879448,-31.77998712400184,-1.2388700802813415,12.797053939160813,2.4271667209964907,,,11.920937349051425,1.4560775235196137,0.012958374628344895,0.7974193548387096,6282
MB_img78,41.73347469707299,1.1498508308963833,-30.854825513775715,-1.6339244908024813,-13.943175436510959,-1.2230411065820492,-14.372222843155658,-2.1245940069505345,-17.47670258209485,-0.8481169261083565,-8.524933162909818,-2.330811452630198,9.292619687155627,0.5243929926244774,7.857015711261107,0.5154153274511203,5.059429468032791,0.17039577947452172,0.13991053677932405,0.25427176566314075,1559
MB_img780,79.66316680639227,0.9326813805331086,-30.95116901994359,-1.2957450835237703,-36.25774186339924,-1.697399955142898,-19.448863371492287,-4.153805336079035,-56.15733833858763,-1.4143316605885665,-22.985668849312493,-2.8880473872950474,18.57846922299945,0.9121854320359323,4.56960751153162,0.646583636741535,-4.7164904753285155,-0.16463581694428822,0.07334770114942529,0.36185819070904646,4192
MB_img781,72.93657035779658,0.7229584183017025,-35.082352941112575,-2.570927941518669,-33.718163773902766,-1.1440935269708685,-8.163990487070695,-1.6306883642839205,-40.57394604918136,-0.8258541386597482,-31.95605182441126,-1.7371405638947504,18.904034964470142,0.9751344577501664,7.729270054568767,1.6076825772212395,4.32812486620634,0.2040312409903229,0.06959681843115743,0.4157580021104467,3918
MB_img784,,,,,,,,,,,,,4.384724920909744,0.2104482880662028,1.837628159825304,0.12331017188824014,-2.5937205833170056,-0.08127533690762412,,0.0,2508
MB_img785,58.68949942460331,0.5472198990205434,-12.56290639372654,-1.10126261326605,-14.014868699346517,-0.6957106052447133,-4.8573673482511275,-0.7804055501030477,-60.03003968151045,-0.8658423045772317,-20.632039310257117,-1.2226365601176723,6.6545585152565145,1.1317995227218687,3.984502947202288,1.5563933485243855,7.250906430838865,0.4298656369505946,0.02516936394429808,0.8372670807453416,5193
MB_img787,69.80123906165277,1.2067251985748415,-25.92242171287958,-1.499655866182146,-13.75366662023744,-0.9928057999953749,-7.411027074637686,-2.239139496173601,-45.46176684101973,-0.9010949945787102,-23.5270042206749,-2.1505915322350067,7.2633991743156106,0.5624772280734627,3.154532648143078,0.6768575152758757,7.22261286058186,0.16246667288396785,0.06464757709251101,0.4273451870018394,3924
MB_img788,39.00657600585262,0.1954761062968876,-0.07798234804304245,-0.009039987111517222,-7.419177662206581,-0.9250499647273589,,,-37.11654524831178,-0.4744226663982716,-27.46849885218531,-1.0016673933177407,-0.5910276396823129,-0.4382928515791469,,,-0.34636106473101946,-0.09907561048044633,0.004163804945054945,0.9911504424778761,4188
MB_img789,39.655142319770114,0.3433075230055653,-5.079413306829589,-0.6557334434913535,-12.920497633788868,-0.5623962300297793,,,-31.6547642022646,-0.4498608613842747,-20.359717446857402,-0.5651007037861878,8.45188322982049,1.867273616511937,,,2.118973320132303,0.26015189730067234,0.0261654478976234,0.8101604278074866,4074
MB_img79,28.795425622925247,0.765285546962109,-10.978471265800522,-1.2339602219870167,-8.663671405699978,-0.9677834360272892,-17.97905110930349,-2.232364540390579,-18.66605422443124,-1.2278379451017951,-4.841958149682991,-2.1956625628559205,2.8102686588391195,0.5372337702409303,2.960880518068923,0.46009121022525296,5.60393447241852,0.5982939796852003,0.09019607843137255,0.4084249084249084,541
MB_img790,39.17175413303,0.27421883136027797,-15.676719558415229,-0.8769699603606382,-8.67412249566553,-0.6149120630133705,-7.763439575876281,-1.2130319500413425,-34.58690400336054,-0.551394103626735,-18.192338773228606,-0.8597617232395356,5.195302297966005,1.2515387669959643,5.329037086274938,1.68965987938785,11.158100399099645,0.7557547670172916,0.021053745239102837,0.8528925619834711,3598
MB_img791,75.85112523475411,1.9245531119626083,-19.090064318820602,-2.1060922733815133,-13.703330964572425,-1.5067836067996818,-26.41116969862187,-3.026921753946007,-30.236539086114522,-1.2763801040385419,-26.851960138742065,-1.9886806655971911,7.544377778043948,0.6437187444318028,15.133060889755217,0.8642192183994283,-2.1678769887840375,-0.096304406578784,0.04878048780487805,0.1321716957076073,2563
MB_img792,68.48000027765472,0.21978640794063992,-20.061191993682893,-0.7156987855265251,-38.36303906357836,-0.7201571527834396,-7.589642555940225,-0.9020144956475284,-66.7091155496716,-0.8757931633870643,-26.99067540230765,-0.7484325759769926,15.05558176397171,1.3524198089124022,2.7981409285328778,1.256454257410081,6.390031162101839,0.5374328730597593,0.052461822011585044,0.7774725274725275,7860
MB_img794,50.008894338988306,0.32191684874755616,-28.339488714224654,-0.9949304474849927,-20.876199532771267,-0.7395535649377366,-1.908175217937855,-0.387889955569591,-44.72644024995386,-0.7443729570625519,-22.627712032276584,-1.1613400272530916,11.956948644412526,1.122328450045515,5.765606379901759,1.8046524016777807,11.535231376501205,0.5586652309323157,0.051639916259595256,0.7165748622934401,4460
MB_img795,79.74120476114408,1.3148236164829246,-37.477921432143035,-2.886033258429208,-24.775640384110698,-1.9124821009326902,-25.86167928595557,-2.8405520943937854,-51.757770776966,-2.428131774730191,-18.938481056157425,-1.9769745589012762,18.37777082794302,1.009418073569382,8.203231985633884,0.6129516947917849,5.693454051090606,0.20336079221818368,0.048574445617740235,0.18292682926829268,2689
MB_img797,69.50301274186907,1.1703239959841885,-40.37896145495581,-1.806034526216213,-27.763947258222654,-1.5497014221899823,-32.92640817042415,-2.416487046392486,-19.51807669001718,-0.5608847977257155,-17.567346165683254,-0.8520478287430914,17.12204690635694,0.6976303909366129,15.492090061553885,0.6282806864018419,-3.2779045367578172,-0.12588303409330975,0.10230099502487562,0.2089389534883721,3758
MB_img8,40.79519318268953,1.0630753154908614,-17.100026870385626,-0.935094157265825,-10.13524384461526,-0.9360814431746398,-16.042282851682806,-1.9525507089108673,-18.974574584043115,-0.7994164839169051,-13.899106622451676,-1.5475277586005356,7.148959695366849,0.508720721061349,8.379781351932742,0.5959941605558048,-0.8615871986407847,-0.037688126529719354,0.16581632653061223,0.3369813041495668,1535
MB_img80,23.1898317269953,0.2576879466636399,-8.014182532548078,-0.7007384702029293,-6.9075905436766485,-0.5435105259879082,,,-19.835372877226252,-0.5826912569695182,-14.64112007289767,-1.0008910449894104,7.513480318803285,1.6318835481086487,,,3.29446349323981,0.44709470603357354,0.037261146496815285,0.824773413897281,1190
MB_img81,17.749671062178496,0.15032048305985102,-1.7344443701849193,-0.2921273173541207,-9.16162117771632,-1.4064871959149152,,,-20.310561185554867,-0.4451079749844849,-9.203132817314168,-3.3107036572251083,-0.5707576979701081,-0.41683974191282913,,,1.1629167095961415,0.33267552972136977,0.007411067193675889,0.9558823529411765,1411
MB_img82,32.8962613226948,0.21084712429223268,-5.539060452896358,-1.0133346385016104,-11.116706801962037,-0.8437569669844223,,,-37.79479930802522,-0.9480839576061246,-13.616997374901802,-0.8119036227492359,3.7267979114684127,1.5634827733107044,,,5.885156876235803,1.2558389044295901,0.00983667409057164,0.9166666666666666,1772
MB_img83,56.115182397372074,1.5556083191092334,-26.65015142542004,-1.2087569607464332,-6.708663366390352,-0.7532397694127158,-21.75418913383935,-1.3523031794476206,-15.048262734333928,-0.9233435744685455,-15.302263795749896,-2.286057013768368,2.483989833887875,0.165725076264704,7.172193492047011,0.21596253311465127,1.904635569697099,0.07066115062890953,0.2530241935483871,0.21554135037954456,2231
MB_img84,10.879117756308762,0.11802492964381014,-0.38955801027772624,-0.048803635936824866,-4.3995668114982625,-0.4438895051263372,,,-7.175262194552964,-0.1614815615388408,-9.736703869450997,-0.525962225649964,0.7562122618613182,0.4409161311044494,,,0.9394850388414548,0.22891585803529382,0.016222479721900347,0.9705882352941176,1302
MB_img85,31.58938505771236,0.46340910484028186,-17.278227023915097,-0.8059841791928328,-11.028420405474446,-0.5332659540373119,-3.6457645109427044,-0.8551924079591539,-24.55721327417211,-0.5795609634993648,-12.032279785905487,-1.3013810652882107,6.748494864434831,0.6902870320708486,1.3721263835829451,0.5540379275262555,6.743707910050893,0.3510167241217226,0.09588509316770186,0.7125,1987
MB_img86,45.42147548614281,0.5680490493166981,-3.864520040231026,-0.8230081863690897,-2.7110388859307624,-0.5923754883760003,,,-44.747053678391346,-1.5312290928398546,-20.745255057086574,-1.362174104722537,1.2411847995795278,0.6159501932048402,,,4.554841981097668,0.8749932690112093,0.004403794037940379,0.9545454545454546,1265
MB_img87,42.68888200416305,0.3912939401410429,-7.991188056956961,-1.315146438353084,-8.517433842895892,-1.1554254317471973,,,-38.51454356352071,-0.9219741674101792,-31.850420012842665,-2.18192861186564,2.796157876682187,1.2863041851566412,,,5.514231882339004,0.9046762917423639,0.006172839506172839,0.92,2018
MB_img88,45.637539313504696,0.76362526358347,-36.024189630663905,-1.5166073215307325,-13.970725613541504,-1.0264794403089252,-13.05315860083236,-1.3413358290639181,-21.22645959182501,-0.8459726607288705,-10.687249044677682,-0.9912750679315199,9.548855264924773,0.6051062323932919,9.558875776359836,0.7327687311613266,5.6329718597055,0.25934933860793813,0.12001928020565553,0.38072805139186294,1713
MB_img89,44.437512305212834,1.6550837851791667,-20.55305154633064,-1.26515101539569,-11.673562060936053,-0.7915893825333936,-21.568391022056613,-1.9050941237431551,-12.40357327951229,-0.6305908051596939,-6.213097811090318,-0.9056943525585492,7.225768173730731,0.30098503195042026,6.27251806112556,0.25317022147366597,-9.49155337432504,-0.3830233663890658,0.23305626598465473,0.17869955156950673,2091
MB_img9,8.061710661561003,0.05233384320398971,-2.5706047366853375,-0.22781971324973585,-3.4135264566820087,-0.24419961720683298,,,-7.719432655283023,-0.18935614812566035,-1.521088336672847,-0.18529732256144044,2.71724548555812,1.15200309344505,,,1.4557555611543023,0.3773927248937118,0.023717948717948717,0.9533898305084746,1209
MB_img90,48.87985108649322,1.0858212919305703,-25.59953100528164,-1.5787342716507584,-7.875951893863299,-0.550948314252815,-24.79652720733348,-2.222298736798548,-25.69081945222631,-1.5841983713331538,-6.537793041333787,-0.6949073645000124,6.405814498857535,0.46664298575394153,8.107917756705103,0.4973666983130905,8.518677561892488,0.3743303538754146,0.14013840830449828,0.3217800599058622,1612
MB_img91,4.97185687126615,0.2832598945904353,,,,,,,-5.947023584033221,-0.3128021910979094,-0.21631479447299204,-0.040234916754370444,,,,,,,0.0037128712871287127,1.0,211
MB_img92,12.415357001803658,0.0792164598954749,,,-9.201304634441241,-0.5194926769473208,,,-9.554422149884303,-0.25621613884188027,-10.207839569292123,-1.0101718050572912,,,,,,,0.02061248527679623,0.9278846153846154,1040
MB_img93,26.206103326117105,0.5932228858936827,-5.9656227893841685,-1.1402974847677998,,,,,-24.903676563600442,-1.0673235531677718,-22.012381076737515,-2.164224002468851,,,,,4.750246422995983,0.7565894102809007,0.011188271604938271,0.9024390243902439,586
MB_img94,20.99353312599212,0.6358306600986127,,,,,,,-21.856304906722457,-0.6402678681268437,-5.4779968530213825,-1.16430358309365,,,,,,,0.001937984496124031,1.0,943
MB_img95,8.11919206959253,0.03667699336724714,0.43150286618429434,0.027218625988975963,-2.78761865852366,-0.16033497001261143,,,-6.648616670585042,-0.1745280977080637,-8.298949165408835,-0.30026677778032196,0.2296374178065204,0.14003045177897405,,,-1.0173690045570714,-0.34908214639108914,0.02553557765876052,0.9681528662420382,1553
MB_img96,23.713139528044614,0.3847365699110032,-7.090808274361022,-1.105967950316828,-6.845940461637801,-0.6481777957248183,,,-19.42804254114854,-0.4610701140330513,-15.02732753393632,-0.6741263813467638,1.9322144954426455,0.7571434761038365,,,3.7148674372742985,0.5217026368878633,0.021628498727735368,0.9010989010989011,1536
MB_img97,40.92366972827124,4.000648548017615,-3.2486004381366853,-0.8978857823473093,-4.088426779731548,-3.970393537914677,-4.279198434601339,-1.9891390073682331,-5.46253511518772,-1.0585385204055688,-9.197410048424604,-5.856612273178363,2.295678681142917,0.3393941859581559,2.2610546530613354,0.26425374954297676,1.3824539978952974,0.09310940439148145,0.059782608695652176,0.05609756097560976,549
MB_img98,,,,,,,,,,,,,1.443947048384712,0.588573754273535,-0.7133617912650126,-0.33151414371656024,0.49247732782628,0.07164601471060114,,0.0,105
MB_img99,,,,,,,,,,,,,,,,,,,,,26
