core,enrich_Tumor__Tumor,logoe_Tumor__Tumor,enrich_Tumor__T,logoe_Tumor__T,enrich_Tumor__Macrophage,logoe_Tumor__Macrophage,enrich_Tumor__B,logoe_Tumor__B,enrich_Tumor__Stroma,logoe_Tumor__Stroma,enrich_Tumor__Endothelial,logoe_Tumor__Endothelial,enrich_T__Macrophage,logoe_T__Macrophage,enrich_T__B,logoe_T__B,enrich_Stroma__T,logoe_Stroma__T,tumor_immune_nbr_frac,tumor_immune_mixing,n_cells
MB_img1,12.132356786101226,0.04424447781762939,,,-7.13714772596601,-0.36037051993595864,,,-16.875500395000504,-0.7803721228133567,-8.415950685798236,-0.6038398071729955,,,,,,,0.018244370308590493,0.8918918918918919,1304
MB_img10,28.5555689074586,0.5128720683126602,,,-10.899299988157557,-1.0399182290831834,-9.973040844034609,-0.9124225332977771,-28.554853146685154,-1.5688607327857413,-18.01168014759553,-2.0904300423216218,,,,,,,0.04954954954954955,0.5803108808290155,736
MB_img100,13.763730356409829,0.03120261782777624,,,-6.097452894946189,-0.42880383244227116,,,-16.578397850917316,-0.9713336194264371,-12.313922536464075,-1.9176002387631148,,,,,,,0.0024112654320987653,0.93,1347
MB_img101,17.35884486019448,0.3029916690459029,,,,,,,-12.486868298311455,-1.1327286839949686,-24.598047427765398,-4.152021127020352,,,,,,,0.0,0.8571428571428571,393
MB_img102,2.1977155172689145,0.002316758908007296,,,,,,,-2.7813601238857792,-0.21377929103173982,,,,,,,,,0.0,,1202
MB_img103,13.219267578460988,0.08836780173469451,,,,,,,-14.159893557259219,-0.8220079997064829,-12.96404053287031,-1.4192178288573156,,,,,,,0.005533199195171026,0.8275862068965517,555
MB_img104,5.514889085216562,0.30209192942311525,,,-1.1881545028968983,-0.22948869001090277,-5.416681086458372,-0.38585675746638465,-6.094767252564399,-0.9726535507492813,,,,,,,,,0.29558823529411765,0.6151898734177215,165
MB_img105,1.8351091333656213,0.00515709591982835,,,,,,,,,,,,,,,,,0.0,,376
MB_img106,24.956507688605374,0.19530850315759204,,,,,-16.92829886242687,-1.1903767327779278,-29.646824857715945,-0.9481520675099628,,,,,,,,,0.017194976076555023,0.6721991701244814,1084
MB_img107,25.969106040590667,0.1319460271511504,,,,,,,-36.4442914502202,-1.7669046251046827,-8.28008786137143,-0.8206895605592146,,,,,,,0.0,0.8333333333333334,1085
MB_img108,13.028776964722073,0.03593327611587913,,,,,,,-18.019747705556693,-0.9997244590108775,-7.530884152982096,-0.9059850910811372,,,,,,,0.0,1.0,957
MB_img109,10.892485678101846,0.02787537445451806,,,,,,,-16.189990219167818,-1.1393399530225068,,,,,,,,,0.0,,859
MB_img11,19.500567950518214,0.24266520290652352,,,,,,,-25.6541360148991,-0.8846096893022306,,,,,,,,,0.0018083182640144665,1.0,758
MB_img111,9.772297701871414,0.011346320943740424,,,,,,,-16.08351345914752,-0.57504651161436,,,,,,,,,0.0011077425373134328,1.0,2190
MB_img112,61.46849579130775,1.1109063285549297,,,,,-61.71634998198209,-5.309241535133966,-16.257758471416917,-2.5198274803984524,,,,,,,,,0.01308139534883721,0.023088023088023088,944
MB_img113,2.3814213190912903,0.001583655872484311,,,,,,,-2.8254976370654385,-0.1997704840181231,,,,,,,,,0.000564652738565782,1.0,1781
MB_img114,17.250861977916284,0.0507230316399087,,,-14.328291675570968,-0.9752715668515952,,,-24.54209121891664,-1.0490383728484316,,,,,,,,,0.006793478260869565,0.7457627118644068,1277
MB_img115,0.13309284361230833,6.93620058734275e-05,,,,,,,-0.8153256135760024,-0.05998210482823234,,,,,,,,,0.0,,1644
MB_img116,,,,,,,,,,,,,,,,,,,,0.0,122
MB_img117,8.954029918875422,0.09833694958383703,,,-4.352878817516642,-0.5119739817818011,,,-14.130861414382176,-0.8500324242339976,,,,,,,,,0.009404388714733543,0.8947368421052632,371
MB_img118,15.581355285865225,0.15761937862040493,,,,,,,-24.049999497169274,-0.9193832731741184,,,,,,,,,0.00042158516020236085,1.0,737
MB_img119,31.610791161796364,0.42264046289852997,,,,,,,-44.226239355106266,-3.2423384398445245,,,,,,,,,0.006423982869379015,0.9642857142857143,646
MB_img12,88.18867578809969,2.218772765520379,-5.29777459430717,-3.2431104971458096,,,-70.73799108247957,-3.0497191468813107,-7.071310293804149,-0.6751898875956904,-4.121631972186741,-1.418086130794576,,,-1.571069979291188,-0.14481008605937273,3.494198145541045,0.9119715068934084,0.08061797752808988,0.04777685722176194,2317
MB_img120,12.227884590425983,0.6388002183667719,,,-5.188713119315326,-0.7776568501937864,-9.958643652537457,-1.9102033296493541,-8.405469837345414,-1.0572139391436646,-8.456893023122156,-2.613853073224679,,,,,,,0.11925287356321838,0.4098360655737705,182
MB_img121,8.786640091606891,0.0383105309661838,,,,,,,-12.964659245799664,-0.8015276543769398,,,,,,,,,0.0017064846416382253,0.9736842105263158,618
MB_img123,9.38673813471046,0.019147734925673447,,,,,,,-15.054284876458585,-0.7387530330195462,,,,,,,,,0.0,1.0,1071
MB_img124,1.4753047719421726,0.028006407702009524,,,,,,,-3.3744507975288776,-0.4054191792785917,,,,,,,,,0.0,,99
MB_img126,2.6174485965835603,0.013204603417259677,,,,,,,-3.517836853731502,-0.4407668212171893,,,,,,,,,0.0014749262536873156,0.9333333333333333,349
MB_img127,14.460200970427158,0.12557658109844605,,,,,,,-18.354730536148228,-0.6786295402574617,,,,,,,,,0.000819672131147541,1.0,734
MB_img128,15.199814362422066,0.14533862239941106,,,-15.527627667895953,-2.1827948016933543,-3.787145843451599,-0.5391765399704151,-18.788444277866198,-1.330365748146277,,,,,,,,,0.010732323232323232,0.64,461
MB_img129,12.121759385635473,0.07039712889952988,,,,,,,-18.159579340362907,-1.1122467469333224,,,,,,,,,0.00019809825673534074,1.0,680
MB_img13,19.363831974091617,0.2032528090933417,,,-8.723347733776006,-1.4647771619758243,,,-33.03988490013837,-2.8490553142953265,,,,,,,,,0.0045362903225806455,0.8305084745762712,587
MB_img130,1.013654224834884,0.004126023553302248,,,,,,,,,,,,,,,,,0.0,,118
MB_img131,1.4558951669766582,0.0007998101658975736,,,,,,,,,,,,,,,,,0.0008829465186680121,1.0,993
MB_img133,7.138916827673783,0.07285332011103401,,,,,,,-9.716145759195188,-0.5692816044168308,,,,,,,,,0.003036437246963563,1.0,281
MB_img134,13.67195109833965,0.20329644510602274,,,,,1.079845274669932,0.1529808603688801,-18.446343427295172,-0.8435990284519546,,,,,,,,,0.009234828496042216,0.9761904761904762,504
MB_img135,18.413327750691266,0.04618302320923239,,,,,,,-28.274454573889813,-1.066927441186441,-7.104861145455808,-0.8070800968275345,,,,,,,9.218289085545723e-05,1.0,1437
MB_img136,31.528490546052662,3.6280312226130422,-1.8662360410664367,-2.0823619695574735,,,-9.960745076110737,-6.0225897490401055,-1.9505069086611022,-0.497695664503506,-5.217612233183823,-2.0711524567327246,,,3.845519790586541,0.7154200638849416,-0.9383810576253226,-0.3791280278949757,0.0,0.0,224
MB_img137,40.50141426021047,0.8178390637571356,,,-2.3935278501618513,-0.5223729760558304,-4.250251800155994,-1.5188498287076921,-44.661033748265524,-1.7116137135507075,-4.480779204405597,-1.7227782623342056,,,,,,,0.003224206349206349,0.9615384615384616,1061
MB_img138,0.9624216925905534,0.00036678512304053653,,,,,,,,,,,,,,,,,0.0,,1099
MB_img139,4.285714459789498,0.012428420711153083,,,,,,,-6.128321354365373,-0.5053437585215874,,,,,,,,,0.005733944954128441,0.8787878787878788,559
MB_img14,0.31177639313359395,0.00012853089597257135,,,,,,,-0.7007522354223091,-0.0554796462240569,,,,,,,,,0.0,,1921
MB_img140,,,,,,,,,,,,,,,,,,,0.375,0.01875,197
MB_img141,,,,,,,,,,,,,,,,,,,,0.0,88
MB_img142,,,,,,,,,,,,,,,,,,,0.75,0.0759493670886076,770
MB_img143,7.679610324521887,0.009394270399835638,,,,,,,-12.092579950069684,-0.7930658572203643,,,,,,,,,0.0029129540781357094,0.98,1482
MB_img144,4.99078228257214,0.00536926457905075,,,,,,,-6.962601301481627,-0.6385565860695759,,,,,,,,,0.0,1.0,1283
MB_img145,4.636680512867775,0.0061554114561635604,,,-3.9738624749732843,-0.2644869386048658,,,-2.1881049231817973,-0.20929739016624427,,,,,,,,,0.006903765690376569,0.9375,1215
MB_img146,8.473559047604574,0.015812602815000774,,,,,,,,,-13.802751254202514,-1.1080849543571327,,,,,,,0.0009095634095634096,1.0,982
MB_img147,13.402099634071694,1.5336525533219583,,,,,,,-14.522108180246098,-1.0434445010678792,,,,,,,,,0.0,,259
MB_img148,2.0195795217377004,0.0008959189335199976,,,,,,,,,,,,,,,,,0.001123876123876124,1.0,2007
MB_img149,23.262714472206053,0.4021218337583757,,,-18.757229238352974,-1.2529807411698708,-11.304660896226485,-1.4686570838502995,-10.452837992996557,-0.8923187628944854,-15.469773737628783,-1.4970627307170943,,,,,,,0.060450819672131145,0.5183823529411765,548
MB_img15,3.0856137792406586,0.005829807772192968,,,,,,,,,,,,,,,,,0.0,,426
MB_img150,10.929987370243637,0.04606672669419474,,,-4.736390889616569,-0.5311829433642298,,,-13.714486338884905,-0.7560043083697343,,,,,,,,,0.002997179125528914,0.9574468085106383,752
MB_img151,10.526517521422118,0.017047528690971387,,,,,,,-19.950270862723972,-1.158256228811341,,,,,,,,,0.0014118158123370983,1.0,1177
MB_img152,6.143933155082493,0.013663859768376467,,,-3.9331931560659825,-0.39223890662641636,,,-9.446040223982887,-0.7842873566310707,,,,,,,,,0.003155680224403927,0.9714285714285714,730
MB_img153,23.48600969572731,0.2469298446426241,,,-20.36724088629961,-0.9140164536399955,-7.54341957086364,-1.0454655183319213,-14.676694595326486,-1.5315195230853473,-21.172673537975893,-1.7290666393746854,,,,,,,0.055993690851735015,0.6453407510431154,838
MB_img154,15.5521402915525,0.0945101943125108,,,-4.472699643416153,-0.32422217176213064,,,-19.555254011016213,-0.6414697230668418,-11.03577209044976,-0.6069914470264898,,,,,,,0.00824022346368715,0.9387755102040817,1059
MB_img155,14.239658137186826,0.029092207714001457,,,,,,,-22.672925969940664,-0.8568243305659481,-8.505698144328282,-0.627217709323275,,,,,,,0.0014831905075807514,1.0,1588
MB_img156,15.062188483264373,0.3501386564833564,,,-5.185310982995091,-1.2971050819234862,,,-17.510915739381076,-0.6644240733197017,,,,,,,,,0.008143322475570033,0.9473684210526315,506
MB_img157,17.83400068776157,0.08724699601463726,,,-1.8811067488210567,-0.1366119097820138,-21.067588970221045,-3.0123132614388517,-19.209755370612342,-0.6129953728624568,-12.69613588866802,-1.046385473271249,,,,,,,0.01112933458294283,0.6387434554973822,1221
MB_img158,19.275103810502717,0.17482628148163545,,,-5.986626684708008,-0.683856833945488,,,-27.879295209081498,-1.299143838836415,-3.427274209924862,-0.4950931617637217,,,,,,,0.008303411131059245,0.9722222222222222,676
MB_img159,1.1163453373181653,0.0010558676523848656,,,,,,,,,-0.47269407097066246,-0.033098810677284866,,,,,,,0.0038447111777944487,0.8771929824561403,1348
MB_img16,1.001693486368984,0.3843744497030567,,,,,,,-1.148437174179617,-0.07476354443138862,,,,,,,,,0.0078125,1.0,207
MB_img160,21.389653689853827,3.0045037342742456,,,-0.4484488740205818,-0.11464465317202154,-7.177102892176045,-4.402244655254077,-6.101622972092372,-0.8481400239640142,-4.377966206121831,-1.907989373301303,,,,,,,0.045454545454545456,0.1188118811881188,268
MB_img161,10.839738326263568,0.01779538079739505,,,,,-8.05437727292665,-0.7963641381396277,-16.548629130550793,-1.5580514945700679,,,,,,,,,0.004,0.92,1022
MB_img162,21.037436390810424,0.09310227338635123,,,,,,,-28.79344088458674,-1.0145448925884553,-7.640212384524337,-1.1400897719015493,,,,,,,0.0013973577235772358,0.85,1104
MB_img163,9.530441482405168,0.24628312877119088,,,,,-4.204358587983207,-0.594747583149468,-10.951418590456237,-0.884547829151551,-5.517271213084318,-0.6741695214935075,,,,,,,0.025735294117647058,0.95,234
MB_img164,,,,,,,,,,,,,,,,,,,,0.0,390
MB_img165,7.973229474573332,0.09954945030730547,,,,,,,-4.050650397209938,-0.4263436961833842,-8.794990247508712,-1.064321691793958,,,,,,,0.002074688796680498,0.8421052631578947,273
MB_img166,,,,,,,,,,,,,,,,,,,,0.0,57
MB_img167,,,,,,,,,,,,,,,,,,,,0.0,352
MB_img168,17.94551673631188,0.4817919186404641,,,,,,,-17.536816654256597,-0.6294826886232039,-7.843311008593062,-1.580516595689964,,,,,,,0.0022007042253521128,1.0,555
MB_img169,8.42737913916985,0.02198240481441896,,,-2.7727866422238976,-0.319586690466126,,,-12.839801688635657,-0.9389203427096616,,,,,,,,,0.00190951821386604,0.98,877
MB_img17,12.95301722997781,0.08440181500385377,,,,,-6.035355341213742,-1.0087130387614134,-22.48280357590464,-1.292583416514261,,,,,,,,,0.002129471890971039,0.7575757575757576,648
MB_img170,34.76001847168291,0.9171246063466973,-8.700760791467099,-5.170325694415555,-12.750399301081085,-3.4868573627766826,-21.60281972386097,-8.209087771580226,-25.055783668583757,-1.4955535091266587,-15.691772998472834,-4.261112872935987,0.7401906940836431,0.41311518714781537,6.762845670533093,1.51916044232541,2.577469895954657,0.5154567260109253,0.002559726962457338,0.02857142857142857,626
MB_img171,15.125421299965643,0.14697071044891652,,,-3.8266960685550355,-0.3076432644525866,,,-21.096212657568998,-0.755157378153673,,,,,,,,,0.01838879159369527,0.9495798319327731,726
MB_img172,3.4971028134560194,0.0033862367787979757,,,,,-3.7688445649790263,-0.33580717229949153,-3.8762376633024114,-0.22445194351474232,,,,,,,,,0.002505183137525916,0.9210526315789473,1465
MB_img173,37.332677534532934,0.273529744437135,,,-36.61720668016336,-1.7347741256042617,,,-31.81157860698598,-2.1264463647754313,-16.769753038523515,-2.219426697814477,,,,,,,0.028044871794871796,0.44370860927152317,1191
MB_img174,9.903047265374594,0.05178356189158332,,,-16.690417314150114,-1.6629650127224294,,,,,,,,,,,,,0.012845849802371542,0.463768115942029,267
MB_img175,21.664255013361398,1.9377073425335112,,,-5.631372538013453,-1.6800027932539434,-11.141010037041521,-2.7538184431735426,-2.1933711351656084,-0.2543122368435911,-8.28601574353866,-1.3441544529146827,,,,,,,0.04525862068965517,0.10410094637223975,317
MB_img176,15.883321503061183,0.03975329083313738,,,-3.4481839366879745,-0.28149594168133085,,,-29.12435713383957,-2.5332446070290104,-13.458371130004632,-1.5230600617952492,,,,,,,0.004139834406623735,0.9701492537313433,1132
MB_img177,25.346247662526743,0.0685149683958821,,,-37.78766902451238,-1.4389532928314102,,,-16.349432696706156,-1.9000348890174612,,,,,,,,,0.019230769230769232,0.5405940594059406,1441
MB_img178,4.381172314474621,0.18468901895063036,,,1.2041296679791282,0.146704218373944,,,-7.090551470548949,-0.7764048315818948,-3.4557069642713465,-0.48347111235355417,,,,,,,0.10393258426966293,0.8990825688073395,139
MB_img179,29.996381063231755,0.1097297587049521,,,-30.917391707756448,-1.2579413529400423,-6.338923003389741,-0.7057567820497973,,,-33.05957386131602,-1.7355925070358371,,,,,,,0.02316640378548896,0.6707566462167689,1431
MB_img18,25.004524553624407,1.287381761485256,,,,,-16.418328940851676,-2.620225465981421,-12.398995634747273,-1.8746564687430896,-13.204657214934828,-2.0841951274164283,,,,,,,0.018028846153846152,0.15384615384615385,287
MB_img180,19.709391361848727,0.999282419760939,,,,,-3.245628841491965,-0.40012207315859555,-22.380088507164,-1.6820327330221185,-6.499498890127432,-0.7435515490332575,,,,,,,0.07723577235772358,0.728,369
MB_img181,15.063994587852509,0.022146927301710626,,,,,,,-25.926752810238188,-1.1168686779459358,,,,,,,,,0.0,,1633
MB_img182,11.73660587874833,0.02796211374531543,,,-9.24631405797599,-0.4079479107397013,,,-12.556360650101382,-0.8353354353621708,-12.630616776960053,-1.2949882676914464,,,,,,,0.015867158671586716,0.9166666666666666,1421
MB_img183,11.528035867232209,0.3101920420541833,,,,,,,,,-16.562748386363836,-1.4504705197941095,,,,,,,0.004770992366412214,0.625,180
MB_img184,33.50278755687157,1.6686717490333636,,,-21.530202758349816,-1.552883192768406,-5.606943831640048,-2.8859647567539706,-16.473364332700648,-1.6947296376160768,,,,,,,,,0.13129496402877697,0.17489539748953975,579
MB_img185,20.154738532449347,0.4116001403542555,,,,,,,-24.264261270498828,-1.2753762997838733,,,,,,,,,0.0,1.0,389
MB_img186,21.048735481318232,0.10853816837925777,,,,,,,-32.02461213556091,-1.4397841616145293,,,,,,,,,0.0007309941520467836,1.0,954
MB_img187,80.78430512345011,2.959901332041153,-2.8103381486688295,-2.012568673503056,-5.52358768273547,-1.5351481055784497,-60.72928350800568,-2.5345250744174663,-3.0700204653298284,-1.518894778779852,-3.307155458402464,-1.3002568697899926,5.497501320124484,1.6682129029119153,-0.9294486215341095,-0.08284230751459594,5.759050847723665,1.8073549220576042,0.14356435643564355,0.039722929035906136,1815
MB_img188,13.62927748950593,0.1844765403590346,,,0.17440106326104385,0.028594399580901694,,,-19.528270260910656,-0.5473517185649013,,,,,,,,,0.012218045112781954,0.9868421052631579,983
MB_img189,31.903782916912565,2.9845999067062547,,,-2.9474468972776844,-3.2241946639704335,-6.565774013552186,-1.4614571230122209,-8.549438628801122,-2.87528859822269,-12.121928716649464,-2.8512659803948575,,,,,,,0.03879310344827586,0.10194174757281553,263
MB_img19,8.629447807921055,0.015980016249745932,,,,,0.18526675134930956,0.013020290823423248,-16.74490120093064,-0.8109473377492017,,,,,,,,,0.006179092382495948,1.0,1273
MB_img190,10.260037457130684,0.2610285729894593,,,-6.2257211450807,-1.5332518519289688,-5.226409424717578,-0.9519340938374673,-6.641590153460556,-0.7401846436691416,-10.641503801149982,-1.2064765251512857,,,,,,,0.00974025974025974,0.7924528301886793,207
MB_img191,24.701526134183275,0.08827931644808652,,,-24.615025988483055,-1.3506936791139674,-13.78047624514974,-1.4148476584941907,-20.943246559310733,-1.7904449702929524,-17.339277997922633,-2.169466930303081,,,,,,,0.012869520897043832,0.5750798722044729,1073
MB_img192,3.405340694267579,0.008752382774076407,,,,,,,-5.247986203746148,-0.29660890016857516,,,,,,,,,0.00606508875739645,0.9824561403508771,872
MB_img193,1.1453266750438096,0.0016495956026941322,,,,,,,,,,,,,,,,,0.0,,304
MB_img194,8.796627868661457,0.019149946372724436,,,,,,,-12.80903663662336,-0.7662855634712002,,,,,,,,,0.0,,918
MB_img195,5.559370337970415,0.01585836146114601,,,,,,,,,-10.462615845997371,-1.0621217119077973,,,,,,,0.0,1.0,594
MB_img196,-0.5809052847580726,-0.41142624572646497,-0.913878353252397,-0.8439838440483266,-0.910014836481864,-0.4549278843630515,-0.7389068403395753,-0.5025003405291831,3.4976581903578188,0.3280890795140366,-1.7530484841399403,-0.9971117206751736,0.27978994338551666,0.12172052650900726,1.7610825702353543,0.7460107337692132,-0.8282662017165449,-0.08611368018441441,0.0625,0.046242774566473986,1279
MB_img197,36.72903470624381,1.1689958721610663,-7.231695548701254,-1.5118053539935326,-8.887362420972,-2.0732749529047245,-31.40603614439743,-1.980651030643489,-7.8191891003836975,-0.4353861446706462,-6.660620721523059,-0.9566142875572269,1.8099837538387025,0.6627646523247891,3.850539586985289,0.4041837414191097,-1.989616817533611,-0.45472047766822515,0.07018927444794952,0.18953168044077134,923
MB_img198,28.035216106227935,2.066923654352298,-6.664169575798124,-5.2761244052742375,-16.51017981340636,-3.2369071263688936,-5.936456799201935,-4.879705766282289,-7.2940469456189785,-0.4689746683027868,-6.026901624238104,-3.4978252309881133,6.76490207653766,0.7756950677495505,9.653726508343281,2.0252774909921083,-13.244779069904416,-3.2069917866936173,0.0260989010989011,0.029411764705882353,607
MB_img199,32.15070378956722,0.5413163773389663,,,-1.0659910920977913,-0.21437352443645438,,,-38.25677524114813,-1.4398698598745516,-9.772045665983672,-1.3790895103196936,,,,,,,0.004807692307692308,0.9642857142857143,750
MB_img2,16.368774904746452,0.0909344940104522,,,,,,,-24.652256809228337,-1.1255044239656447,,,,,,,,,0.0023688046647230322,1.0,764
MB_img20,18.879103105259787,0.2804600484523779,,,,,-7.835556998620486,-1.0398231497980164,-18.680916522238025,-0.5523022956198818,-15.348967394896421,-2.425199983817998,,,,,,,0.00528169014084507,0.7272727272727273,879
MB_img200,10.753595577647175,0.02593077576099054,,,,,,,-16.553320469407137,-0.8760935482651844,,,,,,,,,0.0010755258126195029,1.0,1082
MB_img201,3.4842319911032313,0.006576914103470268,,,,,,,-3.6894247448832713,-0.2639958820712391,,,,,,,,,0.0019821605550049554,1.0,1027
MB_img202,15.494532097726738,0.03850257274787012,,,-15.177733687557367,-0.3237048096472459,,,-18.10718584063203,-1.780242355750292,-8.49866956464635,-0.7208135083253744,,,,,,,0.058297180043383946,0.8653683319220999,2024
MB_img203,16.01278517715203,0.053040162555635866,,,-5.84717854391933,-0.7043934586340925,,,-22.94791305008743,-0.7415859333190596,-1.3505787191322272,-0.15521782881691973,,,,,,,0.005443886097152429,0.9733333333333334,1303
MB_img204,10.698401628837313,0.09423388274082901,,,,,-4.8224538759298445,-0.4072960937661098,-12.756100124766872,-1.0926311591624567,-9.152889857812385,-0.9732176522054324,,,,,,,0.020061728395061727,0.944954128440367,459
MB_img205,8.810041228972276,0.022161838121423166,,,,,,,-12.50049096992947,-0.5621369419397034,,,,,,,,,0.0013020833333333333,1.0,1295
MB_img206,,,,,,,,,,,,,,,,,,,,0.0,57
MB_img207,6.251576704182551,0.011849003879095406,,,,,,,-12.7338603529674,-0.9907993053759907,,,,,,,,,0.0,,890
MB_img208,,,,,,,,,,,,,,,,,,,0.375,0.028985507246376812,725
MB_img209,12.664034000443094,0.08333781186182979,,,-10.152694271766043,-0.5636786520169724,,,-12.608126797345738,-0.9476216326067961,-8.865762873132269,-0.766549072917162,,,,,,,0.017699115044247787,0.8898305084745762,760
MB_img21,18.336929163925358,0.06909939926545257,,,,,,,-29.62169241144662,-1.0361622415132767,,,,,,,,,0.0,,1382
MB_img210,6.8162957851442,0.019908734700708877,,,-4.057420855008792,-0.421313626507802,,,-9.873531071094858,-0.686512977572135,-2.938152750812086,-0.30435317180477384,,,,,,,0.004177377892030848,0.92,806
MB_img211,3.9912170911512335,0.008152863707042967,,,,,,,-9.531901742118961,-0.42323280976466837,,,,,,,,,0.0006151574803149606,1.0,1045
MB_img212,5.31945543894033,0.03217428936865193,,,-3.187940226643387,-0.36835175703350814,,,-5.257028147822703,-0.4937670922808393,-4.721442819803864,-0.37263376272940585,,,,,,,0.013998035363457761,0.9662921348314607,548
MB_img213,5.577976901950346,0.01279317815145181,,,,,,,-9.664465303344777,-0.5657582898240044,,,,,,,,,0.004262926292629263,1.0,937
MB_img215,44.10991709680721,0.14492022276897235,,,-10.475678844959914,-1.5764584891418598,,,-58.204144164653705,-2.60222138559943,-27.011580718092944,-2.2454787606280187,,,,,,,0.0011604774535809018,0.8181818181818182,1704
MB_img216,8.29372367390959,0.06542839317641513,,,,,,,-6.596021467821775,-0.6223519541514588,-12.608063978600986,-1.358005198510772,,,,,,,0.0048209366391184574,1.0,396
MB_img217,2.64771083412065,0.0037905126374730815,,,,,-0.982345717150082,-0.06334605088727821,-3.4976255081715064,-0.2678550354342964,-1.9031530617409518,-0.1816068064899477,,,,,,,0.007515822784810127,0.9702970297029703,1288
MB_img218,21.92597868506278,0.26411683307543404,,,-4.160902810549433,-0.4922194485512698,-12.801329450023657,-1.7432636180665753,-26.890191045341272,-1.5364066688148712,-7.782549532261639,-1.2121115293585345,,,,,,,0.020229468599033816,0.8411214953271028,548
MB_img219,,,,,,,,,,,,,,,,,,,0.08333333333333333,0.6666666666666666,130
MB_img220,0.4385665391761056,0.0001275261740490487,,,,,,,,,,,,,,,,,0.0004848719937936385,1.0,2583
MB_img221,15.186792138205673,0.22248819080480284,,,-0.8936823749822829,-0.1348500981167222,,,-21.161692964072998,-0.917405127399131,,,,,,,,,0.00851581508515815,1.0,550
MB_img222,23.927907301779715,0.11733501836207336,,,,,,,-35.7907184714692,-1.5642796944487232,-12.094043124752634,-2.699329525673156,,,,,,,0.0006287726358148893,1.0,1122
MB_img223,28.738181340928733,0.2943844894594312,,,-10.248616164595765,-1.6856964376085495,,,-24.917743083851278,-1.3293272014206328,-25.37676057100598,-4.3874716855580385,,,,,,,0.0015690376569037657,0.6956521739130435,621
MB_img224,1.0537943473236755,0.00036356922124688426,,,,,,,,,,,,,,,,,0.0,,1030
MB_img225,12.00923054340682,0.302539794829302,,,,,,,-12.104849772008153,-0.6572970099910352,-8.515582658111565,-1.6744983154128341,,,,,,,0.0,1.0,240
MB_img226,6.642563799007528,0.04050220218459178,,,,,,,-10.253837469090639,-0.5829322829882577,,,,,,,,,0.0,1.0,483
MB_img227,17.554398684805506,0.12184268428772972,,,-7.17080341983378,-0.611251968961425,,,-23.698115434885157,-1.1627237147832372,-3.7727659699040785,-0.5031063876042114,,,,,,,0.008241758241758242,0.9489795918367347,732
MB_img228,3.3264084808516965,0.6533789638932312,,,-1.025180799174307,-0.2481611293522636,-1.0207139575323694,-0.4365172266892954,-2.573163206929368,-0.1718144750455612,-2.9673566870884143,-1.2069557323872793,,,,,,,0.09539473684210527,0.4605263157894737,300
MB_img23,3.066921016066076,0.08354660215296386,,,,,,,-3.8082545336749036,-0.45725656916572455,-1.6015550970493266,-0.2006254144377423,,,,,,,0.012626262626262626,1.0,122
MB_img230,13.431632163892408,0.07662633914330567,,,,,,,-20.957862805542064,-2.1307811427710615,-10.281818746332677,-1.2992996151646112,,,,,,,0.0,1.0,451
MB_img231,3.9326138605178915,0.007705899964791414,,,-4.506418303490729,-0.1782202379896449,,,-2.3757799203741685,-0.14622074085104403,,,,,,,,,0.01851005484460695,0.9351851851851852,1132
MB_img232,44.74911912643277,0.33891215820188847,,,-30.66620238189217,-2.111436052198072,-7.5620519280649106,-1.7130189698668865,-44.61332506592743,-2.195154070649417,-35.721940542885854,-5.06668438519708,,,,,,,0.007847533632286996,0.38235294117647056,1480
MB_img233,24.971742645378974,0.2010701955340775,,,-26.490876930498683,-3.1291860257828144,-20.701029300505045,-3.143587294343931,-27.754998184375676,-2.505852445033966,,,,,,,,,0.0048672566371681415,0.2711864406779661,669
MB_img234,16.352693794984816,0.15442770750196186,,,,,,,-24.760391518190023,-1.2400487985657607,,,,,,,,,0.0,1.0,444
MB_img235,9.93783571799972,0.14729609076752243,,,,,,,-12.80975018275372,-0.9763776292344557,-12.166824573934283,-2.2698993225830915,,,,,,,0.003048780487804878,0.9090909090909091,292
MB_img236,7.747254137124685,0.0177958681837292,,,-8.564819663188048,-0.38157416069639316,,,-2.7758386120233998,-0.257681171339587,-7.853857499434997,-0.43018898867941485,,,,,,,0.01494360902255639,0.9193548387096774,1390
MB_img237,2.1203923231509014,0.010895935290948624,,,,,,,,,,,,,,,,,0.0,,176
MB_img238,7.03487318542318,0.0088087520835982,,,,,,,-11.93781476624968,-1.0135615130170785,,,,,,,,,0.00021079258010118043,1.0,1199
MB_img239,14.837214946891116,0.07552298945497238,,,,,,,-22.06971642435399,-1.2475273408245893,-11.90228350877259,-0.9513422666706863,,,,,,,0.0041606367583212735,0.9705882352941176,761
MB_img24,5.075508088846573,0.014401109020045844,,,-3.6893488189851613,-0.26434318869125434,,,-3.616161422811293,-0.333643908474324,-6.627870610384676,-0.7278564045269664,,,,,,,0.010126964933494558,0.9821428571428571,854
MB_img240,7.249493385249608,0.02128463184481828,,,-7.946505848471409,-0.39275703428239467,,,-4.679755274649795,-0.38629113561221057,,,,,,,,,0.015625,0.9141104294478528,777
MB_img241,1.832332636801524,0.115756026009245,,,,,,,,,,,,,,,,,0.0,,18
MB_img242,17.158431280968042,0.05438240265903873,,,,,,,-25.77416295195478,-0.7786320459496109,-3.5147944701589857,-0.3272615391904031,,,,,,,0.001486013986013986,1.0,1558
MB_img243,9.892033565909491,0.019149098147106768,,,-11.54246827172907,-0.38143280762865606,,,-3.2036754662472493,-0.3135833479972294,-9.795491202262294,-0.8135562612259205,,,,,,,0.015939070351758795,0.9048991354466859,1658
MB_img244,16.461834585914914,0.07060324490747345,,,,,,,-25.537359359650967,-0.8435400499541208,,,,,,,,,0.0051928783382789315,1.0,1122
MB_img245,24.495789209522144,0.05293095159022138,,,-14.63430456010401,-0.8468743738149158,,,-36.25098219528149,-1.4553788909965026,,,,,,,,,0.003682842287694974,0.853448275862069,1834
MB_img246,12.359592054616407,0.10067013973728782,,,,,-4.062117084452206,-0.4875892483208625,-15.024208644871642,-1.0468256044047157,,,,,,,,,0.0062056737588652485,0.8307692307692308,471
MB_img247,7.438418499592379,0.025096872832703825,,,,,,,-10.914641403419438,-0.9412720522345555,-9.328456398293326,-1.3912178076028974,,,,,,,0.0001893939393939394,1.0,682
MB_img248,17.558390591238176,0.04755463176943551,,,-7.822593731817339,-0.5531370548657584,,,-18.17579904759772,-1.3325994480939967,-24.25044462750745,-1.7013864072885518,,,,,,,0.006772268135904499,0.9743589743589743,1149
MB_img249,12.761621318241925,0.8032730660109934,,,,,,,-13.1214937149922,-1.0250070476695823,,,,,,,,,0.0,0.0,146
MB_img25,5.063331991886805,0.007997844553340648,,,-4.681705957458003,-0.2802828867559707,,,-5.874223622398027,-0.38673835256368544,,,,,,,,,0.006504770164787511,0.9351851851851852,1179
MB_img250,21.093690118754893,0.35667036344171493,,,-5.188602511513419,-1.5006059681039654,,,-22.508083374459506,-0.7700600595328537,-7.399488437978872,-1.564683016963639,,,,,,,0.001141552511415525,0.9230769230769231,702
MB_img251,,,,,,,,,,,,,,,,,,,,0.0,133
MB_img252,4.814316883922729,0.03724018759136712,,,,,,,-7.02803038696223,-0.5681378780797973,-1.8949472819324198,-0.23925702255066786,,,,,,,0.0,,364
MB_img253,4.200882707303011,0.005550552764719567,,,-1.2009704382314708,-0.04574559022158239,,,-2.6803645486759806,-0.12283834594571426,-5.6570272373969255,-0.2961664702086195,,,,,,,0.011408450704225352,0.9901477832512315,1829
MB_img254,43.309143121990864,0.1327652397158446,,,-25.96402372107819,-2.148290142578986,-18.248632121827576,-1.7473598549515454,-32.822846285916576,-3.2692548437343345,-52.87057105702785,-3.5501618944474305,,,,,,,0.0038591867469879517,0.5,1477
MB_img255,11.418472479340986,2.8624964762500653,0.875349685779684,0.5008982359326816,-0.9974182620458003,-0.5762802576213554,-4.140406022795647,-1.0767031018236004,0.19875872085504664,0.045803689613124754,-0.5177475855487013,-0.30217279974075195,-1.2393937482539732,-0.9145645234939398,-2.2846724906951468,-0.5317824628619813,2.294350867506485,0.5596610623582963,0.3125,0.028537455410225922,388
MB_img256,,,,,,,,,,,,,,,,,,,0.0,0.0,48
MB_img257,,,,,,,,,,,,,,,,,,,,0.0,1326
MB_img258,1.5334877186593237,0.014907742023617037,,,,,,,-2.383040080729927,-0.28423913877068757,,,,,,,,,0.0,,159
MB_img26,8.31506916351542,0.010852210003154592,,,,,,,-19.629957423913766,-1.9140365955616414,,,,,,,,,0.0015782828282828283,0.9705882352941176,1204
MB_img260,8.077126951507157,0.022907399737659092,,,-5.579439824508611,-0.666364821334972,,,-11.855022253124222,-1.0856512635005935,,,,,,,,,0.001609442060085837,1.0,722
MB_img261,6.580710412887799,0.011409406557825132,,,,,-5.662951593764138,-0.6004283524253288,-8.439714352419331,-0.5438670265159863,,,,,,,,,0.0011398176291793312,0.9629629629629629,1008
MB_img262,10.070824200270277,0.06671885976318566,,,-8.610545905742645,-0.556169142521718,,,-11.081651670780738,-0.5955526235110916,-8.608415378211635,-0.6493700269720192,,,,,,,0.019736842105263157,0.9078947368421053,648
MB_img263,,,,,,,,,,,,,,,,,,,,,45
MB_img264,,,,,,,,,,,,,,,,,,,0.25,0.5,70
MB_img265,7.964887887766215,0.042802263541257726,,,-4.378033949249129,-0.5523252929288046,,,-7.246510192809255,-0.7959550967653211,-7.510141900116108,-0.6475568876468936,,,,,,,0.002864583333333333,0.9736842105263158,509
MB_img266,16.97512103654396,0.029970405034992896,,,,,,,-32.50502565412379,-1.7515351328740696,,,,,,,,,0.0,,1220
MB_img267,6.992845454775921,0.01354018863804853,,,,,,,,,-12.388109800989595,-0.9815482551367201,,,,,,,0.0007200460829493088,1.0,884
MB_img268,11.942636524828965,0.21227289925432924,,,-4.884890806997461,-0.6976333725502994,-2.133922963554563,-0.36264521779470893,-13.09102950269217,-0.5209900497655512,-3.73666188585751,-0.5831580038744081,,,,,,,0.019491525423728815,0.8395061728395061,423
MB_img269,10.715875231004599,0.03260064928279104,,,,,,,-16.843678700069358,-1.2451500675307012,,,,,,,,,0.0,,675
MB_img27,16.40540378927605,1.2641890237752857,,,,,,,-19.570237293928717,-4.482727300661298,,,,,,,,,0.0,,72
MB_img270,,,,,,,,,,,,,,,,,,,0.08333333333333333,0.5,63
MB_img271,8.651773063877835,0.13028347145129643,,,-4.286138019992875,-0.39321774374173585,,,-9.725570122736896,-0.4330828819598028,-4.808527481451486,-0.6292818864661408,,,,,,,0.025273224043715847,0.9153846153846154,482
MB_img272,3.188860322373241,0.004790647610023987,,,,,,,-5.661837744160913,-0.2686366491623303,,,,,,,,,0.0017842149454240135,1.0,1214
MB_img273,8.313456115165097,1.2554222014831926,,,-1.5183675468183913,-0.27255020095399163,-1.4110238935920263,-0.5410191531335592,-5.946866939692734,-0.5179313314278621,0.19200646101867316,0.047899445831562096,,,,,,,0.16569767441860464,0.4066666666666667,336
MB_img274,21.809842890302175,0.4752460487022811,,,-4.0846566604111985,-0.6822088423649937,,,-11.75155038225561,-4.2931497367418645,-29.38914466179469,-2.4281788257600914,,,,,,,0.017454954954954954,0.9767441860465116,330
MB_img275,32.25299400422083,0.0735029347345631,,,-33.58997257286969,-1.222779245276311,-7.676597388468826,-0.6969989253960113,-30.614669450190313,-2.62148837674627,-23.210115376207785,-1.4609297444633924,,,,,,,0.01673228346456693,0.6625514403292181,1924
MB_img276,13.716701492139979,0.1896283835336791,,,,,,,-10.827506679473714,-1.0332893551857645,-16.665996750899165,-1.7082633596509968,,,,,,,0.0,0.8,287
MB_img277,39.26212283531273,0.2902985094640045,,,-13.377937586359065,-0.7459404452800561,-18.834531016811187,-2.2283989363349654,-44.19722324996889,-2.882798969655662,-31.1885418890377,-2.1191429273552655,,,,,,,0.028901734104046242,0.6863157894736842,1347
MB_img278,3.595096778369084,0.009000577737112526,,,,,,,-6.902337638983933,-0.3517090867529413,,,,,,,,,0.0,,912
MB_img279,12.480848118403529,0.0683271196132697,,,,,,,-18.943114500985658,-0.6888448858257507,,,,,,,,,0.00044065804935370154,1.0,954
MB_img28,1.7331285658318347,0.01895921788581486,,,,,,,,,,,,,,,,,0.0,,67
MB_img280,6.320617902410417,0.009611919442856266,,,-8.324174596034744,-0.41151589030603747,,,-8.796579852180837,-0.6176343291633094,,,,,,,,,0.008537989255564083,0.9338235294117647,1334
MB_img281,15.11138392381212,0.24133291436747745,,,-4.511308757310393,-0.6641859997118973,,,-19.575992732983295,-0.7259401341032999,,,,,,,,,0.008231707317073171,0.7101449275362319,597
MB_img282,24.118702354147697,0.9702731743518027,,,-21.84008907114794,-1.9133681596797234,-5.316981992619768,-1.8617348528657414,-6.668214254337171,-0.40295229601937355,-5.469216804568006,-1.1340945372511655,,,,,,,0.06661676646706587,0.22660818713450293,459
MB_img283,18.55183381754744,0.27240063072508297,,,-4.839017503810777,-0.787088245646301,,,-22.943003559409703,-0.8002519942784472,,,,,,,,,0.005808080808080808,0.8292682926829268,725
MB_img284,18.05140991867116,0.1365679220924132,,,-2.8231826188219498,-0.3895668117627255,,,-22.866520423960093,-0.6156686493857056,-6.189518372921364,-1.039559557255706,,,,,,,0.004078947368421053,0.9705882352941176,1206
MB_img285,,,,,,,,,,,,,,,,,,,,0.0,46
MB_img286,1.5659632236282621,0.07180025199542334,,,,,0.4952579179549562,0.0665647024064973,-7.817167018240029,-1.462290328372307,,,,,,,,,0.13701923076923078,0.8051948051948052,68
MB_img287,31.239387662273746,2.3285734085293748,-1.6838889529689183,-1.2285621885766544,-7.850788631803387,-0.9847082195107821,-4.727462317239291,-0.8007303448463498,-13.871291176290624,-1.5772993357585914,-9.334518601094933,-2.038754413931451,2.00327581932814,0.5590478019703632,2.192054555104891,0.8132689614794035,-1.2988256868795918,-0.3617683594191534,0.17119565217391305,0.19633507853403143,727
MB_img288,1.0635357606753473,0.001379726883680798,,,-1.1050581197214375,-0.052285774191626166,,,,,,,,,,,,,0.013106585788561526,0.9933333333333333,1173
MB_img289,29.776524155525,0.6655544636825634,,,-1.8785702966078575,-0.25539282372458133,,,-35.063278078552905,-1.582556003014061,,,,,,,,,0.01355421686746988,0.9649122807017544,618
MB_img29,9.929562367119425,0.045204582769957265,,,,,,,-16.299845245967195,-0.8744870841186043,-7.994982614825856,-0.8842426867522859,,,,,,,0.0,,830
MB_img290,,,,,,,,,,,,,,,,,,,,0.0,130
MB_img291,23.936385372704596,0.15105807049725356,,,-12.658428150593672,-1.7370899590678726,,,-31.890566130002437,-1.3186458488230883,,,,,,,,,0.003105590062111801,0.9130434782608695,944
MB_img292,,,,,,,,,,,,,,,,,,,0.0,,19
MB_img294,15.218407917724905,0.31011931061671194,,,-11.36441548138932,-0.9259447906745495,-19.77013318119493,-2.9829175413315747,-9.429760711169761,-0.32628448773427626,-6.859542982927154,-1.4368281188445529,,,,,,,0.03747139588100686,0.43041237113402064,769
MB_img295,3.9733142523493257,0.009872344745191329,,,,,,,-6.278304733339517,-0.3455512125302292,,,,,,,,,0.0022396416573348264,0.9565217391304348,921
MB_img296,21.04332038081644,0.11850264419891704,,,-12.589726081755192,-0.9744994668113653,-6.038555148946116,-0.8496286629830591,-24.713882989929488,-0.8536315229874466,,,,,,,,,0.01281055900621118,0.7254901960784313,1132
MB_img297,1.5958429521986364,0.0005810341085646497,,,,,,,,,,,,,,,,,0.0004702194357366771,1.0,1598
MB_img298,11.298729445033125,0.016074054011894875,,,,,,,-20.368045416382028,-1.596040632671138,,,,,,,,,0.003101736972704715,1.0,1232
MB_img299,12.913684641121154,0.073912802243793,,,-14.986431242131344,-1.966006549442503,,,-16.664393822084776,-0.5908698814675644,,,,,,,,,0.002597799511002445,0.42857142857142855,928
MB_img3,38.604254035285,0.7286359634607175,,,-37.77912333308399,-1.6048022576002032,,,-17.131659638229795,-1.5445932233448907,-16.841610576671236,-1.8491456546958542,,,,,,,0.11763211382113821,0.3068753493571828,991
MB_img30,13.29950969243452,0.036470742016813856,,,,,,,-22.383270898350116,-1.471904599289318,,,,,,,,,0.0,,970
MB_img300,15.966375245979778,0.2539955268123457,,,-7.358208794554782,-0.85525886556982,,,-24.427211871791414,-1.8878385633478205,-4.262665483250355,-0.72137265947682,,,,,,,0.02142857142857143,0.8676470588235294,318
MB_img301,20.288207849864897,0.22896215876101675,,,-0.681935167494013,-0.09006563212383911,,,-27.08620519879468,-1.3622555687556253,-4.665594513134992,-0.6827094841642076,,,,,,,0.008393285371702638,0.9767441860465116,530
MB_img302,13.44776140059636,0.07410052375619196,,,,,,,-19.446627702467186,-0.6549817824306734,-7.261846761537882,-0.8857326442861078,,,,,,,0.001937984496124031,1.0,871
MB_img303,5.502049679645119,0.0053532011494010125,,,-5.432817385332683,-0.3794193275283518,,,-6.678565043913462,-0.443285159543167,,,,,,,,,0.003183831672203765,0.9397590361445783,1831
MB_img304,15.419196225612552,0.22425628038691472,,,-9.572434526160924,-0.6639427796462593,,,-18.329232824778785,-0.7473250234796683,,,,,,,,,0.038135593220338986,0.7850877192982456,576
MB_img305,1.5389799530835462,0.8134994423555053,-0.21709808600576927,-0.13750352374993477,-2.0068797013914654,-0.8372704999618914,,,1.0810381031347118,0.11033391414397643,-2.7601904908774464,-1.0415934486591822,4.021242741843528,1.0756000217859685,,,-7.037619175153774,-1.924733341212231,0.07692307692307693,0.07407407407407407,390
MB_img306,47.45734863632097,0.555294766975055,,,-48.44068844285636,-1.825379304548516,-16.494940645081822,-2.9499002801782663,-13.657294614032834,-2.8926608650689434,-13.177839143228612,-1.4806241711195274,,,,,,,0.07558945908460471,0.30303030303030304,1185
MB_img307,19.636902265551935,0.2288265922666839,,,-19.024612793085005,-1.6461626571578938,-12.387946681497796,-1.149849881882946,-12.007039547179383,-0.7459683422693998,,,,,,,,,0.032846715328467155,0.521613832853026,530
MB_img308,6.945225933142728,0.0454437148021226,,,,,,,-11.081658811620986,-0.6369672940610881,-6.52989494733003,-0.9823936470303591,,,,,,,0.0,,464
MB_img309,29.1447779683723,1.9168047413863127,,,,,-19.993571916082967,-4.245901256030601,-12.36466862576824,-2.6871625124596994,-10.311178959619626,-2.1389665550495263,,,,,,,0.011538461538461539,0.03514376996805112,277
MB_img31,,,,,,,,,,,,,,,,,,,,,26
MB_img310,17.41943181849542,0.17805921223129173,,,-8.37081143478395,-0.8003662684464556,,,-18.4624805979147,-0.6613320877372187,-9.56963675727475,-0.9499314166012964,,,,,,,0.008858267716535433,0.8627450980392157,656
MB_img311,3.570538308222253,0.01406154949434175,,,,,,,-6.298780987838192,-0.8133964212345219,,,,,,,,,0.0,,318
MB_img312,23.27163607500763,0.16160580094061477,,,-28.264926301018132,-1.5223987637945189,,,,,-11.999602876534526,-1.3417824791703874,,,,,,,0.028125,0.5211864406779662,744
MB_img313,0.09035912555633471,3.578049506225679e-05,,,,,,,,,,,,,,,,,0.0007658270932607216,1.0,1472
MB_img314,13.435336057284914,0.3318354013058268,,,,,,,-13.763146223160073,-1.1358947283173857,-14.646530184405126,-2.570347270221803,,,,,,,0.011194029850746268,0.8823529411764706,189
MB_img315,8.280269945501194,0.21855825003257784,,,,,-12.064761822077962,-1.737394439758527,-6.612728519533744,-1.143813206781308,,,,,,,,,0.04504504504504504,0.5757575757575758,141
MB_img316,13.740125985089486,0.08067487501189276,,,,,,,,,-22.421053124039343,-1.4672794804599822,,,,,,,0.0,,491
MB_img317,10.296490555411223,0.026007302091666032,,,-1.0592152491889895,-0.065572311593622,,,-16.10074779769097,-1.2894768091382707,-7.0079485262210355,-0.7147950111181622,,,,,,,0.01222684703433923,0.9921875,1002
MB_img318,29.35541257934695,0.28741647089249045,-8.182894861970013,-2.1389600559694513,-27.85203545662629,-1.142019004872428,-10.185053253806892,-1.052004793339932,-19.568733011441534,-0.8633248132603449,-8.16024440087167,-0.7175715986041978,8.47033916766627,1.8414961776375127,2.1022469634401557,1.055141554192461,-1.7665818124562025,-1.1932460756769314,0.06298200514138817,0.5845147219193021,1105
MB_img319,22.894382604184365,0.4296708395871272,,,-22.75254397492692,-1.345547143717056,-6.920457732296053,-2.314333993919013,-13.546544780999469,-1.3957695249041981,-6.150529112312748,-1.0589276344198806,,,,,,,0.05662751677852349,0.4881889763779528,452
MB_img32,24.07259737900225,0.6327393947034101,,,,,-11.8609851498401,-3.187530233799629,-29.589996141258776,-3.2253310254832743,-8.183592500467123,-5.408032466130653,,,,,,,0.002142857142857143,0.4375,285
MB_img320,11.042971631636881,0.019816300115138966,,,,,,,-18.654775550820567,-0.7592883786894395,,,,,,,,,0.0006481481481481481,1.0,1394
MB_img321,6.857997887920441,0.18661213037519156,-2.7530128053109237,-0.21225804420273475,-3.4523392232659353,-0.16445365166325127,,,-5.557531625614748,-0.3480595321132294,-4.499122846539319,-0.7503002326678168,0.7781375561433996,0.10997742027256101,,,1.157120394261874,0.19901101484710443,0.23195876288659795,0.7686832740213523,512
MB_img322,25.904518696863864,0.2876020105367655,,,-0.6921057114744044,-0.08217270159513101,,,-32.33246304671639,-1.4677769958248994,-16.902251154255694,-4.244569976320243,,,,,,,0.009615384615384616,0.9298245614035088,675
MB_img323,,,,,,,,,,,,,,,,,,,,0.0,44
MB_img324,26.238551991462053,0.3944870045208417,,,,,-21.735708286543975,-2.1761293170530607,-23.495424093607976,-1.236418821890402,-12.50809265958265,-1.0987425239406374,,,,,,,0.010858050847457628,0.3812154696132597,694
MB_img325,12.662724516474787,0.017689655382627345,,,,,,,-21.447317227576757,-0.9219412019818698,-2.4633053878166717,-0.21587767964478347,,,,,,,7.44490768314473e-05,1.0,1724
MB_img326,22.882165617147226,0.04892544391343709,,,-19.04664611937404,-1.373960848628289,,,-25.16879408407267,-1.4603571153273636,-27.53550231072955,-1.56050902433947,,,,,,,0.0048638132295719845,0.7047619047619048,1631
MB_img327,29.5525928765515,0.17946880357960882,,,,,,,-38.57481441598131,-1.1122500062796117,-8.817527716771233,-1.1108555347411442,,,,,,,0.0,,1408
MB_img328,,,,,,,,,,,,,,,,,,,,,25
MB_img329,24.174238369606197,0.5672701348224972,,,-22.872701269730708,-0.9918953690975053,,,-10.581991919151285,-1.0401089756462358,-8.169702362515098,-1.1446862308242014,,,,,,,0.10953177257525083,0.5168539325842697,548
MB_img33,5.399118744983737,0.02543064102013666,,,,,,,-6.233349307255129,-0.42193151051771777,,,,,,,,,0.0029443254817987153,0.8461538461538461,491
MB_img330,13.890717076092482,0.3500170420555717,,,-3.946355100906403,-0.919530776387289,,,-17.284977921225384,-1.4921339746868738,,,,,,,,,0.005952380952380952,0.95,174
MB_img331,16.752610666108254,0.36182970186645846,,,-19.222127302140095,-1.6942116077678904,,,-10.895176044610782,-1.9105527934300495,-4.283621669634157,-0.744287753315181,,,,,,,0.03909952606635071,0.38509316770186336,294
MB_img332,32.98843694293453,2.334249380706193,-3.8466270968899154,-1.5977297967950341,-7.612568539126849,-0.888374346256306,-10.24080746713976,-1.0908273793845469,-4.387915201455338,-0.547190301736971,-8.186060092987393,-1.799018209829306,-0.13510714007303815,-0.023752135898994987,3.985045173932391,0.44192079342979135,-2.3501987275110756,-0.5943648018533741,0.26420454545454547,0.1373117033603708,755
MB_img333,9.04077252140095,0.19745012141881949,,,,,,,-2.8025054028892478,-0.3690984184410798,-14.637215393727594,-1.5072396507550798,,,,,,,0.011049723756906077,0.9666666666666667,229
MB_img334,12.8833992033783,0.07427485980648538,,,-13.560613077778562,-0.3999238574223633,,,-8.635964952176876,-1.2621435783643726,-12.80792838126102,-1.26498673377776,,,,,,,0.08257804632426989,0.8260869565217391,1154
MB_img335,13.504496946218156,0.6687889891639207,,,,,,,-17.01013861465085,-1.3505373715446742,,,,,,,,,0.01461038961038961,0.9090909090909091,158
MB_img336,13.601572231913442,0.03568070986619922,,,,,,,-21.299273436719194,-1.0162875790384258,,,,,,,,,0.001215738284703802,1.0,1181
MB_img337,12.167312507120835,0.027103157326384658,,,,,,,-19.856564063027708,-0.9503482573184148,,,,,,,,,0.0005263157894736842,1.0,1480
MB_img338,4.322068780774077,0.005112303281311762,,,-3.669188407627865,-0.2511730142196261,,,-3.653076728970388,-0.2481611293522636,,,,,,,,,0.003707627118644068,0.9693877551020408,1675
MB_img339,,,,,,,,,,,,,,,,,,,0.0,,5
MB_img34,3.730544734158167,0.005457136169580846,,,,,,,-4.927226584926784,-0.2698692235790892,,,,,,,,,0.0006313131313131314,1.0,1207
MB_img340,24.207264541588746,0.22051259786513672,,,-14.235700186195452,-2.0234270710460738,,,-27.85718203956446,-1.3378627027058603,-9.165547093104394,-1.2922531926947716,,,,,,,0.0031645569620253164,0.4931506849315068,685
MB_img341,12.53313845441619,0.0258786318256054,,,,,,,-18.652456085102138,-0.49057013044620135,,,,,,,,,0.0,,1811
MB_img342,8.141023935003073,0.2634370745922963,,,,,,,-15.293546844102792,-1.578293585707403,,,,,,,,,0.0,,116
MB_img343,25.60201962293842,0.16861747402241545,,,-6.247584051195935,-1.1446679530131765,-5.5892880075275055,-0.7977493712281466,-33.935781643441175,-0.989761221596887,-10.596351355575846,-1.4426703431414702,,,,,,,0.003455672068636797,0.9333333333333333,1294
MB_img344,17.061908801785677,0.44655241391708667,,,-4.894423058446105,-0.6070164065545447,,,-18.43945513101157,-0.779791825925428,-4.512743826907777,-1.317259534551941,,,,,,,0.022887323943661973,0.935064935064935,512
MB_img345,14.484908238950819,0.01767386975715604,,,-3.27522221967454,-0.15270964601278292,,,-19.024884927593675,-0.989277438537854,-17.8039632394147,-0.9174009552269775,,,,,,,0.0067838078291814945,0.9671052631578947,2318
MB_img346,13.054563183059686,0.23821123534897207,,,,,,,-15.970152045390325,-1.4274037744873913,-8.603267572299282,-1.292936702779457,,,,,,,0.0013157894736842105,1.0,242
MB_img348,2.747311290929463,0.026765865437131928,,,,,,,-3.713339223256314,-0.22515037951690706,-1.0786951080109004,-0.12040611185219488,,,,,,,0.0026840490797546013,1.0,362
MB_img349,19.878633196255695,0.13351939942849625,,,-6.300856617535575,-0.2031197064993735,-29.815799878658428,-1.0488598124988748,-11.97224663066656,-0.8200531351213942,,,,,,,,,0.11028740875912409,0.7305669199298656,1381
MB_img35,18.292172374360398,0.6240605001990718,,,,,-9.37772426261658,-1.6776209924535868,-20.154266561139902,-1.2303623553919305,-12.28394774236332,-2.4012733820474015,,,,,,,0.016414141414141416,0.4936708860759494,376
MB_img350,6.513399997341086,0.04349622878622901,,,,,,,-6.683507605135964,-0.7486609277985808,-8.970113045446691,-0.8514392346735887,,,,,,,0.00042517006802721087,1.0,314
MB_img351,16.452136413376916,0.09077566360142306,,,-6.292715762586238,-0.8589756142920196,-1.1030462724125973,-0.12345381219407102,-22.12864983693599,-0.8454069400584819,-12.896052178955982,-1.369781218149194,,,,,,,0.007307692307692308,0.9375,1111
MB_img352,3.4875117372831763,0.008515841204051836,,,,,,,-3.6773409465467,-0.403267722339301,,,,,,,,,0.0002699784017278618,1.0,470
MB_img353,30.226620735199077,0.1909607584445054,,,,,,,-44.292981496689556,-1.1589316246299732,,,,,,,,,0.003274087932647334,1.0,1337
MB_img354,19.933009348518166,0.11595969520151538,,,-9.098202348120928,-0.7149268584100048,,,-26.582826920050568,-0.8420075405954222,,,,,,,,,0.01119979402677652,0.916030534351145,1146
MB_img355,2.436820531734646,0.0023186136852077176,,,,,,,-1.8134004552110414,-0.11622774582744975,-3.019564067482395,-0.24112615482409225,,,,,,,0.0020913770913770914,1.0,1571
MB_img356,3.5866668536425643,0.025572380289786992,,,,,-0.8686055325351618,-0.09375332095690832,-6.535222308428481,-0.48843355771023683,,,,,,,,,0.01890432098765432,0.9436619718309859,349
MB_img358,3.7750345580663267,0.008631604137871288,,,,,,,-3.1327818209898073,-0.32653734813995183,-4.036910283468172,-0.4199240724107165,,,,,,,0.005221932114882507,1.0,783
MB_img359,31.084050771973953,0.5337788496509838,,,,,,,-42.28390425065176,-6.901866775902468,,,,,,,,,0.0,,426
MB_img36,13.817244949009853,0.06864462452132092,,,,,,,-24.131570427832788,-1.7026025971855496,,,,,,,,,0.0018882175226586104,0.9642857142857143,710
MB_img360,7.366495768636886,0.09018280871121838,,,,,-2.0593686485367226,-0.31304331615828723,-8.099799126706275,-0.736575623886527,-4.614245082979707,-0.5656874317296895,,,,,,,0.009363295880149813,0.953125,306
MB_img361,36.89306007562372,0.3750505792476535,,,-8.050258984174599,-0.9020403026026512,-17.01179950397298,-1.3321848196508117,-40.263270023994444,-1.1725154266733542,-10.650378808854107,-3.697384630764024,,,,,,,0.012704918032786885,0.6005917159763313,1357
MB_img362,10.721811990695702,0.06001661847701986,,,,,,,-17.107834779245437,-2.360701381079833,,,,,,,,,0.0,1.0,325
MB_img363,14.284600506593721,0.040399493073151674,,,,,,,-24.019397092276094,-1.5726043816803021,-7.602147738893291,-0.5976472556707223,,,,,,,0.00037165510406342913,1.0,1057
MB_img364,27.78574098664837,3.795859283219775,-1.242291409761431,-0.5492584390394774,0.35347942023359646,0.09555969377976777,-4.985225552214754,-0.7651103618795848,-5.959444260373591,-2.529404524230844,-1.2877629181387906,-0.6520766965796931,3.2768659105828997,0.46275796137245045,-0.3680736031595583,-0.024605303385468406,-5.162964924011664,-0.7949950561894727,0.49264705882352944,0.032418952618453865,808
MB_img365,12.409679982701793,0.015515616374126557,,,,,,,-19.820158983410284,-1.224359443792596,-13.591921329749296,-1.6082835749557753,,,,,,,0.0,,1696
MB_img366,17.770605460742477,0.06647530019468666,,,-9.445446479018063,-0.6304054714823233,-11.27718259171018,-0.9415236970453617,-22.578642416386096,-1.4974669246822612,-17.489952966415036,-2.2233631394281694,,,,,,,0.011406844106463879,0.8125,1131
MB_img367,10.983698563871336,0.0434283706737188,,,,,,,-21.12281280238364,-1.3715588626119628,-4.033336596084084,-0.26736033123658387,,,,,,,0.003250975292587776,1.0,823
MB_img368,15.361191420642598,0.030646122248259872,,,,,,,-21.948319247555006,-0.8959512471063177,-8.688252442677477,-0.7986827932321865,,,,,,,0.001953125,0.9574468085106383,1735
MB_img369,32.806732127339,0.9735157680190033,,,-11.152470077609816,-0.7730679770461598,,,-30.27640011511,-1.0272030717397376,-6.184370156405826,-1.455018096969725,,,,,,,0.05342741935483871,0.6569920844327177,1035
MB_img37,11.193312045029174,0.033347185612249246,,,,,,,,,-17.22772589316989,-2.776279487743825,,,,,,,0.0002587991718426501,1.0,499
MB_img370,6.768909677042887,0.016081862554823592,,,,,,,-6.627732288933754,-0.4960930141949801,-10.890279747485616,-0.6574512105908293,,,,,,,0.0025943396226415093,1.0,1096
MB_img371,71.95885307113222,1.1448341578701589,,,-0.5241672809532972,-0.12954332940606234,-72.9334694494644,-3.476396562168777,-6.725771768416484,-1.5423533054561598,-5.132627656730906,-1.3383868802775296,,,,,,,0.03777777777777778,0.07964601769911504,1575
MB_img372,31.930247047268978,0.2254510545167926,-7.843362708273795,-2.38306240340237,-25.4135185287963,-0.9609454373675037,-26.729338574986823,-3.0523480281693365,-20.229938129128207,-2.0002352028439123,-18.868159258325676,-1.932773502079764,6.037311483867347,1.7154858667557547,6.6752245168142545,2.0072315692310756,5.430500416330142,1.9250379423187778,0.06094929881337648,0.5351299326275265,1188
MB_img373,26.39192513290977,0.5777035624403581,,,-20.544728354152557,-1.2714690522995253,,,-13.182152741485798,-1.0524674198941355,-19.729278065649133,-2.4797974603631214,,,,,,,0.0526541095890411,0.49416342412451364,512
MB_img374,28.370422154091884,0.14354840904773394,,,-39.40971933984014,-1.275821988011712,,,,,-4.63543524282204,-0.4359945678997913,,,,,,,0.05650684931506849,0.5166240409207161,1303
MB_img375,2.351905756756746,0.001343026935418482,,,,,,,-4.804894674665035,-0.3807294485035485,,,,,,,,,0.00046159527326440175,1.0,1360
MB_img376,11.441481039600943,0.08473293402628075,,,,,,,,,-20.710440719252464,-3.868637384170314,,,,,,,0.0,,216
MB_img377,15.246470800643305,0.06498873420241479,,,-11.436128245307245,-0.6813086997143312,,,-15.36148880718602,-1.0283500902493816,-13.721650063762425,-1.0113272472367174,,,,,,,0.012484394506866416,0.8410596026490066,872
MB_img378,23.053991015612283,0.17442548193111904,,,-4.9865860103971125,-0.714988900025282,,,-23.22967096264529,-1.081437849956878,-17.174367868611615,-1.697005449811396,,,,,,,0.003918495297805642,0.9428571428571428,767
MB_img379,6.803572197316417,0.10504160340369402,,,,,-4.567713785559047,-0.6197582272828146,-11.005461884862987,-1.1160037896439543,,,,,,,,,0.015178571428571428,0.8918918918918919,162
MB_img38,28.571319060871133,0.37539679651544167,,,-12.98250682124714,-1.0905846269920643,,,-39.38585408771331,-3.282667899084473,,,,,,,,,0.018390191897654583,0.7096774193548387,637
MB_img380,25.86044138145496,0.10239731472475451,,,,,,,-39.969691182949404,-1.2549884166166434,,,,,,,,,0.0,,1537
MB_img381,31.23172861758814,0.13973381747846442,,,,,,,-44.908163317876166,-1.4089378269840171,,,,,,,,,0.0,,1306
MB_img382,11.237411943453003,0.08095165397671444,,,-11.10273124129261,-0.5375102979750525,,,-11.5778161113617,-0.6875973054340051,-4.849482871070895,-0.36524846171453995,,,,,,,0.04489715189873418,0.8163841807909604,738
MB_img383,12.95419526069548,0.19783297858458243,-5.4633900889738705,-0.3450139512562547,-8.022272317538512,-0.44532497560353634,,,-8.663533356252586,-0.38542877024688355,-5.775072380263224,-0.6075670442815262,3.3422394839660026,0.5328104827515261,,,3.1570623128655817,0.40781733283714017,0.09714548802946593,0.8156808803301238,810
MB_img384,11.84147899376658,0.20474940016517762,,,,,-1.3187607929528882,-0.13673683509748408,-22.53533863318822,-1.5457985212924599,-3.2047293901430023,-0.5318787831590434,,,,,,,0.0235239852398524,0.9156626506024096,350
MB_img385,8.994698903122112,0.06589704428941542,,,-0.12508807287866033,-0.009910672025611597,,,-12.44963499287201,-0.6053650272745077,,,,,,,,,0.019021739130434784,0.9444444444444444,570
MB_img386,,,,,,,,,,,,,,,,,,,0.0,,202
MB_img387,-0.43103379468916464,-0.0005658325171722714,,,,,,,,,0.1971416557074781,0.015280460128734677,,,,,,,0.0033352668213457075,1.0,871
MB_img389,7.357180730997381,0.006230683123185035,,,-9.596374922955798,-0.5712602203753678,-5.563462227850401,-0.5130169281748419,,,,,,,,,,,0.00579518779342723,0.8387096774193549,1725
MB_img39,45.196244780188344,0.5960561549055974,,,-8.289144792503762,-0.6418400121280966,,,-52.53818971237851,-1.975446765640962,-11.315778704883304,-2.5284931811914855,,,,,,,0.02601721439749609,0.8616071428571429,1098
MB_img390,9.543709151088267,0.013214208214148785,,,,,,,-8.812808348383093,-0.6130868022958927,,,,,,,,,0.00028768699654775604,0.8,884
MB_img391,20.293637391722946,0.4390266413498621,,,,,-2.145767245851714,-0.09516143791629018,-28.66306576139523,-1.0923852424994474,-2.667149828749344,-0.8085321518584526,,,,,,,0.13704496788008566,0.7251533742331289,917
MB_img392,,,,,,,,,,,,,,,,,,,0.25,0.21212121212121213,30
MB_img393,8.932600179376859,0.31380955842367025,,,-6.135156196828266,-0.4798546708181203,,,-1.7226720970892955,-0.35722715865861704,-7.132312450387018,-0.7296373587123807,,,,,,,0.10192307692307692,0.7286821705426356,202
MB_img394,0.8104662045699491,0.0008564184952822325,,,-1.1614337894128917,-0.05078388601229708,,,,,0.0529412820976723,0.003879113753833425,,,,,,,0.010195035460992909,0.9938650306748467,1717
MB_img395,27.186850638054537,0.43096229285324417,,,,,-4.690542357114859,-1.1185258489356682,-31.420435236724273,-2.142154951588153,-13.52054620655831,-0.9957517360144945,,,,,,,0.0038071065989847717,1.0,569
MB_img396,18.95100427093435,0.06514533677638673,,,,,,,-28.214067461393128,-1.3748635077406302,,,,,,,,,0.0009765625,1.0,1232
MB_img397,17.344659516382197,0.050195129996709324,,,-20.944055443986564,-1.4291157031830917,,,-16.49252488742239,-0.8530422916164874,-16.334669234838383,-0.5788191376533539,,,,,,,0.006621915820029027,0.722972972972973,1495
MB_img398,12.356860548489474,0.3046368043368753,,,-2.3957986199749994,-0.322763097696696,-1.2058217304974526,-0.13460959207302559,-20.266784128023694,-2.407253856821568,-9.300691218552368,-1.0982737490961823,,,,,,,0.06710526315789474,0.893048128342246,281
MB_img399,,,,,,,,,,,,,,,,,,,,0.0,272
MB_img4,21.115141458839133,0.2566014616177888,,,,,,,-33.007826602446265,-2.0583364026583033,,,,,,,,,0.0,1.0,469
MB_img40,2.8599248737541902,0.01998938011911905,,,,,,,-4.343648847326945,-0.37016428054020983,,,,,,,,,0.0,1.0,259
MB_img400,26.658000540052853,0.3000522508571694,,,-2.901930908420801,-0.519503195813033,-25.938086271819007,-2.2044988865268373,-25.34121586038792,-1.8677947393620484,-12.78115767380403,-3.144699025154139,,,,,,,0.024087221095334687,0.38571428571428573,648
MB_img401,38.13294558642848,0.3522054164725685,-10.879194050681416,-4.372255648445788,-28.691561084690754,-1.2271511879926118,-38.74794282275991,-5.873481025349096,-21.58987036740862,-3.6147098441152083,-20.909653570422357,-2.9074248281792925,12.571972388382317,2.169370225415138,1.5438383984583646,0.5967322776606989,2.23545161786659,1.0409717810563064,0.04924242424242424,0.3588328075709779,1134
MB_img402,3.3957926217047745,0.0014998934784240616,,,-1.5565635876981998,-0.09635334672709692,,,,,,,,,,,,,0.0014629388816644994,0.9830508474576272,2319
MB_img403,27.1820347511912,0.21994471603559668,,,-15.352627857678044,-0.7542151829425907,,,-32.72904132933067,-1.1310451306994618,,,,,,,,,0.02546296296296296,0.7811634349030471,1187
MB_img404,28.597809259291743,1.123889078479144,-7.166679231053375,-2.8569856897822046,-11.222442366415683,-1.1414390792509042,-8.342644312808597,-1.0322197384386433,-21.721778533010646,-4.71766396181594,-11.022001408107773,-4.839875629329594,2.780748310305022,0.654779838810961,3.5363954777883237,0.836024264888874,1.963652460433969,0.45464935517770033,0.0977112676056338,0.3712121212121212,356
MB_img405,32.79730553873264,0.21907208135941014,,,,,,,-41.0682545200548,-1.2012904304897771,,,,,,,,,0.0005492091388400703,1.0,1445
MB_img406,6.252489208869284,0.015436292910490852,,,,,,,,,-10.247312524083721,-0.858339789297468,,,,,,,0.0021968365553602814,1.0,582
MB_img407,28.75720318751309,0.08009317886275752,,,-3.4900553166512305,-0.29351763041742424,,,-44.55844121166872,-1.5007529161978803,-9.485288772615025,-0.9661385402257838,,,,,,,0.002106741573033708,0.9821428571428571,1939
MB_img408,29.641475432165638,0.17343802357999946,,,-1.3262819664692602,-0.17468033930033675,,,-44.49304536830756,-1.8723040644881823,-13.595774228690876,-2.1939572274597907,,,,,,,0.0027624309392265192,0.85,1073
MB_img41,0.7206649923059905,0.0008125133137181116,,,,,,,-0.5272580247699933,-0.03986254054783248,,,,,,,,,0.0,,978
MB_img410,,,,,,,,,,,,,,,,,,,0.0,,14
MB_img411,45.14368605365465,0.2541749340420165,,,,,,,-67.06373242206168,-4.5451548319238775,-15.950612115271362,-4.40079406718598,,,,,,,0.0006625441696113075,0.8666666666666667,1367
MB_img412,0.5397118805496344,0.012965531835407725,,,,,,,,,-0.7120742541004945,-0.06699075142953312,,,,,,,0.01913265306122449,0.9583333333333334,114
MB_img413,25.42609364149139,0.2511996492533884,,,-1.4344994885004518,-0.11587635839381645,-35.72873843723868,-3.038393949138224,-13.369719470882957,-0.7886590571350536,-8.875757228333537,-0.9523927380794284,,,,,,,0.03046744574290484,0.3564356435643564,786
MB_img414,11.982830217361617,0.13417809575868883,,,,,,,-7.398338069898918,-0.762058836404758,-16.368489339384908,-1.0323736527546925,,,,,,,0.0010162601626016261,1.0,434
MB_img415,23.622352751549556,0.08014555639185986,,,-25.488695130328278,-0.7668547365180454,,,-10.513290760452486,-0.7055461604103895,-24.295920868413347,-1.6776798151412369,,,,,,,0.03686413393432067,0.7579617834394905,1734
MB_img416,5.382574721292211,0.3777990906110877,,,,,,,-5.4549504991351725,-0.4985700125442556,,,,,,,,,0.014534883720930232,1.0,73
MB_img417,5.789321882768774,0.007135528155753833,,,,,,,-8.960480539679795,-0.4974904819922567,,,,,,,,,0.0,,1478
MB_img418,16.12466531121796,0.06107331636177917,,,-9.126534618700653,-0.6326592427524527,-5.972967092048425,-0.7594399407411053,-20.75584185618739,-0.7858498241963251,-3.9096037499365273,-0.2500112858443061,,,,,,,0.010920271416454623,0.8352272727272727,1305
MB_img419,60.449404816046844,0.6998232991583874,,,-4.055766682777117,-1.0052942996695131,,,-60.95461786333118,-3.8857617941884146,-45.45444455313007,-5.0204244152004325,,,,,,,0.0005938242280285036,0.8260869565217391,1411
MB_img42,9.969685917332473,0.020178949987879287,,,,,,,-14.091221253693899,-0.4429307398680132,,,,,,,,,0.0,,1598
MB_img420,25.71817896303368,0.16577923097771627,,,,,,,-35.75954149654466,-1.1239269963812692,-8.079665169742956,-1.0836043830336357,,,,,,,0.0003861997940267765,1.0,1170
MB_img421,12.329179030153243,0.022690177802881278,,,,,,,-20.88721311779663,-1.2750638230470286,,,,,,,,,0.0,,1200
MB_img422,23.44993961778305,0.24386899719617797,,,,,,,-29.904334324047067,-0.6411954557535244,,,,,,,,,0.0009541984732824427,1.0,1403
MB_img423,34.475904234655616,0.3679734786169732,,,-11.755650237226352,-1.9148833863620491,,,-49.23861522623936,-2.682475590189579,-7.9002893855529,-2.0854246562526777,,,,,,,0.0023219814241486067,0.7419354838709677,881
MB_img424,17.46796906903709,0.04956962894732348,,,,,,,-25.267874550076392,-0.7476563903570047,,,,,,,,,0.00033068783068783067,1.0,1632
MB_img425,37.332586833437,2.888968687611256,,,-6.046105944313255,-1.130683811851551,-4.587365305342828,-2.6223447227242365,-17.0781239787023,-2.7387678368001915,-4.875169494912218,-4.586464525886388,,,,,,,0.06976744186046512,0.14285714285714285,401
MB_img426,31.909626407173473,1.003179771112288,,,,,,,-35.99381536473733,-1.8212236354155629,-8.082926555159515,-4.748729566500743,,,,,,,0.00884433962264151,0.95,490
MB_img427,20.08320667076877,0.09896782731788141,,,,,,,-31.901639327281544,-1.3758371090782358,-13.394403538260667,-1.533278554246082,,,,,,,0.0017772511848341231,1.0,942
MB_img428,19.98996925756858,0.18359930648551187,,,,,-27.948638675899875,-1.5414110559931227,-14.102712295220686,-0.8273154410235848,-4.594735068612854,-0.5557117443475801,,,,,,,0.03443471337579618,0.4968017057569296,780
MB_img429,36.4843281819922,0.32486960686324845,,,-29.344346337046264,-1.0379832582575568,-6.518707262183238,-0.6796058712761748,-17.517889365388143,-1.0883278660914915,-37.30048772736371,-2.0892783938835566,,,,,,,0.050256410256410255,0.6786850477200425,1351
MB_img43,16.6329613488255,0.09948000378992188,,,-15.85213349312563,-0.9117879459860629,-1.7802430619703367,-0.2052882381140738,-17.97251702112495,-0.6029521297521057,,,,,,,,,0.024553571428571428,0.762987012987013,996
MB_img430,38.34449345330932,0.5530632357353862,,,-15.230570162615294,-2.1282089837363154,,,-38.506098399858246,-2.0053176599640508,-17.188610232521135,-2.864730922314751,,,,,,,0.0060408921933085506,0.56,862
MB_img431,11.541673754623744,0.046720368996998315,,,,,,,-16.84021849138679,-0.7636939483167847,,,,,,,,,0.0038135593220338985,1.0,951
MB_img432,-0.819560435370733,-0.0010531350718000123,,,,,,,,,,,,,,,,,0.00348893166506256,1.0,1049
MB_img433,32.16562638753571,0.11201607560937746,,,-21.753366027314975,-0.8964275567932558,,,-32.17232486161638,-1.1144914090006321,-26.451983161151563,-1.0473135232387196,,,,,,,0.015866623711340205,0.8259493670886076,1790
MB_img434,11.408249323824682,0.3044293843933355,,,,,,,-13.147476877225879,-0.9182782119057046,-12.258127265928922,-0.6789491164781991,,,,,,,0.006147540983606557,1.0,393
MB_img435,6.72027421058623,0.011014395447441191,,,,,,,-7.661746564849251,-0.5813731608026209,-9.667039883128082,-1.0464005146154445,,,,,,,0.0,,885
MB_img436,4.571743680336283,0.0051694070063755294,,,,,,,-9.072007342751169,-0.46735975058969154,,,,,,,,,0.002006172839506173,1.0,1643
MB_img437,19.179431061588573,1.5738962993149508,,,1.6535481707921602,0.40863972808069327,-5.309368138317503,-2.336487432138995,-13.658957983417348,-1.7744576395652887,-8.950683546063479,-1.5121029191456816,,,,,,,0.05580357142857143,0.6444444444444445,225
MB_img438,9.82467273298897,0.007847976331383942,,,,,,,-15.747966964536415,-0.48442977302624146,,,,,,,,,0.0,,2926
MB_img439,28.248886779483353,0.2600733354850346,,,-12.945847322096819,-3.6849789924871157,-7.32708123534097,-1.4987295585815636,-29.383966644856788,-1.5159555663845603,-27.093794786813245,-2.0374301459676145,,,,,,,0.0018086816720257234,0.4666666666666667,799
MB_img44,9.44184722567403,0.1252708265824604,,,-1.5163425869419012,-0.1906148602094972,,,-10.614404023533675,-0.9755189001353983,-5.552224270682515,-0.7374271827290588,,,,,,,0.017478813559322032,0.9104477611940298,277
MB_img440,2.6705560307716634,0.016241097299140885,,,,,-0.014974541509869481,-0.0014106422296134978,-6.993489526915121,-0.693372160487889,,,,,,,,,0.024580335731414868,0.9900990099009901,441
MB_img441,12.65703366429263,0.06891550818352027,,,,,,,-20.024777820878793,-1.4021982590184368,,,,,,,,,0.005009541984732824,0.9722222222222222,569
MB_img442,15.364805506929843,0.0667302319819086,,,,,-19.909097448156377,-1.3839770738143327,-15.321840931701907,-1.0406586822599853,-14.479207309632683,-5.731997786643742,,,,,,,0.009013002364066195,0.6502732240437158,915
MB_img443,37.762250484414466,0.5484266060152676,,,-30.60959136943183,-2.051000430805657,,,-32.08452711463791,-1.9917208682054255,-15.195132543292022,-1.3503509217083913,,,,,,,0.035170250896057347,0.33221476510067116,908
MB_img444,29.50855367025275,0.04464191038126729,,,,,,,-34.437196466256864,-1.542267800638233,-38.199660866602535,-1.604737701679992,,,,,,,5.453752181500873e-05,1.0,2400
MB_img445,28.680179372336006,0.35129186124518624,,,,,,,-33.871346999337334,-1.8062705321902324,-21.238621167183336,-2.309976492370556,,,,,,,0.0002358490566037736,1.0,723
MB_img446,1.7147072244447072,0.005319267484305502,,,,,,,-3.8235168210104287,-0.27346063202583987,,,,,,,,,0.0,,648
MB_img447,26.56854282148239,0.9974695896078236,,,,,,,-28.98338355752914,-1.5706147217611897,-2.509933498251602,-0.8963599281163491,,,,,,,0.0,,393
MB_img448,52.65464107751661,1.9235290483247,-4.7196776504155356,-2.3925921956661518,0.23427092204085287,0.030907585038099192,-41.591503453532816,-3.8286992741239674,-13.17596809230891,-1.4755039780729238,-5.004609866987963,-1.052713981904716,0.9491580944550468,0.4234778620794967,0.9214549493031544,0.12115206897647299,1.7445878022060004,0.4012113444118276,0.06981981981981981,0.07176220806794055,991
MB_img449,14.873693748344694,0.03395464102780306,,,-2.991857161398986,-0.17383812070728832,,,-25.15979267660417,-1.066868649525953,-7.69418646647467,-0.9437175244029694,,,,,,,0.008169934640522876,0.9290780141843972,1451
MB_img45,,,,,,,,,,,,,,,,,,,0.25,0.03571428571428571,130
MB_img450,49.606970847381376,1.4132729616887054,-5.866685109630307,-3.866413481123453,-32.390176831012475,-1.5472299064915118,-10.160965919375323,-1.8291415581418673,-25.98645350894278,-3.891877421115275,-15.914604665485527,-2.41056313170677,3.074149499532635,0.48141908370059466,-0.8989889579172724,-0.6690267655096305,-1.5751769539813256,-0.6815742010189448,0.14313471502590674,0.21176926054974834,1259
MB_img451,2.017618272229588,0.0031511828292411313,,,,,,,-5.397467436102524,-0.40112071894365914,-0.06469109795674725,-0.0037839294427859504,,,,,,,0.0026326053042121686,1.0,1307
MB_img452,2.6054561123878472,0.0020868969905582942,,,,,,,-3.665177389540423,-0.212388361764014,-0.39574176343392964,-0.029354719894312434,,,,,,,0.0003932878867330886,1.0,1925
MB_img453,15.867094891435299,0.054327618396142696,,,,,,,-25.835346974933106,-1.2862644526337945,-11.895805134521213,-1.7128853445129697,,,,,,,0.0007928118393234672,0.7777777777777778,1009
MB_img454,21.817912914233254,0.029377791999492708,,,-17.183895922281454,-1.438184202632235,,,-33.77028940787565,-1.3920784472869288,,,,,,,,,0.0014024390243902438,0.7384615384615385,2116
MB_img455,51.809696303886525,0.5846375883601334,,,-6.122520504393664,-1.5307574574612166,-18.96012857675261,-1.360975189044075,-50.647637837276655,-1.4162577250599238,-5.746093797118443,-2.3638719248575297,,,,,,,0.023190621814475027,0.5208791208791209,1766
MB_img456,26.1235721403997,0.19045620458658977,,,-6.701054044971773,-0.5448522873470034,,,-33.55855032705529,-1.1103602378532382,-3.8657759763356365,-0.5757807635204572,,,,,,,0.012456546929316338,0.8367346938775511,1084
MB_img458,12.202461420872124,0.041069884702330674,,,,,,,-18.84363677661155,-0.9314187247870314,-5.586729222486471,-0.3782422375670374,,,,,,,0.0,,977
MB_img459,3.931199844135959,0.008287488458322384,,,,,,,-5.011506419224493,-0.20919812427292098,,,,,,,,,0.002148997134670487,1.0,1078
MB_img46,18.637784634075278,0.10043465945962637,,,-2.6622657304799615,-0.3078656392816051,,,-31.376459293063476,-1.3533503510813234,,,,,,,,,0.005759651307596513,0.9795918367346939,913
MB_img460,17.00239486223055,0.04713438088981485,,,,,,,-28.10539918132931,-1.0890422103583017,,,,,,,,,0.0003153910849453322,1.0,1264
MB_img461,3.9128270686072724,0.1305488389194153,,,,,,,-4.173477665727287,-0.3323928690576163,,,,,,,,,0.0,,105
MB_img462,62.82036962379257,1.8196717034452008,,,-62.904614640967786,-1.8550351100774853,,,-3.1095968377675773,-1.036126503374853,,,,,,,,,0.22325581395348837,0.11604664075513603,1958
MB_img463,13.543747104558632,0.07263367555179348,,,-17.43327899416623,-2.080074148705671,,,-12.910074220122386,-0.6020002812526704,-3.2745345235468584,-0.3428286275802852,,,,,,,0.005722460658082976,0.4608695652173913,776
MB_img464,1.8181081314618228,0.0039723678994183385,,,,,,,,,,,,,,,,,0.00550314465408805,0.9375,322
MB_img465,22.805069237064227,0.4065413842821958,,,-25.801092626462584,-1.1232411184608582,,,-7.079155884929943,-2.9210078004522173,-12.007701397838133,-1.6756686798283411,,,,,,,0.15404699738903394,0.45267489711934156,618
MB_img466,14.707505621421207,0.0953194439751418,,,-9.230245309882633,-1.4158569795853928,,,-21.04328532208446,-0.8062311505199461,-4.487137082501515,-0.5012358484572205,,,,,,,0.0024104683195592287,0.6176470588235294,836
MB_img467,17.549841871083782,0.16735148307880995,,,,,-2.341527004031825,-0.2979942441875938,-22.473125285892014,-0.9672077763972773,-6.227528311039597,-1.1512979678974087,,,,,,,0.004942339373970346,0.9868421052631579,739
MB_img468,21.714434011631138,0.11585960936291936,,,-5.684467299409735,-0.7175527175914018,,,-29.482680779663934,-1.079021825832098,-3.5214345554079607,-0.4544604764870285,,,,,,,0.0022497187851518562,0.9302325581395349,1014
MB_img469,23.856272530672396,0.3587424258400728,,,-11.604966205614984,-2.660875388886205,-21.666489772168216,-2.3905930765875696,-20.286741663386334,-1.5677768854902216,-9.234761836174613,-1.403027065933357,,,,,,,0.013444767441860465,0.3108108108108108,476
MB_img47,12.126657269317711,0.45983158431066123,,,-9.15091653335408,-0.9780600061759451,-3.569862295284599,-0.9351269077897656,-8.8970938148811,-1.8389079326931965,-7.593138540609044,-1.3397889351354193,,,,,,,0.06361607142857142,0.5970873786407767,178
MB_img470,2.575353108420844,0.0029678895543149026,,,,,,,-4.685474035795617,-0.3648181437911089,,,,,,,,,0.0,,946
MB_img471,4.820166581958958,0.017581501374382844,,,-4.263726011917656,-0.3054233893018704,,,-8.660034442085836,-0.6382957163046618,,,,,,,,,0.012035763411279229,0.979381443298969,757
MB_img472,26.881635733429444,0.37062414947401934,,,,,-6.02142540367746,-1.0894199227725572,-34.70545846852953,-1.8564877794956787,-13.935209349571377,-2.9603881441011435,,,,,,,0.006485849056603774,0.8918918918918919,590
MB_img473,3.9291868582582277,0.007203498431689414,,,,,,,-6.668446144079883,-0.38528270392835134,,,,,,,,,0.0021166509877704608,1.0,1086
MB_img474,5.1235800535790395,0.013351268433580895,,,,,,,-6.061504618103834,-0.5748026345009345,,,,,,,,,0.0010080645161290322,1.0,634
MB_img475,9.889307389732576,0.02489357952813705,,,-6.366253513946632,-0.42873795532004805,,,-18.22934103950571,-0.7931380397428172,,,,,,,,,0.006977671451355662,0.8468468468468469,1318
MB_img476,2.3599413090473265,0.0012226745518932926,,,0.31361316990678567,0.021326841200217137,-0.5351142281838923,-0.03961697909658136,,,,,,,,,,,0.004214729370008873,1.0,2269
MB_img477,12.760115159679092,0.5019854405379126,,,-2.5805031914941474,-0.18087208873567565,0.44919692911536785,0.10534389225174036,-17.22520765347386,-0.6470781913013482,,,,,,,,,0.11753731343283583,0.7244655581947743,705
MB_img478,17.543740451136753,0.4005203974539211,,,,,-8.049918464629158,-1.9803909560614716,-20.217075269518872,-1.2620920397958808,-3.4292983859668875,-0.8207432972215131,,,,,,,0.006607929515418502,0.8275862068965517,343
MB_img479,11.008224010937957,0.0762930267908952,,,-1.1815773372498597,-0.14889239909767732,-6.764067562997156,-0.7168341563917607,-9.44234045272432,-0.5953895610070672,-16.803716296016802,-4.244810965606236,,,,,,,0.011752136752136752,0.9875,520
MB_img48,6.1992879125839275,0.35659550720303046,,,,,,,-6.757049902077844,-1.1383230040564838,,,,,,,,,0.003289473684210526,1.0,53
MB_img480,19.668050174814457,2.5185420750327037,,,,,,,-7.950742106385479,-2.8770430615799674,-7.347002515797857,-5.314333993919012,,,,,,,0.0,,67
MB_img481,,,,,,,,,,,,,,,,,,,0.375,0.015306122448979591,154
MB_img482,0.3467520765853079,0.00010517680637524672,,,,,,,,,,,,,,,,,0.0,,1876
MB_img483,2.486212289563408,0.0021271261197870093,,,,,,,-2.4707338927275635,-0.11972113463880102,,,,,,,,,0.00020868113522537563,1.0,1815
MB_img484,14.642062129673326,0.6173327472549591,,,,,,,-17.1144691003189,-1.3460216060493941,,,,,,,,,0.0,,147
MB_img485,20.216985295524932,0.35735493164329807,,,-16.160891822707825,-0.8875752593086961,,,-20.620396362338052,-1.063277046117637,-4.69123512455393,-1.0400741455472806,,,,,,,0.07010739856801909,0.6631130063965884,652
MB_img486,,,,,,,,,,,,,,,,,,,,0.0,169
MB_img487,36.38385869936955,1.5868798535965052,,,-10.789662221342704,-1.2026358337713972,-29.505165660004106,-3.11699257968172,-5.85734453668858,-0.8464781201836162,-5.479068949138863,-4.503666754576019,,,,,,,0.09131205673758866,0.11511789181692095,501
MB_img488,,,,,,,,,,,,,,,,,,,,0.0,36
MB_img489,1.0894175390954575,0.013279338050017029,,,,,,,,,,,,,,,,,0.0,1.0,41
MB_img49,6.12220956057617,0.020164757150995586,,,-4.8342535191830835,-0.27734391568276745,,,-4.62051724936675,-0.5175664321433346,-6.6385042077622884,-0.8579168025964312,,,,,,,0.01330150068212824,0.9342105263157895,764
MB_img490,13.842553417295594,0.12913739923185025,,,,,-0.9788760332735249,-0.11650125274571001,-19.996229511381063,-1.0454282034992062,,,,,,,,,0.00782937365010799,1.0,543
MB_img491,18.909289429535963,0.06901208307454158,,,-5.7496987812930564,-0.5070734382070051,,,-25.87148006675624,-1.5679419954654261,-13.047396869038364,-1.6715198374441143,,,,,,,0.004024390243902439,0.9777777777777777,1106
MB_img492,2.224405666144718,0.003297863776282964,,,,,-0.8907484770023393,-0.08110805314869218,-3.3091122152231223,-0.2141962807444194,,,,,,,,,0.005639868744872847,1.0,1239
MB_img493,7.692740546834783,0.17317738058900423,,,0.20760243491638747,0.018700845677681276,1.0594280461150338,0.15918324711130655,-9.789607649229,-0.8209731481293469,-7.220730956535142,-0.5517636830535578,,,,,,,0.07547169811320754,0.9267015706806283,307
MB_img494,22.80235721992634,0.2500177815401537,,,,,,,-29.332042812716473,-1.1394673084679958,,,,,,,,,0.0012647554806070826,1.0,778
MB_img495,18.790906302550997,0.10618253992336511,,,-4.2558412740903115,-0.4144679019663626,,,-28.169895203374757,-1.3326110076409792,,,,,,,,,0.005014858841010402,0.9672131147540983,755
MB_img496,33.808340990883885,0.4737546009724076,,,,,-23.73400253915619,-7.986865972329115,-40.19602987349017,-2.389883617489968,,,,,,,,,0.0,0.0,779
MB_img497,7.7039494219252385,0.04593265305346275,,,,,,,-13.112488304177024,-0.4671586952283881,,,,,,,,,0.0,,648
MB_img499,8.535680750217619,0.015244474857340817,,,,,,,-12.594443931191389,-0.4599447390508551,,,,,,,,,0.0,,1399
MB_img5,7.033322152646852,0.009707102333100409,,,-6.244222299134799,-0.5978621966520433,,,-9.58152889541759,-0.49210955265261275,-1.9060637211907459,-0.1836453053946556,,,,,,,0.0015492498369210697,0.8974358974358975,1566
MB_img50,15.530123987405076,0.036990629616577446,,,-1.506956499890325,-0.13844003468245658,,,-26.361056439448188,-1.2375855692221267,,,,,,,,,0.004446308724832215,0.9722222222222222,1560
MB_img500,16.001975171696103,0.4100368182204773,,,,,,,-19.906244790692035,-1.5684285188683895,-7.246064283044242,-1.012812433753849,,,,,,,0.0,0.25,236
MB_img501,17.78374212001129,0.4555118507398733,,,-1.4667807972821922,-0.26721797882664367,-16.114878459892843,-1.655454056782013,-15.266045863042569,-1.7182480052109894,-6.557797389751152,-1.1159815680773673,,,,,,,0.0524390243902439,0.4831081081081081,319
MB_img502,11.377710751247323,1.1518624867453735,,,1.0277529513851198,0.2163338190921716,-0.543737728290322,-0.07659607119437112,-10.173874577044511,-0.8767497362668824,-3.099432292542645,-0.6915341649192004,,,,,,,0.14386792452830188,0.5544554455445545,278
MB_img503,17.571659300671474,0.3924692508683481,,,-8.464827869015872,-1.4466572570056666,,,-14.603261816265036,-2.3035524555837172,-16.899721564825835,-2.1830641130694772,,,,,,,0.016428571428571428,0.7454545454545455,246
MB_img504,,,,,,,,,,,,,,,,,,,0.0,,122
MB_img505,3.3524888663592725,0.002283461019584037,,,,,,,-4.504072258051866,-0.40396883498400216,,,,,,,,,0.0,1.0,1329
MB_img506,3.652006173893629,0.01675988233507557,,,,,,,-6.796518454696295,-0.6154678967206946,-1.0219576551287677,-0.1290912839337348,,,,,,,0.0017748478701825558,1.0,512
MB_img507,13.57342952512762,0.5441199366287193,,,-5.411913644082608,-0.7673202602553514,,,-7.441655786935667,-0.972191341075995,-14.348969448735755,-1.3880616821090253,,,,,,,0.024553571428571428,0.7692307692307693,197
MB_img508,16.630345080751383,0.07280275941051487,,,,,,,-28.655706329563966,-1.504659382580734,,,,,,,,,0.0005193905817174516,1.0,779
MB_img509,18.38790298833034,0.11043703232055709,,,-9.582372894783788,-0.6691085069210744,-16.80114747986994,-1.0407171229073462,-24.551911014707542,-1.580058700032153,,,,,,,,,0.03617571059431524,0.6501305483028721,885
MB_img51,3.552514900985861,0.003053109012014935,,,,,-7.062612357941783,-0.2317597540401244,-2.9615695477614654,-0.12556845177802858,,,,,,,,,0.009069683908045977,0.9148936170212766,2836
MB_img510,9.208639687865604,0.02992854455963803,,,,,,,-15.051791648006624,-0.8580605898996476,,,,,,,,,0.0016233766233766235,0.96875,963
MB_img512,6.758531250134264,0.691223588262319,,,,,,,-4.94537408230931,-0.786735745982591,,,,,,,,,0.03676470588235294,0.9411764705882353,34
MB_img513,,,,,,,,,,,,,,,,,,,,,10
MB_img514,38.550524819823835,1.3405572524696456,,,-4.694248428544466,-4.076815597050831,-32.338580320758545,-1.6667877997985567,-9.366926675695371,-1.973060172804084,-9.576196644007451,-3.4662542101742515,,,,,,,0.14847417840375587,0.2020033388981636,657
MB_img515,10.270739354419964,0.044433395311691944,,,-6.295228206340835,-0.46031491260948926,,,-17.807384340049467,-1.2323954614435875,,,,,,,,,0.016463414634146342,0.8602941176470589,657
MB_img516,18.500686519225457,0.06803015747426235,,,,,,,-32.27675414959377,-1.239930431961581,,,,,,,,,0.003973660308810172,0.9818181818181818,1204
MB_img517,18.937846630685303,0.8343962263214633,,,-3.904290694698881,-1.080657663345225,,,-19.000172947956784,-1.6294294816255903,-2.9837136209516317,-0.8813849459568853,,,,,,,0.007183908045977011,0.7333333333333333,178
MB_img52,,,,,,,,,,,,,,,,,,,0.20833333333333334,0.6666666666666666,14
MB_img520,6.813659805702171,0.11147618492679892,,,,,,,-7.569694433013073,-0.5386978879102086,-6.496162608640534,-0.7786938149387533,,,,,,,0.00785024154589372,1.0,253
MB_img522,,,,,,,,,,,,,,,,,,,0.0,,6
MB_img523,33.03846030065481,0.495858056743849,,,-32.51202638953125,-1.4131147530625163,,,-21.349512437174507,-2.7431299034232635,-19.724440228850444,-3.490003753176974,,,,,,,0.1,0.41605301914580267,955
MB_img524,0.9667410292386818,0.12553088208385882,,,,,,,-2.905523961925663,-0.24030625173745201,-0.22616188164174064,-0.06877195659993063,,,,,,,0.084375,0.8611111111111112,120
MB_img526,7.923495987410667,0.05133893541880553,,,,,,,-12.40582513458959,-0.8561236522798759,,,,,,,,,0.009282178217821782,0.9444444444444444,435
MB_img527,23.80939059531003,0.1821436980871327,,,-8.985215426082295,-0.8346356560861866,,,-36.13406644945255,-1.5462724964978423,,,,,,,,,0.00881294964028777,0.8823529411764706,844
MB_img528,6.321365080150576,0.5091139566952769,,,-0.24771120480051112,-0.06695024392462698,,,-9.79581680600613,-0.7875833758615387,1.262807466930004,0.18957224389277283,,,,,,,0.03125,0.95,143
MB_img529,,,,,,,,,,,,,,,,,,,,,18
MB_img53,9.031710142178131,0.04924209878950449,,,-10.778955280893223,-0.4770296530130649,,,-7.976668591719443,-0.7801700927313737,,,,,,,,,0.034030249110320286,0.8285714285714286,617
MB_img530,4.309368746785935,0.011543665245076945,,,,,,,-6.201472955446792,-0.7316487522105671,,,,,,,,,0.002390057361376673,1.0,534
MB_img531,21.87439274683826,0.21114356316812172,,,-4.562881118915285,-0.6477749931261774,-11.026405999959097,-0.8148875861471327,-24.446662450968766,-1.3113135064578016,-9.297678570378245,-1.2356604703274936,,,,,,,0.012245841035120148,0.8538812785388128,672
MB_img532,9.568416719189853,0.13382700184685445,,,,,,,-12.432955263153316,-0.8505155448810066,-6.711337351967651,-1.3458744154613782,,,,,,,0.00390625,1.0,230
MB_img533,11.941496158516589,0.5041536352544399,,,-4.7677842590047765,-1.027888988570534,-4.149814133399183,-1.3163871369297246,-11.046552835606082,-0.8660762268597504,-5.001951209199659,-1.7166251458820305,,,,,,,0.02,0.7058823529411765,175
MB_img534,10.243669091789599,0.11050420670481848,,,,,-13.773760605977616,-2.2005299282196753,-8.487862740080708,-0.4250982468287998,,,,,,,,,0.003548895899053628,0.3939393939393939,372
MB_img535,,,,,,,,,,,,,,,,,,,,0.0,167
MB_img537,15.423445092993504,1.7651483619369146,,,,,,,-10.347951125029951,-0.3920326631262434,,,,,,,,,0.0,,601
MB_img538,6.8122263141695205,0.03370544662191396,,,,,,,-9.389288074170079,-0.5146278711308733,,,,,,,,,0.0014067524115755627,1.0,660
MB_img539,7.758472921153148,1.6175768649758757,,,,,,,-4.879467175778893,-0.2833558071756868,,,,,,,,,0.0,,273
MB_img54,,,,,,,,,,,,,,,,,,,,,29
MB_img540,14.448895449256904,0.05723719766001974,,,,,,,-26.962247618445296,-1.734625536471598,,,,,,,,,0.0,,772
MB_img541,0.13188690079964735,6.464194285532162e-05,,,,,,,,,,,,,,,,,0.0,,775
MB_img542,33.00096721997071,2.9278287257422595,,,-15.445234925509714,-5.146034009482274,,,-10.186677465716107,-2.725908911741454,0.9171312675521449,0.16109206730680353,,,,,,,0.0,0.0049261083743842365,279
MB_img543,22.302879417251276,0.18602553443090358,-11.082894401595903,-3.9713136240688782,-7.357403863911128,-0.7238393658797845,-26.93342843952978,-3.200874880858824,-24.434474844812986,-1.430450827241921,-6.610700327684651,-0.5525738111798439,1.9186036749764863,0.9714308478032291,33.38408180199134,3.838605856042044,-2.3814821946511135,-2.6005076453457856,0.016371340523882897,0.33554817275747506,794
MB_img544,23.133799114978217,1.3905844555543048,,,,,-11.836054969056919,-2.3457020635036283,-14.121124097517411,-0.6616467304688396,-5.129599928755932,-1.7947871686403782,,,,,,,0.019153225806451613,0.13333333333333333,549
MB_img545,7.148889400754215,0.035303885893422524,,,,,-2.766026884138876,-0.28425089174348955,-9.312836798687353,-0.5555878985876427,,,,,,,,,0.0072701688555347095,0.8666666666666667,569
MB_img546,,,,,,,,,,,,,,,,,,,,,11
MB_img547,10.127564292864019,0.49023434533584587,,,,,,,-12.093790902661263,-0.9969735330221792,,,,,,,,,0.0,1.0,109
MB_img548,14.416898703225003,0.05258764385125508,,,,,,,-22.062635877332074,-0.8688188195798099,-6.990716567078896,-0.35369011115349136,,,,,,,0.0005697356426618049,1.0,1201
MB_img549,19.047346674055746,0.17496237779694868,,,-3.401650549237557,-0.3955198548171042,,,-24.88403263026697,-0.8836264580389376,-3.0238554056412474,-0.3904842649198058,,,,,,,0.0047748976807639835,1.0,915
MB_img55,12.747587746333796,0.02873527214751437,,,-19.568317125904272,-0.5930810495588253,,,,,,,,,,,,,0.02258758451137062,0.7966386554621848,1715
MB_img550,11.444321107052575,2.3180688994317276,,,,,-11.105275051959358,-0.8007237452189857,6.813531753841252,1.1002006632104822,,,,,,,,,0.4855769230769231,0.04907481898632341,671
MB_img551,25.43624763218943,0.09910401316739961,,,,,,,-41.88013668295959,-2.4846759390106907,-19.246539344565686,-4.09203825662039,,,,,,,0.0,,1326
MB_img552,47.499597206135405,0.4635334480708948,,,-18.10471066785097,-1.1892361465634134,,,-56.65214438017375,-2.412453751841465,-20.89049129031869,-1.5324515135723469,,,,,,,0.01515986769570011,0.7733333333333333,1356
MB_img553,4.819415315268455,0.00904554621537524,,,,,,,-6.630990538367507,-0.3640434091666182,,,,,,,,,0.0,,991
MB_img554,,,,,,,,,,,,,,,,,,,,0.0,25
MB_img555,31.15631207710444,0.32096060069157123,,,-2.10910309567234,-0.1570008652412519,,,-38.4002335040601,-1.1978726392886916,-7.740373335774743,-0.4839380579262917,,,,,,,0.014218595450049457,0.9316770186335404,1507
MB_img557,12.84004709720868,0.03944093328424756,,,-6.079542235215556,-0.45110118802253907,-5.897740912924091,-0.5761189815560274,-18.14512087541416,-1.1840438949926846,-8.344317775986266,-0.8422749064067638,,,,,,,0.005593132154006243,0.9333333333333333,1011
MB_img558,30.88726995988105,1.631541654348035,,,-28.75836601466225,-2.466316078059648,,,,,-7.197520043956613,-2.132286513296386,,,,,,,0.08909574468085106,0.09915809167446211,341
MB_img559,12.394224840098397,0.16875686545953641,,,-13.766651852159985,-0.8351922989199493,,,-9.079945682374756,-0.41815063941782726,-3.545296410991249,-0.5829712029020647,,,,,,,0.05615942028985507,0.6415584415584416,558
MB_img56,16.223634786929143,0.07018955325602258,,,,,,,-22.773469871243435,-0.8200722474365244,,,,,,,,,0.0,,1257
MB_img560,11.80167355352717,0.029468492002529684,,,,,,,-18.913582680886677,-0.5314775282648365,-9.088110737949494,-0.7195014365245649,,,,,,,0.0005984952120383037,1.0,1565
MB_img561,6.067828639769555,0.09294558341908152,,,,,-5.269290790423934,-0.718443088099871,-4.120184999790303,-0.41858906262906503,-6.459930318441601,-1.1310485016126357,,,,,,,0.026845637583892617,0.8627450980392157,175
MB_img563,,,,,,,,,,,,,,,,,,,,,12
MB_img564,6.577562972903001,0.029257966982563513,,,,,,,-8.078266413203721,-0.41275979293044507,,,,,,,,,0.0032407407407407406,0.9714285714285714,573
MB_img565,31.133822362460386,0.3640395092733893,,,-17.205619115159077,-1.15417580408926,-38.8653556059876,-2.763908180279546,-12.906939880918646,-1.3755206951023098,,,,,,,,,0.038132137030995106,0.2886142983230362,853
MB_img566,14.949839836695872,0.1625976411683088,,,-6.907016565780566,-0.5829869344429394,,,-22.826467662860022,-1.7317313972763804,,,,,,,,,0.028785488958990538,0.7286821705426356,380
MB_img567,5.096603169316242,0.35383734284210633,,,1.017111642401974,0.1536069791476399,-1.080181509728582,-0.2084280751833234,-7.520623595941166,-0.8658050741179965,,,,,,,,,0.13679245283018868,0.896551724137931,102
MB_img568,18.44724745646683,0.12923591092736644,,,,,-18.305825229892292,-1.981510200851319,-17.208078972931894,-1.4092960308756015,-17.415984675979225,-1.7751232176728475,,,,,,,0.003430531732418525,0.6057692307692307,663
MB_img569,1.6662234089193202,0.0022291658822751166,,,,,,,,,,,,,,,,,0.0011398176291793312,1.0,663
MB_img57,27.208848686779113,0.16020129005663375,,,-17.196409176945842,-1.2883242208970573,-15.666663498234941,-2.0736933081131363,-26.869117471725083,-3.3494904909818146,-27.951909409018867,-3.007688876156794,,,,,,,0.010214007782101167,0.5606060606060606,884
MB_img570,26.079888179752306,1.2228816407087464,,,-9.364182146839166,-2.9677834360272892,-17.82866915278271,-1.2874935932045783,-9.174361128714821,-0.7458958564432137,,,,,,,,,0.175,0.2392894461859979,470
MB_img572,8.925971574554048,0.39719322022189374,,,,,,,-8.027896624371152,-0.42555842012457423,,,,,,,,,0.0030991735537190084,0.7272727272727273,231
MB_img573,0.053824907551802095,1.4960620683369106e-05,,,,,,,,,,,,,,,,,0.0,,1279
MB_img574,38.37401125593208,1.1181588934275066,,,-0.9658401438599223,-0.2572980362846495,-37.539362914506974,-3.0327016198825736,-15.468820482897181,-3.3090432875621674,-5.4738666776509275,-2.5709486051733275,,,,,,,0.04509132420091324,0.12076852698993595,512
MB_img575,,,,,,,,,,,,,-1.3150276259478282,-1.408711861029429,-5.34314870313466,-1.1176950426697545,7.065078162422101,1.2614483134797674,,0.0,1659
MB_img576,27.193520808695066,0.2639245124924283,,,,,,,-40.53279217539893,-3.327658909494412,,,,,,,,,0.0011885895404120444,1.0,767
MB_img577,11.114151082490544,0.026311345958652775,,,,,,,-23.016926353294433,-2.408711861029429,,,,,,,,,0.000749400479616307,0.9333333333333333,856
MB_img578,6.750513403708621,0.026784875868955914,,,,,,,-9.00162257922093,-0.6446097275013268,-7.610241004932676,-0.7542540813571178,,,,,,,0.0032679738562091504,0.9666666666666667,643
MB_img579,25.010512463501737,0.46196587946449874,,,,,,,-27.271296622064167,-1.9274810245341425,-8.438905530251887,-1.3035635625458921,,,,,,,0.0,,360
MB_img58,13.009857743437115,0.016682841397975327,,,-3.0972653048311387,-0.29007365858614614,,,-13.396160820807388,-0.6743315108860561,-17.46309874607471,-1.137019677520511,,,,,,,0.0013866877971473852,0.9230769230769231,1938
MB_img580,15.592007230719915,1.2599184326119375,,,,,,,-5.1762724621165255,-0.5233151446329011,-12.510307392921758,-2.044019344699666,,,,,,,0.0,,172
MB_img582,9.590553702427394,0.5736086431267104,,,,,-3.4098108987628826,-0.7379688591863931,-11.497923079239213,-2.265036758744942,-8.402216247656222,-5.273702368735646,,,,,,,0.010869565217391304,0.88,74
MB_img583,1.57824243953404,0.0014821651417691085,,,,,,,-2.1755503476131364,-0.15315678806142044,-0.7531075165173207,-0.050887023133468726,,,,,,,0.0009683666881859264,1.0,1566
MB_img584,5.192987530070087,0.015854654179168846,,,,,,,-9.763144790850355,-0.6060048158517805,-3.9608047177372288,-0.34831194710009544,,,,,,,0.001382063882063882,1.0,846
MB_img585,20.088160694901088,0.7625952073077344,,,,,,,-21.586615501530485,-0.623878298891561,,,,,,,,,0.002208480565371025,1.0,831
MB_img586,1.3048866276877233,0.000592466791616467,,,,,,,,,,,,,,,,,0.0005905511811023622,1.0,1272
MB_img587,8.172721902514105,0.02523108732542653,,,,,,,-11.937620185970381,-0.5477830535456986,,,,,,,,,0.002717391304347826,0.9803921568627451,1059
MB_img588,2.230938621277616,0.011873315357661774,,,,,,,-3.7813744921193555,-0.3757890426365405,,,,,,,,,0.009202453987730062,1.0,340
MB_img589,34.38477990453269,1.1626035441836966,,,-32.96346138595743,-1.949374735373679,,,-8.993301982895082,-0.816146002348708,-6.446296561628281,-5.032321287057878,,,,,,,0.09729064039408868,0.1969080553295362,547
MB_img59,8.786403241116126,1.453602065597239,,,,,-3.9841673547094842,-3.66732447027863,-6.231775634957614,-0.6712002943812914,,,,,,,,,0.0,0.0,86
MB_img591,15.158271221745643,2.03730486904668,,,1.6928110734490402,0.595563945805063,-1.5386182757984306,-0.859969548221026,-7.727865739474088,-1.144942095867151,-3.288232582098855,-0.7119078327725146,,,,,,,0.03409090909090909,0.7727272727272727,131
MB_img592,0.1885116478118988,6.670117517699908e-05,,,,,,,,,,,,,,,,,0.0010393569844789356,1.0,1808
MB_img593,,,,,,,,,,,,,,,,,,,,,13
MB_img594,4.480248789037505,0.011713460641146903,,,,,,,-6.356898194840577,-0.2903576304611503,,,,,,,,,0.0023148148148148147,0.967741935483871,1120
MB_img595,-0.6798907731264006,-0.0009225673561083333,,,,,,,,,,,,,,,,,0.00327653997378768,1.0,768
MB_img596,3.670076655719558,0.005710691785346488,,,,,,,-6.074497517929978,-0.24561412218273926,,,,,,,,,0.0005486466715435259,1.0,1399
MB_img597,19.78593879496276,2.504304837375931,,,,,-12.621988923753213,-2.122545300405785,-5.349556993451647,-1.4415772148447363,,,,,,,,,0.16447368421052633,0.06459948320413436,150
MB_img598,33.342033031123904,1.5128867962018717,,,-1.3442246973102747,-0.47148763621236794,-4.447704980908632,-3.158256228811341,-36.28817153632307,-4.590178206804113,,,,,,,,,0.0023584905660377358,0.35135135135135137,302
MB_img599,2.7901260388800972,0.008226506796820746,,,-3.3272174483333523,-0.32268720831760417,,,,,,,,,,,,,0.008133561643835616,0.9493670886075949,594
MB_img6,1.4723576229440674,0.0033990596003370516,,,,,,,-0.854566805050581,-0.09446129739144038,,,,,,,,,0.0,,566
MB_img60,5.7174885260496096,0.012685487824786252,,,,,,,-7.627698870177598,-0.35773180712846736,,,,,,,,,0.000663716814159292,1.0,1163
MB_img600,11.223492388679942,0.018062978974645556,,,,,,,-18.220234433248063,-0.8790655643454952,,,,,,,,,0.0,,1281
MB_img602,1.4168637865118836,0.03268450094956609,,,-1.043402004538051,-0.1375985598186686,,,,,,,,,,,,,0.06666666666666667,0.9444444444444444,100
MB_img603,26.43097867803654,0.23703340226128672,,,,,,,-36.23142781897727,-1.4410267383027984,-8.604555619797026,-1.9169542789532161,,,,,,,0.000894134477825465,1.0,894
MB_img604,1.3624391126185667,0.00038080961252809153,,,,,,,,,,,,,,,,,0.0004472271914132379,1.0,2240
MB_img605,,,,,,,,,,,,,,,,,,,,,5
MB_img606,9.239741844212373,0.0786632612828878,,,,,,,-17.726066334733247,-1.3536396583135182,-0.05670711106165384,-0.007358619165798773,,,,,,,0.0,0.8888888888888888,411
MB_img607,5.3218792612308885,0.02625677119937954,,,,,,,-9.01757224223248,-0.9041399845924838,,,,,,,,,0.0,,306
MB_img608,8.103207386500154,0.07330567047910197,,,,,,,-12.253656186667936,-0.9364706603148198,,,,,,,,,0.0029940119760479044,1.0,365
MB_img609,6.529776606684956,0.01961469562369106,,,,,,,-12.432478150783972,-1.0709918315714384,,,,,,,,,0.007240204429301534,0.9782608695652174,606
MB_img61,15.217987756491295,0.07046007834308922,,,,,,,-21.152179433324307,-0.6823041914228929,,,,,,,,,0.0,,1184
MB_img610,26.363650330280954,0.6833161217349162,,,-9.269735755383635,-1.583383689450291,,,-20.338663370096327,-3.9389914387755427,-27.28594684339671,-4.037215577435768,,,,,,,0.007965686274509803,0.6896551724137931,352
MB_img611,,,,,,,,,,,,,,,,,,,0.125,0.42857142857142855,91
MB_img612,7.078505401824166,0.08644685604237587,,,,,,,-5.403955400428982,-0.37918000178821826,-7.370039296915256,-0.6819166658953133,,,,,,,0.003170289855072464,1.0,320
MB_img614,17.78219998448302,0.03283834722428245,,,,,,,-30.560561509493805,-2.273435962737014,-16.330086707276223,-1.1952065471359163,,,,,,,8.322237017310254e-05,0.8333333333333334,1552
MB_img615,20.747251681444784,0.0777566011393317,,,-5.847242631051911,-0.33049986453728053,-14.422100845696564,-0.6456193219006618,-23.801624581745234,-1.2621920070383623,,,,,,,,,0.02254746835443038,0.838150289017341,1401
MB_img616,6.396285054749332,0.04539321783952197,,,,,,,-9.629681294535116,-1.1343774227632153,,,,,,,,,0.0,0.6666666666666666,236
MB_img617,,,,,,,,,,,,,,,,,,,,0.0,14
MB_img618,2.487578226511343,0.014149092398924916,,,,,,,,,,,,,,,,,0.0,1.0,212
MB_img619,34.11594305714895,0.15534454859258837,,,-37.86960693164167,-2.26010266244301,-9.522678193829458,-1.3374915372593699,-35.47284113853073,-2.086083134996543,,,,,,,,,0.005713159968479117,0.3616636528028933,1452
MB_img62,4.167665191533777,0.006555737728664129,,,,,,,-6.671989197388168,-0.34360461456492924,,,,,,,,,0.0008413461538461539,1.0,1059
MB_img620,,,,,,,,,,,,,,,,,,,,0.0,7
MB_img621,9.408933961069517,0.1336622221549813,,,-4.88161169488795,-0.322547265238833,-1.5059863585277635,-0.2830614605134967,-10.93662675600247,-0.47993218986714786,,,,,,,,,0.047193877551020405,0.9105058365758755,521
MB_img622,16.553167637233976,0.030554787920374856,,,,,-13.077249153655375,-2.453517579215498,-28.41357550297301,-2.680838709553556,,,,,,,,,0.0007692307692307692,0.4444444444444444,1333
MB_img623,3.5708048467545184,0.004441143143700568,,,,,,,-5.505448081547698,-0.25745896540090096,,,,,,,,,0.0,,1590
MB_img624,29.78288914837283,0.4063162492673711,,,-11.768090542992656,-0.6653479287500286,-18.84589233536913,-1.7803695315771495,-34.197148961195076,-3.8636619042985494,,,,,,,,,0.050101214574898786,0.5978428351309707,713
MB_img625,8.485737025996428,0.018510370865368428,,,-5.642431450485849,-0.6704842787242418,-6.792015656462189,-0.6196681787198794,-11.204110709231193,-0.5164870593571842,-4.6158976713951345,-0.26363972638609867,,,,,,,0.005393641180923543,0.8275862068965517,1381
MB_img626,4.592516111263555,0.11005942876801182,,,,,-5.535629036655817,-1.0967029926244949,-4.899057915345858,-0.7393571730179003,,,,,,,,,0.014175257731958763,0.78125,111
MB_img627,21.017167634708876,0.32692062064520006,,,,,-25.546465536516987,-2.6976211439301925,-21.512473603777842,-2.3236624677329,,,,,,,,,0.01129737609329446,0.27106227106227104,451
MB_img628,2.8114643595275943,0.0028656550062995,,,,,,,-4.285998304318106,-0.33675234209352206,,,,,,,,,0.0005751533742331289,1.0,1314
MB_img629,34.4782417931943,1.0508057577295526,,,,,-42.54413207053983,-6.112475596262383,-10.241699699548352,-1.9695035631747235,0.08193663716172012,0.019060733914487826,,,,,,,0.0057692307692307696,0.012698412698412698,419
MB_img63,12.483024626762653,0.18027761387733396,,,-15.185883660505272,-2.0815319180325584,-5.460703930309864,-0.9893120442549038,-5.855861692867886,-0.8302360046446677,-9.561552555006303,-1.5065038923373526,,,,,,,0.01016260162601626,0.4793388429752066,290
MB_img630,15.47748400005644,0.10878424377128051,,,-23.791145486628075,-1.450318073681698,,,-7.438957058147451,-0.599213144413334,,,,,,,,,0.013424295774647887,0.535031847133758,639
MB_img631,41.67502137504809,1.0096501700337195,,,-2.7892821838802924,-0.5896265374342657,-31.85049113982428,-1.8286951650890115,-19.941887346921433,-1.016491871991184,,,,,,,,,0.0836720867208672,0.2605421686746988,945
MB_img632,34.016709836399215,0.3919413243659695,,,-8.82600069103693,-2.743391863325639,-13.128776478618615,-2.296936151374605,-42.014325851414995,-2.1940472596698877,-12.45762712986746,-2.160494871833162,,,,,,,0.0045707472178060414,0.6086956521739131,884
MB_img633,,,,,,,,,,,,,,,,,,,0.03125,0.09090909090909091,95
MB_img634,41.857721978021,0.2784786067492297,,,,,,,-55.629888545096556,-1.4532948550707903,,,,,,,,,0.0009314456035767511,1.0,1782
MB_img635,28.25840676126764,0.2182904218635425,,,-14.016131132277422,-0.47537823223435066,-8.372622041446125,-0.615150294444042,-25.6531170773406,-1.4541530994543617,-25.80300956890388,-1.3559866772956481,,,,,,,0.08757889990982867,0.7734113712374582,1503
MB_img636,15.666986284909619,0.814005348928741,,,,,-3.7037752118172773,-1.454175893185802,-7.749692600393118,-0.37141126477655984,-12.948355851585541,-2.450267010371224,,,,,,,0.008211678832116789,0.7777777777777778,396
MB_img637,11.810214596564666,0.09618506803527657,,,,,-2.772065802834619,-0.42077735023073964,-15.352825598029316,-0.5770921239365415,-6.744199393717889,-0.9125024781635727,,,,,,,0.004110612855007474,0.9555555555555556,790
MB_img638,13.25222109737464,0.01939661444700145,,,,,-14.962170157056555,-0.7174527600428481,-16.566526740713524,-0.719927066373909,-4.190420842438542,-0.31768209595331853,,,,,,,0.008700850159404888,0.7330097087378641,1949
MB_img639,17.58623813347669,0.07066691657577158,,,,,,,-26.99757205978541,-0.9055570959064296,,,,,,,,,0.0,,1212
MB_img64,3.2745711895431264,0.12145629180783678,,,-1.5033578758694255,-0.25061514657972606,,,-4.077072722823618,-0.646820971128198,,,,,,,,,0.01838235294117647,0.88,85
MB_img640,1.024648854263725,0.0004895654915188188,,,,,,,,,,,,,,,,,0.00022401433691756272,1.0,1679
MB_img641,9.41534246332197,0.022621032461707737,,,,,,,-8.322318310319671,-0.588312242097117,-13.85265538690933,-0.5862185725636554,,,,,,,0.0,,1118
MB_img642,14.178006072108388,0.4024335925277627,,,-5.805933765589627,-1.3381391280432793,,,-16.9512850010652,-0.7580151421412635,,,,,,,,,0.011574074074074073,0.8888888888888888,384
MB_img643,19.481191802229077,0.3477721747539192,,,,,,,-27.190516326165227,-1.6974773042852305,-3.677335235658229,-0.6277296991082969,,,,,,,0.0013204225352112676,0.9473684210526315,397
MB_img644,5.304233959414434,0.029955805073829642,,,,,,,-7.876162963501681,-0.4711090909547407,,,,,,,,,0.004976580796252928,1.0,454
MB_img645,,,,,,,,,,,,,,,,,,,0.0,0.0,161
MB_img646,24.54203242587713,0.03743889059331004,,,,,,,-41.68528419552437,-1.4775848204291857,-19.573582518047758,-2.8124982253335635,,,,,,,0.0,,1816
MB_img647,21.34590633974045,0.08905606510610967,,,-31.836490613229365,-1.3963463416588928,,,,,-8.761254739334905,-1.1491462395652052,,,,,,,0.018963337547408345,0.5393794749403341,871
MB_img648,7.602057022633941,0.05009307765929965,,,,,,,-13.361738703025523,-1.1679063383202513,-4.908867135214431,-0.605652359488341,,,,,,,0.004859611231101512,1.0,496
MB_img649,10.006072421731542,0.2360927392028732,,,,,,,-12.630838151581965,-0.7915049749659148,-4.755828756568483,-0.9259994185562233,,,,,,,0.0018472906403940886,0.8235294117647058,280
MB_img65,0.5753269210903884,0.00023648912911266288,,,,,,,,,,,,,,,,,0.001430615164520744,1.0,1401
MB_img650,11.923240566782903,0.12634378367066898,,,,,,,-17.320707225607254,-1.0857840856856957,,,,,,,,,0.0008532423208191126,1.0,343
MB_img651,4.839073165405536,0.017951786791839393,,,-3.7933477198155554,-0.44049851014943064,,,-4.460782388596903,-0.26140252955311555,,,,,,,,,0.008359872611464968,0.92,658
MB_img652,12.467397712933046,0.23141407589188767,,,,,,,-16.0931050316304,-1.361326275993224,-7.979497257533357,-1.2148353175764617,,,,,,,0.0,,255
MB_img653,17.8167631782662,0.10539585342795879,,,,,,,-25.961867133084045,-1.2378686237102294,-6.321710912102447,-1.1241626788358536,,,,,,,0.0,,841
MB_img654,,,,,,,,,,,,,,,,,,,,0.0,7
MB_img655,31.275124912008497,0.45890515854782066,,,-8.072603206752541,-0.8736163643263256,-22.430349688504396,-0.933866489729622,-26.01290301124482,-1.1726242960231659,-4.777211963750214,-0.8233126431743526,,,,,,,0.1008254716981132,0.5643564356435643,1093
MB_img656,19.116804876826183,0.0835180937403465,,,,,,,-24.981931142987065,-0.8539039814560921,,,,,,,,,0.0015130353817504655,0.9705882352941176,1203
MB_img657,21.84776787147837,0.28021370080401553,,,,,,,-29.670577063820417,-1.502086716631502,,,,,,,,,0.0,,600
MB_img658,17.388032143742397,0.5791371502444779,,,,,,,-20.728632030863412,-1.6694803718774263,,,,,,,,,0.0010162601626016261,1.0,207
MB_img659,19.028975484630582,0.3657577273605574,,,-11.091550874818452,-1.9452187142676178,,,-5.135390579534609,-0.4951499184710114,-26.995659441257224,-3.81151213236716,,,,,,,0.0026595744680851063,0.625,323
MB_img66,12.328873108969171,0.060825816290896347,,,-15.8016587136281,-0.44250122268742,,,-3.4625969698465084,-0.43021293024035095,-2.620759804081527,-0.29256363825292164,,,,,,,0.06590181430096051,0.8186101295641932,1067
MB_img660,29.57306991516279,0.29724987229711225,,,,,,,-33.50183396957307,-1.11676432097738,-10.147314228936233,-1.183951886714598,,,,,,,0.00017908309455587392,1.0,958
MB_img661,28.75619954107601,0.3004442750094626,,,,,,,-35.92627837493425,-1.143676585955689,,,,,,,,,0.0,,961
MB_img662,9.858851516093255,0.39561364302038005,,,-8.779037963415501,-2.9360882361798066,,,-6.913767144504417,-0.6764499880886476,,,,,,,,,0.0021551724137931034,0.4166666666666667,88
MB_img663,16.383234050330145,0.04251281614395803,,,,,-14.52705582003737,-1.797828248231054,-25.68715290186986,-1.018158617721239,0.35313154799453683,0.026513441232473567,,,,,,,0.0019071837253655435,0.5510204081632653,1666
MB_img664,17.312836644126367,0.04090344401987312,,,,,,,-26.33990211120701,-0.6627002279087889,-14.396206797134345,-0.9076028617503072,,,,,,,0.0011812117843246247,1.0,1934
MB_img666,28.251607000866382,0.37534261416722153,,,,,,,-35.190698240307086,-1.3139146563615784,-6.973109670573673,-0.7660438430126951,,,,,,,0.0018322475570032573,0.9166666666666666,924
MB_img667,9.733797403657611,1.6394350565056686,,,,,0.8046526783470568,0.19167552478702804,-4.331493393706091,-0.5651957342645214,-6.047270212577862,-1.0224946377870865,,,,,,,0.10775862068965517,0.4647887323943662,241
MB_img668,7.995030168021825,2.2536872335745413,,,-4.778687147101982,-1.5297248597431596,-0.29303543510325364,-0.07631032243781402,-0.19980624569800598,-0.027489963735360883,-3.573776416544808,-3.6064422281316078,,,,,,,0.2767857142857143,0.06496062992125984,374
MB_img669,21.801038602547184,0.9151452107980302,,,,,-6.614428709578903,-0.7381830933205022,-21.104259606907192,-1.5889200263157874,-5.369020668371036,-0.4452278452494666,,,,,,,0.0671875,0.5764192139737991,419
MB_img67,1.4142214208617139,0.035480203693250334,,,,,,,-1.8234019187972832,-0.2737104759729597,,,,,,,,,0.0,0.9285714285714286,95
MB_img671,21.347748780453724,0.07914913709733272,,,,,,,-33.50792193379155,-1.3212577840744468,-15.668694156682092,-1.3869170386913248,,,,,,,0.003481894150417827,0.9714285714285714,1189
MB_img673,13.264348579852241,0.4573025973566704,,,,,,,-20.570070923502595,-3.1594004503691444,,,,,,,,,0.0,,108
MB_img674,26.201215820366173,0.06708603620477593,,,-7.338608181384699,-0.3510285286371412,-20.66392286974808,-1.2827645566477188,-36.641005394550184,-1.6363977201529878,-15.89665270071622,-0.6899907689100616,,,,,,,0.015974877116329875,0.7823691460055097,2001
MB_img675,7.904654342019238,0.15820794970103194,,,,,,,-13.027576927007177,-1.6590217953032564,-6.449507438450716,-1.527237188579508,,,,,,,0.0,,147
MB_img676,,,,,,,,,,,,,,,,,,,,,15
MB_img677,31.71158591001652,0.7254246593486215,,,,,-0.8377727753039523,-0.13881446890228194,-33.61689871160488,-1.3056972565743676,-12.332601053347842,-2.4547399233125753,,,,,,,0.00938337801608579,0.94,752
MB_img678,23.637317505671497,0.19094143971916536,,,-9.039865603187454,-0.8681185024757233,-10.667687180261945,-1.0181000075025672,-29.22425826147436,-1.2525284147698998,-4.281125374683152,-0.5830146931191533,,,,,,,0.01172879177377892,0.759090909090909,963
MB_img679,2.371137872524917,0.015709666858652955,,,,,,,-0.631222026543867,-0.04784259813413604,-2.851405253922501,-0.3055726276127382,,,,,,,0.0,,242
MB_img68,1.9661237243720886,0.00212975089543177,,,,,,,,,,,,,,,,,0.0017623363544813696,1.0,1000
MB_img680,,,,,,,,,,,,,,,,,,,0.625,0.09433962264150944,96
MB_img681,20.42390493285743,2.3496531895586354,,,,,,,-13.416885767173092,-0.4751389397538131,-1.0029895158207707,-0.6427015718332327,,,,,,,0.0,1.0,1075
MB_img682,30.064667628071756,1.9520598081722518,,,,,-18.380790773234796,-5.7597683696620985,-8.765956117222984,-0.886986468223144,-16.896677967115686,-3.467409917152887,,,,,,,0.00125,0.010101010101010102,483
MB_img683,18.560449294518087,0.3216712912280281,,,-2.05270049209433,-0.28688114778816154,-8.889474478147136,-1.5185351389821802,-24.914320832891892,-1.0261832797369361,-3.686626235900046,-0.2600908469006265,,,,,,,0.020644796380090497,0.8541666666666666,717
MB_img684,10.010422305859137,0.022495231306785272,,,,,,,-13.856035521690792,-0.46129793121870677,-7.742600714071175,-0.3663670525557412,,,,,,,0.0,,1606
MB_img686,47.19858655903394,1.626520862407982,,,-18.304197053697152,-1.2449258313467833,-12.370204990455823,-2.090620997448638,-27.00181745027302,-1.5141958333206234,-7.507264559816618,-1.3032774418708426,,,,,,,0.10827759197324414,0.22715894868585731,1255
MB_img687,23.300178445838103,0.0604963579625823,,,-36.02790654935526,-2.705625035093778,,,-20.69113166093386,-1.691913350301189,,,,,,,,,0.004682997118155619,0.31351351351351353,1100
MB_img688,0.9162646411161443,0.00015171369167157984,,,,,,,,,,,,,,,,,0.0,,1834
MB_img689,19.977845137483353,0.19984382955279545,,,,,-2.164144656079655,-0.2799866792211618,-31.54361066568762,-1.2174452705261924,-0.35916272900717106,-0.04359902700386295,,,,,,,0.009720062208398134,0.927536231884058,830
MB_img69,16.242544390399907,0.07152068336937811,,,-2.6035153989526827,-0.278255142772563,,,-24.88348206580318,-1.39245714434595,-8.282566001372977,-1.2833830512255961,,,,,,,0.003410438908659549,1.0,910
MB_img690,5.49854522676825,0.01488503051554039,,,-5.212576524646269,-0.2523287036708258,,,-4.6207016014638125,-0.1948038429101107,-3.9896473687638467,-0.24161834140210087,,,,,,,0.016068447412353925,0.9326923076923077,1266
MB_img691,24.51956520787389,0.12010492618716852,,,,,,,-34.753947247705135,-0.9877183025821499,-2.528852288433155,-0.24119001679057375,,,,,,,0.0006550218340611354,1.0,1338
MB_img692,15.126274336614463,0.07055877371994349,,,-3.716528254533721,-0.4750848829487826,,,-17.7660243955938,-1.075424311783507,-14.306303289063267,-1.9210418154484084,,,,,,,0.002288732394366197,0.9047619047619048,766
MB_img693,8.00100209241063,0.017881161901502463,,,,,,,-13.317780947493082,-0.49573888794316756,,,,,,,,,0.0007575757575757576,1.0,1029
MB_img694,22.460756061601522,1.2146829143487659,,,-7.174039045718407,-3.027154051503727,-13.35173415072029,-1.838057449934644,-12.519837062826191,-0.9094177468168839,-4.913264365794902,-1.372296625369482,,,,,,,0.02526595744680851,0.19649122807017544,277
MB_img695,40.24199220584693,0.45831767472470103,,,-2.2018632745195093,-0.45990846380471534,,,-45.68187997761958,-1.3615303438679005,,,,,,,,,0.0030120481927710845,0.8666666666666667,1319
MB_img696,16.812881978414048,1.48415207997806,,,-2.44474082503488,-1.4502214958971797,,,-15.761389189237244,-1.0484953728335333,-3.113710594525708,-1.6904170955324658,,,,,,,0.003968253968253968,0.75,297
MB_img697,,,,,,,,,,,,,,,,,,,,,15
MB_img698,15.927707437653886,0.735844531835424,,,-7.599520002026968,-0.4294192440677037,-5.640744498242593,-0.9559775377711126,-9.464194569456794,-0.5005560825915049,-8.751711760357537,-1.0876601868550366,,,,,,,0.22666666666666666,0.4780334728033473,733
MB_img699,15.543332905914417,0.3204058996044488,,,-7.185200554230831,-0.9048175447979115,,,-16.16740816065347,-0.8676295442146278,-4.793779347692724,-0.7515708374028203,,,,,,,0.0199203187250996,0.8541666666666666,368
MB_img7,12.928977816524757,0.06392573113423147,,,,,-1.193587939577754,-0.14681811886676052,-22.27980997305659,-1.0769997501450506,,,,,,,,,0.0031645569620253164,0.975,856
MB_img70,25.57606481763339,0.06484797518505472,,,,,,,-42.13289529287217,-1.5153500516316103,,,,,,,,,0.0,0.9230769230769231,1762
MB_img700,35.32657811958542,1.7333407303474522,,,,,-22.167510668097,-3.2610409357681087,-13.607986697682978,-1.3213681344243766,-11.109523916701564,-3.112927549670342,,,,,,,0.03283898305084746,0.06616541353383458,465
MB_img701,1.6595295138668325,0.0015070183477054718,,,,,,,-2.054142820918725,-0.174406418529749,,,,,,,,,0.0017619420516836336,1.0,1285
MB_img702,12.163119189410804,0.07321070156790045,,,-1.310725827440842,-0.10671573920099889,,,-17.88819009602579,-1.1073131206155775,-8.428088427264637,-0.5600369052283316,,,,,,,0.01240272373540856,0.9571428571428572,576
MB_img703,3.4836360487094487,0.009014701043087254,,,,,,,,,-5.600272244802558,-0.4922804982113042,,,,,,,0.0031645569620253164,1.0,727
MB_img704,14.77151953764049,0.8458253681278248,,,-5.481647186821244,-0.7606467714521534,,,-18.6131717929598,-1.7053793803635853,,,,,,,,,0.04411764705882353,0.7191011235955056,196
MB_img705,10.37706768722641,0.09658223653878766,,,,,,,-15.267261964083929,-1.8353818652024394,,,,,,,,,0.003232758620689655,0.96875,256
MB_img706,4.322052670510947,0.01101141520929752,,,,,-2.691681352598864,-0.26773823328324575,-6.386919224236842,-0.1963972128035035,-1.4503099165780389,-0.1461664214910764,,,,,,,0.0033112582781456954,0.9803921568627451,1272
MB_img707,25.567936100209664,0.36519018014117516,,,-9.714829119903243,-1.480265122054463,,,-28.784226651410755,-0.8509113548419333,,,,,,,,,0.004637096774193548,0.7636363636363637,992
MB_img708,,,,,,,,,,,,,,,,,,,0.25,0.0037313432835820895,718
MB_img709,,,,,,,,,,,,,,,,,,,,,16
MB_img71,35.75468810118097,0.3497114307993995,,,-11.251679957378343,-1.4526264407321827,-8.156915074996611,-1.7625364182157586,-41.318838212259166,-1.1236949317132032,,,,,,,,,0.005952380952380952,0.717391304347826,1323
MB_img710,33.97646608805486,0.5422260165977913,,,,,,,-38.26777342986336,-1.1821781593528826,,,,,,,,,0.0,1.0,875
MB_img711,11.962780605234727,0.061424829411772186,,,,,,,-16.22628096560136,-0.4437234020382391,,,,,,,,,0.0,,1256
MB_img713,10.995226537151801,0.7012924028067283,,,,,,,-8.874039199457131,-0.5253030587865061,-4.4216828388851415,-1.52424607606077,,,,,,,0.008223684210526315,1.0,198
MB_img714,15.507406086465231,0.04869590489126145,,,,,-19.175960007514895,-1.4134347935592833,-19.45524344184125,-0.7854904246646375,-7.5066374988875895,-0.9489512004414221,,,,,,,0.003569000679809653,0.5714285714285714,1573
MB_img715,5.634078139176296,0.007183574505922281,,,,,,,-7.964929605485992,-0.4808917677547869,,,,,,,,,0.0,,1329
MB_img716,26.952712378300088,0.11614724718318808,,,,,,,-44.19989112459279,-2.1575444335886647,-14.30317792949695,-1.2146636425168706,,,,,,,0.00035680304471931494,1.0,1180
MB_img717,44.80949891719303,1.2976098661826523,,,-3.114734864787,-0.5821812978828813,-34.82447341989101,-2.4660555557884978,-20.643702884076415,-2.255309715563146,-9.78730981287377,-2.4474028710731206,,,,,,,0.06642259414225941,0.16957605985037408,674
MB_img718,20.325722831923805,0.1953234026408203,,,,,,,-26.987526046590986,-1.2935879663285557,,,,,,,,,0.002342419080068143,1.0,714
MB_img719,,,,,,,,,,,,,,,,,,,,,33
MB_img72,,,,,,,,,,,,,,,,,,,,0.0,90
MB_img720,10.658322311151354,0.008645907569126768,,,,,,,-14.385146733216452,-0.8075945524943131,-12.376844325413472,-0.9278061752618542,,,,,,,0.0007132667617689016,0.95,2131
MB_img721,2.2682741264599886,0.004224623104483425,,,,,,,-1.8412314526925144,-0.16917045380958456,,,,,,,,,0.0012102351313969572,1.0,733
MB_img722,14.142273770567451,0.04878956364406047,,,,,,,-21.482569983186874,-0.959681849470605,,,,,,,,,0.0,,999
MB_img723,52.00394771887763,2.5866130958827207,,,-4.406891813286043,-0.5571043199558731,-34.72317961436834,-1.7755515770435983,-2.8394521160828865,-0.6889043883235808,-0.5066537876650318,-0.2809563138310562,,,,,,,0.23793103448275862,0.0803440318858821,1233
MB_img724,23.657135740513343,0.37745309405547856,,,-1.194365578134902,-0.21205047711498898,-8.90576995588138,-2.2441259432837293,-29.979552254824355,-1.6006664533719046,-8.054007907913757,-2.1521834190550453,,,,,,,0.0057692307692307696,0.95,563
MB_img725,5.060902345810401,0.09046454578446944,,,,,,,-5.807866584807515,-0.46828650733150523,,,,,,,,,0.005252100840336135,0.9411764705882353,139
MB_img726,,,,,,,,,,,,,,,,,,,0.0,,24
MB_img727,,,,,,,,,,,,,,,,,,,0.3125,0.5454545454545454,41
MB_img728,6.9763927686940335,1.2338801004994577,,,,,,,-3.3078292709780532,-0.44148347958264467,,,,,,,,,0.0,0.8,26
MB_img729,30.391848377873977,0.144448427258955,,,,,-19.97188343695927,-2.0320669257323885,-33.24282304101517,-0.7333526832666364,-3.6315014333013504,-0.4356285940520905,,,,,,,0.00424929178470255,0.36428571428571427,1748
MB_img73,5.648651813969094,0.005324218066779893,,,,,,,-11.957869397624295,-0.8732299082956956,,,,,,,,,0.000891583452211127,1.0,1416
MB_img730,12.325683526951757,0.633038151498134,,,,,,,-9.071443299669639,-0.5505018450953358,-9.260250123149397,-2.1324985055787455,,,,,,,0.005319148936170213,0.9285714285714286,209
MB_img732,30.042337012819445,0.19532134840684873,,,-14.495338153550302,-0.7492398864400612,-14.46551593201649,-2.5481520413948155,-38.19883294920665,-3.5235049314106335,-11.277906980657749,-1.1776803478238123,,,,,,,0.030373831775700934,0.743421052631579,905
MB_img733,14.909893218258992,1.5832518432350122,,,,,-6.9033596659045395,-1.297680548640685,-5.072742995317938,-0.34066356702553013,-4.122152296979054,-2.7595109587352074,,,,,,,0.0625,0.18981481481481483,332
MB_img735,,,,,,,,,,,,,,,,,,,0.0,,20
MB_img736,15.33683110527196,0.03508598300920875,,,,,,,-25.010648265337945,-1.0607391578576786,,,,,,,,,0.0007320644216691069,1.0,1426
MB_img737,32.42172525420921,0.5040244019491245,,,-33.468894099055646,-2.2415322772480843,-16.28206241114682,-1.751975426984566,-8.915215001890665,-2.139492883329873,-15.629625558611904,-1.8255886949142561,,,,,,,0.05236842105263158,0.28442211055276384,728
MB_img738,18.97213505852619,0.18113386924890232,,,-13.084814988338367,-1.2165903612745477,-17.09468907943724,-1.5566443930905944,-20.015598183539204,-2.4370723442616105,-9.783210488991266,-2.36702153323231,,,,,,,0.008433734939759036,0.6079295154185022,490
MB_img739,17.65875594915755,2.0459468922576307,,,6.711652850704007,0.9843296648996855,-7.191136867739102,-1.1784707545549662,-5.729231635159832,-1.1211771743458019,-8.49760492212034,-1.8766869431659596,,,,,,,0.24013157894736842,0.335149863760218,288
MB_img74,10.918722527322709,0.03208509164969883,,,,,,,-16.183581554784336,-0.874420898693192,-7.380839650301194,-0.7631244195476027,,,,,,,0.0010429082240762813,0.8636363636363636,877
MB_img741,3.9606982792622185,0.002668904585802031,,,,,,,-5.704651467831128,-0.3458159679743153,,,,,,,,,0.000575657894736842,0.9629629629629629,3062
MB_img743,97.87083307707914,2.2095142915370602,-9.42559073652749,-3.2292802790587336,-3.8634146864095817,-0.24558172252256594,-84.88436650869406,-2.2289603819020964,-11.336698592258731,-1.1384428889693738,-4.410549739890862,-0.7810099268722275,-1.6242895634246757,-0.3984636013458702,-0.15865712076866284,-0.008170387606808393,0.7640012125740491,0.18815535946137163,0.1700268817204301,0.09160108373113146,4336
MB_img745,34.09067432319477,0.07936887908066498,,,-22.487982773301557,-0.9227937739199886,,,-38.92993532699851,-1.0581213009047987,-17.82491968702838,-1.0302996687444455,,,,,,,0.00641139016625398,0.8275862068965517,3107
MB_img746,76.54625820979443,1.4892848309989635,-7.7065685612339045,-4.372255648445788,-21.855997168378533,-1.0822508151919363,-61.823633308700266,-3.627657100703734,-25.487875016176766,-2.8379222234535253,-17.634316678188394,-3.78624784273441,0.6973844688896027,0.15825046806139437,4.966896926102508,0.6992905283499031,-0.5930423426281349,-0.21774771857018652,0.08433734939759036,0.13396715643906656,2393
MB_img748,4.743657718128892,0.001983449964176364,,,-0.4044403711447097,-0.030027723346521283,,,-12.673777843167215,-0.9261576001298577,,,,,,,,,0.0015235260770975058,1.0,3545
MB_img749,3.1999203300206807,0.0010574815487930257,,,,,,,-2.413272341991616,-0.1661251576230202,,,,,,,,,0.00038382804503582393,0.9574468085106383,3922
MB_img75,37.91910946951714,0.4209030495371963,,,-7.658814411104715,-1.412288843683935,-12.435409524367751,-1.7867035816181713,-49.98103884965404,-1.8921151381572345,,,,,,,,,0.006069553805774278,0.5514018691588785,1126
MB_img750,63.320835868641836,0.14705889418570725,,,-88.18878288041999,-1.4914924012106259,-12.986833683386225,-1.402415216824399,-8.787292534771295,-1.130249227932885,-10.707863174052402,-1.280378988381807,,,,,,,0.03408230244887655,0.48114254021075986,4600
MB_img751,27.938084558260883,0.5908315485282698,,,-25.59318964795318,-0.7224395685362102,-9.57600652132351,-1.917977249315079,-3.689607936704464,-0.288598590106587,-18.268363238383138,-1.1373387042959215,,,,,,,0.23024256651017214,0.4675638371290545,1448
MB_img753,1.5140403441828296,0.0003412377880152597,,,-0.9485721762035023,-0.07595234305743012,,,-0.6562993467143298,-0.05519565424212486,,,,,,,,,0.0009627727856225931,1.0,5465
MB_img754,30.240158500930672,0.08449245104217569,,,-40.97476952529326,-0.892180501648064,,,-24.632329385617144,-1.6127249673539275,-15.663281298296969,-0.7682294692109117,,,,,,,0.0343334499650105,0.6823457544288333,3204
MB_img755,44.49457141617581,0.19818356708409077,-6.101371208722413,-1.0913371505028837,-46.734269941485074,-0.9887129046963544,-21.06184486001462,-0.8637207880214617,-27.153749758548546,-2.4099209507249046,-17.03929452394843,-1.4446152168247588,4.4087154915137035,1.178192617425913,3.7686228638989996,1.5353317329965557,-0.04983418947597032,-0.03913839390695799,0.06911280362289007,0.6019613498702048,3076
MB_img757,7.7535339699220085,0.006681866408312212,,,-3.1256735635849404,-0.1340036459575848,,,-12.97969859731384,-0.6122568494057243,-9.901442194408583,-1.0600473836699387,,,,,,,0.005317164179104478,0.9688715953307393,4088
MB_img758,40.86841795274905,0.14676983061935717,,,-37.23581416903343,-1.3044874897200849,,,-50.753835170180245,-3.656641508752515,-36.81399864537097,-2.2102329900958493,,,,,,,0.0140625,0.6934579439252336,2550
MB_img76,5.026303488118844,0.0854156487806712,,,,,-3.640962076646972,-0.4685212562647327,-10.16320151718809,-1.1259816538547154,,,,,,,,,0.020370370370370372,0.9111111111111111,159
MB_img760,19.309352928806096,0.08958840006982136,,,-11.248320119868508,-1.5302580606180531,,,-11.221146335672442,-1.2398235332613161,-28.822494377406116,-1.674317916458397,,,,,,,0.001048462255358807,0.8478260869565217,1170
MB_img762,23.975279195680656,0.18770186031161537,,,-26.875219327585025,-0.726748841885684,-17.097727125931268,-2.6184266166459307,-12.48335631604593,-0.586216473021649,-5.696227493581509,-1.3523146250790983,,,,,,,0.10787234042553191,0.6272129489124937,1570
MB_img763,10.437075775666926,0.010854101869464115,,,-9.50315235127543,-0.3894988290545685,,,,,-11.568420761206374,-0.5433767798462642,,,,,,,0.004326923076923077,0.9343629343629344,3188
MB_img764,13.913354200667719,0.00645202485548327,,,-7.904316367805865,-0.6656201640663811,-3.602140023637178,-0.18182818648785662,-24.070778732228305,-1.0773650905028704,,,,,,,,,0.002523222579492676,0.9337748344370861,5654
MB_img765,5.682038928621153,0.008054745654627958,,,-2.5864851320735145,-0.31510542648353723,,,-6.980981765384612,-0.4777340443359116,-2.8502185998110052,-0.38031012135602743,,,,,,,0.0010315533980582525,0.9743589743589743,2090
MB_img767,60.792868965998956,0.7509090935036947,-6.737997723545333,-2.8403625186584374,0.5646470663899085,0.054295646785705476,-73.20362093823562,-2.7677438078831047,-21.098130702501773,-1.3454626133123964,-9.376626656040953,-0.8329727880696578,-1.0058910981853106,-0.9634741239748859,7.582353132941159,1.2830277007402358,-1.5688358183644653,-1.0519520796347217,0.05389676113360324,0.18477593615715163,1885
MB_img768,15.116081741352016,0.009770182405226917,,,-14.177990251313378,-0.7625189096745548,,,,,-21.04741187996351,-1.299794137295735,,,,,,,0.0018578238923163209,0.9133858267716536,3612
MB_img769,59.64683635213669,0.3928546702523977,-6.372279030502212,-1.7768696481897897,-24.20242216625494,-0.6165982515199617,-13.445654283217566,-1.10013667128545,-63.56150846883894,-1.6753524507885218,-28.0357438221999,-1.9880090808316477,1.1700029931363187,0.5210281949670575,1.5150450843928607,0.8279392542136965,4.097643286347622,1.0075215873325427,0.05156058751529988,0.7359958506224067,3693
MB_img77,13.243090698458236,0.15184896759255676,,,-3.8455320022920105,-0.29758802285845953,-1.989799520796496,-0.2056868954915254,-19.395659464548196,-0.6510336720188651,,,,,,,,,0.03429602888086643,0.8884615384615384,759
MB_img770,16.08958292037362,0.11196825469828639,,,,,-6.392527951554,-1.2323196538117647,-9.24421631496273,-0.7754844067705821,-22.400047113496626,-1.0091459823601685,,,,,,,0.0021131339401820547,0.9444444444444444,892
MB_img771,18.77052602507311,0.027832915648906303,,,-8.364428927136005,-0.4980609295462898,,,-38.59944774786025,-1.9448944767022822,,,,,,,,,0.003980600292825769,0.8108108108108109,2822
MB_img772,30.758701727277312,0.15323746567942,,,-5.5335455052593465,-0.7219194455515436,-5.785335881194803,-0.825494908060102,-42.45299174640891,-1.5876772540167758,-19.140991249170487,-1.5619504836003328,,,,,,,0.00291932059447983,0.9565217391304348,1650
MB_img774,55.57935826240117,2.0032426477850267,,,,,-22.871163598277267,-2.431994319349024,-39.6541184379603,-1.9751255787027138,-7.353182150134444,-2.6935179329057286,,,,,,,0.02913135593220339,0.09642470205850487,1107
MB_img775,4.432779015621523,0.019760740956619144,,,-0.9979125774820111,-0.12312438437676372,-1.2807476564298805,-0.15508649246667933,-8.408578033603298,-0.7903021428848342,,,,,,,,,0.013288288288288288,0.9883720930232558,578
MB_img776,13.312861543599942,0.026178494862549268,,,,,,,-25.013592481576506,-1.5459076210668163,,,,,,,,,0.0,,1531
MB_img777,1.6973564079645107,0.0009912459395154932,,,,,,,,,,,,,,,,,0.0003563791874554526,1.0,1408
MB_img779,25.505492583083836,0.11020815546346026,,,-14.470743345023863,-0.8747549382693149,,,-34.03102356995768,-1.121569811513396,-15.184647720029771,-0.7895032149235295,,,,,,,0.012804187889077532,0.8307210031347962,2043
MB_img78,19.21565595401273,0.21693541347945222,,,-9.161819374447097,-0.6820069654711672,-17.739574967160177,-1.6004921990147607,-17.807615327936535,-1.0798173628689687,,,,,,,,,0.02893258426966292,0.643312101910828,563
MB_img780,42.45059436767986,0.21733812870487437,,,-17.214838212755495,-0.6236629211539101,,,-57.08921334378342,-1.7678716565740875,-15.34126823159228,-1.7947906221666061,,,,,,,0.022582359192348564,0.7944785276073619,2378
MB_img781,43.7821111711362,0.20295279148506698,,,-58.929137807889305,-1.5620692698063472,,,-11.576973448354101,-0.8578554989544848,-5.186539712996572,-0.5790157712174225,,,,,,,0.04386295180722891,0.44063647490820074,2444
MB_img784,,,,,,,,,,,,,,,,,,,,0.0,397
MB_img785,48.526902561401286,0.18647959504630093,,,-5.22650905552748,-0.47255442250065666,-2.517737770231293,-0.2689299309273169,-63.441667660765596,-1.3030211080163825,-8.789291989595343,-1.4270512544953393,,,,,,,0.0025913562895291636,0.9852941176470589,3461
MB_img787,27.373497311968567,0.29423108245727747,,,-4.375387097774847,-0.41666954755266034,-3.5112453443893856,-0.4597813205032413,-34.83474975212113,-1.0635811764639742,-4.2394784255647995,-0.6025518974716602,,,,,,,0.012143611404435059,0.91324200913242,1351
MB_img788,19.653701454702354,0.020781412068823234,,,-4.451565182859875,-0.3854028620323345,,,-39.67038417270398,-2.172341053689446,,,,,,,,,0.00038226299694189603,0.9411764705882353,3340
MB_img789,22.806974508821902,0.06029859513167887,,,-20.022114026055746,-0.7259518268800228,,,-30.092263020719102,-0.987060944292502,-6.752611587979585,-0.7735906520660433,,,,,,,0.015021929824561403,0.7963272120200334,2480
MB_img79,15.098222964431478,0.21890703372142772,,,-7.037588715716325,-0.9900731600947089,,,-19.217822156487994,-1.6357129386927904,-5.070669824783517,-0.7548875021634687,,,,,,,0.011186770428015564,0.8695652173913043,320
MB_img790,5.0008125375655235,0.004746151791983265,,,-4.653980590557118,-0.32080883610735583,-1.7495178393131872,-0.18828034077708386,-2.766047468592327,-0.24164954001752964,,,,,,,,,0.0031424581005586594,0.965034965034965,2535
MB_img791,42.52211503299301,0.7619310404672994,,,-14.980405690504277,-1.5735276056588727,-33.20360442546318,-2.3481298321078805,-20.597960541741234,-2.1662609914802498,-20.399249322481683,-2.0732858437773034,,,,,,,0.02727272727272727,0.2721217887725975,831
MB_img792,17.830261690721475,0.01273118179877819,,,,,,,-27.612671750993815,-0.6214766267033999,,,,,,,,,0.0003174200101574403,1.0,6039
MB_img794,16.839297087127743,0.027016343137949875,,,-18.576995424651454,-0.4247882198139401,,,-24.065155279707223,-1.7716964056874946,-12.609454311902137,-1.150042647757037,,,,,,,0.02111787410926366,0.8675298804780877,3538
MB_img795,34.62123880807239,0.29595938934842786,,,-11.507016460856397,-1.067938542974361,-25.622721046290646,-2.2228818241348973,-23.76215389893571,-2.3255645953820467,-37.61183548031285,-3.627992565635296,,,,,,,0.011335403726708075,0.5497237569060773,1034
MB_img797,50.55810668670641,0.3379818339672683,,,-16.38283916206441,-0.9556967733831666,-53.029853592900395,-2.4018211048447324,-19.69166668702881,-1.8872270676586242,-39.02434935413295,-2.4470084761688535,,,,,,,0.03097826086956522,0.3315820198482195,1857
MB_img8,23.470714654661,0.655043427642464,,,-9.965209853504987,-0.6329899200484208,-16.69331958833887,-2.3032978086839453,-14.644189156610237,-1.1591105977063203,-13.606768260819639,-2.11362154808333,,,,,,,0.11069023569023569,0.45294855708908405,581
MB_img80,7.896664908654386,0.029932865070098354,,,,,,,-13.415009551019558,-0.7149519708137845,-5.082010118554789,-0.5907217700098412,,,,,,,0.002737226277372263,0.9655172413793104,866
MB_img81,24.671980404673015,2.1162092049169727,,,,,,,-17.996032298307796,-0.6009643239074987,,,,,,,,,0.001288659793814433,1.0,1020
MB_img82,6.368446001266312,0.01288324087751207,,,-4.295685938642032,-0.29108095912118265,,,-8.33826243002681,-0.443941924496228,,,,,,,,,0.005029261155815655,0.96,1407
MB_img83,27.115603265700763,0.7649983564294137,-6.903819375692038,-2.28852262599561,-4.459019475990119,-0.3056144063512049,-23.21711886396623,-1.3917195217348022,-13.90267310508308,-0.9004468603017008,-7.475503315050005,-3.359837392963122,-0.8740395428252565,-0.3932331289604955,7.382613308518959,1.1316095469455458,1.0643041800782953,0.27498600835060033,0.1481191222570533,0.39581881533101043,761
MB_img84,1.905754312111732,0.0014231391116014947,,,,,,,,,,,,,,,,,0.0015172735760971055,1.0,1075
MB_img85,17.871576846415987,0.0835076068485812,,,-4.8914236139548395,-0.682432841227048,,,-24.07773838709246,-0.8493681120368207,-7.952725234101235,-0.8209014538955518,,,,,,,0.0036914460285132383,1.0,1104
MB_img86,22.03251480107742,0.16373844148502933,,,,,-4.001783405412893,-0.6012563080618067,-29.30134170710502,-1.544534667564236,-13.821735314366988,-3.1610814822771833,,,,,,,0.00361794500723589,1.0,809
MB_img87,37.46228742821494,0.29617546378872034,,,,,,,-48.849391239649755,-1.4268561363517547,,,,,,,,,0.0008239171374764595,0.9230769230769231,1437
MB_img88,16.412785787775878,0.11928021138500002,,,-10.04026122033351,-1.1759981459657263,-17.339741875195937,-1.5066975137861685,-13.449234934021415,-0.8835158529330075,-8.522608509733026,-0.6776751094144837,,,,,,,0.016158989598811294,0.519298245614035,778
MB_img89,30.051776721158554,0.801204137771771,,,-8.513776914595852,-1.4006000277238821,-25.081389586425075,-1.703285149406099,-10.298424750370604,-0.5952882529882169,-5.362094713409671,-2.2338880601742774,,,,,,,0.075,0.2971246006389776,564
MB_img9,1.1289057198359589,0.0011876521859508103,,,,,,,-0.9847644093834627,-0.0675403837096034,,,,,,,,,0.00024061597690086623,1.0,1048
MB_img90,21.434242789250792,0.3930031318715116,,,-0.8156029236648562,-0.06431230840923088,-23.41706650013415,-1.8006887331939927,-11.990091523874774,-0.5828557429963386,-7.45393268948159,-1.9705907486375438,,,,,,,0.051881067961165046,0.5118858954041204,659
MB_img91,-1.0364404687240154,-0.014106130020711566,,,,,,,0.9799472296386934,0.09288958189511076,,,,,,,,,0.0,,102
MB_img92,5.687709432485025,0.043879012263631334,,,-4.917884303075035,-0.26630719779513873,,,-4.089171011118992,-0.3687260270450411,-5.6381414410239055,-0.682403688243117,,,,,,,0.046357615894039736,0.8901515151515151,507
MB_img93,9.904866711361166,0.10698487329467805,,,,,,,-7.428859166091603,-0.5422887527007556,-12.416628516260323,-1.0840309057494328,,,,,,,0.0008223684210526315,1.0,353
MB_img94,5.462706510530866,0.11276738001064873,,,,,,,-8.844722424875961,-0.9401040913570547,,,,,,,,,0.0,,138
MB_img95,2.743590700911903,0.0026325600830760104,,,-3.683972493810447,-0.23707777151886703,,,-4.965868471296946,-0.3583273615065573,,,,,,,,,0.005344827586206896,0.975609756097561,1467
MB_img96,13.635336461547052,0.12330735498918118,,,-3.6901437965988135,-0.4476569803494616,,,-18.933169887225457,-0.6991911135343576,,,,,,,,,0.0066388467374810314,0.9803921568627451,807
MB_img97,26.39170738482015,3.070044376841515,,,,,-5.564320523001256,-1.8998201223567166,-10.645802067049454,-3.987775616142913,-6.9356525110300336,-5.216066783087033,,,,,,,0.0,0.1348314606741573,160
MB_img98,,,,,,,,,,,,,,,,,,,,0.0,12
MB_img99,,,,,,,,,,,,,,,,,,,,,5
