PID,time,event_os,event_dss,age,tumor_size,grade,pN,pM,ER,PR,HER2,comp_01_B_cell,comp_02_T_B_cells,comp_03_T_cell,comp_04_Macrophage,comp_05_T_cell,comp_06_Macrophage,comp_07_Endothelial,comp_08_Vimentin_hi,comp_09_Small_circular,comp_10_Small_elongated,comp_11_Fibronectin_hi,comp_12_Large_elongated,comp_13_SMA_hi_Vimentin_hi,comp_14_Hypoxic,comp_15_Apoptotic,comp_16_Proliferative,comp_17_p53_EGFR,comp_18_Basal_CK,comp_19_CK7_CK_hi_Ecadh_hi,comp_20_CK7,comp_21_Epithelial_low,comp_22_CK_lo_HR_lo,comp_23_CK_HR_hi,comp_24_CK_HR,comp_25_CK_HR_lo,comp_26_CK_lo_HR_hi_p53,comp_27_Myoepithelial,enrich_Tumor__Tumor,enrich_Tumor__T,enrich_Tumor__Macrophage,enrich_Tumor__B,enrich_Tumor__Stroma,enrich_Tumor__Endothelial,enrich_T__Macrophage,enrich_T__B,enrich_Stroma__T,tumor_immune_nbr_frac,tumor_immune_mixing,logoe_Tumor__Tumor,logoe_Tumor__T,logoe_Tumor__Macrophage,logoe_Tumor__B,logoe_Tumor__Stroma,logoe_Tumor__Endothelial,logoe_T__Macrophage,logoe_T__B,logoe_Stroma__T
1,33,True,True,83,35,2,3.0,1,1.0,1.0,0.0,0,3,13,12,1,0,15,102,43,343,288,1,1,18,29,65,2,1,0,147,55,122,1399,113,123,10,1,30.32983517850332,-5.835319391339451,-7.280769716794382,,-37.780386153572096,-9.418736735673852,-0.7933250912750927,,6.456595608382678,0.005575539568345323,0.9916666666666667,0.1938410486912235,-0.6423164937471647,-0.9013327974752344,,-0.5666013208012368,-1.3178828828294136,-0.6369145803558781,,0.9118786598694343
2,101,False,False,40,15,2,1.0,0,1.0,1.0,0.0,0,7,264,148,1,0,6,397,164,637,5,0,0,0,20,52,0,17,0,41,65,127,380,179,159,1,18,46.41009091796846,-18.249219850121552,-10.863676750569331,-1.5945164456583958,-39.93280944705459,-0.4570891819600658,3.0367211971875103,2.2705309349377107,8.325824287041932,0.07589707271010387,0.6202629543696829,0.7350757016994784,-1.0763843011784844,-0.6976609538567123,-0.40626454061068606,-0.7595839642438795,-0.11706172613592807,0.3334839887175274,0.8355107458513044,0.26798897251996373
3,23,True,True,63,75,3,0.0,0,1.0,1.0,0.0,0,3,24,132,0,0,9,672,69,166,33,1,3,5,13,8,1,91,238,7,11,16,15,17,21,0,8,32.26260155445914,-0.40816910106069737,-10.825255605248351,,-25.41376859879314,-2.980870172591605,0.6309700565275933,,-0.4618189272479748,0.05515521064301552,0.6449086161879896,0.9999764074694251,-0.060212121899166166,-1.0079412937981655,,-0.6113314743964547,-1.0772429989324603,0.1826436857848968,,-0.042012315622295404
4,63,False,False,49,11,1,0.0,0,1.0,1.0,0.0,1,1,21,60,1,0,91,57,345,482,730,0,0,16,3,5,0,0,1108,4,91,41,3,3,13,0,0,32.306838682297474,-2.809664667877311,-5.63302395906201,,-26.220757599238205,-8.207183066801349,0.5131275356095727,,0.9368831350540484,0.016996891996891996,0.8949416342412453,0.5375866531691924,-0.3866437550198464,-0.5205908942346813,,-0.4283714823027117,-0.6392727893856269,0.2717166489335946,,0.08893372842028813
5,79,False,False,49,19,2,0.0,0,1.0,1.0,0.0,12,19,740,29,0,0,230,21,383,474,11,0,40,2,9,9,1,16,2,13,134,193,0,4,39,0,0,56.33663562302,-25.757293044067918,-4.631171155172216,-6.067320045284571,-16.87157428434311,-13.816377782877664,4.278189781338109,7.093422191193641,-5.616958417041473,0.12233412322274881,0.20616814533164343,1.7095360674217228,-1.4032974302229428,-1.2803624899737778,-2.1135338195919138,-0.6103061878986834,-1.5530937468950772,0.4596276503029142,0.6757494334802812,-0.11394256476009083
6,79,False,False,46,25,3,0.0,0,1.0,1.0,0.0,8,55,75,58,1,0,22,120,114,361,30,1,19,2,2,13,1,0,9,12,36,11,2,11,937,0,0,43.15249238892767,-15.100129514957606,-10.712557680097904,-19.365478062333743,-36.505280439184254,-10.220107292225451,3.843191544774841,14.951427176534777,6.0612601721376445,0.03511100386100386,0.5695461200585652,0.5261523646161885,-1.169253824393273,-0.879536357763977,-2.465996974783142,-0.8679647243631518,-1.8208171818641665,0.7747900256713295,2.055860904584,0.4234330738814615
7,37,True,False,90,20,3,0.0,0,1.0,1.0,0.0,0,2,224,15,1,0,26,10,514,1213,2,0,5,1,33,17,1,0,1,24,222,88,2,9,1428,1,0,48.4995332228654,-26.814988963571242,-2.81784176875469,,-40.64537112651602,-9.105650111504618,2.219345574913767,,14.238194194650784,0.02079912424740011,0.6553480475382003,0.5278081683174097,-1.5330914696258677,-0.43350454049282794,,-0.603040813208325,-1.8203704578968603,0.7234040811491274,,0.4575020369942655
8,16,True,True,80,22,3,3.0,0,0.0,0.0,0.0,0,9,147,279,3,0,28,620,118,556,45,2,12,5,5,19,3,3,18,20,24,11,15,17,35,0,2,23.07177834451503,-3.506439387485677,-6.518556723222932,-2.0490786836825507,-9.520780243424769,-2.835575931083511,10.765466101120378,0.34001453400540715,-7.829761476094101,0.1440677966101695,0.21086556169429096,1.7083964419694353,-0.4694229432797518,-0.7235035614024604,-1.48971418557334,-0.29871722231488457,-1.135415471015703,0.7945225962170125,0.16710998583525824,-0.29621458959524394
9,32,True,False,59,25,3,1.0,0,1.0,1.0,0.0,0,1,1,12,5,0,17,42,28,149,6,0,0,1416,24,191,12,2,0,63,81,495,11,32,98,9,0,15.457744753453417,-3.045722777543076,-3.5150490893972903,,-19.48970278817444,-18.12912762140322,3.9983563935605404,,1.1183462451416137,0.004878800328677075,0.9626865671641791,0.04345439769506656,-0.3000880005897406,-0.2566554932710887,,-0.37634892139318793,-2.156942620908886,1.3340009271879374,,0.4764380439429871
10,66,True,False,79,21,1,3.0,0,1.0,1.0,0.0,1,12,56,63,3,0,77,274,67,409,20,0,0,2,10,65,0,0,5,42,90,1049,89,46,45,1,0,32.709323185732366,-9.625170836354036,-10.09110318209114,-8.082087923328016,-31.42767166537476,-18.123511326766046,4.197977514142074,17.94059024250839,4.623952991536916,0.03220221606648199,0.7746478873239436,0.3166722233253782,-0.6645932994480225,-0.7236051441835594,-1.4778765535603609,-0.5968676918408263,-1.2992006056769527,1.0564718401704314,3.1471536937836544,0.3949715266330772
11,111,False,False,49,11,2,1.0,0,1.0,0.0,0.0,161,117,795,146,2,0,176,10,55,654,2,0,3,3,28,166,2,2,0,13,1032,977,53,24,133,11,0,48.10256905982617,-49.387171482027824,-14.550178873337833,-41.80528812300538,2.8422041313316044,-19.340242156527257,11.761014842017074,28.641795509496948,-13.510741547838602,0.08306055646481178,0.35472619462853155,0.4470077174284169,-1.376226975630139,-0.7472906645199743,-3.4286676915202947,0.047068202907407125,-0.9194642678958117,0.7876574772420927,1.176324367580586,-0.5942388871410023
12,59,False,False,50,18,3,1.0,0,0.0,0.0,1.0,131,116,251,39,2,0,33,85,55,44,0,0,7,0,19,33,4,8,1,62,8,14,0,6,0,0,3,29.968848585566416,-14.924679650363071,-1.4649757936081014,-14.829937937467532,-2.7152610571796783,-5.07147512972046,-1.0040304944344678,7.373054951338472,-2.95036836246605,0.2389240506329114,0.1612170753860127,1.7254429509569567,-1.3222975182663714,-0.29278174922784583,-1.5207654995145925,-0.21410160175913412,-1.5377538060311677,-0.12866236946673912,0.2836249600565445,-0.15629091155214858
13,63,False,False,59,22,1,0.0,0,1.0,0.0,0.0,0,6,57,13,0,0,96,9,366,545,27,0,2,2,16,65,0,27,11,1375,175,30,0,31,48,0,0,36.5382238318341,-5.533133086278817,-4.599482432158449,1.1813080227094757,-39.40008954909579,-13.799954971223622,1.583624314716526,-0.04209559574071626,3.7983065698711336,0.018047752808988765,0.96398891966759,0.31500152438493145,-0.35099957442929486,-0.5635888499285892,0.19747890641836127,-0.6153949186676424,-0.7786134554424705,0.7734914701913203,-0.028569152196770954,0.31380675033192984
14,1,True,False,70,15,3,1.0,0,0.0,0.0,1.0,2,25,1263,343,1,0,146,239,48,494,21,1,1,17,21,77,2,1,5,278,21,205,7,129,50,0,4,42.9208569084959,-30.5065408225476,-7.680172466266782,-2.8301090383003866,-19.796468674832113,-12.119259430634653,1.4328213594080286,2.410961543100601,-12.789143042485248,0.3030905752753978,0.3286377940956091,1.1046811688832525,-0.810110787348113,-0.35342928064023,-0.5282663673718336,-0.6366584478877916,-1.2315543868507948,0.045440201955159604,0.26459491982141076,-0.2890211411385731
15,87,False,False,63,25,3,1.0,0,0.0,0.0,0.0,178,38,2014,413,56,0,472,476,11,91,5,0,1,5,47,249,279,8,0,0,2,11,0,36,0,0,4,48.029485884609336,-28.726747647920497,-7.580751924889587,-12.01066144360199,-1.1699985794295746,-9.642779849127422,6.3148504256364415,7.788447939099115,-8.524717536309081,0.36349453978159124,0.19870370370370372,1.5853137182393653,-0.6874936949158232,-0.5161761291363072,-1.5420665373383677,-0.05678114944509572,-0.6726936168926557,0.15194510514571882,0.23892832035755465,-0.21072756156304515
16,89,False,False,67,12,1,0.0,0,1.0,1.0,0.0,0,1,22,2,0,0,1,103,72,120,0,0,12,0,0,4,0,1,0,1,9,21,118,8,22,0,6,21.354475204375476,-5.918489803180039,,,-21.844247287501872,,,,6.109890702912808,0.02236842105263158,0.8846153846153846,0.892241145215629,-1.189033824390017,,,-0.9583575803419527,,,,0.5082051955566698
17,71,False,False,77,30,2,1.0,0,1.0,0.0,0.0,7,5,110,71,14,0,88,346,19,197,60,0,31,3,8,190,6,4,21,3,24,2702,45,49,35,19,2,43.08446990539315,-23.59708505300541,-12.36675505088182,-3.021778740874694,-46.07449772929452,-15.885972968283411,4.269489984132314,5.585724539326579,20.85881865866464,0.02848762455801993,0.8571428571428571,0.17067479109396144,-0.8946756188631869,-0.5862774286938998,-0.3168272231944969,-0.7582072575059344,-0.6920185504527125,0.9387998435632625,1.7525064450619845,1.2329883706241846
18,118,False,False,84,25,1,1.0,0,1.0,1.0,0.0,0,8,26,25,0,0,66,58,304,752,4,1,12,0,131,8,0,0,0,0,395,18,6,0,36,1,0,3.9505778466413695,-5.60889373475225,-1.4929636580705672,-3.0950327758116263,-0.3354154966684265,-5.755056459734165,0.4778065928195221,8.433852122698386,0.1775893388710992,0.017857142857142853,0.7516339869281046,0.1468557443543905,-0.9451326095002949,-0.20789285164133287,-1.1529208801153648,-0.006169159901285383,-0.6326289343514706,0.24468509595490168,2.275786313242642,0.013727713839941313
19,195,False,False,47,20,3,1.0,0,1.0,1.0,0.0,0,1,125,126,0,0,86,246,233,937,25,2,26,2,18,13,0,91,1,3,122,142,620,312,375,3,11,48.0698861728172,-11.036432158943198,-14.588582716160664,,-41.56413360309745,-9.285835230408145,2.599552058157707,,7.368286933269258,0.03794512551079977,0.8212083847102343,0.5128758832400199,-0.6850651337369331,-0.8279979286678998,,-0.6580697334728512,-0.6661625545663098,0.45160664166095826,,0.34833629466819127
20,118,False,False,67,12,1,0.0,0,1.0,1.0,0.0,0,0,29,11,0,0,31,187,42,57,7,1,17,0,1,0,0,0,0,0,8,0,0,8,0,0,0,1.44606204319219,0.0955388476153077,-0.08130578183038233,,-3.0548909785040275,0.9293539704859072,0.5169038765453214,,-0.939827907688567,0.10294117647058823,0.38095238095238093,0.6714917566889249,0.037095098775007364,-0.046840254202972456,,-0.2664811760962612,0.2785630019925701,0.2017420673554998,,-0.06511270819983733
21,90,False,False,56,15,3,0.0,0,0.0,0.0,0.0,4,21,263,103,0,0,78,258,38,300,38,0,0,1,42,89,14,7,2,25,42,54,2,223,135,0,4,31.867446605483533,-16.094169035105402,-11.200895152991004,-4.687991138909927,-16.79749478517716,-13.982225185224122,5.119773480493491,5.726350756029633,1.8314888589931988,0.11953125,0.5222141296431173,0.7084466857930675,-0.8210708533438541,-0.9815797475793578,-0.7998644108818522,-0.44353529510265716,-1.5954370453695923,0.46946275016925054,0.9157326102494316,0.07162136487383744
22,33,True,True,79,25,2,1.0,0,1.0,,0.0,0,1,23,76,6,0,24,366,16,88,107,0,5,3,31,10,7,59,0,4,7,39,59,2148,30,13,1,23.056942634144686,-3.66034496368828,-5.780289356724797,,-26.66732756313773,-6.767325754356025,1.9557429314501482,,-0.13105465618006207,0.02524885939444214,0.9416167664670658,0.11124599785094383,-0.23354254585316975,-0.2519063021642466,,-0.4396627892840397,-0.5123225112060054,0.6732709188488165,,-0.025968920118492368
23,1,False,False,84,22,3,0.0,0,0.0,0.0,0.0,16,3,624,255,2,0,19,205,7,99,378,0,8,8,20,34,894,0,3,1,4,12,0,12,1,0,2,65.66086771437713,-43.647922910855414,-19.654103754457772,-5.762762154997132,-42.47759840008137,-7.445598961247828,7.448431354181233,4.1079060711365125,12.45234083910784,0.1174318869828456,0.33056835637480797,1.0656747578877328,-1.7468643889099287,-1.1120812133108287,-1.1978437050072857,-1.7880843601701815,-1.9716111734132242,0.3443962619486945,0.6033346275574326,0.33746419370579706
24,105,True,True,40,22,3,0.0,0,1.0,0.0,0.0,0,2,9,27,0,0,0,124,236,689,199,0,0,376,7,4,0,1,8,58,141,1,3,8,250,0,0,30.61962847302175,-3.1020624968785033,-5.094726327231837,,-28.743303436044105,,0.03574840071094752,,1.9755725785582978,0.008897316219369894,0.9069767441860465,0.5813815616211706,-0.8410196911751833,-0.8104611439599767,,-0.5177165263579603,,0.025470687516118223,,0.26621183137481796
25,102,True,True,54,14,2,1.0,0,1.0,0.0,0.0,0,2,22,16,0,0,4,53,50,239,3,0,1,94,3,132,0,0,0,72,59,55,16,12,3037,0,0,30.198862890291707,-9.404575809408202,-4.891321588010986,,-42.41574012358089,,1.033260730515913,,14.10972355375531,0.00610632183908046,0.983739837398374,0.0713249842995475,-0.5818591594845618,-0.3074557635840481,,-0.799184009809818,,0.6214883767462702,,1.9782360257083433
26,182,False,False,58,25,2,,0,1.0,1.0,1.0,0,0,29,80,0,0,5,358,46,143,45,0,0,6,24,6,0,1,4,35,18,95,63,586,44,3,1,29.093331631041764,-9.040193290802277,-16.476852650685604,,-26.501512684816472,-1.4402087970484123,2.2021346079775372,,4.23211163792358,0.021021444695259597,0.7797619047619047,0.4230972350132712,-1.02309402213062,-1.197603045860557,,-0.5654488498623244,-0.3383595818415907,0.6277746395937014,,0.43537794756301934
27,51,False,False,54,19,3,0.0,0,0.0,0.0,1.0,0,0,69,123,11,0,48,104,14,81,25,0,4,319,55,38,51,1951,2,0,1,18,0,8,6,0,6,37.74156262319947,-24.573136167455917,-24.567486534030838,,-36.22927711187989,-26.598932316795832,15.13482049413105,,9.175089807868256,0.03167006109979634,0.7203237410071942,0.14307314693277493,-1.1949508784779959,-0.8404887422348769,,-1.0130881251177735,-1.7473970773958503,1.7928743353168628,,1.0989540589327211
28,167,False,False,38,25,2,2.0,0,1.0,1.0,1.0,1,4,134,151,2,0,47,524,85,569,85,2,8,18,30,46,1,1,3,11,20,73,45,1035,12,1,2,63.564944204529795,-22.647412063187055,-22.423113372748965,-2.0957976014563324,-54.65284035611963,-12.76749595656744,10.265391809307154,4.58856395674146,6.651286197136904,0.02609784283513097,0.4755927475592747,0.8147127455079541,-1.7767798695778885,-1.8674611429688712,-0.5982971392227668,-1.2147442907834092,-1.6012437287045018,1.1114724323044387,1.6192705514964516,0.25840919847738764
29,11,True,False,91,40,3,,0,1.0,1.0,0.0,0,4,19,5,0,0,4,4,151,334,0,0,0,1,6,4,0,0,0,0,224,3,0,2,267,0,0,15.279192509535278,-5.056619294481001,-1.552190296289901,,-14.825870908212913,,2.416581462031025,,5.365395729265188,0.016272189349112426,0.9444444444444444,0.3632957313559173,-0.7061007312803903,-0.41022048298106806,,-0.3966567745002557,,1.0931094043914815,,0.5135599256564995
31,24,False,False,44,22,3,3.0,0,1.0,1.0,0.0,0,3,59,24,0,0,41,22,296,1381,17,0,0,4,5,42,0,302,3,1488,395,29,8,44,144,0,5,46.13607063741174,-11.557716518027176,-7.239006224836685,,-48.718057173022146,-11.450680861404479,2.4510547120470205,,9.033058394277475,0.010277440259214256,0.9222222222222223,0.3813371732507819,-0.8813442616780423,-0.8818373316700661,,-0.7130661670709391,-1.1871477721490005,0.9874313264969443,,0.5940744410391303
32,75,False,False,73,19,2,1.0,0,1.0,0.0,0.0,0,11,15,7,0,0,21,8,140,450,21,0,5,1,2,0,1,0,4,46,151,19,7,4,3001,0,0,25.47591397111411,-7.060923909307852,-2.2139728054165975,-1.593464464761343,-27.300128594117343,-11.20023816360766,1.4799369630609758,-0.6507046104639048,5.3378944238444115,0.005214771322620519,0.9798994974874372,0.08235558504302322,-0.6198668383823459,-0.2431657028061051,-0.13503162239274194,-0.3520760011224548,-0.9530969089759287,0.6896598793878497,-0.5558161550616397,0.9834244437978173
33,95,False,False,69,15,3,0.0,0,0.0,0.0,0.0,79,196,1798,288,1,0,161,431,29,225,2,0,0,2,13,158,7,61,0,3,30,12,0,21,8,0,31,25.83390291740538,-9.300965209151364,-5.315692564261827,-7.646608001304841,-0.8556432656838586,-4.774953646868721,-0.8663345386021704,-0.23138347819955393,-7.945392647120061,0.5144508670520231,0.1750217013888889,1.4607449309821368,-0.2753037250591561,-0.5185068489026465,-0.8779524160327467,-0.04463880021835857,-0.734808426113259,-0.025729895010017753,-0.006531922425494471,-0.15243262181087294
34,96,False,False,75,25,3,2.0,0,1.0,1.0,0.0,8,0,136,106,0,0,33,100,133,512,70,1,6,9,5,69,0,17,24,154,133,251,13,14,656,0,1,38.6506695532979,-25.02313210386289,-17.63164573455477,-7.709647986005146,-27.568780296537547,-13.509938647533616,13.79899734692913,11.288466718197773,4.861880937506474,0.03166790490341753,0.5555555555555556,0.4297001817703231,-1.5795966063077769,-1.2356209763952035,-2.218781167784069,-0.49693288449696926,-1.7344174126838052,1.39916066621478,2.3819354042516396,0.25954341481878
35,185,False,False,62,17,2,0.0,0,1.0,1.0,0.0,1,4,72,24,0,0,3,425,419,303,146,0,0,2,44,1,0,64,1,1,49,40,60,8,15,2,0,26.66822418750988,-0.9681724266778385,-0.5343255126339103,-1.208586247337424,-19.144437812859543,,-1.3187529219784262,-0.024185450038594857,0.4098753436366786,0.049216027874564465,0.8285714285714287,1.3176077484648774,-0.1304957708254461,-0.12175222173370935,-0.5833586150185666,-0.47065087199159017,,-0.769771739249448,-0.016734015759801237,0.01744218132468545
36,144,False,False,70,17,2,0.0,0,0.0,0.0,0.0,7,0,100,55,0,0,21,613,57,166,6,0,3,0,12,2,0,0,3,9,21,33,176,916,89,2,0,59.13395020375629,-23.856966929890408,-16.75252196897811,-6.565525795763314,-56.62548633778779,-11.934209520031509,5.631705294905608,15.627999617270875,11.038385459536153,0.013756927949327,0.4963503649635037,0.6177916569738146,-2.0699810133224448,-1.8626421256085561,-2.396433531250992,-1.2631648606723294,-2.6681591797066115,1.0805237050251109,2.8775639243390065,0.556266564632025
37,127,False,False,78,22,3,0.0,0,1.0,0.0,1.0,0,3,51,61,56,0,125,165,92,275,21,0,2,2,1,48,3,16,0,2,85,1575,146,37,99,5,2,42.024214287360564,-24.257948998415966,-15.978384972226921,,-38.418784538632515,-25.64927104940431,7.247646155787479,,12.736960223721647,0.021523998020781792,0.7580398162327718,0.27353002557658795,-1.3150758520127268,-0.9769198599088759,,-0.7699623926088736,-1.2622539762271265,1.2312663719697032,,0.8682412062438084
38,87,False,False,53,24,2,0.0,0,1.0,1.0,0.0,1,0,33,6,2,0,122,1,2,1,0,0,1,0,0,0,0,9,0,0,0,2223,3,8,0,0,0,18.699830615350496,-8.520608550366621,0.12344201560737486,,-1.7227200537624585,-35.54435692508092,1.3791480062474015,,3.963993066077835,0.014879625501560408,0.9451612903225808,0.041013855251800915,-0.3950866494616335,0.01161541471878225,,-0.17386544784113875,-1.0727849595449235,0.7450029132316245,,1.5311560570253624
39,115,False,False,79,35,3,2.0,0,0.0,0.0,1.0,0,3,85,81,2,0,92,51,179,579,29,0,4,2,3,38,2,0,1,1093,122,76,0,71,7,0,4,30.87814053114248,-12.93725653178946,-6.064927529874129,,-22.36778786656334,-19.860426971304253,3.7386412458845246,,5.865953461721558,0.04025722339675828,0.8472222222222221,0.3362802606386869,-0.8127241893548451,-0.37370141719679806,,-0.4398658840950802,-1.3260998618168411,0.7980992449176673,,0.3911373103181761
40,110,False,False,51,44,2,2.0,0,1.0,1.0,0.0,1,17,328,58,5,1,20,310,172,432,10,0,14,9,16,8,2,76,1,617,96,85,292,19,44,4,25,52.18478023150703,-38.508076924661474,-6.381808082453884,-9.183189078937314,-40.62483557256208,-8.814057419914196,1.6684648309716035,18.209148002551384,-6.416823835074594,0.03786707882534776,0.3658694246929541,0.6468883773812968,-2.0503910559748078,-0.5348423034260864,-1.9129981736967923,-0.7312105927967424,-1.8606053067598542,0.2471469978788065,2.1750867065580914,-0.25510103697368935
41,14,True,False,85,40,3,,0,1.0,0.0,0.0,0,0,18,30,0,0,7,351,44,561,40,2,0,11,54,23,3,0,1,1,95,56,1789,16,117,4,0,29.817094015360603,-6.742086315877878,-6.636202255257507,,-31.96994481372698,-5.331729768042482,-1.2486280240512142,,7.207655810394142,0.008755760368663594,0.9289340101522843,0.20225871473342516,-0.7738665221473096,-0.6256211829811412,,-0.46788619960122657,-1.1276332797258737,-1.4059923596758368,,0.8870219181040525
42,189,False,False,58,33,2,2.0,0,1.0,1.0,0.0,0,1,64,76,0,0,66,208,79,190,6,0,49,1,23,5,1,0,0,54,26,170,582,82,28,4,4,50.147972326517234,-20.983071718845043,-18.53935407435081,,-44.295163705323965,-18.853245745632872,4.155645683602634,,12.330660174754769,0.021683673469387755,0.47671840354767187,0.538390635461139,-2.1021903452004724,-1.6168927992968143,,-1.137792955900593,-2.303153017425307,0.7930376192331581,,0.7664070187149189
43,55,True,True,62,10,2,1.0,0,1.0,0.0,0.0,77,175,818,98,20,0,33,150,48,132,0,0,11,25,12,15,10,1,32,6,19,97,325,40,106,0,0,42.828923338946865,-30.919174946889676,-10.222339798294023,-24.023784753564318,-3.146787780875931,-5.310885961791738,5.792585930544186,10.741351231908833,-2.8125950306397054,0.24454941860465113,0.29066811909949164,0.9699447108554804,-0.883196769485845,-1.144765815758725,-1.942014980776111,-0.11593541831489675,-0.9284271768756854,0.3370917594734261,0.3709588760893701,-0.09836102014433909
44,108,False,False,59,11,2,0.0,0,1.0,1.0,0.0,0,6,35,113,0,0,44,238,155,579,27,0,9,2,225,129,9,3,8,38,56,24,13,1390,81,2,1,26.892177454681395,-4.168043415121448,-2.4530847277019623,-2.542245526152822,-25.476579051046958,-14.698915422357814,1.4629358822695884,-0.830841803823707,1.8769304894433376,0.04076224129227663,0.9241540256709452,0.2327399515432249,-0.33392147222965934,-0.10309104231646266,-0.49385224769487696,-0.3864152286958819,-1.5299344953887664,0.45577647493834184,-0.713695814843359,0.20290124701945034
45,63,True,False,91,55,2,0.0,0,1.0,0.0,1.0,0,8,78,69,0,0,40,6,180,1029,0,0,0,2,6,132,0,1,0,23,966,106,12,119,172,0,0,13.250257480344935,-12.076799583789604,-8.425662338111595,-0.6714972256302473,-9.074474683976792,-5.221591006793335,4.146762829642557,-0.6556659626743562,0.008373783607640153,0.02794022092267706,0.7483108108108109,0.17171194674738363,-0.973635569735972,-0.5783540763166385,-0.12009384549030604,-0.12642054655547685,-0.4454111483223626,0.9694116801665772,-0.533563348214512,0.0005398848640046319
46,74,False,False,85,51,3,0.0,0,0.0,0.0,1.0,23,40,494,107,5,0,121,22,120,494,0,0,0,2,9,100,0,101,0,983,210,28,0,19,22,0,1,45.5352452454256,-45.06044584324746,-18.666626945771846,-15.091820259862713,-19.78140891465434,-7.06780160476037,13.186897664627812,15.802750437341121,5.700527621276258,0.07627118644067797,0.3953316042978881,0.51868586695622,-1.525641956227684,-1.5623345629738634,-1.5886265529712469,-0.42965599093599627,-0.3970013452451234,0.9468673362527257,1.2206315842944317,0.2072870469342445
47,4,False,False,48,22,3,1.0,0,0.0,0.0,1.0,11,2,413,455,0,0,94,730,41,191,42,1,0,7,9,24,0,1,1,0,8,515,42,17,31,0,0,57.05239553791912,-25.90437376562396,-25.422449953272206,-5.394336117674348,-26.679789571354192,-9.346383701052964,3.20263204738174,6.266059446649406,4.977119003578497,0.10133587786259542,0.25176121616611047,1.4364726332685156,-1.655715754966477,-1.4818086864070523,-2.6163576969966904,-0.7657280322271928,-1.0932419989452158,0.1506241262770175,1.2276920250415966,0.13321068568468414
48,2,True,True,76,30,3,1.0,0,1.0,1.0,0.0,0,6,140,254,3,0,111,21,57,784,2,0,0,1,31,14,1,0,0,7,121,2001,12,12,138,2,0,23.997349196933826,-11.710272264322496,-13.880812966778183,-0.04005062221284708,-17.517772094246016,-11.511672253772419,4.596722941629246,0.7122779838298683,5.824321995168633,0.07537393162393162,0.8332513526807673,0.18980059443735267,-0.483728850391889,-0.4352518336104348,-0.0067852952482161805,-0.28210627069000616,-0.5308883648261059,0.5653542160960071,0.40306485761276784,0.36477544116907495
49,107,False,False,46,25,2,1.0,0,1.0,1.0,1.0,4,2,251,48,42,0,4,259,31,312,142,0,43,4,12,19,6,2,1,4,11,75,14,2921,29,0,1,54.8522376990329,-35.94782950538175,-13.987292224985614,-6.072022025897445,-57.50520960752623,,8.662133294767786,8.555629673070449,16.963441147679493,0.035333978702807356,0.7292954264524104,0.2563942530913911,-0.9597961941873927,-0.9096651849464129,-1.25256526113959,-0.9770397272597988,,1.3370349872775706,2.124781624710026,0.7852145830136733
50,15,True,True,78,30,3,2.0,0,1.0,0.0,0.0,18,3,581,73,0,0,100,201,40,253,54,2,32,3,14,27,1,26,0,0,16,1431,2,6,2,0,17,33.38352223321113,-26.25709847763569,-8.062687744146707,-8.08077514556122,-14.501567847547015,-14.097672314530527,7.612987874633563,10.38222176362348,-6.390368452834197,0.14263754045307445,0.6093436514760676,0.3524675724134691,-0.6211651393763773,-0.5885293161469592,-1.2328002756764036,-0.2991666450710582,-0.9052977772950369,0.6736562026115254,1.332165203513754,-0.27835568507893216
51,143,False,False,79,30,1,0.0,0,1.0,1.0,0.0,0,5,134,266,0,0,92,74,184,256,7,0,0,0,2,6,0,1,0,1,49,166,40,12,429,1,2,55.84158250570321,-22.26110919127919,-33.8622848400492,-4.718552771744769,-30.612543473129897,-15.29791080683653,14.395022152193588,1.4924060958387928,2.340172955506744,0.0342031029619182,0.23034154090548054,0.947566787862707,-2.769562968688498,-2.265728515003057,-2.7534619140624024,-0.9234171617335457,-1.5590568933050954,0.9447488051507237,0.6813732682028886,0.1348035626052905
52,42,True,True,68,55,3,1.0,0,0.0,0.0,0.0,0,14,63,31,1,0,46,523,163,261,1,0,38,0,5,7,51,121,4,12,18,2,48,45,6,0,1432,45.04355379355354,-11.788691978768483,-9.734381295039366,-3.393485205472778,-47.0818086050253,-16.496668613209515,1.9489819461171092,-0.41359771787072724,9.128227927156638,0.017918332381496288,0.8513853904282116,0.3794495444641399,-0.8204092545383977,-1.1350833412852583,-0.4713472108523945,-0.8264811228742681,-2.1071577795630603,0.680960184437464,-0.2829339632714986,0.631244951990119
53,175,False,False,54,18,1,0.0,0,1.0,1.0,0.0,0,4,81,42,1,0,31,195,371,494,3,0,15,2,17,12,0,14,0,2,60,32,228,24,517,2,3,41.11978775188653,-9.355016961434481,-6.119083797497932,,-38.8743735879914,-5.724689276759233,2.133613380793837,,6.400253263438288,0.02792990142387733,0.806970509383378,0.7011558320392646,-0.8123234353055281,-0.6786729028471732,,-0.7673729180414598,-0.7986841979869095,0.6357637688260032,,0.30914670138223804
54,7,True,False,85,35,2,,0,1.0,0.0,0.0,0,4,260,171,0,0,181,70,152,902,29,0,7,3,19,16,0,78,0,4,150,878,48,14,19,0,0,47.243697847718295,-19.624610035103725,-16.059477753104918,,-37.80606190189423,-14.835499523645508,7.158287916908701,,9.670599798357761,0.06468673718470301,0.6123727486296007,0.7052472726027379,-1.0526804394921765,-1.0467973158080413,,-0.7247254740284393,-0.9147883566118085,0.6180047518619364,,0.35377020024116773
55,114,False,False,70,45,2,1.0,0,1.0,1.0,0.0,1,4,158,95,0,0,15,281,115,297,90,0,0,0,13,4,0,0,0,7,28,393,71,23,4,34,2,19.50202764685261,-13.908108152710641,-7.139789640488575,-1.017931528865671,-9.051934971251564,-4.765840612605457,2.446271160219697,1.0568662807453497,-0.3644584871342965,0.08117443868739206,0.5753588516746412,0.5259856016640527,-1.0290450760110836,-0.5930236100641988,-0.3157318289234566,-0.1986978094543559,-1.1502770999334262,0.30531401251247825,0.47267939212295274,-0.014598061943464356
56,90,False,False,57,17,2,0.0,0,1.0,1.0,0.0,8,30,706,67,0,0,24,61,184,809,8,0,2,2,5,70,0,0,1,741,198,21,45,41,117,0,1,44.005961457069276,-39.585920454543555,-4.407244668705078,-9.30053209632188,-22.51340295888585,-6.912047202085596,5.574590010201377,8.525796404479815,4.247310163483647,0.11584138486312398,0.4353719008264463,0.6728337851380224,-1.2263578004122422,-0.3552490046139513,-1.5472292825497722,-0.4693556149669517,-1.270861130970924,0.5267326040703568,0.8698012768732986,0.09722102326269356
57,130,False,False,42,36,2,2.0,0,1.0,0.0,0.0,11,79,161,11,0,0,28,149,256,213,0,0,49,1,8,6,0,37,2,28,68,52,7,9,57,0,16,30.37336875797926,-11.908829150979384,-3.472769042420292,-9.795992755340253,-14.466863113736904,-6.153731684157089,1.0466009693109173,7.468798308788603,-13.586970065696391,0.08462199312714777,0.29491525423728815,1.2449816470776656,-1.030748049952122,-1.263580777755071,-1.487930312978961,-0.4221379721262055,-1.6152144888032276,0.34617564113403954,0.7408530793527442,-0.5599597335632834
58,181,False,False,57,35,2,0.0,0,1.0,0.0,0.0,16,68,447,70,3,0,87,47,85,223,2,0,5,1,14,36,0,36,0,8,201,127,2606,8,248,6,3,47.43342089315013,-40.20649231890272,-11.978629846593062,-26.505773857020795,-39.86635016132247,-26.851700498728523,8.923344908326088,20.992546960895922,13.87546827618197,0.074605343047966,0.6913069189828503,0.19106071905033814,-0.7783011457824057,-0.49462894792703715,-1.2800132175966805,-0.996503856389784,-1.3954912931026247,1.0335024134287203,1.6045715446596844,0.7963923843039886
59,53,False,False,28,41,3,0.0,0,0.0,0.0,0.0,0,12,156,86,39,8,273,34,134,594,2,0,0,4,82,2707,7,0,0,2,280,9,0,70,1,0,0,50.61313525946221,-22.443590960553546,-32.05907408541221,0.320919017248279,-37.40481461407432,-42.04096372830525,4.897965416687101,-0.37664397792622106,8.928351000789572,0.03277197975964579,0.7406318883174137,0.25343537160232993,-0.7201943735923169,-1.7640236563792646,0.03231772027272845,-0.6397026413140208,-1.4151564282087161,0.8548020844600642,-0.21288056634438465,0.5524866237889055
60,75,True,True,62,24,3,0.0,0,1.0,1.0,1.0,0,2,9,54,0,0,54,176,70,406,58,1,8,0,11,8,0,0,0,31,39,146,14,1213,9,0,0,30.930765669138275,-2.2175902790117865,-13.534840206444501,,-30.48659357898348,-14.766874512365504,0.05255631693234363,,1.8264175750600278,0.015550645819170632,0.8473282442748091,0.2808184334908839,-0.34311029464771786,-0.9041882861490073,,-0.5843442163414667,-1.145383090020333,0.03406183607363319,,0.3915962555351061
61,39,True,True,26,30,3,0.0,0,0.0,0.0,0.0,1,23,192,894,1,0,63,111,180,383,16,0,22,0,1,7,0,1,0,0,28,2,0,13,0,0,1,-0.22216504700571282,5.872947111965866,-7.7199461118012715,-0.42817645298030943,3.986635030798105,-0.0378856988066253,-9.332542084560572,3.8852224056897633,2.000925111439797,0.4858490566037736,0.06132461161079313,-0.10720960143633543,0.8144217342462021,-0.7722953678999217,-0.22958792274065193,0.31179498885116147,-0.01267383003511051,-0.4189733590527439,0.8125103211506194,0.08886350463304006
62,101,False,False,73,22,2,0.0,0,1.0,1.0,0.0,0,5,82,61,0,0,5,746,81,538,224,2,10,21,36,22,2,2,1,830,43,31,24,54,108,1,0,40.069850783990205,-7.648855381865168,-4.366688200500118,-2.7873091509065016,-34.19247370101555,1.4033832463309783,2.6069127934724654,4.259245792495032,3.474415604823042,0.032872340425531915,0.8021505376344086,0.5747300449595157,-0.6443271969747585,-0.4127018382418284,-0.9653225483672545,-0.5008823129701555,0.32192809488736235,0.6691229483851547,1.6246626245414137,0.19299370237250765
63,89,True,False,85,30,2,1.0,0,1.0,1.0,0.0,1,2,66,18,27,0,74,37,52,204,6,0,0,7,0,69,1,0,3,21,16,46,2526,59,99,1,0,30.13708472139164,-17.0568965709295,-5.272935145119984,,-39.65815738546503,-19.38202220993043,2.1140875957653398,,20.10093783752195,0.023218047752808987,0.9007518796992481,0.09740547338820367,-0.6137628451869763,-0.3722298475633833,,-0.8366851157424968,-0.8384175577916564,0.8520421186128986,,1.6006981093445865
64,50,True,True,51,25,3,0.0,0,0.0,0.0,0.0,2,3,175,210,13,1,223,137,37,227,48,0,0,611,141,1816,87,9,2,12,83,16,0,29,23,1,0,69.17022853178295,-34.73855364644467,-47.81048768123852,-3.411421622144286,-44.79810788548169,-49.893817449206814,22.11062072540381,5.432588336333259,8.113770891536106,0.028224381625441695,0.480958230958231,0.32669313672100664,-1.3362539963936124,-2.3094871500287146,-0.6025605350969239,-1.1629886173224435,-2.29898023902754,1.6727578194774297,1.7768583212897189,0.6688166189899363
65,130,False,False,52,18,3,0.0,0,1.0,1.0,0.0,0,0,3,9,0,0,1,27,31,18,0,0,0,1,1,0,0,0,0,0,7,0,0,0,0,0,0,0.5438672815502607,,1.366633695499201,,0.60126401378719,,,,,0.18055555555555555,0.6296296296296297,0.28630418515664097,,0.48165855035702304,,0.0708231764247308,,,,
66,32,True,True,70,25,2,2.0,0,1.0,0.0,0.0,38,52,641,350,0,0,14,268,52,85,10,0,26,0,17,71,3,0,0,0,4,7,1,6,1,0,0,3.854930780366223,-0.2871474974989317,0.42739645492097245,-1.616038489217707,-1.5159353168881664,3.494895234879821,-3.1700995188755967,5.7350128376124605,-14.909051029018928,0.6170454545454546,0.1537015276145711,0.7342734186154983,-0.016898551496352526,0.037826187100872426,-0.32653734813995183,-0.12034136481770706,1.0137327904897733,-0.1023072331373688,0.34662826065802105,-0.44109802376789925
67,8,False,False,67,32,3,0.0,0,0.0,0.0,0.0,80,91,1181,156,1,0,54,576,8,109,41,1,22,6,752,45,10,85,1,14,6,54,1,25,27,2,4,54.37708638478352,-39.387684479154444,-9.446909098662907,-17.825399829307003,-15.591687401808173,-4.959883752488974,0.8274969866503449,11.018712070352276,-5.43616205458345,0.21136143410852712,0.3229892336922103,0.9723258105845639,-1.0241417968444577,-0.7267317779716228,-1.5283743090905544,-0.45055723871541714,-0.644403417704079,0.046462985453297564,0.536163565751879,-0.13237840659426797
68,169,False,False,58,17,1,2.0,0,1.0,1.0,0.0,0,1,48,20,0,0,36,767,73,354,53,0,10,0,4,9,0,0,1,34,11,23,28,719,46,0,2,42.09836697500047,-9.669674724664945,-7.093610826577168,,-37.58398303824266,-8.876514866658129,10.885329640666574,,3.6682931822023455,0.010832383124287344,0.6462585034013606,0.7872203649459021,-1.345733704536466,-1.5055001143297915,,-0.7330964969497584,-1.5873649909364609,2.3799550401233986,,0.234607650620891
69,110,False,False,74,24,3,1.0,0,,,0.0,18,34,933,293,2,0,60,83,54,266,5,0,0,3,25,125,2,0,0,6,58,57,4,9,109,1,0,33.72753900633258,-27.892136224898643,-11.49005626609754,-7.491844860333496,6.162921410023498,-6.836394673010144,2.1219706101250226,2.21172886019918,-8.67658792044504,0.2756892230576441,0.19443922600037572,1.359725740248084,-1.1063510214620746,-0.9082587958546613,-1.7336757072222484,0.26099950172247766,-1.2067821249646695,0.06736033054859696,0.16805436356613576,-0.2673103987208315
70,97,False,False,58,18,3,0.0,0,1.0,0.0,0.0,5,30,1006,148,0,0,10,103,131,813,9,0,1,1,53,96,1,3,2,4,509,83,8,41,39,0,1,28.259023696675335,-40.38324869754804,-4.297526006313723,-5.529368913890494,4.99319738503702,-2.7565129232523105,4.075946121516917,9.307046027020013,-17.7977356141439,0.17553507728894177,0.28531498602451083,0.7407327325946413,-1.314919464760707,-0.3281777065212073,-1.0565835283663674,0.10919871932966063,-0.9445701662500029,0.21268624243454104,0.7776538938545188,-0.40483750142768077
71,27,False,False,65,17,1,0.0,0,0.0,0.0,1.0,1,5,143,20,0,0,145,4,294,264,18,0,0,1,8,13,0,19,9,933,71,7,2,17,2,0,0,38.507179812139945,-25.1454163085848,-8.363017164848536,-4.6809581865644665,-31.744213265121548,-20.550030672839576,6.010368977704709,3.6895296868767478,7.372582174668162,0.022527726432532348,0.4990583804143126,0.4955003603684344,-1.8067954012092668,-1.2044189875961888,-1.2701838963295125,-0.7936982335089944,-1.0877246848222568,1.3064820670942712,1.234465253637023,0.4057432134398487
72,186,False,False,43,9,3,0.0,1,1.0,0.0,0.0,1,0,193,205,0,0,51,95,50,382,28,1,0,1,22,342,0,2,9,91,86,905,9,20,216,0,0,37.125791889797256,-28.365486348119845,-25.12301532184007,,-21.344514530366723,-11.312435013584894,14.327197698030677,,8.601976297884956,0.05292131532589549,0.5870056497175141,0.32428977890457433,-1.2816115499651368,-1.0522586172415749,,-0.46281105295938285,-0.8993690082759755,1.1156769263181971,,0.5052478138650044
73,68,False,False,41,16,2,0.0,0,1.0,1.0,0.0,27,40,531,183,5,0,22,573,84,282,19,0,13,2,2,20,0,1,7,12,13,15,37,876,103,0,0,69.6068543382117,-36.38442339002765,-22.832751797492424,-16.938153354017537,-47.598365855952444,-6.321788965317804,8.048122027580497,14.466441863084215,0.6167726918088627,0.06870404411764706,0.3033122441384444,1.0866791664506843,-1.6447205827829112,-1.7454185140539156,-2.961777651979758,-1.4800116636110272,-1.3217419286775565,0.5192212988432894,1.135873572198505,0.016726222651387734
74,72,False,False,44,21,3,0.0,0,1.0,1.0,0.0,0,4,10,49,0,0,20,73,7,109,11,0,3,1,1,26,0,1,3,15,17,140,10,28,2165,1,4,22.129273731129484,-5.7386708431486495,-13.911191901293021,,-24.71605031851234,-12.855673472923643,2.3841403562430976,,4.749102057747978,0.013163349917081261,0.9104859335038363,0.06410517212833815,-0.5566045848330916,-0.5501068549084981,,-0.5579736764276149,-0.9325182934826316,1.168122758808327,,1.3968329039012533
75,35,False,False,57,8,1,,0,1.0,1.0,1.0,171,86,360,104,218,1,20,149,17,102,5,0,18,6,478,25,23,51,3,23,13,34,12,825,14,0,13,76.30756609388418,-65.61025041074113,-11.623414659535216,-47.235587369684744,-31.194626718361366,-8.359273603344962,-5.560405653290103,27.45597928763129,13.666278895846121,0.0453125,0.16741405082212257,0.7115503713514797,-3.4575807586890015,-0.6166206253957637,-4.133325927464881,-1.132666569020885,-1.2982291336363496,-0.5594650174835841,1.1090794462217852,0.5654606730258771
76,83,False,False,78,30,2,3.0,0,1.0,1.0,0.0,0,4,21,13,0,0,9,70,315,735,98,0,10,0,8,1,0,0,1,956,157,0,0,14,28,0,0,31.88715550564595,-5.248521278655544,-3.978739681474739,,-30.22682036806842,-4.70363519707695,-0.16610828931880206,,3.3529742959389264,0.009227467811158798,0.9333333333333333,0.47637227598412635,-0.7400794830490611,-0.7387369601714219,,-0.5463760550685279,-1.3589588258323293,-0.12101540096136579,,0.3253224181271923
77,33,False,False,85,31,3,1.0,0,0.0,0.0,0.0,0,1,183,41,0,0,8,9,255,1025,7,0,0,39,5,0,1,0,10,1,482,4,2,3,4,0,0,7.433748590929594,-12.161253782487288,-2.877998877265284,,-1.866730565059094,0.5460810507219899,6.425858030557139,,-3.51923834926404,0.057622504537205084,0.5168918918918919,0.31649023953191435,-0.9811726104509231,-0.4519276098191096,,-0.03312520323163613,0.14331736557882752,1.0590967854206088,,-0.1169703164335861
78,61,True,True,27,24,3,0.0,0,1.0,0.0,1.0,11,6,418,69,0,0,79,2083,11,188,51,1,55,10,2,16,4,138,959,26,6,54,26,57,39,0,25,80.41725501383522,-28.11375745217143,-7.640225832699182,-5.492955533490256,-73.26808384598507,-12.865764676941694,3.4299953358495245,6.250716443981853,11.335285693945075,0.040565345080763586,0.5055837563451777,1.259549135638955,-1.663183678345967,-0.8164899972758468,-1.8039650256273914,-1.3885969470212722,-1.839191788088286,0.48182459049004617,1.3108729063783666,0.24062934847602843
79,65,False,False,35,17,2,0.0,0,1.0,0.0,0.0,70,2,443,27,67,0,214,1040,19,121,143,1,18,1,0,17,2,1,1297,0,2,30,10,32,27,2,0,49.10846206711982,-19.033960653206538,-2.949415118694605,-9.671534075360626,-33.14014981709361,-14.497908458318975,3.1665278648757837,6.559348599374815,6.053101352375513,0.10019352568613653,0.6494796594134343,0.6965625126981745,-0.6593659685316673,-0.4169117848101944,-0.984092155053381,-0.6594175219767952,-0.9668811857597417,0.5820392432707789,0.7001235777322905,0.14652566411108311
80,76,True,False,54,14,2,0.0,0,1.0,1.0,0.0,0,4,284,68,0,0,319,158,152,1107,27,1,2,2,2,45,0,179,1,86,146,74,23,48,1578,0,2,54.70523371316583,-19.75310025484725,-6.1609862364718015,,-44.73878686140793,-30.49510895928793,2.776033918230126,,8.842700403185878,0.04711802378774017,0.7949921752738655,0.523846821982762,-0.7597665393158276,-0.4378549134248068,,-0.7148493512243289,-1.2787528244543926,0.48758024984426357,,0.2980674604139025
81,89,False,False,56,12,3,0.0,0,0.0,0.0,0.0,0,3,42,34,1,0,19,42,133,433,102,0,3,2,12,32,0,2228,0,0,103,1,0,10,0,0,3,50.126962377553944,-14.771055666499397,-17.21553438777544,,-56.65713881410316,-13.152305202726266,5.7019580110459085,,13.776600816031944,0.009410288582183186,0.8664259927797834,0.25688804085452976,-1.0532582180073,-1.5472647298120463,,-1.1116417379784551,-1.6551337176376295,1.6424479953819162,,1.2458251158015707
82,58,False,False,41,22,3,1.0,0,0.0,0.0,1.0,354,151,2802,76,3,0,293,34,203,496,3,0,0,78,225,107,3,2,6,30,93,7,0,55,0,0,3,73.30764158607916,-47.92179970780137,-5.78059324321055,-18.307772539669415,3.68480557735933,-9.39059261370432,3.0127215120724107,3.2412140540662318,-16.846433730545012,0.23871100164203615,0.09535740604274134,2.2425332184607485,-1.4585960152000914,-1.236492618381302,-1.9791630303633125,0.1603877805190034,-0.9769370864001405,0.15658768545472826,0.06873075136397318,-0.3288826264303022
83,115,False,False,54,16,2,2.0,0,1.0,1.0,0.0,138,174,2409,167,4,0,95,110,49,461,0,0,1,2,5,43,0,1,2,28,68,49,194,15,339,0,0,42.481277974409835,-33.73072943593905,-1.4633552561044358,-19.372323225031103,8.66130399089719,-3.864036009343599,-0.6629705905991928,8.90913947414796,-18.22170737072595,0.3892426273458445,0.2074126870990734,1.2972578264489656,-0.7080442669996748,-0.1262057139651831,-2.0571663962111644,0.3210907900567367,-0.5310205504804777,-0.02296966754163478,0.2232839369161165,-0.35700032418881766
84,84,False,False,37,17,3,1.0,0,0.0,0.0,0.0,4,160,457,24,0,0,43,26,118,192,1,0,0,0,4,8,2,0,0,0,45,108,0,6,1,0,0,9.873366181117916,-7.322343094975401,-1.560589991047021,-2.395169844665335,-0.6855831288308234,-2.6011443072517277,-0.07965016558972,-3.942562324076892,-9.158573906595901,0.4482758620689655,0.2706296441141963,0.8479011858889064,-0.38103372658700413,-0.3746650040683934,-0.22525564649859786,-0.0374490506581985,-0.5185965472457896,-0.0096138226077682,-0.2118651241191808,-0.33413842829476276
85,75,True,True,77,12,2,0.0,0,1.0,0.0,0.0,34,4,254,70,0,0,113,145,192,463,170,0,18,4,1,1,0,2,232,2,49,11,9,20,12,0,0,17.952408244549556,-11.498293516934767,-5.0949309724054315,-7.6538524680781,-2.715172244534694,-10.076801912956958,8.851346813325296,15.840256993002564,-17.871893731716863,0.10021865889212828,0.27249575551782684,0.898643480844478,-0.931873715303651,-0.7845900309255099,-2.4036872323861327,-0.0730080086051426,-1.2827077431450402,0.8213436499258202,1.5051577460858978,-0.7147049445658646
86,44,True,True,63,45,2,1.0,0,1.0,1.0,0.0,0,4,102,68,5,0,58,7,147,579,25,2,0,77,47,13,1,0,0,19,665,24,1,8,38,0,0,18.254743932510117,-12.304415185776362,-8.66584030188118,,-10.987529488986924,-14.542848929492617,7.131476833400799,,5.01725423096658,0.054031354983202697,0.716486902927581,0.3227534257944422,-0.8616015041116314,-0.6575311266718014,,-0.21313757422048812,-1.7283870190175072,1.12993124821759,,0.2684003779333836
87,13,True,True,81,45,3,2.0,0,0.0,0.0,1.0,0,0,0,22,0,0,28,224,37,192,203,1,8,38,14,1,0,4,0,21,1,40,6,1082,0,1,8,25.44402618153853,,-4.972674969192353,,-27.61133432109532,-9.630596570431969,,,,0.006064967105263158,0.9777777777777777,0.2787556889972805,,-0.5584052340864457,,-0.5232480644615168,-1.0165908301705047,,,
88,121,False,False,63,18,1,0.0,0,1.0,1.0,0.0,0,23,350,243,26,0,91,160,164,383,15,0,15,1,3153,113,158,470,1,43,70,98,19,77,224,4,16,48.98909522934615,-39.65508451080111,-36.04030042938268,-7.357315676737499,-30.514852826959956,-21.767831435169363,13.515350474461906,5.391373727332065,14.23390027087859,0.04678993675854784,0.6066769371861286,0.26872486200745443,-1.1584068386110198,-1.252843591318976,-1.8339984265567264,-0.9086143177011112,-1.0476252600556974,1.1263838253276797,1.2593667571229874,1.2174713765125842
89,95,False,False,37,14,3,1.0,0,0.0,0.0,0.0,5,16,367,1213,0,0,34,17,107,307,1,0,44,2,52,6,4,462,0,0,58,17,4,6,4,0,4,27.752767083507404,-17.729907653503588,-21.069209860871208,-4.081954238900614,1.9153899069173774,-5.055269627815667,-23.756972069865494,12.7803679830123,4.388741416942721,0.36550888529886916,0.29051819184123484,0.9343064493781916,-1.3216357545102615,-0.49955276463992815,-1.0947186572531387,0.07771091328015689,-1.070389327891398,-0.898527625939516,1.7517350534965461,0.19901666248456715
90,1,False,False,70,17,3,1.0,0,0.0,0.0,0.0,31,70,2134,153,1,0,70,29,81,293,4,0,0,13,11,19,58,27,1,13,52,45,2,62,25,0,0,22.809163839234717,-14.369348665731767,-2.4599209424632993,-4.869611436193935,1.1123094655925425,-1.2802106848830568,-2.256687227362408,2.176720753430299,-6.593220414964587,0.5670731707317073,0.17023565072846386,1.3974762551474174,-0.34261975956177687,-0.2878745342082469,-0.9390760932135329,0.07371868577592029,-0.24401717966342154,-0.06681899542925432,0.08357594884271441,-0.1278624421662093
91,195,False,False,81,22,2,1.0,0,1.0,1.0,0.0,0,3,39,64,0,0,44,473,147,437,12,0,0,0,3,8,0,0,2,22,22,90,2640,53,14,8,5,62.99148537657366,-14.431062579010401,-18.812561070532666,,-67.09264127066943,-16.75310325982491,12.122585689671997,,8.340647880328927,0.007847924659923265,0.7448453608247423,0.3200031710774702,-1.228847187894246,-1.337502248028202,,-1.0722886172043402,-1.3700120627292938,2.3980394229269466,,0.7963022517533769
92,99,False,False,69,18,2,3.0,0,1.0,0.0,0.0,38,3371,84,8,0,0,24,45,25,73,8,0,110,0,3,2,3,120,0,4,8,15,2,5,2,0,583,76.29436389472112,-0.8858827356245078,-2.9229874462530145,-69.05475765001752,-17.3398607197908,-7.142800011756048,11.022703346907255,-10.162574573694824,14.925420826488471,0.33400267737617134,0.12654921020656137,1.951809347906167,-0.10712041531048397,-1.6831349851260924,-1.3709753471773176,-2.211920732518392,-5.1955444592136875,2.724198298092328,-0.4260658030091876,1.682355900594152
93,12,True,False,80,50,3,2.0,0,1.0,,0.0,0,1,54,34,47,1,6,744,10,56,12,0,31,2,42,24,2,0,0,0,4,125,48,9,9,4023,1,58.11975489162941,-24.509662857819055,-16.304354553487308,,-70.92399425682032,-4.508962644602877,8.956111611334025,,28.84986281855336,0.010725110748426206,0.8983364140480592,0.16263843506139783,-1.0180396621990448,-1.1185117714586268,,-1.0625354288742246,-0.6578033076066505,2.1442851802842133,,1.7176121678641427
94,68,False,False,66,50,3,0.0,0,1.0,0.0,0.0,15,0,386,83,8,0,156,221,95,277,37,0,11,4,4,104,0,25,20,5,57,90,8,21,1354,1,9,50.65515799408021,-44.50016350283267,-12.536510411103919,-7.444992357575827,-30.150768503714144,-18.397414066641506,8.318152832461777,14.013989463646158,10.911345169045084,0.05405405405405406,0.5023279875840663,0.4693560082550173,-1.5799296283368567,-0.8044336003838025,-1.372862252354217,-0.6302023895602484,-0.9377139867828759,0.7882090237474588,1.9434164716336328,0.40082116347330665
95,152,False,False,57,25,2,1.0,0,1.0,1.0,0.0,0,1,36,221,0,0,30,332,80,467,49,1,12,3,5,10,0,0,4,37,43,488,738,31,33,12,7,27.488794796925312,-4.576199361319015,-13.253432288979704,,-22.57401189433769,-5.511802458782201,2.6432266503145168,,2.6139780288510797,0.058734939759036146,0.8249772105742936,0.32623801997319074,-0.4394531693616065,-0.5132521196145917,,-0.37328848588298497,-0.6261139381794397,0.5313546249206438,,0.2553006857921635
96,181,False,False,69,25,3,2.0,0,1.0,0.0,0.0,1,11,144,34,0,0,70,125,200,178,14,1,215,2,2,8,0,14,0,0,66,0,97,5,11,0,6,30.168889594412725,-10.166379606405018,-1.9487632186654542,-1.4134498986677493,-20.367932136070852,-6.754509258362911,3.980336651359265,1.6750982211273098,-6.569643006722716,0.08590047393364929,0.3394683026584867,1.6030277735298752,-1.1341014322190734,-0.38455222541102946,-0.4874863493485361,-0.7641255448034435,-1.3531391525882177,0.6126012964087131,0.5189963598639435,-0.24036831210799575
97,107,False,False,81,15,3,0.0,0,1.0,1.0,0.0,0,0,23,63,0,0,25,704,44,365,16,1,0,5,5,2,0,0,10,11,12,6,29,2246,77,4,0,44.8901369029017,-9.438841153643304,-9.85859267271082,,-49.71087137479508,-8.94783559674595,3.291553342580154,,8.00927378091457,0.01303489821354383,0.8962536023054755,0.2842971294644294,-1.0292449971680162,-0.6238859679922028,,-0.7448316323008091,-0.8964034220880404,1.1762506396917274,,0.8783437294069267
98,99,True,True,74,22,1,1.0,0,1.0,0.0,0.0,0,1,18,5,0,0,20,406,74,319,39,1,4,10,11,1,0,0,3,18,16,13,1086,33,380,0,53,37.477273033371674,-8.074168057574495,-2.7767936831398523,,-45.22229941152444,-6.318641311586986,1.1443547940989305,,7.973862574495285,0.003925492610837439,0.9746835443037976,0.3255670432587805,-0.9803909560614716,-0.6338961459190787,,-0.8653201199276921,-0.7954778595055231,0.5723938272181007,,0.8649178544764254
99,80,False,False,69,13,3,0.0,0,1.0,1.0,1.0,1,11,597,40,0,0,138,9,266,491,2,0,1,2,11,6,0,9,0,4,200,49,3,6,77,0,0,21.273575340241045,-23.55214272595537,-2.9753666077956935,-2.4586197547496647,7.440812859970643,-5.6185749558186515,1.362410198646091,1.174299849564967,-17.159719260165716,0.11852861035422343,0.19784656796769853,0.9636160627607343,-1.4967006805179808,-0.6046644151637043,-0.9091330442194782,0.23364689131586658,-0.5694216498253782,0.14018215313250515,0.21619415163082126,-0.48489525022409047
100,171,False,False,51,31,3,0.0,0,1.0,1.0,0.0,1,58,372,458,38,0,55,47,130,519,10,0,0,3,0,76,0,0,0,0,87,1659,9,7,29,0,0,74.86139116704055,-40.3479762630486,-37.49057105422907,-17.12171551045856,-53.63918234574265,-15.222425116209024,13.685244607454775,11.768510729737093,6.1347027594964505,0.07947860962566845,0.38957370313302514,0.6662517574041552,-1.6204534115004918,-1.4156785791433242,-2.052318710075766,-1.4562624257420131,-1.5342477191849506,0.6568275237885614,1.2395200909310944,0.271181848816475
101,135,True,True,76,30,2,3.0,0,1.0,1.0,0.0,0,7,39,56,0,0,17,23,87,773,7,0,1,1,7,25,0,27,0,15,292,13,8,20,2015,0,0,20.65251840364888,-9.611078391281652,-12.957101902334449,-0.7610450993843587,-16.668615019834853,-7.401823858481986,4.711390349656925,-0.8339867988059065,6.925463077681021,0.015425092860090799,0.9118942731277533,0.12190727466974301,-0.6833746197213345,-0.7319239835348792,-0.10792138438799935,-0.23105857514120984,-0.9186494279234783,1.427918790575576,-0.7824085649273732,0.671804417478118
102,38,True,True,59,21,3,0.0,0,1.0,1.0,0.0,0,61,49,7,0,0,2,2,223,891,8,0,0,2,5,98,0,0,0,7,3789,0,0,4,3,0,0,41.14536811178502,-12.442172557007032,-1.2070783165494017,-0.9017961932187601,-45.96059383895923,,-0.8080531598287773,0.20573091072074817,8.792003656121036,0.01807190378710338,0.9311797752808989,0.16042398243119896,-0.7077276772209208,-0.1404151191698382,-0.03714335390834307,-0.585069835978276,,-0.6507645591169021,0.1035897432641944,0.8414305893038844
103,12,False,False,60,30,3,0.0,0,0.0,0.0,0.0,3,2,19,16,0,0,9,61,13,72,1399,0,2,40,24,27,11,2,2397,1,21,3,0,49,4,0,0,89.33242905976525,-11.358325844937294,2.334141966603959,-4.980432132089978,-103.68691368132598,-9.789812682216283,-0.9003746680457319,-0.501261036050705,12.134832446833377,0.006058549825513765,0.9735099337748344,0.5943004612070232,-1.7636771418965993,0.22560948514324233,-1.419784018528373,-2.478065215149207,-3.099154912118003,-0.7355221772965375,-0.3219280948873623,1.1208543948743857
104,107,False,False,56,21,2,0.0,0,1.0,1.0,0.0,1,3,20,25,0,0,53,279,50,38,1,0,0,0,0,4,0,0,0,0,1,4,0,11,0,0,0,1.548913347764689,2.024820509788447,0.7868470892678304,,-2.703464588009692,0.8421137267051466,-0.31349447257750046,,-3.5190952920799083,0.15625,0.5,0.7160782276923825,0.6888290731219362,0.2761894320570438,,-0.24839660629144766,0.2098952586535457,-0.1342209397606335,,-0.3234562953435101
105,119,False,False,28,26,2,1.0,0,1.0,1.0,1.0,0,2,3,3,0,0,3,68,97,58,53,0,9,1,2,1,0,1,0,0,21,13,0,56,1,0,0,3.179859014929216,,,,-3.933304120520205,,,,,0.018229166666666668,0.9047619047619048,0.3184543547595465,,,,-0.15721536121365448,,,,
106,97,True,False,91,45,2,,0,1.0,0.0,0.0,7,31,239,54,56,0,95,140,432,486,4,0,100,1,6,21,1,257,1,144,110,102,43,15,58,2,18,50.312948113535874,-20.60543345259228,-6.428391459590908,-6.861200203589598,-38.56792749861396,-13.28308981041964,2.4065629466934046,11.297770174401668,-5.274257757286382,0.06514762516046213,0.46557659208261626,1.0731747348099305,-1.1354497135617823,-0.8451756980472376,-1.1336520412334028,-0.9300450816912377,-1.5453060565473002,0.3810566166981661,1.4037375995419035,-0.16297242533685075
107,44,False,False,85,21,3,0.0,0,0.0,0.0,0.0,0,1,3,8,0,0,1,36,4,14,6,0,0,0,2744,1,1,0,0,0,0,0,0,3,6,3,0,6.358977330829573,,-6.093524498040624,,-7.942551214176891,,,,,0.0028100072516316172,0.9418604651162791,0.00745451047698224,,-0.5109619192773792,,-0.23333522853743058,,,,
108,35,True,True,64,33,3,0.0,0,1.0,1.0,0.0,0,10,23,45,0,0,25,442,1,74,10,0,42,3,9,5568,2,1,0,0,4,25,5,11,15,3,2,16.891316034003665,-6.176374728530436,-11.33892215547046,-0.18083011507056065,-18.940446767474175,-14.00141626684651,6.497087948599129,-0.678633079906113,5.037924199637392,0.009184667138810198,0.9254302103250477,0.02749381143055114,-0.3238371584609258,-0.43273590530818146,-0.012727070926006527,-0.2185232102630103,-0.8302333938784716,2.0976632592181437,-0.5360529002402097,1.0656722216846306
109,78,False,False,79,15,1,1.0,0,1.0,1.0,0.0,0,1,59,86,0,0,41,146,295,931,54,2,1,4,11,2,0,0,9,68,146,5,39,14,654,0,2,39.738994384185204,-9.648810678673751,-9.147828778292777,,-36.201804805123096,-5.742758577543052,1.6982634046429008,,6.406293281479785,0.025419287211740044,0.8078078078078078,0.781107368883804,-1.053572414371654,-0.8121275470557906,,-0.6660813411629674,-0.7395969502448017,0.4584300947922245,,0.32949307724796256
110,13,True,False,90,75,3,3.0,1,0.0,0.0,0.0,25,5,233,53,11,0,125,167,58,133,43,1,10,7,4,4,2,1,174,11,13,19,3,10,10,0,4,10.704846206737182,-10.611790436941776,-1.6953459314783903,-6.397787876117357,-1.238275098266362,-3.1281153425985804,2.893951881569708,7.873159825051642,-4.585115690321166,0.17795801526717558,0.3913808267370273,0.6096909338695609,-0.7365982354716462,-0.2065582585388615,-1.8370934104602898,-0.04713441323108708,-0.2541308324634309,0.31978899192546617,0.8896538906832145,-0.20378502876119656
112,143,False,False,73,19,2,0.0,0,1.0,0.0,0.0,0,10,23,404,3,1,38,28,168,717,4,0,6,26,90,16,5,459,0,72,243,124,133,20,334,0,3,41.639208777227104,-4.120628230701523,-37.27066648566881,-2.53969004864575,-31.79084737581954,-4.777321344601278,5.349565989711587,-0.8936180256111494,2.215518261993268,0.054754098360655735,0.39881539980256664,0.4944026678868023,-0.45960455872591727,-1.4984074204744435,-0.48026512205446287,-0.6340725463128418,-0.4480265423107245,0.9112647538097162,-0.9030382701129122,0.27905540466109346
113,121,False,False,79,17,2,0.0,0,1.0,1.0,0.0,0,1,332,346,0,0,12,498,171,712,5,0,4,1,5,19,0,0,0,1,88,63,617,15,328,2,1,51.570649410636186,-22.659185722306617,-25.05229848922415,,-34.53524338582941,-3.0954130591794606,6.99386135526969,,5.134619789402538,0.08421052631578947,0.4713313896987366,0.8416495562058091,-1.067903738711951,-1.2713672104465907,,-0.6250489377212431,-0.680774425492461,0.462441039309221,,0.142972709894813
114,104,False,False,46,30,3,1.0,0,0.0,0.0,0.0,0,4,20,4,0,0,19,43,12,69,0,0,0,316,144,1864,61,5,0,4,39,60,1,16,21,1,3,13.703749083758781,-6.1353322161172565,,,-17.30873795486638,-9.360379245100166,,,6.840453418421978,0.008284023668639054,0.9852941176470589,0.02475223408976609,-0.3094481391361301,,,-0.39604350592561915,-0.5579305216423017,,,1.5893487717731776
115,54,False,False,37,52,2,0.0,0,0.0,0.0,0.0,25,13,415,129,1,0,391,648,43,436,8,0,15,3,2358,25,29,32,0,13,173,72,1,72,18,0,11,72.48657384170482,-34.402793035158815,-14.431975514408318,-11.10266242345975,-55.880593885201925,-42.931923102591824,-0.889153248887401,8.41174928877167,15.320591993018704,0.05183469896686854,0.6634189548272807,0.5188826660644928,-1.08711498063317,-0.7365456441959347,-1.2374398902740928,-1.0221778795668197,-1.5869054766242086,-0.12375255349012287,1.3463365215402159,0.5174212612351556
116,46,False,False,49,24,3,0.0,0,0.0,0.0,0.0,1102,102,1132,171,185,0,205,417,12,130,30,0,30,145,12,707,1496,19,6,1,3,43,17,90,5,1,8,97.78304501263433,-59.990900505406266,-20.031106127229833,-74.98708936587754,-25.089514116156586,-26.370961205551975,15.447669063947975,1.4816900948541285,6.573587052518316,0.12421660791226008,0.24017503302509907,0.9317665038898063,-1.460165601743755,-1.534853925092727,-2.3209745134650364,-0.7310960805756108,-2.056300781890077,0.8561825110907288,0.04037285394680994,0.2196612169406645
117,100,True,False,75,15,1,0.0,0,1.0,1.0,0.0,0,6,93,43,0,0,83,158,53,271,2,0,1,1,9,147,2,2,0,42,71,245,3097,67,176,1,2,40.36036615205016,-22.038338237420426,-15.400381397854312,-7.191842800127803,-40.78894466328226,-15.473986619541472,6.122630117523153,3.56955006252331,18.348257319560826,0.014079492490937338,0.8661870503597122,0.10931828876501674,-0.7993299593486296,-0.91631284762324,-1.2378696008675099,-0.6620939155195509,-0.5443620184590205,1.5442049202908221,1.5008982359326817,1.4538709654854554
118,53,False,False,50,14,2,0.0,0,1.0,1.0,0.0,2,3,45,25,0,0,93,306,107,309,18,1,43,5,5,3,2,16,2217,43,23,6,1,12,6,0,18,30.080148616077935,-7.431245566215634,-2.313808163096858,-1.6021828851188396,-31.09293968787161,-18.64311766684905,-0.14856169577612868,2.699784221026292,6.895582114368455,0.01622825625795503,0.9577114427860697,0.1811245081657068,-0.4742844031281719,-0.17381116999244978,-0.2273586742297974,-0.5056995938502623,-0.9378773353687481,-0.09592441999853558,1.2601518973006727,0.7117152726046304
119,61,False,False,39,45,3,3.0,0,1.0,1.0,0.0,1,9,288,22,18,0,89,6,289,255,1,0,0,1,7,13,1,30,0,266,214,10,2,2,59,0,0,29.463717115510367,-19.10237935700031,-3.155894091629164,-1.855291101487312,-12.708105960631087,-11.60058559064344,-0.9249428411913565,1.019122796744434,3.3536229540558025,0.09049586776859504,0.5652557319223986,0.7286131362799384,-0.9927231192834733,-0.5268736624783585,-0.40618677986896007,-0.3701300959054361,-1.1757869859144898,-0.2109231629667455,0.2733582995577157,0.12172635893794476
120,172,False,False,45,45,1,1.0,0,1.0,1.0,0.0,0,1,25,133,0,0,117,176,333,834,6,0,19,0,7,10,1,0,1,5,158,76,55,31,1233,0,9,43.091312455307175,-4.6529996754684495,-13.353069212208304,,-40.52894821193153,-14.199472654313844,1.5957842812842782,,3.8578802924858877,0.026166456494325346,0.8377358490566038,0.5001050681028764,-0.674623854487129,-0.7143913821766563,,-0.6416550550357908,-0.78627465488961,0.5269924320838261,,0.38222776575456363
121,63,False,False,42,75,3,3.0,0,0.0,0.0,1.0,13,22,454,153,1,0,154,78,324,438,1,0,37,2,73,75,14,121,0,66,135,124,4,10,12,0,1,55.28379733508028,-24.72744127972576,-15.807667946044374,-4.810510193048724,-31.280579189614127,-17.051831354771643,1.3912995296311046,8.859460212886374,-5.211779148392537,0.1096938775510204,0.3258887876025524,1.292315186220464,-1.1442423197418305,-1.552941716002022,-0.8686867653221348,-1.0167605418868655,-1.6888444676515175,0.10382150357255789,0.9963424144854804,-0.14520079849496886
122,58,False,False,49,35,3,2.0,0,1.0,1.0,0.0,0,9,19,3,33,0,66,751,74,477,94,2,6,1,3,21,0,5,10,567,110,990,27,8,139,0,0,40.18806962666601,-9.760760797978316,,-3.9314872124216005,-40.6803939824056,-3.9593612361412216,,3.6243801278719583,6.3219683971891785,0.010300372142477405,0.8947368421052632,0.36058237539416144,-0.7956788872903371,,-0.7180875839605169,-0.5854801558460769,-0.2566606406335904,,1.4672674580514016,0.4524604342732543
123,47,False,False,32,19,3,0.0,0,1.0,1.0,1.0,0,0,8,21,0,0,4,6,89,57,0,0,0,104,7,39,3,0,0,0,29,3,1,2,1,0,0,11.338017184109326,-1.2056137883033282,-5.427126931716348,,-10.990836471255186,,-1.2330923460937642,,0.9123081228223732,0.04894179894179894,0.8691588785046729,0.4012606583475692,-0.23464557924701834,-0.7526082241136888,,-0.4455101558501998,,-0.8453227722566243,,0.17150381271317744
124,57,False,False,67,13,2,0.0,0,0.0,0.0,1.0,0,2,5,3,0,0,17,7,89,66,5,0,13,7,2,0,0,0,0,0,48,0,0,1,0,0,0,4.427161467650852,-1.2652791153030354,,,-4.7622707282407655,-2.1464154859321507,,,0.8967108512293358,0.03879310344827586,0.9090909090909091,0.5211144573391057,-0.5447326559326235,,,-0.22575601245235927,-0.5379650211839868,,,0.1557070622084688
125,17,True,True,79,13,3,0.0,0,1.0,1.0,0.0,0,11,42,35,0,0,9,430,158,348,33,1,23,5,4,15,1,0,1,2,93,154,490,48,31,0,0,21.381873136906247,-3.213684388477146,0.1584173835555082,0.08341576223911809,-21.8573810064956,1.03931646278218,0.3782060739229327,0.738374866528083,2.6387912086310554,0.04072867298578199,0.90633608815427,0.40202812298663004,-0.31955971691409724,0.015248360411508573,0.013724635454594947,-0.38483043493454505,0.1874778951149814,0.1600404125104682,0.43684186959719223,0.17765663828355577
126,95,False,False,53,25,3,0.0,0,1.0,0.0,0.0,0,1,78,4,0,0,20,2,85,234,2,0,0,927,1026,129,35,11,1,3,311,1,0,22,0,0,0,29.802993522930013,-27.687765418705688,,,-34.77830249489103,-16.45802954114584,,,21.696717911154035,0.009884428223844282,0.7146892655367232,0.10284852642408146,-1.3461395733071677,,,-0.7367748359694601,-1.9838647479596025,,,1.756528769008822
127,64,False,False,54,32,2,0.0,0,0.0,0.0,1.0,0,20,61,13,0,0,179,14,78,504,0,0,0,1,27,958,0,259,0,1,4659,4,1,62,4,0,0,21.892615921533196,-3.855617968323883,-2.6588322957049395,-1.6602611489010137,-21.994308642126057,-20.248230702686993,1.9758939297268088,2.6164093834216473,-0.8010137947139191,0.01257111780455154,0.9391796322489391,0.038915307677722416,-0.1365772542661748,-0.19697476465582034,-0.09821094816966222,-0.24215928077393487,-0.3906687247036588,1.0108609926317669,1.128156351490682,-0.17335059391950733
128,44,True,True,71,70,2,1.0,1,1.0,1.0,0.0,0,0,58,12,0,0,2,40,74,479,294,0,0,3,5,0,0,329,5,1,46,4,2,2,3747,0,1,64.71899021226761,-12.607061635532549,-1.9812858153765485,,-83.37743601317462,,1.8524471361950663,,12.086178867396725,0.009288299155609168,0.921875,0.19805163980301643,-0.6100847975971624,-0.17754986724611513,,-1.527486427096282,,0.9125371587496605,,1.103663559173591
129,44,True,True,69,14,2,3.0,0,0.0,0.0,0.0,0,2,30,27,0,0,15,225,129,481,68,2,30,0,3,3,2,27,0,10,60,252,72,207,44,9,53,14.965048499638144,-2.2208370729403653,-0.3534243798134095,,-12.660095714073913,-3.589941324999894,-0.20625578184159027,,1.1446182995658307,0.026954177897574122,0.9499999999999998,0.3548562807332918,-0.2718723253019165,-0.04037479400840951,,-0.24815933876415813,-0.7064260132068234,-0.12035194036522198,,0.10094301903399026
130,86,False,False,62,12,1,0.0,0,1.0,1.0,0.0,0,3,42,91,0,0,9,128,258,1008,45,1,2,3,4,20,0,12,0,227,229,35,21,8,234,0,0,29.487151648441984,-5.527195414871151,-8.668623713320184,,-22.869389475611055,-2.3251267637186763,7.053627626560676,,2.12573544475627,0.029319041614123582,0.7142857142857143,0.6997845073586899,-0.8042738850277826,-0.8687431988546145,,-0.39751962635053806,-0.6352045022136971,1.3548494842382601,,0.14413199776041394
131,75,False,False,68,18,1,0.0,0,1.0,1.0,0.0,1,1,20,19,2,0,116,218,112,142,19,1,3,5,5,3,1,1,822,5,23,33,11,16,51,0,3,29.52013101477216,-8.29812974049654,-7.705216166829141,,-23.112198845590207,-20.537860370932783,5.738426813537152,,4.419861088414764,0.007533197139938712,0.849624060150376,0.37501524657113494,-1.204040078850507,-1.067534817480922,,-0.545750378970517,-1.1375462443208768,1.7571434761038367,,0.5712997159561295
132,68,False,False,67,28,2,0.0,0,1.0,1.0,0.0,129,52,580,208,4,0,168,35,45,310,1,0,3,8,7,85,0,6,12,60,116,200,16,8,2205,0,0,59.24824121940825,-59.19471456366251,-18.48277544550607,-40.04963493893599,-14.772247605559539,-28.78845847881111,1.334745323863418,31.45173150731965,4.256565250219128,0.07959970620639001,0.46967501552473606,0.3661536696269288,-1.501727668138958,-0.6013517997322549,-1.8646563877569708,-0.3386684486674685,-1.2058442011803676,0.0951738649960354,1.626183811597627,0.2408478594659408
133,21,True,True,32,22,3,0.0,0,0.0,0.0,1.0,0,7,85,83,1,0,95,23,267,397,0,0,0,739,17,56,12,2206,0,1,85,6,0,66,5,0,0,48.02493044992413,-24.60836463984359,-2.46995280162416,-9.758618170632854,-55.74559815289503,-29.226935052156104,-0.17450596089072337,6.447288459824459,24.738691435725737,0.025994362668336986,0.894374282433984,0.19776319529920267,-1.3684914090525075,-0.09743600470758722,-2.3214952214408315,-0.9692585083406793,-1.5710618330400756,-0.06307144984267868,2.012881291296732,1.5191542998649648
134,61,True,True,52,17,3,1.0,0,1.0,0.0,1.0,11,263,902,187,6,0,26,233,128,288,1,0,2,0,4,14,0,4,0,14,35,30,3,53,7,0,0,11.326997935330468,-7.235818805216608,-0.22159948540972155,-4.858282611442967,1.5546579618046037,-0.04616353196566854,-3.9461475179383143,1.3755348013103028,-10.99892945911956,0.4954268292682927,0.1454107250451898,1.2484659329463412,-0.3938034646911615,-0.027221468735024314,-0.6008285483688628,0.0893157038854809,-0.013603301799820618,-0.1935190424377589,0.05105183818987492,-0.262105495633794
135,37,True,True,75,40,2,1.0,0,0.0,0.0,0.0,0,1,14,39,1,0,62,49,67,502,10,3,5,2,2,39,0,0,0,26,82,75,39,49,2309,0,0,28.221181669733205,-5.3711279788990405,-1.6043153043951999,,-29.075577296865994,-20.930455886310217,2.6202970733943203,,3.6799643380535483,0.013820053373999238,0.9512893982808023,0.12142240847872497,-0.514173451942373,-0.08971972327267444,,-0.4256878606692213,-1.3802217744953542,1.1953956889584305,,0.7013416844354848
136,97,False,False,55,16,3,0.0,0,1.0,0.0,0.0,11,66,641,83,0,0,22,447,58,375,3,0,9,2,28,113,0,0,0,7,186,836,179,28,64,13,9,44.92154664570189,-41.96756173841387,-11.525360885375061,-13.3245355589914,-23.25346324691613,-3.0768665309601873,11.196506640886394,10.25606221566489,6.876967142989264,0.10204778156996586,0.4389011682980739,0.5878353210008171,-1.3151337443275686,-0.8623397351594019,-1.2938152467239752,-0.5149821750653437,-0.42444790742058874,0.8065317319553279,0.8639205566429605,0.17880029884385615
137,1,False,False,59,100,3,0.0,0,0.0,0.0,0.0,0,0,1,13,0,0,53,60,55,26,0,0,15,1,7,0,0,16,0,0,13,0,2,0,5,0,15,15.532890778691868,,-2.4518729551477065,,-9.510127913445695,-6.901509676447808,,,,0.029661016949152543,0.4,1.4895618400461763,,-0.7327161211648482,,-0.734708244952867,-1.1968254075208677,,,
138,77,True,True,65,30,2,1.0,0,1.0,1.0,0.0,0,5,362,285,17,0,130,15,228,893,6,0,13,0,9,105,3,2,0,3,504,743,354,9,110,2,0,46.983901616487614,-28.289362853609806,-21.64963263680614,-5.260641107109106,-30.684320418563303,-12.96838554277508,15.371137286340792,2.767764183679519,7.492430929270404,0.08134490238611713,0.574265289912629,0.5162446409100001,-1.108119160547306,-0.9041260128854913,-2.962857455856547,-0.5673830031045269,-0.699118712757263,0.9397164312234332,1.038545043661766,0.2588393828680781
139,84,True,True,40,40,3,2.0,0,1.0,,0.0,0,28,84,2,0,0,3,3,497,883,10,0,31,1,8,2,0,0,0,18,583,2,1,0,15,0,0,7.393583818380627,-1.975729508444573,,-1.2394855935061297,-5.208132088071751,,,1.2286239259623402,-1.9777976609046588,0.04563492063492063,0.8421052631578947,0.2619147973377058,-0.16065448800049173,,-0.1744440185777289,-0.08851497376491166,,,0.41119543298444966,-0.09113562019106239
140,88,False,False,65,40,2,0.0,0,1.0,0.0,1.0,1,13,54,49,1,0,2,324,93,249,49,1,16,5,19,19,1,1,0,1,16,14,10,841,9,1,0,11.949247062427904,-7.374034471060755,-4.096767830397478,-3.2196566200148693,-11.915801528344517,,0.6262935573294097,3.5298514476491567,4.495383477996339,0.047358591248665954,0.8413654618473896,0.1850860418569726,-0.5206159200752061,-0.30939066678328614,-0.5287309060880687,-0.22080601194349658,,0.20433082559305676,1.2429767534925402,0.31226916836504104
141,180,False,False,38,52,3,0.0,0,1.0,1.0,0.0,42,84,223,48,0,0,39,21,30,307,0,0,0,1668,64,163,5,2,0,1,180,76,20,30,2657,2,0,44.12480816067204,-54.39566842891669,-25.347469779297732,-50.74243830904224,-13.229901543961372,-19.859785575494033,33.48007225287472,54.02438562945476,-1.4812606350164472,0.0198746918652424,0.43133462282398455,0.10389766584532563,-1.4705072856069819,-1.52618621371354,-2.681970448657721,-0.19901900895272437,-1.1538053360790355,3.0315036910220625,3.1191745634706773,-0.20338460207337172
142,29,True,False,85,60,3,,0,1.0,0.0,1.0,0,9,16,1,0,0,2,31,162,529,261,2,16,0,4,2,0,7,7,1,72,3,0,4,1324,0,0,37.08465033697056,-9.731948132886718,,-0.10654685531135649,-38.46986562401433,,,-0.7701020953121626,7.734806662912541,0.004740168539325843,0.8160919540229885,0.3830447517079509,-1.9133161213500256,,-0.016394438250668646,-0.7109128975436708,,,-0.6507645591169021,0.8557772078773087
143,70,False,False,63,13,3,0.0,0,1.0,1.0,0.0,0,1,1,0,65,0,3,1,18,6,0,0,0,0,0,6,0,0,0,0,4,2,0,2,0,0,0,-0.21473398790384313,-2.1686149298370645,,,3.2436770841668574,,,,-12.029949292476735,0.5178571428571429,0.21142857142857144,-0.08557573170607416,-0.2807123062125654,,,0.5021747690118866,,,,-1.5865800015370595
144,61,False,False,50,12,2,0.0,0,1.0,1.0,0.0,1122,900,1225,51,10,0,160,175,85,410,2,0,133,10,3,65,5,47,1,15,46,100,1631,23,42,0,6,91.70701649618668,-34.685172984200726,-2.2077288279748117,-77.80166999551774,-5.499613135963868,-13.765282109725618,2.060578422344754,2.893076393297758,-3.068957766402494,0.18148194583751256,0.2185273159144893,1.1306708074758236,-0.8703987614582753,-0.2346239413638556,-2.1919466925069147,-0.14692877150078104,-1.2432460189788321,0.26682480074674114,0.05386879466065991,-0.09930789979311658
145,98,False,False,52,22,3,,0,0.0,0.0,0.0,6,61,927,159,0,0,258,55,183,543,8,0,1,1,10,126,2,913,1,1,64,12,0,28,1,0,1,71.29104624969692,-47.804068567977744,-17.466907206622363,-13.212774492601888,-38.86268135100491,-25.009051239417726,8.961899977997582,10.772517467449672,-2.038939244007278,0.10183189655172414,0.2677609015188633,1.1736463238002388,-1.7828954499777343,-1.314101925788839,-2.026085002605286,-1.4772373193793178,-1.7392053973122348,0.46133496700011994,0.802237993060664,-0.05478647226622858
146,72,False,False,61,15,2,0.0,0,1.0,1.0,0.0,1,7,5,0,0,0,1,15,23,7,0,0,0,0,0,0,0,0,0,0,4,0,0,0,0,0,0,,,,,,,,1.7871821486589201,-0.8133712096210922,0.1875,0.2222222222222222,,,,,,,,0.6214883767462701,-0.13829817815773685
147,1,False,False,79,34,3,1.0,0,0.0,0.0,0.0,7,8,29,15,1,0,55,73,12,14,1,0,24,3,1,3,0,0,0,0,1,68,0,7,0,0,0,2.691602978863322,1.0738644235994887,-0.4888056695708509,-0.6770474572388272,-2.130122989168797,-2.362362678305854,0.8403430733578285,2.35909017323238,-1.7570718455808885,0.21234939759036145,0.6885964912280702,0.2703552051943735,0.1502537581672569,-0.10614909100899779,-0.1503791478832995,-0.13687884522063026,-0.28637998578607843,0.2477271530459455,0.6185962373729865,-0.20304757518859415
148,66,False,False,60,22,3,2.0,0,1.0,1.0,0.0,14,118,706,183,0,0,86,262,244,676,4,0,10,7,19,25,3,1,0,4,287,106,8,29,27,0,2,31.467835703070385,-18.178453115725816,-10.473952101874334,-10.496023485226148,-6.305915658090742,-7.216019174190577,0.7195901745040506,10.400186656040894,-12.899601243190641,0.18653474903474906,0.25625920471281294,1.1629323432654566,-0.8744610839522939,-1.0833649345024114,-1.5933214659310688,-0.15767057243422977,-1.2177231036114176,0.042174630116827524,0.625301659517429,-0.3076074882535057
149,38,True,True,63,24,3,0.0,0,1.0,1.0,0.0,0,9,157,54,0,0,71,62,123,206,4,1,0,3,3,5,1,0,0,13,43,63,172,3,19,0,0,16.238619556541334,-9.544352985775918,-4.106007601724969,2.1805922787454244,-11.049157606469665,-6.477446695533793,2.8197007925074304,-1.7775561289383526,2.2902361258552104,0.15525233756190535,0.45989236133864,0.7035545761138909,-1.0646991132958687,-0.668273115114099,0.5798191974451964,-0.5905181256569159,-1.2321075814421152,0.4874589331257881,-0.703664519798714,0.178626575073236
150,103,False,False,69,19,3,1.0,0,1.0,1.0,0.0,4,3,44,760,1,0,18,118,24,61,794,0,1,4,14,1,2,10,3,5,4,15,409,23,19,5,0,47.75603117304598,-3.132825904013356,-26.90690874914998,4.738155403096766,-25.26104767681971,-2.3594872285929984,-4.338788927968429,1.533582732923672,2.718736347346547,0.1622081712062257,0.300794551645857,1.4312997547388682,-0.4790110134970475,-1.1189795681623202,1.0210958354555082,-0.8199778226111821,-0.576473765104831,-0.5200343211970603,0.810966175609983,0.21389568962859098
151,70,False,False,78,10,3,0.0,0,0.0,0.0,1.0,59,5,563,27,3,0,70,15,6,42,4,0,4,4,61,7,30,3046,3,12,7,4,1,17,10,1,5,53.72367012850918,-67.13332517487765,-6.720625608198717,-19.093234422206976,-12.999421962581216,-25.649739675963843,4.695053671416596,15.379883636578878,7.503233051482473,0.06850062344139651,0.5504761904761905,0.19297060844170957,-1.2992382934782112,-0.48498511821923124,-1.019358575400659,-0.5131397846695386,-1.8500850125173038,0.8365012677171206,1.4437913282604151,0.8036957601833336
152,81,False,False,74,28,2,0.0,0,0.0,0.0,1.0,0,1,11,45,0,0,61,22,138,440,9,0,3,2,4,148,0,0,0,1305,189,10,4,18,108,0,0,22.240454235931555,-5.121926854441305,-8.377795145838684,,-20.53188143462582,-14.916118449894725,0.084707368158824,,3.1756149310405983,0.01104586129753915,0.9197080291970802,0.15790574758876647,-0.6686322092263323,-0.5196241572566382,,-0.33544048198894966,-0.9786981232947035,0.05389300799520226,,0.6430111082075235
153,144,False,False,68,11,1,0.0,0,1.0,1.0,0.0,0,0,12,78,0,0,26,741,87,245,29,0,0,0,28,4,0,0,0,0,8,0,0,9,57,0,1,15.224996580852173,0.110611833293881,-1.7579012794210587,,-9.48811788449494,-2.2717159365342674,-0.3337143548862823,,-0.7964738963424245,0.0514018691588785,0.5339805825242718,1.728328259184511,0.046921047387492684,-0.35109899684922397,,-0.3082138195037626,-0.8025379057598282,-0.15981368547502353,,-0.06486769491665481
154,72,False,False,79,45,2,0.0,0,1.0,0.0,0.0,0,1,239,37,2,0,3,163,163,317,2,0,5,2,2,5,0,0,0,231,58,13,5,15,13,0,1,21.200881179566867,-9.076863086973757,-1.2056739026088807,,-17.015811524802444,,2.142855679184043,,-0.158228565865293,0.1471014492753623,0.5711183496199783,0.8009066976543198,-0.4798321947764653,-0.16221003631430678,,-0.4317657461852784,,0.2904941651352991,,-0.005013947119062757
155,25,False,False,66,28,3,3.0,0,0.0,0.0,0.0,131,312,1453,35,0,0,775,8,248,424,0,0,0,6,25,51,2,980,0,11,81,9,0,31,2,0,1,81.33389921969136,-42.992313428103024,-4.642190192657308,-24.961216877894522,-21.909175871738235,-43.24017528609665,5.713307238217777,-1.3121883321446735,-3.3223593793032236,0.17848206839032527,0.2597968069666183,1.4109929693607695,-1.1214019653993657,-0.8629041368122975,-1.6356482507160628,-0.919302119280616,-2.11090225992933,0.5532144378568776,-0.04264433740849367,-0.09228176495801194
156,174,False,False,61,19,1,0.0,0,1.0,0.0,0.0,0,1,2,0,0,0,0,1,189,80,1,0,0,0,6,0,0,0,0,0,61,0,0,0,1,0,0,-0.28331911158454515,,,,0.03850395473231086,,,,,0.009191176470588236,1.0,-0.04461269295797601,,,,0.0016434727893356905,,,,
157,44,True,True,63,45,3,2.0,0,1.0,1.0,0.0,0,2,19,32,0,0,1,244,36,118,55,0,0,4,9,0,3,0,30,3,18,19,17,23,45,6,4,6.838345121601333,-0.12682702082419686,-0.4969805521526656,,-6.63841472087866,,2.726774985642099,,-1.7534603393760322,0.0738950276243094,0.7869822485207101,0.4609057864323734,-0.023074266176116263,-0.06760386538085414,,-0.22289774214683838,,0.8624964762500652,,-0.16397135965512902
158,67,False,False,80,15,2,0.0,0,1.0,1.0,0.0,0,3,29,17,0,0,22,80,397,388,1,0,3,4,5,3,0,11,0,13,220,0,3,0,12,0,2,3.7731652368226567,-1.6136018148097686,-0.5892591040088787,,-2.7072336049709165,-2.4053434164205862,1.2982817373582818,,1.0440633577505312,0.03296703296703297,0.88,0.23573504545221113,-0.27317155737837956,-0.12821575535758867,,-0.05897570796299193,-0.521964413334851,0.5947855832067982,,0.06995415740568546
159,58,True,True,71,27,3,1.0,0,1.0,1.0,0.0,4,39,259,13,5,0,52,360,495,528,13,0,44,2,10,6,1,420,0,29,100,30,43,99,184,7,81,61.306260400405485,-27.787972926461595,-3.8954935825754897,-10.485874808570237,-51.404569455290186,-12.307354989995382,0.7542821858649897,10.230266088743964,7.722597692395994,0.02870251702033493,0.3973859234309592,0.8900273175615829,-2.037558702684611,-1.0711524567327244,-1.8343158976962706,-1.3961140907408374,-1.9037767461914843,0.28969158995514466,1.3543495725797396,0.24615743397890916
160,178,False,False,60,14,2,0.0,0,1.0,1.0,0.0,0,5,123,36,0,0,42,72,153,648,13,0,0,5,4,22,0,6,0,8,156,788,31,18,898,16,1,37.77120899460958,-16.891983699023438,-7.075121380693173,0.010402497052614515,-37.32786092609169,-10.860848563742719,1.455769673788413,1.0355515967322464,11.731247137953721,0.028545826932923707,0.8686868686868688,0.2924650429891312,-0.7822419759268241,-0.5633587554957313,0.001629769444073153,-0.6114999085984205,-0.9576860574090247,0.47024479637003297,0.5484591669821679,0.6220942238537532
161,52,True,False,79,22,2,,0,1.0,1.0,0.0,0,1,124,214,0,0,144,569,112,644,45,0,4,6,14,20,0,2,0,1,39,59,1756,41,80,24,0,75.43153705884876,-20.343874030125647,-25.95873182173224,,-64.72843539228691,-17.37016953018426,4.487626468696047,,11.092600586518396,0.026995592556317335,0.6774891774891775,0.6220076586886673,-1.3854673675102114,-1.378786221809434,,-1.2251927254298602,-0.9772355582979063,0.5882312476345927,,0.5270032405019466
162,141,False,False,38,28,3,1.0,0,1.0,1.0,1.0,0,6,207,117,0,0,17,147,215,1038,4,0,0,0,3,90,0,0,0,115,248,161,5,6,764,0,0,57.543083807025965,-22.48978679578831,-19.67685861799837,-2.7394936872499924,-47.4056023193641,-6.511331652475664,6.209903506001181,0.1638769161116445,15.78655683963903,0.03214798850574713,0.5958005249343832,0.7165376987778548,-1.5104711232049848,-1.6843638630765048,-0.7598659962762848,-0.8635233899333765,-1.4105915942476517,0.8084574019090798,0.08620103504930383,0.520485970452582
163,58,False,False,42,36,3,1.0,0,0.0,0.0,0.0,20,18,967,25,1,0,135,31,400,572,11,0,0,2,168,100,2,32,19,8,148,7,0,24,0,0,0,46.203341564351255,-29.627184309800246,-2.42375439240902,-7.351604574780758,-11.34566888593504,-10.536521183790324,0.9242739243056234,5.60014779404451,-7.513099382250673,0.1426470588235294,0.20476900149031294,1.4873196017585126,-1.4021225123569068,-0.5777309314900803,-2.490356191832198,-0.3516685647960391,-1.3798981635246923,0.11374676023653324,0.4601511192854661,-0.1517471315446574
164,33,False,False,71,15,3,0.0,0,0.0,0.0,1.0,0,1,20,13,0,0,65,6,138,125,266,0,0,988,2,2,3,0,43,4,36,4,0,3,0,0,0,40.9928924907422,-11.42870391815493,-6.766043260830993,,-44.67416224598166,-20.558740457763424,-0.4114710295173717,,7.378976061983053,0.0070276497695852536,0.8674698795180723,0.42643457118307715,-1.6969562514650658,-1.1119586731206101,,-1.0797531672413905,-1.8597095195035862,-0.3190398155625361,,0.8935490583693574
165,60,True,False,82,30,3,1.0,0,1.0,1.0,0.0,32,7,234,136,2,0,26,269,158,345,77,1,5,0,1,5,0,0,0,0,18,54,284,52,1,1,0,30.460414850875097,-7.678805794411679,-3.981182002486962,-6.733516418460737,-22.16866987816677,-3.185049300532271,3.8938356918588455,5.8870071638861425,-4.4528431319172315,0.16015625,0.481998530492285,1.1017331514118154,-0.5149463687158724,-0.3010395788552792,-1.3551773961838534,-0.6932496125786954,-0.6084453392706713,0.3760428052088829,0.8651784598781778,-0.15723359142482177
166,37,True,True,68,28,3,0.0,0,0.0,0.0,0.0,0,5,348,157,12,0,83,107,73,487,20,0,0,50,17,134,2,9,7,30,1328,65,21,20,90,0,1,40.65842111335526,-29.482570953257508,-21.463940555540958,-4.826193255844216,-24.777984805618956,-20.54263799817137,8.157503850652825,5.791584370484835,1.260333048281109,0.08399098083427282,0.6129589632829374,0.3670833791090836,-0.8528942352588783,-1.2035144111307587,-1.5956097449206648,-0.47099365442722035,-1.7673920152462828,0.672781050221721,1.583444673078903,0.062137150700972525
167,36,False,False,82,50,3,0.0,0,0.0,0.0,0.0,0,4,55,22,0,0,6,7,132,37,41,0,0,22,6,0,0,0,0,0,17,2,0,0,0,0,0,3.213849783039847,-2.9184360914586693,2.4225900927421478,,-1.6961952161362603,0.46567532007936935,-1.5677390193704848,,-0.1607931428970626,0.1861702127659574,0.48936170212765956,0.5489387863485832,-0.4931851667912357,0.503306950397956,,-0.10836236531786836,0.17706595197162872,-0.3810703499798247,,-0.00906091201481834
168,36,False,False,86,35,3,1.0,0,0.0,0.0,0.0,0,1,36,37,12,0,34,19,8,37,5,0,0,4445,110,59,1976,6,4,15,5,21,1,55,12,1,9,13.99221124587963,-14.901145773906528,-4.019932740640609,,-10.42046624418588,-17.387585789068194,0.5448693816389918,,8.555430225920054,0.008688048816788212,0.9603803486529319,0.010229854001894422,-0.44099546931791195,-0.13335704041140817,,-0.27987426544845767,-0.7081933344705836,0.3084658350807999,,2.245825115801571
169,58,False,False,84,15,1,0.0,0,1.0,1.0,0.0,0,16,58,54,5,169,39,36,272,593,6,0,4,5,13,7,0,519,3,1068,321,22,29,50,159,0,7,49.348790073357975,-17.584934523038005,-46.886383044232545,-2.581738789316361,-42.829763609214865,-10.365351470753208,4.425568680700677,-0.5615007534773189,13.208676814256334,0.016341352700862462,0.30258014073494915,0.3604664032938845,-1.4401314523220832,-2.8691505327551647,-0.31942018284067286,-0.7705082806600263,-0.8426859011953748,0.8261565769725356,-0.37295209791182915,0.9564658761293703
170,15,False,False,81,25,2,0.0,0,1.0,0.0,0.0,1,0,3,15,1,0,47,87,12,75,366,0,6,10,2,0,1,2,1322,13,1,11,1,8,40,0,0,25.928330684006557,,-3.457273723153222,,-25.82425496233873,-11.173647506586956,,,,0.0077072997873848335,0.9719626168224299,0.1996688152378157,,-0.3585570168780849,,-0.4978279554612748,-0.8362785186560521,,,
171,62,False,False,88,34,2,1.0,0,1.0,1.0,1.0,0,4,110,31,0,0,19,165,203,1560,22,0,2,13,821,13,15,16,0,4,201,130,32,266,171,2,1,37.41616231900642,-0.9279349138243169,-2.8459888321758764,,-38.47168359318781,-3.502674876077194,0.9283996379432415,,-0.019866099208838913,0.033456973293768545,0.9305555555555556,0.4564748284476448,-0.05158352254478314,-0.33977084049107475,,-0.5121630444244759,-0.5075524892415345,0.3801957500665429,,-0.0009539964054224363
172,1,False,False,75,20,3,2.0,0,0.0,0.0,0.0,1,13,209,7,0,0,34,7,185,871,6,1,1,2,6,86,2,6,0,1285,273,25,1,28,4,0,0,33.5503984925309,-15.103189366219167,-5.313975921154878,-3.043139161264851,-34.92291897301901,-8.800123737262817,0.10632121171830852,4.426980441243186,9.541188248065612,0.04372817229336438,0.8256070640176599,0.3529800438760274,-0.6581226755852417,-1.504522612401422,-0.3885831783702281,-0.5732842413467161,-0.9976619241337683,0.04766643363031458,1.1195816157526723,0.4099690709091021
173,53,False,False,73,11,2,1.0,0,1.0,1.0,0.0,0,8,42,16,0,0,361,5,71,190,0,0,0,4,3,34,0,1,1,1,108,6,3,52,4894,2,0,29.6616891287578,-11.07942363730064,-6.755202970989115,-4.158795475593643,-32.25236660157829,-27.039967112764998,0.9658918199937224,-0.7557541653801283,12.333889283917731,0.007584654531219416,0.961340206185567,0.061791918409453715,-0.47784124969350017,-0.486914554707113,-0.3833728030094425,-0.7084038415434757,-0.4423525664128846,0.5994620704162712,-0.5704629310260411,1.7917168615874817
174,85,False,False,70,9,2,0.0,0,1.0,1.0,0.0,3,1,168,37,0,0,16,55,60,439,15,0,0,0,0,62,0,0,1,58,112,121,11,24,2383,1,0,48.10694007932068,-33.21526074112794,-8.968773667161008,,-50.16252268035509,-11.344609929017384,3.124461254468112,,24.069804187068527,0.025288496213487197,0.7728260869565219,0.1966503386837066,-1.157482776594897,-0.549445149756958,,-0.9741568726348069,-1.2806981595777256,0.7603401025400149,,1.3196718857413583
175,21,True,True,56,38,3,3.0,0,0.0,0.0,0.0,41,35,1375,92,4,0,73,398,52,359,5,1,36,2,70,147,9,59,1,41,27,26,3,71,3,0,67,34.810783018136235,-23.79249267763428,-6.356794349282531,-6.6975532148444294,-4.8218653246194085,-3.438772740016859,4.585136057981765,6.452203149629831,-12.41837485158371,0.24078804400882944,0.19226077342838171,1.562275222912285,-1.0710117573983402,-1.4160438826887152,-2.0614097735350256,-0.22806071240758438,-0.7766033197584775,0.2867159641327119,0.45767971322710965,-0.2965639520236707
176,10,True,True,50,125,3,1.0,0,0.0,0.0,0.0,0,5,198,22,0,0,332,106,315,1322,14,0,21,4,52,1622,21,90,0,19,419,69,0,107,23,0,8,50.303096666989305,-23.331829145187356,-5.886162548543853,-3.262587846275836,-41.40333943941098,-28.96283419039869,3.5750676742727796,3.571506798946622,7.01857207564374,0.0195152013147083,0.7307086614173228,0.47242878204422023,-1.2303996621460271,-0.7805200830392178,-0.8911200276867093,-0.5864412291355051,-1.2469844494657238,1.0800879113226918,1.449099335352477,0.28118708451377306
177,179,False,False,49,15,2,0.0,0,1.0,1.0,0.0,401,137,1070,70,1,0,177,97,75,259,7,0,126,0,0,19,1,0,6,234,20,7,0,9,6,0,1,24.60700083586455,-3.631543420672039,2.6565227348029374,-13.280958302747733,-4.823233523226995,-11.275890696201579,0.4691478643961944,4.378917593156296,-17.064010817595573,0.49381188118811875,0.1899230230930721,1.481248732617058,-0.1276731346479972,0.3987288616788822,-1.01884174273889,-0.2726702156370725,-1.7628606120646515,0.032292221033822864,0.10651219256167747,-0.5034641445919938
178,71,False,False,47,11,3,0.0,0,1.0,1.0,1.0,0,11,67,13,43,0,51,92,180,405,2,0,3,1,1,59,8,0,0,8,102,888,11,16,4,0,1,18.555549124400457,-5.5850145154974875,-3.0645107427745475,-1.4552293249286434,-21.666817045989642,-7.195222937393199,0.8605028275834251,2.4749079631899593,5.28104130543452,0.05561874431301183,0.8961661341853036,0.2502438027142621,-0.2903863505836386,-0.45310093967441345,-0.20826752896869236,-0.4175324711970522,-0.5826928434509399,0.36587144247495945,0.878984599038634,0.2915920165164036
179,54,False,False,59,36,3,0.0,0,0.0,0.0,0.0,42,21,203,218,994,0,138,145,5,13,34,0,0,209,96,298,2736,6,0,0,2,5,0,20,0,1,0,72.09962024509622,-71.01175802173181,-33.064240895073105,-17.538538599038755,-29.472000735719835,-30.220028208643612,21.72366277981285,14.21706999271526,13.132181890656158,0.10743403498369404,0.4482577251808021,0.4045838772753884,-1.3452476323626714,-1.2827238246942236,-1.2675651727832418,-1.0635092405105542,-1.8212067224532382,0.9058361602098396,1.052673251153028,0.6446526379518833
180,65,False,False,39,17,2,0.0,0,1.0,1.0,0.0,67,2,226,58,54,0,237,61,80,133,6,0,8,0,9,5,0,1,1559,2,24,41,1,20,20,0,5,34.15121368361596,-30.761440341415845,-7.101871720204732,-19.319670447283322,-12.898676635405923,-14.28777900014035,2.6691209746372992,18.32360163421859,3.5887893196364096,0.0720954356846473,0.6338797814207651,0.27919069711505035,-0.9803268126200633,-0.4229108768404571,-1.3604163039886477,-0.3569967951918057,-0.4588457874875926,0.3953124823095181,1.614999250925354,0.24634585929691868
181,71,False,False,59,16,2,0.0,0,1.0,1.0,0.0,0,4,61,46,0,0,57,0,234,381,16,0,1,0,3,0,0,0,3,16,234,20,10,18,888,0,0,40.73210161100935,-18.07697606155981,-17.484588352568586,,-35.81972302704845,-19.180941360099876,9.895586920676804,,11.370625625870597,0.012374161073825503,0.6576271186440678,0.42434612549505735,-1.5439781411849542,-2.201056007170209,,-0.7700996378278553,-2.09014028409903,1.8950304403984575,,0.7256576718130457
182,66,False,False,63,30,3,3.0,0,1.0,1.0,0.0,0,2,21,27,0,0,11,129,132,376,38,0,0,16,9,271,2,0,1,6,128,662,684,31,96,24,1,27.77305647882308,-6.616159529802873,-7.48787684651865,,-31.296205395290492,-7.773382090754406,2.7745911878992353,,4.741437226421632,0.009904194717762818,0.9249999999999999,0.18022273918916454,-0.6360571392589122,-0.6358527485778132,,-0.5235777658938501,-1.1030899395236662,1.1938232691396768,,0.666290045652723
183,93,False,False,84,14,1,0.0,0,1.0,1.0,0.0,4,46,258,43,0,0,76,194,276,560,17,0,0,0,9,10,0,0,0,77,95,24,27,76,444,0,0,42.24426167266464,-23.42822437572787,-8.51928300506829,-13.138961319600352,-30.045955676170724,-14.246427333101977,0.3496109544107528,22.691350145452517,-2.640956621853991,0.044455380577427824,0.3167464114832536,0.9629251041842317,-1.6264170955077726,-1.171605852186164,-4.3125199674749455,-0.775953155224005,-2.0385433208739014,0.06310769801095052,1.8142315227123744,-0.08835688604296499
184,57,False,False,58,26,3,0.0,0,0.0,0.0,1.0,92,660,1634,87,2,0,102,24,125,642,5,0,6,2,10,176,1,21,0,60,649,11,7,52,12,0,0,62.976681731074855,-44.74881018200474,-6.83300271889081,-37.62263949916263,15.038407092413708,-10.739498772925637,6.555114919336939,-22.432708687469905,-16.070969499005773,0.19455544455544455,0.1704663702582537,1.3249112613696885,-1.20591724642811,-0.7947772684860395,-2.767330974464452,0.3785660341112443,-1.556735947914529,0.3916517171416825,-0.6093218203075492,-0.35613585790678703
185,22,True,True,63,43,3,3.0,0,1.0,1.0,1.0,2,7,290,62,0,0,105,41,94,403,20,0,0,1,9,31,3,1,0,0,54,1263,1,40,0,0,0,30.723710869014415,-14.29614449689238,-8.670372177337752,-2.6829054002872366,-26.395743934336615,-14.432153135403695,6.012729069318007,2.335358218921911,4.583118396114052,0.10807198859586602,0.7686733556298774,0.30476826391814626,-0.41668345770492526,-0.6524061281880832,-0.5036480494924135,-0.5711127570787544,-0.8356494059925479,0.7348392930578181,0.7416485870498033,0.21038071591309124
186,116,False,False,65,15,2,1.0,0,1.0,1.0,0.0,235,66,1027,262,251,4,148,120,5,32,0,0,1,0,11,448,9,12,3,1,5,1976,147,126,26,8,0,43.8775656907962,-35.884063467424724,-18.442458684160144,-23.581923415556783,-8.792111980284508,-11.137848893955692,10.134661266855334,14.762767527300811,4.134035673103679,0.2453553391053391,0.570380687093779,0.3250407779606415,-0.5436095059426483,-0.6393690070965127,-0.8185535600181099,-0.39792041022596175,-0.5053992415544891,0.46121704209780257,0.6015095923650191,0.2549622710185575
188,44,True,True,52,35,3,0.0,0,1.0,1.0,0.0,0,1,65,102,0,0,26,100,225,466,68,0,0,1,11,9,0,21,8,34,83,12,8,6,371,0,0,29.249084043242203,-8.052869939551089,-9.438747834375578,,-24.29767651453485,-4.415934860427831,3.179847062156283,,1.9111571376856917,0.04920212765957447,0.5406871609403255,0.7553165060291244,-0.9298574277884094,-0.865088670210106,,-0.5231973277233423,-0.7413425213595106,0.5723938272181005,,0.10979721852595517
189,20,True,True,53,21,3,0.0,0,0.0,0.0,0.0,0,5,145,63,1,0,13,183,169,617,12,0,3,35,26,64,1989,30,1,4,55,10,0,41,2,0,14,51.25837426503049,-18.44269088606033,-14.772470496839643,-3.372430722026211,-60.15807549783125,-8.257451372753922,6.337911201395917,0.7870400938378449,14.489200523879425,0.029942756494936152,0.7860520094562647,0.36727961997583997,-0.9332571880261316,-0.9589051667193074,-0.6243348894450879,-1.1633668578084393,-1.4870820323193608,1.202915443932544,0.4540316308947074,0.7497099784227179
190,59,True,True,73,19,2,0.0,0,1.0,0.0,1.0,53,12,373,53,0,0,5,492,108,196,14,0,7,0,5,31,0,0,1,4,29,60,214,11,13,0,5,42.39866967539389,-23.491245814462516,-3.914592077044537,-10.979015146148203,-18.068626672577285,-2.743476884023144,2.4135793474716953,11.466932028980732,-4.212104136798693,0.08310991957104558,0.2348947725729803,1.4857500901419072,-1.6501947198894242,-0.5342659646342072,-2.7067147224548656,-0.6005633791405444,-1.9379720602222992,0.26732580163537983,0.9501307505753954,-0.114556084019953
191,4,True,False,66,35,3,1.0,0,0.0,0.0,0.0,6,1,454,313,5,0,75,135,7,71,0,0,0,1,66,3272,49,5,0,0,42,15,0,25,2,0,0,29.77620000981556,-24.128396542097086,-22.817614178984993,-2.430955514632635,-10.10826646691917,-17.05005547652417,15.809395391429714,2.7414144120700032,7.195858515070626,0.12151279838941616,0.763189448441247,0.11627122098896732,-0.42026783802771867,-0.5462097751198413,-0.3173337568048649,-0.22261566441137448,-0.8035667605434572,0.9107183995889759,0.9583564916575812,0.5830293869799784
192,93,False,False,69,80,3,0.0,0,0.0,0.0,1.0,0,2,136,30,0,0,177,386,36,491,26,0,18,2,19,99,11,2,1,1326,30,36,5,46,9,0,5,78.06283565670432,-27.63362397614496,-10.662926783678895,,-75.3105503054573,-34.5209186762931,8.191560361771606,,8.448621740963022,0.014692017598994344,0.4666666666666666,0.695315531070689,-2.086239431732445,-1.410617226698647,,-2.053678612316717,-2.8825702964117976,1.5979015564286543,,0.42936171648803817
193,33,False,False,59,30,2,2.0,0,1.0,1.0,0.0,5,12,234,62,943,2,177,287,15,129,5,0,4,4,1,83,7,0,3,17,28,1426,129,49,36,1,0,30.88523519941569,-22.86439325751188,-0.30619823905745214,-4.610764696820343,-24.77890970815689,-8.127487151589593,-1.105611688240545,4.978935282880589,4.176532017587605,0.26604540358744394,0.63633733545494,0.3311825970040219,-0.3469918404275437,-0.020610279675286152,-0.6833380949486254,-0.637676987221903,-0.3765960066918411,-0.1076878693143735,0.6451572826399025,0.119922522671825
194,105,False,False,73,19,2,1.0,0,1.0,1.0,0.0,4,37,43,48,0,0,8,115,155,207,110,0,20,3,3,1,0,0,7,38,42,40,22,2,28,0,0,9.526370472722197,-3.5863564149324807,-1.988649175186235,-8.253012632201804,-5.058884937255869,-1.5282798932369797,1.3089411989907498,4.7745593025635085,-0.33486206845211447,0.08333333333333333,0.37142857142857144,0.6714053755230822,-0.5468349046835626,-0.29873547947440376,-2.607262018876778,-0.15892811965995357,-0.6156731035721884,0.32579764134901396,1.060021235059294,-0.020169972403662913
195,56,True,True,47,24,3,,0,1.0,,0.0,9,19,426,327,0,0,13,225,33,283,25,0,0,3,17,137,2,0,1,6,67,72,28,25,497,1,1,44.23592665201111,-34.91751409654637,-25.799525865112294,-11.025541858654687,-10.669626437029754,-5.326928160785549,7.86000197391626,8.950207794305747,-3.6987701966237703,0.10808051341890315,0.31580565805658056,0.8255368260249798,-1.589106761263109,-1.2516688068852644,-2.219133310879593,-0.3129973204993779,-1.5915597458278015,0.37595860163108097,1.105124401029109,-0.1499231092072169
196,106,False,False,66,21,2,0.0,0,1.0,1.0,0.0,0,3,166,178,1,0,14,147,89,397,19,0,15,1,7,13,2,0,0,3,51,14,79,25,166,2,0,37.194472982098205,-18.91392536810994,-17.390202549556207,,-20.997978298408892,-4.513496462765914,3.9837004147103703,,2.4524267122617256,0.06611570247933884,0.2757871878393051,1.292650630818382,-1.7673074621799847,-1.7467524858649333,,-0.7042756898720638,-1.8286315816880192,0.30221917688384076,,0.09836340704306683
197,95,False,False,64,18,1,0.0,0,1.0,1.0,0.0,0,0,14,67,0,0,40,13,138,189,47,0,106,3,7,1,0,2,40,14,44,9,1,2,87,0,1,21.391908046366336,-4.094412398975677,-4.70944454804681,,-15.582531052223315,-6.095162122379801,0.9721317917671379,,1.7578267957508353,0.05568720379146919,0.6206896551724138,1.0152283876145751,-1.4185013545824152,-0.5094204606424158,,-0.5720752412529572,-1.295135249000818,0.3249368447597006,,0.1975288017781209
198,59,False,False,85,20,1,1.0,0,0.0,0.0,1.0,1,18,335,88,5,0,72,27,83,269,0,0,0,1,9,40,6,0,0,1561,40,12,13,19,8,0,0,37.54482491680815,-36.94899682240224,-20.923071429744823,-9.314007016583746,-28.181499772338526,-13.693421319765392,15.74532253960685,9.186606248966058,17.41413284937536,0.07826214160327677,0.5482967802146523,0.2922851522011895,-1.1766809194287258,-1.2000305848375705,-1.2314073292215189,-0.7302510898074019,-0.7798163907752134,1.2748020768198176,1.377674172466372,0.7330863882657559
199,28,True,True,48,39,3,1.0,0,0.0,0.0,0.0,1,1,59,33,0,0,21,184,13,99,77,0,1,1287,86,29,24,930,1,6,3,12,0,66,3,0,7,24.481240071186395,-16.411575940636773,-3.0936245472157764,,-29.18808829366358,-14.251489370390491,-0.5184776384286787,,9.554006832958843,0.020578647106764467,0.8741258741258742,0.09284492496127073,-0.7833650267251663,-0.16603284897574186,,-0.542837767552656,-1.3633713540739472,-0.26803508689216016,,1.0495571526298009
200,149,False,False,54,19,3,0.0,0,1.0,1.0,0.0,0,2,18,18,0,0,2,318,65,103,17,0,6,1,94,0,1,0,1,1,16,3,3,9,20,1634,0,45.79754973135452,-13.840012820420379,-12.9003943169564,,-58.825752051299375,,0.7545623404055867,,16.670950615851353,0.003925967470555244,0.7431192660550459,0.261674835378539,-1.9048524106108566,-1.5630445860110533,,-1.4538153768964082,,0.45732922099528256,,1.7723175929574027
201,54,False,False,83,10,1,0.0,0,1.0,1.0,0.0,19,2,301,36,8,0,169,867,53,201,108,0,229,4,5,18,1,0,47,1,5,25,773,33,41,0,2,81.50572172421401,-24.959088340877017,-6.836383755774883,-7.582515223657407,-60.41631906975155,-21.80318165505445,1.7484417458602473,6.485561978052484,9.413683288806507,0.0331151832460733,0.4580645161290323,1.3155075635272226,-1.6959242370185992,-1.0715118679711504,-1.829285808893479,-1.5387253711492968,-2.6449817564718714,0.3325521074697193,1.2301453067189112,0.2641015819813172
202,22,False,False,72,19,2,3.0,1,1.0,1.0,0.0,0,20,58,76,0,0,73,636,24,208,73,0,19,7,6,14,0,61,7,25,11,37,1482,62,69,5,3,46.281722147207525,-11.496507132695559,-6.843559299861757,1.4594101012638911,-48.180239344001,-18.059510496106018,3.0096674128739163,-0.8475333462855901,7.819904058511974,0.03514533258803801,0.8788732394366198,0.3965233920942491,-0.8193520308080219,-0.36093903565213753,0.12854732575889855,-0.9171711459839107,-1.3617683594191534,0.8305683119633797,-0.6135316529179271,0.5961743074837749
203,180,False,False,66,11,1,0.0,0,1.0,1.0,0.0,0,2,36,104,0,0,31,7,61,340,1,0,0,2,0,0,0,0,0,1910,149,30,2,10,86,0,0,22.99306123251939,-12.365711070004169,-14.981730712184993,,-18.110017471014768,-14.391811230908226,6.529016878196589,,6.268785657817932,0.02923709456372773,0.8669250645994832,0.11014906585677701,-0.732455874248754,-0.5827287142151081,,-0.3416402355390505,-1.1592199142578723,1.4669081317628967,,0.8432438511551307
204,174,False,False,50,18,2,0.0,0,1.0,1.0,0.0,0,2,84,182,1,0,28,563,39,201,30,0,2,0,7,19,0,1,0,6,5,9,11,20,38,5,3,23.637470009451953,-4.490669242868353,-6.9993490470633235,,-9.450488046832827,-1.0396971010210903,1.5727621595749306,,-0.5032847744603267,0.0727204299196667,0.16679640108431906,2.3525955302576493,-1.4829288136218481,-1.814536881020298,,-0.6039680982295234,-0.7238918453264578,0.2939151002156246,,-0.040817605761268284
205,38,False,False,83,40,2,0.0,0,1.0,0.0,0.0,2,2,86,154,2,0,19,346,48,149,28,2,20,1,25,14,2,9,3,5,10,58,27,1268,17,1,0,51.088886970591545,-21.469089263076796,-27.732693117906916,,-53.95697220932544,-8.749955716670556,11.314122000669553,,14.91640983886713,0.024913194444444446,0.5989974937343359,0.47618106869644705,-1.827415358693968,-1.4872760685640463,,-1.4865287302275279,-1.2560470442176543,1.282328579612461,,0.9578957828836149
206,121,False,False,41,16,1,0.0,0,1.0,1.0,0.0,1,16,259,30,0,0,46,8,212,566,16,1,1,0,20,15,0,0,2,37,143,72,55,40,1849,0,0,56.082891880834545,-48.13187243613563,-6.365828141884456,-14.577412791117272,-43.4890295290739,-20.628547512532524,8.237401568500701,17.734347003535678,19.104659833731553,0.017129422301836096,0.3928914505283381,0.3691817883804091,-2.522325089992292,-0.5636462694840639,-3.2466153759807947,-0.8550025681799106,-2.411707634892653,1.4376558019408627,2.523163864627247,0.736662220168476
207,77,False,False,32,15,2,1.0,0,1.0,1.0,0.0,0,7,117,62,0,0,27,405,117,411,253,0,22,1,13,6,7,381,74,3,32,50,9,1035,73,3,23,47.05621265960622,-13.016017608577437,-10.325704488413088,-4.068621752703179,-48.67097724373214,-11.96034058235312,7.716778927726247,0.29938792697638494,8.017301112740965,0.029093567251461987,0.7982326951399117,0.4790927975139822,-0.7651079225274755,-0.8110553281668134,-0.9373443921502322,-0.8377127075221806,-2.1938768539603406,1.3620278147510398,0.1905855557641016,0.42335693713571965
208,73,False,False,47,14,2,0.0,0,1.0,1.0,0.0,5,1,111,26,0,0,166,163,272,273,48,1,17,4,3,13,0,3,10,31,45,59,29,11,541,0,0,55.93144760754168,-17.513992585519635,-8.317941887870505,-5.807300191687426,-41.27376811981442,-25.609896281754665,3.2530963253229817,0.3192564019535274,8.106028508604066,0.023865153538050733,0.6971830985915493,0.9463171287756926,-1.3604904476443682,-1.5977297967950341,-4.596935142387233,-1.1409902486723786,-2.2228812601857304,0.8499045857104881,0.16974467583231712,0.4037644611820279
209,74,True,True,73,25,3,1.0,0,1.0,0.0,1.0,0,12,43,53,1,0,37,132,112,469,80,1,9,0,4,61,3,0,0,27,133,659,40,33,53,0,0,29.78213591868891,-10.399179045246361,-6.522324983579246,-0.45875224286027394,-29.032410002945657,-10.32294327381378,4.534841605513558,1.6555041464507716,7.097982078194417,0.03183613030602172,0.830379746835443,0.43471988923445215,-1.199001020468205,-0.48735064717490273,-0.06510449966559016,-0.5975585049420766,-1.3042270826563356,1.1336245641301954,0.7755480564852577,0.4985983230601917
210,70,False,False,75,25,2,0.0,0,1.0,0.0,0.0,1,7,324,101,1,0,80,82,258,565,8,0,83,1,99,12,0,0,0,602,122,18,33,31,56,0,4,52.92059805507232,-28.55302083695786,-13.023075860600052,-0.2635597553803013,-38.39730419652033,-17.076645880961195,11.323130441093195,1.3955146350064251,2.3744538247831475,0.06160531697341513,0.38823529411764707,0.868399148887218,-1.6841357125980398,-1.1396420272856922,-0.056583528366367424,-0.9572928958781546,-1.8495792429251323,0.9640242563348708,0.5002178798526882,0.07825446015974186
211,134,False,False,67,25,2,1.0,0,1.0,1.0,0.0,0,2,67,81,0,0,11,10,290,465,2,0,0,0,5,16,0,12,0,94,219,33,235,151,591,0,0,21.698865678725454,-13.080320700389276,-4.083283240987211,,-21.23338589355833,-0.2603026299600451,2.184967421961074,,9.316133343526635,0.042404129793510326,0.8727810650887574,0.23234663221232996,-0.9815450506040225,-0.19940895099389014,,-0.3772851396619822,-0.032806145083241735,0.5067874278631628,,0.6157128325451149
212,137,False,False,80,20,2,1.0,0,1.0,1.0,0.0,0,9,330,262,0,0,79,6,376,558,7,0,38,0,4,9,0,0,0,194,281,2,0,25,23,0,0,22.925182663518296,-14.557359990171637,-13.667611845060012,3.286687363635579,-2.285522306441696,-10.254393762921092,7.823702164832547,-1.2164415847267709,-4.339677750716989,0.13011152416356878,0.3800413650465357,0.8394769202829757,-0.8906412439634437,-0.998201582688703,0.7336298816029498,-0.055452912346193005,-1.540899203431483,0.44020045806849056,-0.563971603805183,-0.1310096672987843
213,41,False,False,60,17,3,3.0,0,1.0,0.0,1.0,0,15,98,62,12,0,23,59,153,389,131,0,1,0,1,15,1,1,9,4,42,591,5,9,14,3,0,30.03032681051532,-8.737896484734492,-6.104054729989446,-0.6668892009040143,-24.74380152988658,-2.4190102707821435,2.332914851450146,0.8086941052254665,5.847742996614088,0.06924460431654676,0.7734724292101341,0.6088137911140465,-0.6437593342691013,-0.4969807198192603,-0.0955987518608126,-0.5971746789108986,-0.31171724914308413,0.43121611150686123,0.27887977323926916,0.281666256476387
214,104,False,False,78,25,3,1.0,0,0.0,0.0,0.0,0,6,100,105,0,0,4,53,169,951,156,5,5,115,275,14,1,5,7,8,101,17,0,7,19,0,0,29.968873023626877,-14.060282464982736,-11.84563500338692,-4.179360991507009,-20.682040417041765,,7.137015992162576,5.074805171031534,-2.6045837114223183,0.02899824253075571,0.30505050505050507,0.9388544323009078,-2.020051821279574,-1.4991664856549565,-3.999098033705607,-0.40893390152268666,,1.089887585329723,1.6875460401219313,-0.11470697053214221
215,152,False,False,72,23,2,0.0,0,1.0,1.0,1.0,1,1,217,411,0,0,67,513,47,260,25,0,0,2,1,16,1,0,4,1,12,7,615,8,13,0,1,55.9315207030992,-19.6829460280397,-25.824872960696336,,-28.85407818790564,-9.602424223227217,6.87001302391104,,1.6569437293521487,0.07966226138032305,0.318974358974359,1.237398429488939,-1.7681086900268035,-1.4043840897027386,,-0.913578274379498,-1.3556928975662244,0.3998422091654443,,0.07169066133106858
216,110,False,False,67,13,1,1.0,0,1.0,0.0,0.0,0,3,37,51,0,0,23,83,317,530,1,0,1,0,7,14,0,1,0,22,97,97,900,80,133,24,1,31.979879963172344,-8.094957144215918,-4.715763192355973,,-30.220269248777274,-7.178063699112404,-0.8749716983799596,,3.4627325126928428,0.020530523255813952,0.9201101928374655,0.35320087912285536,-0.812925250385232,-0.3503662775374146,,-0.506945959400046,-1.0401910718382952,-0.46292482867539375,,0.3493947989392869
217,145,False,False,57,45,2,0.0,0,1.0,1.0,0.0,29,194,1272,123,1,0,91,119,282,803,3,0,18,0,3,30,0,15,6,344,207,4,215,10,73,0,1,60.439919678835416,-38.89930771138293,-10.879860221533994,-18.65894485865226,-20.28233093104885,-4.462404526190436,5.375468263950138,10.46273905118602,-1.319351787740781,0.14716409691629956,0.22329403358342265,1.3805254026836713,-1.4244623636121427,-1.3419310240302142,-1.8527403997989462,-0.5702898288877607,-0.49112011267824707,0.3199430290257518,0.42496648411907934,-0.02362316043690453
218,67,True,True,78,45,2,1.0,0,1.0,1.0,0.0,0,2,62,22,2,0,7,138,200,609,114,0,1,214,70,41,6,1,5,0,72,62,7,68,959,3,0,33.01302637958966,-11.015841414377094,-3.505118953726787,,-36.09505157720043,-1.5575620630338138,1.200944372673003,,9.935005283525744,0.02033850944074089,0.8974804167859148,0.3096929588989725,-0.8358154367615045,-0.40301977268828443,,-0.592501699682927,-0.3039456855068959,0.5603768624428831,,0.6284123549088846
219,117,False,False,53,32,2,0.0,0,1.0,0.0,0.0,3,28,205,76,0,0,154,74,200,767,62,0,47,3,14,26,5,78,0,197,490,60,11,18,230,0,7,36.58079217316556,-18.873710616414087,-11.182925777089153,-4.087370496836578,-25.64171716484284,-19.119114350860826,4.545952986994317,-0.22593238149589076,2.11310274308167,0.05048287971905179,0.6478723404255319,0.5921741167218927,-0.9775465814823805,-1.1095215309439583,-0.534778300529264,-0.47120643339891405,-1.3845656208459707,0.6776693487111357,-0.06284537846574555,0.08891109341554436
220,16,True,False,92,35,3,,0,0.0,0.0,1.0,63,20,389,69,0,0,39,446,47,375,9,0,62,1,21,139,2,0,0,19,37,1522,71,77,123,37,1,59.01824074963083,-54.88407809564181,-12.0680333719233,-26.566637735132367,-34.45767556570794,-14.818136943529016,5.896719393163028,35.26767737778369,1.7089029109453644,0.024878048780487806,0.2608481262327416,0.490907249996285,-2.7919207215271267,-0.8700109462695167,-3.4055275418094717,-0.6433888593385686,-2.1783428330889194,0.7182558017952091,2.149412975979342,0.06979005397264267
221,171,False,False,57,25,3,,0,1.0,1.0,0.0,0,1,50,9,0,0,6,14,341,579,26,1,0,2,9,0,0,0,0,1,234,0,0,1,6,0,0,1.8028237622861347,-3.5015273183110636,-0.5105647349382244,,-1.5880729189821963,0.6746663150865903,0.4180736676334712,,-1.527071725031753,0.032114624505928856,0.7256637168141593,0.129360453752199,-0.5289501082343665,-0.16309613843601148,,-0.03569584187391069,0.22962399056752392,0.2361635411090485,,-0.07952033964352638
222,58,False,False,76,10,2,0.0,0,1.0,1.0,0.0,0,3,165,67,0,0,120,190,34,330,9,0,139,2,3,29,2,10,3,35,57,21,17,107,1850,0,0,42.33526693781972,-24.910036821376323,-16.060222050862215,,-40.760275672885136,-10.448594109870527,10.52948581966383,,17.5377997957373,0.03206928838951311,0.7455121436114044,0.27044875589887346,-1.02727753340428,-1.0565835283663674,,-0.7250752584686803,-0.4285030433082227,1.4159324714172772,,0.8315755294067964
223,75,False,False,50,14,1,0.0,0,1.0,1.0,0.0,0,21,92,132,0,0,52,176,243,436,4,0,8,3,3,19,0,28,3,1002,70,6,50,42,92,0,53,39.48410997976454,-24.112531900055615,-9.030230749982895,-8.969268952713502,-33.41368343395991,-13.329291794873887,3.793531132119267,10.054813842296833,9.883861948688999,0.04576951130561634,0.7117212249208026,0.4647339607623277,-1.8247289925661345,-0.4003762414128388,-1.4660079412021225,-0.6753206055373511,-1.5225525346394935,0.587644282508825,2.078474058023085,0.5205400145915716
224,107,True,True,55,75,2,2.0,0,1.0,0.0,1.0,11,216,274,44,6,0,18,226,108,203,27,0,23,4,2,31,5,3,0,7,26,254,27,71,6,1,0,49.92077945297844,-18.990790287285225,-0.039860494255495094,-19.45714574875244,-25.915948736373423,-6.3322174351045515,-1.2230809567256007,1.117229363204616,-2.1914015391219497,0.14416475972540047,0.2792578496669838,1.2761107006666979,-1.1413487901699677,-0.0047797781133347645,-1.9626477286361987,-1.0229647703318059,-2.2349610948395036,-0.19954148220841053,0.07004437684151503,-0.08372954570243128
225,18,False,False,42,50,2,1.0,1,1.0,1.0,0.0,0,35,40,28,1,0,178,21,88,626,6,1,0,3,19,282,3,42,0,15,537,584,21,19,344,0,11,15.454651558943656,-3.829271663878279,-3.0749663496888355,0.9388791398021571,-11.147300813490675,-11.707067190850802,2.8237529980642324,-1.5611296830163017,2.150456553152059,0.03131648936170213,0.9405772495755518,0.12187421689514184,-0.2576349363005366,-0.2490851380436276,0.06169232240624188,-0.17968943850812766,-0.41926679245437765,1.1093587560365563,-1.462052318796433,0.28622835162402677
226,143,False,False,70,35,3,2.0,0,1.0,0.0,0.0,1,6,67,26,5,0,257,36,18,186,2,0,79,7,28,12,0,36,0,2,39,4057,186,18,113,94,7,22.6059191480771,-12.251867625789746,-6.5729037745921035,-3.6456833552602927,-21.698195580835968,-15.321686928443885,4.414410481437993,0.16968857421361516,5.504529095543896,0.014405305501195913,0.9212481426448735,0.04833698657555883,-0.388447071594042,-0.40171612078100993,-0.39127018923970813,-0.36859802110807205,-0.2861604385692977,1.6122698467168917,0.11247472925841236,0.8824896459358729
227,24,True,False,77,24,2,1.0,0,0.0,0.0,1.0,1,65,70,32,0,0,8,124,81,209,24,0,0,3,6,9,5,1,7,888,30,10,3,43,8,0,4,30.50759083970411,-16.163098514590732,-9.24807608996292,-19.34443468280277,-30.329420077063297,-4.972972199288307,5.5130073197423135,11.03200170227711,8.269992716428638,0.04314159292035398,0.6116071428571429,0.3349072464167375,-1.148062187198602,-0.8945581258653978,-1.494663970476922,-0.7265930384464915,-0.928275561611935,1.2144494482607446,1.6517412251118662,0.57760073274527
228,90,True,True,59,33,1,0.0,0,1.0,1.0,1.0,0,1,10,12,0,0,8,81,55,53,1,1,3,0,2,8,1,0,0,0,14,8,3,0,2,0,0,10.624964020223528,-2.153760549813106,-4.429565292322566,,-6.565633317569281,1.0537664172091732,0.30638965551965447,,1.631815836752719,0.03289473684210526,0.41379310344827586,1.46761741440021,-0.9855004303048849,-2.256255873202732,,-0.4369802779232803,0.3383643976640407,0.14533936316403934,,0.17066960742842735
229,74,False,False,35,17,3,0.0,0,0.0,0.0,0.0,0,5,58,35,0,0,27,2,115,481,2,1,0,16,1761,35,0,91,16,11,364,10,3,16,4,0,0,23.189522813619632,-15.123876573685138,-7.519758976425779,-0.1452734750308851,-25.159964187495287,-9.71715835347722,13.987314497374072,0.2994217444097523,5.234019444248278,0.02089600343790288,0.8133333333333334,0.10720571471147208,-0.8569451424306782,-0.47845117786986374,-0.020057652341253562,-0.3729503561186817,-0.7673466206086852,2.4669350781303625,0.17625063969172727,0.5240959469482648
230,6,False,False,71,21,3,3.0,0,0.0,0.0,0.0,2,0,60,663,523,1,84,419,5,72,20,0,21,25,69,200,39,34,1,3,36,23,29,20,90,1,0,68.6984870876654,-29.13026559002026,-37.72879398434794,,-16.577552225697897,-11.945829709756357,10.917761198083618,,-3.562953341787817,0.10833333333333332,0.12450469238790407,1.6556742367571282,-1.9478369349824374,-2.370463595391378,,-0.700264151347829,-2.3540894060169624,0.32474644100516903,,-0.12829094301783925
231,102,False,False,52,70,2,2.0,0,0.0,0.0,1.0,2,3,181,194,1,0,7,42,121,495,32,1,5,5,28,74,3,1,1,1024,38,101,1,62,14,0,8,43.845122938571784,-21.043437463074536,-23.35621360680195,-3.1828279705445337,-38.81398094374144,,9.65202455353914,2.1280802425998897,13.366103544488439,0.04035685841067568,0.43186639623613865,0.7177844221020441,-1.9130034151560857,-1.7643065832200457,-1.5134907455881181,-1.4269673981877968,,1.057871401754342,0.7581598164353296,0.8771893059621687
232,89,False,False,57,14,3,1.0,0,1.0,1.0,1.0,0,0,301,87,57,0,72,167,117,402,14,0,0,2,11,60,0,0,0,23,70,27,897,38,92,0,0,41.79614352209006,-28.97143783848157,-9.074543506819614,,-27.658904585403146,-14.10100241966836,1.8798899544083678,,8.050579355945082,0.07674180327868853,0.6046109510086455,0.5558999180455734,-1.1225891481172614,-0.5610315702688706,,-0.6433151461342456,-1.1923636523435737,0.21573533943499956,,0.28323788210885753
233,61,False,False,69,14,1,1.0,0,1.0,1.0,0.0,20,2,521,145,1,0,120,58,62,155,108,0,5,1,3,7,13,3,839,11,13,37,3,5,5,0,2,46.38595994993731,-35.70141048128076,-19.095002953926947,-7.061486158137252,-23.08419098768237,-12.802660991927908,5.655434161272506,4.77315826546588,10.556431944553305,0.12778662420382167,0.42474444836094466,0.728960191615216,-1.1145037101369946,-1.5634034470683744,-1.3973197818275334,-0.8782970596275312,-0.9554169653913149,0.32283671167599576,0.6761027393031258,0.3643571351112413
234,97,True,True,68,22,2,1.0,0,1.0,0.0,0.0,1,0,166,68,46,0,97,102,44,72,5,0,1,0,27,14,1,54,1,0,11,1547,17,36,2,0,7,23.13947716992789,-10.986964664299375,-9.844463065797681,,-24.560047512177782,-10.87991222112481,1.0322086399915655,,4.288082048583605,0.09456901572510192,0.8520742358078602,0.13312528451445407,-0.2692065797608931,-0.41878363851173855,,-0.6250711270225302,-0.46273378692365424,0.1689826392276882,,0.3535149211009267
235,191,True,True,41,20,2,1.0,0,0.0,1.0,0.0,0,18,36,13,10,0,48,132,195,1028,24,0,3,1,24,65,5,134,3,40,196,176,141,51,1074,1,59,23.865582613919273,-6.682010479109669,-5.0954975088340575,-0.7028594726430172,-22.467170109955365,-8.849513778066846,2.1861377450032697,1.9378680628315803,3.555314306734898,0.01535532994923858,0.9034267912772587,0.2415629794825748,-0.5277679563556634,-0.8178855895497738,-0.07985268422536296,-0.2968395947385388,-0.8133936920028866,1.0409717810563064,0.9550230912816161,0.29615957586589153
236,23,True,True,83,30,2,0.0,0,0.0,0.0,0.0,0,5,332,45,0,0,145,75,404,607,56,0,4,0,15,23,0,11,8,7,104,16,1,857,0,0,1,33.35014325814367,-19.43257625535714,-6.1752738030500165,-1.7016593199555372,-23.526640173794622,-11.395765496919006,1.2258007511092945,4.275372888220784,3.9789879915761026,0.07298657718120806,0.6142506142506142,0.6363966567401296,-0.8807373942609855,-0.7148174349773566,-0.5198902367384634,-0.46965042425063763,-0.7926100002350819,0.2086812278667903,1.1627295000381084,0.1179166676986671
237,85,False,False,68,38,2,2.0,0,1.0,0.0,0.0,2,10,619,161,0,0,86,45,165,876,54,1,0,0,12,76,0,3,0,18,160,271,79,25,102,0,0,45.70232248320796,-35.94935657089274,-12.99783570578891,-4.0898570370788105,-18.25901852249987,-11.287177579267993,8.138931679264195,1.28719145543547,-7.14129802336426,0.09517426273458444,0.27169505271695055,1.1305717129135389,-1.6592263599215404,-1.1634441498701875,-1.334615945214317,-0.4106188961762731,-1.5630564139688183,0.48860175982381976,0.3017815217755861,-0.16847910642520406
238,233,False,False,55,15,1,2.0,0,1.0,1.0,0.0,2,3,100,162,1,0,114,257,205,542,36,0,0,1,4,19,0,0,11,12,53,114,78,22,1370,0,0,44.940719699978416,-16.54046274533593,-14.523583859155245,-3.275353181071919,-36.514170309548625,-15.247311200028461,5.923583312730694,4.395663862993383,9.43441380753085,0.039192399049881234,0.7838939857288482,0.4624371791511598,-1.1229616729405374,-0.6522688923639189,-0.8223902504188838,-0.6604910179835675,-0.8749936389329674,0.8949341538968631,1.5533656558268174,0.5668346552400114
239,128,False,False,42,14,3,0.0,0,1.0,1.0,0.0,3,19,175,215,0,0,71,397,278,634,0,1,14,7,0,55,4,0,1,15,55,120,54,75,602,2,0,23.591815744715774,-13.431479713123258,-9.165060739394884,-5.873759604944016,-16.95411595834181,-6.848160414594636,0.9598186303600028,7.997393170892844,2.562075782842378,0.08776980619342117,0.65,0.5064193470471623,-0.8250694907663019,-0.48700346489605884,-1.094434801858049,-0.28806180778672996,-0.6633058885700437,0.10698048571207909,1.5192178755960197,0.09888930918190833
240,165,False,False,42,20,2,2.0,0,1.0,0.0,0.0,24,15,142,31,0,0,138,62,163,226,5,0,1,1,9,39,0,26,3,7,52,139,9,12,1413,0,6,45.24402688311399,-37.72614538414277,-11.244736850812362,-18.795733046662825,-33.800362136106166,-30.22470203391954,4.764890043296083,22.332131579092586,11.1217013623834,0.016171328671328672,0.444141689373297,0.33792709890175576,-2.1532013055774475,-1.1308584762674156,-2.878638801412643,-0.7634536233268335,-1.7519068527670965,1.078225167305502,2.470623012058528,0.7559058565334471
241,3,False,False,85,22,3,2.0,0,0.0,0.0,0.0,6,1,52,18,4,0,60,22,5,11,50,0,1,25,0,7,2749,0,3,0,0,20,0,4,3,0,0,18.15009893179793,-12.32118494100535,-4.333743893771845,-4.803603780651693,-12.946998756401623,-26.694564478643407,2.688970008568571,5.239737617419522,5.851770152790163,0.019343649946638206,0.9063604240282686,0.037994826333988256,-0.46372858809414447,-0.26655231794239587,-0.4915250043395119,-0.3797431090258916,-1.0825527830715036,1.1591451626890699,1.8365012677171204,1.2594875201114555
242,88,False,False,59,24,2,0.0,0,1.0,1.0,0.0,26,5,550,147,0,0,102,51,42,289,46,1,0,2,2,10,5,3,11,22,18,55,22,112,1542,0,0,50.90355568723051,-44.55827627126521,-16.97379925941897,-10.174744045564676,-37.63609339648915,-14.366921989797147,11.807964681003096,12.075441326319057,21.16604501057163,0.09908536585365854,0.5497848801475107,0.46351548448070234,-1.2053566360746193,-0.8124086334260188,-1.2047232848564122,-1.060277381842493,-0.919975630928453,0.7168246774287661,1.3548427173600974,0.758900522027381
243,58,False,False,40,19,1,0.0,0,1.0,1.0,0.0,11,2,187,41,6,0,74,143,90,500,149,2,88,12,4,18,1,33,141,47,27,50,181,6,115,0,19,53.17616853440515,-13.799760811663624,-4.659945257450725,-5.290169455620781,-45.66361922132554,-13.118595568926757,3.4648173976386505,9.90470750348115,2.9643381604734595,0.05542813455657492,0.5710186513629842,1.1620108204534345,-0.9927684307689242,-0.657887902785982,-1.4726610577569752,-1.3519405714779078,-1.7367285605097622,0.6276050347619758,1.8889686876112561,0.10916744606217221
244,110,False,False,46,23,2,0.0,0,1.0,1.0,1.0,0,9,127,112,0,0,82,138,132,1225,74,2,14,13,12,158,2,11,1,17,142,631,3,10,19,3,2,28.060319597204998,-4.807744518460954,-6.858078642473346,-1.930746035793466,-21.876595413073904,-8.607951403043122,3.385511201649415,-0.4309148619027532,-1.6742620268277943,0.059326171875,0.7726675427069645,0.5546842471358301,-0.32439152507105384,-0.5307663014951677,-0.511202950944616,-0.3376870514778579,-0.8864740461441803,0.5681575385614939,-0.2433644256936602,-0.06990267076386587
245,94,False,False,57,15,2,,0,1.0,1.0,0.0,0,4,73,138,0,0,45,176,12,157,4,0,2,8,12,109,5,0,2,8,31,3551,73,129,89,0,0,22.854527818820483,-8.89598936477679,-16.752175755384364,,-23.3630168847304,-21.17958934047524,2.7474516311108492,,10.005245408333453,0.034260642270351006,0.8920415224913495,0.05648954186450273,-0.3031428370960804,-0.41416936689917916,,-0.39177516413974883,-1.0992848765413903,0.6431292081312796,,1.1684071738000592
246,74,False,False,50,55,1,1.0,0,1.0,1.0,0.0,0,4,8,62,8,0,40,26,51,54,12,0,0,43,79,51,48,1,1,4,10,61,1086,52,10,27,0,29.591181892430743,-4.9916618462545825,-23.46948114662732,,-30.887664087175803,-24.48704620213194,5.564986911144398,,6.57047718872769,0.014765784114052953,0.811704834605598,0.1363127544230199,-0.44100754898749384,-1.3394253537504361,,-1.033280335768935,-2.0133729260785,1.5902875082357613,,1.3964711448620235
247,122,False,False,63,15,2,1.0,0,1.0,1.0,0.0,0,2,183,336,0,0,93,357,123,918,16,1,43,0,12,9,1,11,0,2,40,17,1338,20,162,1,2,53.950417721114455,-17.745988223001202,-21.932702835805436,,-40.20434037485857,-11.951182441665669,8.008086814135375,,7.953118412148873,0.059055727554179566,0.625665286812537,0.6902542440390109,-1.0347488667958116,-0.9595766434020621,,-0.7594955920825317,-1.068342321586899,0.685943470444962,,0.30967159782619685
248,56,False,False,62,33,2,1.0,0,1.0,1.0,0.0,0,8,79,35,0,0,36,38,113,180,13,2,13,0,3,6,0,1,0,27,148,13,35,4,40,0,4,11.803576551500925,-6.738921844204052,-9.399764488274219,-3.249232597690307,-5.355824852315399,-2.604475832477284,1.324203756248833,3.305888330472929,-2.7055528431389018,0.06895017793594306,0.4383838383838384,0.4898807655581563,-0.6497343739350352,-1.9398730123079473,-1.0300837927987694,-0.17495587074746574,-0.30953353416997365,0.26798928777655845,1.0299644318968553,-0.1717999561655635
249,109,True,True,55,29,3,3.0,0,1.0,,0.0,13,37,693,117,1,0,24,133,168,489,11,0,5,1,2,7,0,0,0,30,133,45,130,13,112,0,0,24.2082585725043,-16.4000289534562,-6.5818769723304476,-4.872798344970693,-6.456591343306095,-4.9489301811201125,2.4291979551063467,3.761283449895919,-3.592192008738561,0.26717758985200846,0.3723302518329614,0.8936734415687382,-0.5578236124637461,-0.6400946255034498,-0.8376649039668745,-0.19724029545772728,-1.5465495151517765,0.14727192987790352,0.32409955701952564,-0.08367218132448731
250,200,False,False,56,40,2,1.0,0,1.0,1.0,0.0,0,20,95,72,1,0,40,356,91,511,38,1,16,0,2,7,0,23,6,944,80,15,29,13,97,0,0,45.54026629494568,-17.57879209807118,-15.92556909442647,0.05621829669371745,-43.96095866019752,-10.66408966844333,10.511533533674825,0.2570527237026803,10.897517895274326,0.029708059210526317,0.6781609195402298,0.5826883753967594,-1.55553619118152,-1.5027563742308763,0.0064437709038013755,-0.8688556787832891,-1.2907782513201795,1.542502474400858,0.1142087379297677,0.5568082481918459
251,139,False,False,63,15,3,1.0,0,0.0,0.0,1.0,0,5,38,46,3,0,12,71,186,354,56,1,0,635,80,48,26,9,1,4,136,3,0,2,6,0,0,10.802052120146884,-2.626286852662062,-2.132695265987573,-0.03227401653680513,-13.625566812537512,-0.3774204573999905,-0.4229528188353273,-0.01436590418527632,2.4349589126115427,0.045263157894736845,0.925764192139738,0.16459501402519033,-0.20346361767318502,-0.15240229567395366,-0.00639777119815066,-0.24422853945632303,-0.05438544400090803,-0.17504548611091364,-0.010779838753242453,0.21740189358370016
252,123,False,False,56,20,1,1.0,0,1.0,1.0,0.0,1,10,95,72,0,0,29,204,230,445,2,0,24,15,41,0,14,51,2,0,74,3,1182,22,124,1,6,12.971515879348027,-4.759024195969823,-4.3885659669042765,-2.3629868091296773,-11.584036364939724,-2.615301303234253,2.40988138807427,-0.36437972500470767,2.9416143370512398,0.050977198697068404,0.8885135135135134,0.1461480519477594,-0.2635717803639071,-0.26905191212151863,-0.3298411765306272,-0.18506823231184846,-0.24864607366068053,0.5455316192225447,-0.21256933885080595,0.18937049251236626
253,112,False,False,48,28,2,1.0,0,1.0,1.0,0.0,0,6,128,114,0,0,86,59,182,637,14,0,4,14,4,24,0,157,5,1356,127,46,20,128,258,0,0,58.41645231531735,-19.855194964728145,-28.076619895715375,-5.439379191094009,-63.86634512708196,-20.46961418020399,7.9525681239735375,0.5881319606091943,15.631100509480127,0.02787517531556802,0.7614795918367347,0.4254218249274311,-1.0546817237602903,-1.5084067000517385,-1.2493442022417514,-1.424549253882164,-1.3832160438781884,1.1259435607245258,0.37006059056046003,0.8476246461888312
254,21,True,True,51,17,3,3.0,0,0.0,0.0,0.0,1,20,373,64,1,1,151,202,147,604,18,1,132,5,105,196,9,112,11,366,84,16,1,236,33,0,20,73.80689656581043,-35.82546109586976,-11.610522629510498,-7.938529370846106,-55.97395928356843,-23.949228380247597,6.306641167042699,11.274739971181594,4.018712487402785,0.04030569514237856,0.3506787330316742,0.9535374818956797,-1.964237334099722,-1.4662238284388167,-2.1296493691665614,-1.3463934398978716,-2.301335352207201,0.7451567334320973,1.6003030468556423,0.11435261843619035
255,88,True,False,51,6,2,2.0,1,1.0,1.0,0.0,0,1,50,15,0,0,2,63,247,1013,243,3,22,1,6,3,0,0,0,29,71,42,1,5,23,0,0,26.664653576453397,0.35905401291102484,-1.6048493000814927,,-18.08632596482845,,2.555366569610855,,-1.1550682758289506,0.03591160220994475,0.7088607594936708,1.8310601095832555,0.069668160647744,-0.7063463591078141,,-0.45535590688856464,,0.968291140272662,,-0.04757944498331202
256,86,False,False,58,18,1,1.0,0,1.0,1.0,0.0,0,4,130,155,0,0,146,691,123,804,13,5,5,2,1,9,1,0,0,10,61,21,226,20,682,0,3,52.789223237751976,-11.068945374042753,-16.066326143755294,,-43.17348620191209,-17.952750048753778,5.342157409870828,,6.7685546445549996,0.03680019305019305,0.6404682274247492,1.029994064894779,-0.9533515587041728,-1.509673087866873,,-0.9013444177616289,-1.5717415215015336,0.681080654984976,,0.25190472426620997
257,154,False,False,63,35,3,1.0,0,1.0,0.0,0.0,0,5,105,133,0,0,68,36,65,542,3,0,2,4,10,168,1,0,1,1547,437,283,26,51,195,0,0,26.963499949280788,-17.274226365934293,-20.033888405924444,-3.5921514448781378,-17.34273506073611,-24.407323835489123,19.791460078892328,0.8125048062545882,5.80712017987589,0.03493389643775248,0.765511684125705,0.13164196150927457,-0.7753468205908287,-0.7587230346756839,-0.6459531306103045,-0.2500397868192289,-1.780999245029343,1.9854377057971082,0.4376558019408626,0.5030757789407827
258,80,False,False,68,16,2,0.0,0,1.0,1.0,0.0,0,25,204,69,0,0,35,364,155,237,3,0,33,0,1,12,0,56,0,17,31,68,487,38,32,2,45,47.01564635575245,-28.63955173535078,-11.455043469733335,-9.688566531649052,-39.58925534021894,-4.156682115545505,5.712063912322784,8.975723857243828,12.139742659227398,0.03200253485424588,0.3726790450928382,0.8910230976084496,-2.3390277201374348,-1.2431621853403187,-2.718087583960517,-1.0987840951229881,-0.4800540474321566,0.6902670316900935,1.4730847846467159,0.40864879573188195
260,59,False,False,59,18,2,1.0,0,1.0,1.0,0.0,0,1,16,38,0,0,118,493,57,221,257,0,6,23,10,74,6,1,1200,20,24,30,1,91,142,0,0,35.9305189549547,-6.473000280492391,-5.923510527981138,,-33.47914561585634,-20.442769161800165,-0.7307345310372613,,2.237480328672299,0.011790998766954379,0.7370517928286853,0.37777745828555565,-1.126871225808575,-0.48560572171333044,,-0.6025530099872104,-1.4617278885301523,-0.5753123306874368,,0.3113588531771751
261,80,False,False,73,27,2,0.0,0,1.0,0.0,0.0,36,7,866,334,0,0,135,34,76,465,17,0,2,6,53,113,2,6,1,1,204,932,7,25,31,1,0,58.512520437398706,-59.56082781635167,-17.836720171594617,-12.959025715596177,-3.8774185364590052,-11.601517260286665,5.516707007958038,18.34860232962099,-21.11522635004892,0.11224674384949349,0.27037037037037037,0.7639419895512748,-2.1471140643772144,-0.7957113893512556,-3.16488458511608,-0.09804083724409968,-0.743746118889336,0.19763327168162165,1.4790908703862422,-0.8294675903061772
262,57,False,False,60,16,3,0.0,0,1.0,1.0,1.0,8,5,40,6,1,0,31,17,72,15,2,0,0,0,3,3,0,0,0,0,14,1,0,0,0,0,0,3.3362498458264254,-3.0044887415148347,-1.268152686469932,-2.108240458931569,0.5029795094329486,0.7437868526628003,-1.8406970866765706,6.533475108163122,-4.15129983885113,0.1488095238095238,0.16216216216216217,0.9822477310223802,-0.8046641627307185,-0.7623488156441294,-1.1160319934471106,0.0525984882902855,0.17074735978850503,-0.9720799145425633,1.1320316725398754,-0.3811183180602508
263,44,True,True,48,43,3,1.0,0,1.0,0.0,0.0,0,2,23,25,0,0,34,9,109,64,0,0,0,0,3,1,0,0,0,0,37,13,0,0,4,0,0,10.817518436774472,-2.9987644165896903,-1.5784295195274436,,-3.891036525646614,-3.6453906792684783,-0.7437452732903446,,0.7894652607141587,0.11206896551724138,0.6574074074074074,1.2024086308512603,-0.7303473327239179,-0.34482849699744106,,-0.23467648994572918,-0.7653053648471289,-0.24754780689029776,,0.066427361738976
264,113,True,False,82,23,2,1.0,0,1.0,1.0,0.0,0,3,3,5,0,0,11,2,358,556,10,0,0,1,9,0,0,0,0,5,1195,0,9,10,4,0,0,14.503440334519622,,0.9055726050920346,,-13.93583216118956,-4.325319911467167,,,,0.004460665044606651,0.983606557377049,0.18501225903512217,,0.1744113050857438,,-0.229063607877586,-0.6797767867639374,,,
266,59,False,False,48,25,2,0.0,0,1.0,1.0,0.0,0,12,59,8,0,0,119,7,287,679,128,1,15,5,21,71,1,379,32,1675,154,36,2,19,150,0,0,53.29771572867959,-13.613383240235333,-0.32055149457670873,-3.5026241402096443,-55.50560200677193,-24.9800146907564,-0.16701883703705853,1.0145618450347984,10.240450504348114,0.010756385068762279,0.945859872611465,0.3250983492115156,-0.876521958089221,-0.04030798865353698,-0.4016109642489549,-0.8431803144015412,-1.3698652660569353,-0.12763327972587377,0.5858644670155487,0.7155221730727274
267,13,True,True,65,90,3,2.0,0,1.0,0.0,0.0,0,4,119,80,0,0,86,69,128,371,11,0,16,2,12,23,2,0,0,2,140,692,56,1,33,18,2,26.407511563178684,-14.68555601579463,-11.133847557891873,,-13.577731564699304,-12.235753881175304,7.341378771538477,,5.782226064799696,0.04781281790437437,0.7227101631116688,0.3677699433871016,-0.848638445977847,-0.8202467513327238,,-0.29182627062125926,-0.8677624716975006,0.9966856114933229,,0.36269472364940963
268,39,True,True,70,19,3,1.0,0,1.0,1.0,0.0,1,0,62,62,0,0,71,121,87,564,18,2,5,582,17,60,22,0,0,77,135,16,10,90,380,0,0,35.74111144331017,-15.275104273424372,-12.080178478958004,,-31.406143469392543,-21.828943236303537,5.345159386126695,,11.470804166463136,0.023488120950323974,0.7902813299232737,0.36382500205481433,-1.3861858386073687,-0.8695894370493081,,-0.5840754292112618,-2.7700927892975065,1.1175295665524838,,0.7522144212351546
269,150,False,False,57,22,2,0.0,0,1.0,1.0,0.0,0,9,116,231,0,0,108,436,91,469,8,0,339,25,5,2,0,9,12,34,39,55,1619,25,293,0,17,69.08118849847524,-18.151638707109825,-25.724852659978836,-1.2382662215838012,-67.52352512625048,-23.836595005354415,8.990220786714934,-0.24754520822885115,7.982110226401873,0.03138173302107728,0.6730615507593924,0.6281022288049354,-1.1347206739259874,-1.0789670625928593,-0.21921817354130427,-1.3397550976225245,-1.85512014855963,1.0294835158493942,-0.1741933330791158,0.4474788489406001
270,23,False,False,58,13,3,0.0,0,0.0,0.0,0.0,187,4,508,52,1,0,196,43,24,143,24,0,0,252,23,39,2547,7,0,0,131,4,1,112,3,2,0,77.17633925390035,-71.3394564590014,-16.63240860743828,-44.38592734629533,-24.483298475963505,-57.66533989281302,17.006543511874803,41.869109645389536,3.528504684316795,0.04069208586991349,0.33885498401627434,0.3484427809398254,-2.1474570983758547,-1.0189181346035368,-2.2927237898826442,-0.6909798844058843,-3.9601771532666077,1.5855241380388503,1.8803029732604344,0.2674314940292572
271,71,False,False,70,27,3,0.0,0,1.0,0.0,0.0,2,26,332,36,0,0,163,24,163,543,10,0,0,2,6,45,0,1,0,1,266,6,4,604,22,0,0,40.67408828698937,-33.56937891012765,-10.41726668274231,-0.5082327524010739,-16.066712283389204,-26.42347846372221,6.025579911928789,4.5617819098244174,2.7259035750250162,0.0579937304075235,0.40350877192982454,0.6791903791896134,-1.7566563903858812,-1.7991884165650487,-0.05612969776892906,-0.44100199842491516,-2.183638548689604,0.8918755897450154,0.7378906952180321,0.10127485084676935
272,1,False,False,70,7,2,0.0,0,0.0,0.0,0.0,3,7,139,116,24,0,9,1175,56,161,37,0,1,7,5,3,0,0,0,0,2,14,0,16,3,0,0,15.381579711304543,0.468746820835923,-0.4872909998960441,-1.755719188097772,-4.87966217658176,2.6139320674797473,2.6230754497483892,4.849961268407671,-6.060922675508892,0.15,0.17980295566502463,2.560170039269869,0.09193899634372091,-0.12158710496761459,-1.875780063068488,-0.2549329153664421,1.1337984980674594,0.30378899531409503,1.2688167584278,-0.16183301393383234
273,77,False,False,46,12,1,0.0,0,1.0,1.0,0.0,2,2,173,57,0,0,135,41,553,1074,32,0,15,2,23,4,4,56,3,13,194,22,20,369,77,0,1,37.46804264127907,-12.817371062094079,-4.165427867188319,,-25.189578207030504,-12.871488864345023,1.38903526495066,,-0.9599701441174696,0.03696065989847716,0.5714285714285714,0.9904520544528134,-1.1716815297123306,-0.5644269486377937,,-0.4762844984017353,-1.3113577923716078,0.305565496126469,,-0.029821880091177384
274,171,False,False,61,20,2,1.0,0,1.0,1.0,0.0,0,10,58,6,0,0,9,113,119,136,8,0,6,0,1,1,0,0,0,4,20,4,14,10,9,0,0,18.40715078772184,-6.499945580050236,0.8743290110205626,-2.267481903834708,-9.654645064196268,-2.45061945521652,-1.4897276077747046,2.098483225633716,2.7598835275142197,0.05952380952380952,0.38613861386138615,1.8205128954705565,-1.339981930555229,0.3400754415976216,-1.3544521605795619,-0.5677439723490045,-1.560714954474479,-0.9030382701129122,0.5934028635218092,0.12233426620334183
275,69,False,False,79,26,3,0.0,0,1.0,1.0,1.0,28,76,371,55,2,0,52,211,233,424,78,0,56,0,0,23,1,0,0,0,92,33,15,13,43,2,3,30.16865867528089,-16.262441864500037,-2.795744771812078,-10.617478983532362,-6.075241761649614,-3.9902110426612576,-1.223655842126648,19.26316789040601,-21.044777496809296,0.09888888888888889,0.12674348089751364,1.824524978732464,-1.537942090749452,-0.5726692245297268,-2.7734689279051943,-0.19537832959658952,-1.0462582172237265,-0.16904730595081707,1.08511363394352,-0.646381598442969
276,55,True,True,80,52,2,2.0,0,1.0,1.0,0.0,0,1,146,39,0,0,202,36,33,138,2,0,0,1,10,13,3,0,0,0,3,5,15,16,35,3370,0,29.090633532023162,-17.62978020209518,-9.212666217777972,,-28.789481896309866,-15.641541411920413,3.2424177737625675,,11.138527889574629,0.027045520023048112,0.9155172413793103,0.08401610251092956,-0.45161007276177795,-0.4789542407147426,,-0.6525580600393842,-0.344692063763429,0.9008342956884227,,1.1376884965100944
277,49,True,True,47,17,2,1.0,0,1.0,1.0,0.0,0,1,63,77,0,0,7,58,34,93,2,0,0,0,33,24,0,7,0,3,15,139,4,83,14,0,7,24.22236230078788,-6.2345185057237265,-19.62252867888133,,-17.667641087042572,-5.585185478913444,-5.090883475876506,,-0.7403215402150203,0.09308510638297872,0.5042444821731749,0.58098328514265,-0.3919567816608989,-2.3202812637935555,,-0.7929268471312286,-2.4389581478975493,-1.0990847608918635,,-0.07509374851585632
278,65,False,False,76,15,2,0.0,0,1.0,1.0,0.0,3,6,79,60,1,0,171,69,46,249,6,1,11,1,2,19,0,43,35,103,39,30,10,58,2380,0,8,37.42695070627184,-17.35767515907472,-12.667677070468631,-3.3319829535092995,-35.95090487811314,-30.545348867312345,5.220110219617257,0.8544770837799155,16.013254317631702,0.02483504398826979,0.887434554973822,0.14682125527934983,-0.7675169014453489,-0.5676987956854028,-0.3716408548850599,-0.7111824676311569,-0.9158551898657781,1.2614614145376168,0.46643665178548804,1.4524444104708132
279,80,False,False,42,13,2,0.0,0,1.0,1.0,0.0,17,28,162,45,0,0,113,11,115,213,1,0,17,1,1,25,0,1,0,8,131,478,4,8,165,0,0,37.649959929253576,-30.221309666386258,-13.297566003682041,-17.206799732785225,-23.202324263342355,-19.385327940180094,7.0740666095467635,26.08390407087516,1.9189318719898614,0.0333029197080292,0.3404710920770878,0.5377840454022361,-2.0120225651105823,-1.4240684505428387,-2.791435237038757,-0.6528620352130804,-1.364900480984667,0.8951952619761437,2.073217996645152,0.11497559221490677
280,166,False,False,56,25,3,0.0,0,1.0,1.0,1.0,0,8,157,31,1,0,26,40,238,1735,324,2,19,2,36,15,4,13,0,17,185,33,0,13,10,0,0,9.024302605332261,0.4531700488303825,-1.9138907180514244,-0.10612741234160022,-8.608938371095096,-0.22093055827786606,5.403423400545202,1.8176594238177717,-8.620475805148367,0.06669207317073171,0.5263157894736842,0.6950657687701904,0.05092117272877451,-0.582118026374119,-0.04652986370244444,-0.15168687845193277,-0.056840395640417214,1.166809028220456,0.7886416289385288,-0.2393480344044044
281,41,True,True,78,21,3,0.0,0,1.0,1.0,0.0,0,2,41,23,3,0,36,165,67,271,598,0,4,284,2,17,21,0,488,6,43,25,2,34,66,0,0,42.15548847374529,-8.901831952077275,-5.9554848036897745,,-39.269273723796196,-12.224327541830972,0.41185072420656516,,7.358503846336698,0.014676113360323885,0.8011695906432749,0.65760302294684,-1.1234612491459612,-0.884297343867067,,-0.8570955258547691,-2.0549449235003783,0.21479822018094616,,0.48866773158931004
282,144,False,False,57,18,1,0.0,0,1.0,1.0,0.0,0,2,68,70,1,0,19,267,50,132,2,0,1,3,3,9,1,0,1,20,15,29,1638,30,43,0,2,37.15549735002598,-16.5617149376198,-18.31365925346302,,-38.059228997559075,-11.286936956197742,5.454078258024841,,13.534266908549704,0.022784280936454848,0.8122923588039868,0.2250607151543159,-0.9082129350612546,-1.0743416130586316,,-0.8582728520402397,-1.1381591452294704,1.0515814836336976,,1.0109801448486242
283,141,False,False,66,11,2,0.0,0,1.0,1.0,0.0,0,4,108,74,6,0,39,27,296,773,0,0,0,1,4,9,0,0,0,5,206,7,71,84,820,0,0,23.988784426383887,-7.713129176524728,-2.504605736070054,,-18.937911773006668,-4.897733142715153,2.8370067550107643,,1.9010044028935338,0.0571665285832643,0.8567870485678704,0.33157176369330393,-0.43463448767074103,-0.15242463023713945,,-0.28827844856168294,-0.49852071833084743,0.5438090129243949,,0.09495190201081946
284,169,False,False,65,13,2,0.0,0,1.0,0.0,0.0,2,19,279,76,2,0,5,256,89,108,10,0,13,1,1,9,1,0,8,0,11,27,33,246,40,0,0,41.810499745733935,-21.13809776691563,-8.88591730975614,-6.724237917047231,-27.985068778303337,-2.3553514459821434,4.47342015785575,4.640398333485715,4.409855660616774,0.08753315649867374,0.34599504541701076,1.289014480531256,-1.4075507594357959,-1.208315657544729,-1.8862632208420447,-1.062607467644045,-0.9500017490834985,0.3936560269024867,0.684950828179788,0.15321209659871796
285,67,False,False,73,16,2,0.0,0,1.0,1.0,0.0,0,4,87,106,2,0,9,88,64,436,25,1,2,1,35,69,0,0,7,2253,43,107,8,56,134,5,0,58.832419126062284,-32.98528701954508,-24.391330587236776,,-64.11741818640142,-9.57985812671068,17.573139237617895,,22.059638818376307,0.017154157468727005,0.6259541984732825,0.24612996833700485,-2.058874323889495,-1.2115493300347333,,-1.2622155301113687,-1.6576400052078244,2.1710858970066838,,1.4328215647279228
