core,enrich_Tumor__Tumor,logoe_Tumor__Tumor,enrich_Tumor__T,logoe_Tumor__T,enrich_Tumor__Macrophage,logoe_Tumor__Macrophage,enrich_Tumor__B,logoe_Tumor__B,enrich_Tumor__Stroma,logoe_Tumor__Stroma,enrich_Tumor__Endothelial,logoe_Tumor__Endothelial,enrich_T__Macrophage,logoe_T__Macrophage,enrich_T__B,logoe_T__B,enrich_Stroma__T,logoe_Stroma__T,tumor_immune_nbr_frac,tumor_immune_mixing,n_cells
BaselTMA_SP41_100_X15Y5,74.86139116704055,0.6662517574041552,-40.3479762630486,-1.6204534115004918,-37.49057105422907,-1.4156785791433242,-17.12171551045856,-2.052318710075766,-53.63918234574265,-1.4562624257420134,-15.222425116209024,-1.5342477191849506,13.685244607454775,0.6568275237885614,11.768510729737093,1.2395200909310944,6.1347027594964505,0.271181848816475,0.07947860962566845,0.38957370313302514,3558
BaselTMA_SP41_101_X10Y8,20.652518403648884,0.121907274669743,-9.61107839128165,-0.6833746197213345,-12.957101902334449,-0.7319239835348792,-0.7610450993843587,-0.10792138438799935,-16.668615019834853,-0.23105857514120984,-7.401823858481986,-0.9186494279234783,4.711390349656925,1.427918790575576,-0.8339867988059065,-0.7824085649273732,6.925463077681022,0.671804417478118,0.015425092860090797,0.9118942731277533,3433
BaselTMA_SP41_104_X7Y4,1.548913347764689,0.7160782276923825,2.024820509788447,0.6888290731219362,0.7868470892678304,0.2761894320570438,,,-2.703464588009692,-0.24839660629144766,0.8421137267051466,0.2098952586535457,-0.31349447257750046,-0.1342209397606335,,,-3.5190952920799083,-0.3234562953435101,0.15625,0.5,490
BaselTMA_SP41_106_X2Y9,50.312948113535874,1.0731747348099305,-20.60543345259228,-1.1354497135617823,-6.428391459590908,-0.8451756980472376,-6.861200203589597,-1.1336520412334028,-38.56792749861396,-0.9300450816912377,-13.28308981041964,-1.5453060565473002,2.4065629466934046,0.3810566166981661,11.297770174401668,1.4037375995419035,-5.274257757286382,-0.16297242533685075,0.06514762516046213,0.4655765920826162,2423
BaselTMA_SP41_112_X5Y8,41.639208777227104,0.4944026678868023,-4.120628230701523,-0.45960455872591727,-37.27066648566881,-1.4984074204744435,-2.53969004864575,-0.48026512205446287,-31.79084737581954,-0.6340725463128418,-4.777321344601278,-0.4480265423107244,5.349565989711587,0.9112647538097162,-0.8936180256111493,-0.9030382701129122,2.215518261993268,0.27905540466109346,0.054754098360655735,0.39881539980256664,2927
BaselTMA_SP41_114_X13Y4,13.703749083758781,0.024752234089766092,-6.135332216117257,-0.3094481391361301,,,,,-17.30873795486638,-0.39604350592561915,-9.360379245100166,-0.5579305216423017,,,,,6.840453418421978,1.5893487717731773,0.008284023668639054,0.9852941176470589,2706
BaselTMA_SP41_117_X13Y3,40.36036615205016,0.10931828876501674,-22.038338237420426,-0.7993299593486296,-15.400381397854312,-0.91631284762324,-7.191842800127804,-1.2378696008675099,-40.78894466328226,-0.6620939155195509,-15.47398661954147,-0.5443620184590205,6.122630117523153,1.5442049202908221,3.56955006252331,1.5008982359326817,18.348257319560826,1.4538709654854554,0.014079492490937338,0.8661870503597122,4572
BaselTMA_SP41_11_X13Y7,48.10256905982617,0.4470077174284169,-49.387171482027824,-1.376226975630139,-14.550178873337833,-0.7472906645199743,-41.80528812300538,-3.4286676915202947,2.8422041313316044,0.047068202907407125,-19.340242156527257,-0.9194642678958117,11.761014842017074,0.7876574772420927,28.641795509496948,1.176324367580586,-13.510741547838602,-0.5942388871410023,0.08306055646481178,0.35472619462853155,4565
BaselTMA_SP41_126_X14Y7,29.802993522930013,0.10284852642408146,-27.68776541870569,-1.3461395733071677,,,,,-34.77830249489103,-0.7367748359694601,-16.45802954114584,-1.9838647479596025,,,,,21.696717911154035,1.756528769008822,0.009884428223844282,0.7146892655367232,2892
BaselTMA_SP41_129_X7Y8,14.965048499638144,0.3548562807332918,-2.2208370729403653,-0.2718723253019165,-0.3534243798134095,-0.04037479400840951,,,-12.660095714073913,-0.2481593387641581,-3.589941324999894,-0.7064260132068234,-0.2062557818415903,-0.12035194036522198,,,1.1446182995658307,0.10094301903399028,0.026954177897574125,0.95,1751
BaselTMA_SP41_133_X3Y6,48.02493044992413,0.19776319529920267,-24.60836463984359,-1.3684914090525075,-2.46995280162416,-0.09743600470758722,-9.758618170632854,-2.3214952214408315,-55.74559815289503,-0.9692585083406793,-29.226935052156104,-1.5710618330400756,-0.17450596089072337,-0.06307144984267868,6.447288459824459,2.012881291296732,24.738691435725737,1.5191542998649648,0.025994362668336986,0.894374282433984,4151
BaselTMA_SP41_134_X3Y8,11.326997935330468,1.2484659329463412,-7.235818805216608,-0.3938034646911615,-0.22159948540972155,-0.027221468735024314,-4.858282611442967,-0.6008285483688628,1.5546579618046037,0.0893157038854809,-0.04616353196566854,-0.013603301799820618,-3.9461475179383143,-0.1935190424377589,1.3755348013103028,0.05105183818987492,-10.99892945911956,-0.262105495633794,0.4954268292682927,0.1454107250451898,2211
BaselTMA_SP41_135_X8Y5,28.221181669733202,0.12142240847872497,-5.3711279788990405,-0.514173451942373,-1.6043153043951999,-0.08971972327267444,,,-29.075577296865994,-0.4256878606692213,-20.930455886310217,-1.3802217744953542,2.6202970733943203,1.1953956889584305,,,3.6799643380535483,0.7013416844354848,0.013820053373999238,0.9512893982808023,3376
BaselTMA_SP41_141_X11Y2,44.12480816067204,0.10389766584532563,-54.395668428916686,-1.4705072856069819,-25.34746977929773,-1.52618621371354,-50.742438309042235,-2.681970448657721,-13.229901543961372,-0.19901900895272437,-19.859785575494033,-1.1538053360790355,33.48007225287472,3.031503691022063,54.02438562945476,3.119174563470678,-1.4812606350164472,-0.20338460207337172,0.0198746918652424,0.43133462282398455,5662
BaselTMA_SP41_14_X1Y8,42.9208569084959,1.1046811688832525,-30.506540822547603,-0.810110787348113,-7.680172466266783,-0.35342928064023,-2.8301090383003866,-0.5282663673718336,-19.796468674832113,-0.6366584478877916,-12.119259430634653,-1.2315543868507948,1.4328213594080286,0.045440201955159604,2.410961543100601,0.26459491982141076,-12.78914304248525,-0.2890211411385731,0.3030905752753978,0.32863779409560917,3401
BaselTMA_SP41_153_X7Y5,15.224996580852173,1.7283282591845113,0.11061183329388098,0.046921047387492684,-1.7579012794210584,-0.35109899684922397,,,-9.48811788449494,-0.3082138195037626,-2.2717159365342674,-0.8025379057598282,-0.3337143548862823,-0.15981368547502353,,,-0.7964738963424245,-0.06486769491665481,0.0514018691588785,0.5339805825242718,1325
BaselTMA_SP41_159_X11Y4,-0.7433214143826337,-0.31208426151475366,,,,,,,0.6405194403848474,0.040015306251067535,,,,,,,,,0.009259259259259259,0.5555555555555556,309
BaselTMA_SP41_159_X12Y4,68.92984719196394,1.0377221398019758,-27.787972926461595,-2.037558702684611,-3.8954935825754897,-1.0711524567327244,-10.485874808570237,-1.8343158976962703,-57.79897600350633,-1.5725610027370596,-12.307354989995382,-1.9037767461914845,0.7542821858649897,0.28969158995514466,10.230266088743964,1.3543495725797396,7.722597692395995,0.24615743397890918,0.031091370558375634,0.3779527559055118,2515
BaselTMA_SP41_165_X5Y6,30.460414850875097,1.1017331514118154,-7.678805794411679,-0.5149463687158724,-3.981182002486962,-0.3010395788552792,-6.733516418460737,-1.3551773961838534,-22.16866987816677,-0.6932496125786954,-3.185049300532271,-0.6084453392706715,3.8938356918588455,0.3760428052088829,5.887007163886143,0.8651784598781778,-4.4528431319172315,-0.15723359142482177,0.16015625,0.4819985304922851,1708
BaselTMA_SP41_166_X15Y4,40.65842111335526,0.3670833791090836,-29.482570953257508,-0.8528942352588784,-21.46394055554096,-1.2035144111307587,-4.826193255844216,-1.5956097449206648,-24.777984805618956,-0.4709936544272204,-20.54263799817137,-1.7673920152462828,8.157503850652825,0.672781050221721,5.791584370484835,1.583444673078903,1.260333048281109,0.062137150700972525,0.08399098083427282,0.6129589632829374,3066
BaselTMA_SP41_177_X16Y5,24.60700083586455,1.481248732617058,-3.631543420672039,-0.1276731346479972,2.6565227348029374,0.3987288616788822,-13.280958302747733,-1.01884174273889,-4.823233523226995,-0.2726702156370725,-11.275890696201579,-1.7628606120646515,0.4691478643961943,0.032292221033822864,4.378917593156296,0.10651219256167747,-17.064010817595573,-0.5034641445919938,0.4938118811881188,0.18992302309307207,2723
BaselTMA_SP41_186_X5Y4,43.8775656907962,0.3250407779606415,-35.884063467424724,-0.5436095059426483,-18.442458684160144,-0.6393690070965127,-23.581923415556783,-0.8185535600181099,-8.792111980284508,-0.39792041022596175,-11.137848893955692,-0.5053992415544891,10.134661266855334,0.46121704209780257,14.762767527300811,0.6015095923650191,4.134035673103679,0.2549622710185575,0.2453553391053391,0.570380687093779,4923
BaselTMA_SP41_18_X13Y5,3.9505778466413695,0.1468557443543905,-5.60889373475225,-0.9451326095002949,-1.4929636580705672,-0.20789285164133287,-3.0950327758116267,-1.1529208801153648,-0.3354154966684265,-0.006169159901285383,-5.755056459734165,-0.6326289343514705,0.4778065928195221,0.24468509595490168,8.433852122698386,2.2757863132426417,0.1775893388710992,0.013727713839941313,0.017857142857142856,0.7516339869281046,1851
BaselTMA_SP41_191_X15Y7,29.77620000981556,0.1162712209889673,-24.128396542097086,-0.42026783802771867,-22.817614178984993,-0.5462097751198413,-2.430955514632635,-0.3173337568048649,-10.10826646691917,-0.22261566441137448,-17.05005547652417,-0.8035667605434572,15.809395391429716,0.9107183995889759,2.7414144120700032,0.9583564916575812,7.195858515070626,0.5830293869799784,0.12151279838941616,0.763189448441247,4544
BaselTMA_SP41_196_X5Y7,37.194472982098205,1.292650630818382,-18.91392536810994,-1.7673074621799847,-17.390202549556207,-1.7467524858649333,,,-20.997978298408892,-0.7042756898720638,-4.513496462765914,-1.8286315816880192,3.9837004147103703,0.30221917688384076,,,2.4524267122617256,0.09836340704306683,0.06611570247933884,0.2757871878393051,1392
BaselTMA_SP41_203_X8Y8,22.99306123251939,0.11014906585677703,-12.365711070004169,-0.732455874248754,-14.981730712184994,-0.5827287142151081,,,-18.110017471014768,-0.3416402355390505,-14.391811230908225,-1.1592199142578723,6.529016878196588,1.4669081317628967,,,6.268785657817932,0.8432438511551307,0.02923709456372773,0.8669250645994832,2771
BaselTMA_SP41_204_X16Y4_237,21.536246772243576,2.187707155126729,-5.342458999746244,-1.3297216046072329,-6.223502610613351,-1.019384217178291,,,-8.554634808918701,-0.5819415569129204,-2.438428934836014,-1.6174552208540256,-0.017961531085857914,-0.002402490215304556,,,1.050596754053324,0.06209127004003569,0.12121212121212122,0.203125,587
BaselTMA_SP41_204_X16Y4_238,25.48114421011162,2.4972733721139275,-3.7432842095539693,-1.6173572615913236,-7.680099208791475,-2.512226886513957,,,-10.236535656183488,-0.6232948243174842,0.18759077110052438,0.06014657236365043,2.9685092543699723,0.5539127468269182,,,-1.866705487819838,-0.1311128375929057,0.03017241379310345,0.1349206349206349,669
BaselTMA_SP41_206_X1Y2,56.082891880834545,0.3691817883804091,-48.13187243613563,-2.522325089992292,-6.365828141884456,-0.5636462694840639,-14.57741279111727,-3.2466153759807947,-43.48902952907391,-0.8550025681799105,-20.628547512532524,-2.411707634892653,8.237401568500701,1.4376558019408627,17.734347003535678,2.523163864627247,19.104659833731553,0.736662220168476,0.017129422301836096,0.3928914505283381,3389
BaselTMA_SP41_20_X12Y5,1.44606204319219,0.6714917566889249,0.0955388476153077,0.037095098775007364,-0.08130578183038231,-0.046840254202972456,,,-3.0548909785040275,-0.2664811760962612,0.9293539704859072,0.2785630019925701,0.5169038765453214,0.2017420673554998,,,-0.9398279076885672,-0.06511270819983733,0.10294117647058823,0.38095238095238093,399
BaselTMA_SP41_211_X4Y6,21.698865678725454,0.23234663221232996,-13.080320700389276,-0.9815450506040224,-4.083283240987211,-0.19940895099389014,,,-21.23338589355833,-0.3772851396619822,-0.2603026299600451,-0.032806145083241735,2.184967421961074,0.5067874278631628,,,9.316133343526635,0.6157128325451149,0.042404129793510326,0.8727810650887574,2284
BaselTMA_SP41_212_X1Y9,22.925182663518296,0.8394769202829757,-14.557359990171637,-0.8906412439634437,-13.667611845060012,-0.998201582688703,3.286687363635579,0.7336298816029498,-2.285522306441696,-0.055452912346193005,-10.254393762921092,-1.540899203431483,7.823702164832547,0.44020045806849056,-1.2164415847267709,-0.563971603805183,-4.339677750716989,-0.1310096672987843,0.13011152416356878,0.3800413650465357,2203
BaselTMA_SP41_214_X15Y6,29.968873023626877,0.9388544323009078,-14.060282464982736,-2.020051821279574,-11.84563500338692,-1.4991664856549565,-4.179360991507009,-3.9990980337056072,-20.682040417041765,-0.40893390152268666,,,7.137015992162576,1.089887585329723,5.074805171031534,1.6875460401219313,-2.6045837114223183,-0.11470697053214221,0.02899824253075571,0.30505050505050507,2123
BaselTMA_SP41_216_X1Y6,31.979879963172344,0.35320087912285536,-8.094957144215918,-0.812925250385232,-4.715763192355973,-0.3503662775374146,,,-30.220269248777278,-0.506945959400046,-7.178063699112404,-1.0401910718382952,-0.8749716983799596,-0.46292482867539375,,,3.4627325126928428,0.3493947989392869,0.020530523255813952,0.9201101928374655,2422
BaselTMA_SP41_218_X9Y4_185,,,,,,,,,,,,,,,,,,,0.0625,0.6666666666666666,85
BaselTMA_SP41_218_X9Y4_240,33.01302637958966,0.3096929588989725,-11.015841414377094,-0.8358154367615045,-3.505118953726787,-0.40301977268828443,,,-36.09505157720043,-0.592501699682927,-1.5575620630338138,-0.3039456855068959,1.200944372673003,0.5603768624428831,,,9.935005283525744,0.6284123549088846,0.018949468085106384,0.9050847457627119,2580
BaselTMA_SP41_219_X8Y7,36.58079217316556,0.5921741167218927,-18.873710616414087,-0.9775465814823806,-11.182925777089153,-1.1095215309439583,-4.087370496836578,-0.534778300529264,-25.641717164842845,-0.47120643339891405,-19.119114350860826,-1.3845656208459707,4.545952986994317,0.6776693487111357,-0.2259323814958908,-0.06284537846574555,2.11310274308167,0.08891109341554436,0.0504828797190518,0.6478723404255319,2755
BaselTMA_SP41_220_X10Y5,59.01824074963083,0.490907249996285,-54.88407809564181,-2.7919207215271267,-12.0680333719233,-0.8700109462695167,-26.566637735132367,-3.4055275418094717,-34.45767556570794,-0.6433888593385686,-14.818136943529016,-2.1783428330889194,5.896719393163028,0.7182558017952091,35.26767737778369,2.149412975979342,1.7089029109453644,0.06979005397264267,0.024878048780487806,0.2608481262327416,3569
BaselTMA_SP41_224_X3Y7,49.92077945297844,1.2761107006666979,-18.990790287285225,-1.1413487901699677,-0.039860494255495094,-0.0047797781133347645,-19.45714574875244,-1.9626477286361987,-25.91594873637342,-1.0229647703318059,-6.3322174351045515,-2.2349610948395036,-1.2230809567256007,-0.19954148220841053,1.117229363204616,0.07004437684151503,-2.1914015391219497,-0.08372954570243128,0.14416475972540047,0.2792578496669838,1593
BaselTMA_SP41_227_X9Y6,30.50759083970411,0.3349072464167375,-16.163098514590732,-1.148062187198602,-9.24807608996292,-0.8945581258653978,-19.34443468280277,-1.494663970476922,-30.329420077063297,-0.7265930384464916,-4.972972199288307,-0.928275561611935,5.5130073197423135,1.2144494482607446,11.032001702277109,1.6517412251118662,8.269992716428638,0.57760073274527,0.04314159292035398,0.6116071428571429,1631
BaselTMA_SP41_228_X7Y3,10.624964020223528,1.46761741440021,-2.153760549813106,-0.9855004303048849,-4.429565292322566,-2.256255873202732,,,-6.565633317569281,-0.4369802779232803,1.0537664172091732,0.3383643976640407,0.30638965551965447,0.14533936316403934,,,1.631815836752719,0.17066960742842735,0.03289473684210526,0.41379310344827586,263
BaselTMA_SP41_231_X6Y6_10,40.84073266286026,1.4151067780150037,-15.203168255566482,-1.9188187236830372,-14.26665765163748,-1.867701604889656,-3.1828279705445333,-1.5134907455881181,-27.646423925237663,-1.5647986322661307,,,-0.5298579142630301,-0.06381107221503925,2.1280802425998897,0.7581598164353296,7.89112197288465,0.365883857507302,0.06775210084033613,0.28516377649325625,842
BaselTMA_SP41_231_X6Y6_256,45.42420946300943,0.3512766669967307,-24.113042127694875,-1.9099469296506597,-28.13362066937903,-1.7099628826920732,,,-44.683570837362026,-1.3545242651703453,,,15.003550794418931,1.6474198680977998,,,16.24371558149867,1.1459278750002448,0.025958110516934047,0.5089722675367048,1602
BaselTMA_SP41_234_X10Y6,23.13947716992789,0.13312528451445407,-10.986964664299375,-0.2692065797608931,-9.844463065797681,-0.41878363851173855,,,-24.560047512177782,-0.6250711270225302,-10.87991222112481,-0.46273378692365424,1.0322086399915655,0.1689826392276882,,,4.288082048583605,0.3535149211009267,0.09456901572510192,0.8520742358078602,2319
BaselTMA_SP41_237_X16Y6,45.70232248320796,1.1305717129135389,-35.94935657089274,-1.6592263599215404,-12.997835705788912,-1.1634441498701875,-4.0898570370788105,-1.334615945214317,-18.25901852249987,-0.4106188961762731,-11.287177579267993,-1.5630564139688186,8.138931679264195,0.4886017598238197,1.28719145543547,0.3017815217755861,-7.14129802336426,-0.16847910642520406,0.09517426273458444,0.27169505271695055,2765
BaselTMA_SP41_238_X7Y1,44.940719699978416,0.46243717915115984,-16.54046274533593,-1.1229616729405374,-14.523583859155243,-0.6522688923639189,-3.275353181071919,-0.8223902504188838,-36.514170309548625,-0.6604910179835676,-15.247311200028461,-0.8749936389329674,5.923583312730693,0.8949341538968631,4.395663862993383,1.5533656558268174,9.43441380753085,0.5668346552400114,0.039192399049881234,0.7838939857288482,3106
BaselTMA_SP41_239_X11Y3_151,,,,,,,,,,,,,,,,,,,0.0,,63
BaselTMA_SP41_239_X11Y3_165,23.591815744715774,0.5064193470471623,-13.431479713123256,-0.8250694907663019,-9.165060739394884,-0.48700346489605884,-5.873759604944016,-1.094434801858049,-16.95411595834181,-0.28806180778672996,-6.848160414594637,-0.6633058885700437,0.9598186303600028,0.10698048571207909,7.997393170892844,1.5192178755960195,2.562075782842378,0.09888930918190833,0.08979229989868288,0.65,2734
BaselTMA_SP41_247_X13Y6,53.950417721114455,0.690254244039011,-17.745988223001202,-1.0347488667958116,-21.932702835805436,-0.9595766434020621,,,-40.20434037485857,-0.7594955920825317,-11.951182441665669,-1.068342321586899,8.008086814135375,0.6859434704449618,,,7.953118412148873,0.30967159782619685,0.059055727554179566,0.625665286812537,3687
BaselTMA_SP41_249_X3Y9,24.2082585725043,0.8936734415687382,-16.4000289534562,-0.5578236124637461,-6.5818769723304476,-0.6400946255034498,-4.872798344970693,-0.8376649039668745,-6.456591343306095,-0.19724029545772728,-4.9489301811201125,-1.5465495151517765,2.4291979551063467,0.14727192987790352,3.761283449895919,0.32409955701952564,-3.592192008738561,-0.08367218132448731,0.26717758985200846,0.3723302518329614,2164
BaselTMA_SP41_24_X5Y2,30.61962847302175,0.5813815616211706,-3.1020624968785033,-0.8410196911751833,-5.094726327231837,-0.8104611439599767,,,-28.743303436044105,-0.5177165263579603,,,0.03574840071094752,0.025470687516118223,,,1.9755725785582978,0.26621183137481796,0.008897316219369894,0.9069767441860465,2143
BaselTMA_SP41_254_X11Y6,73.80689656581043,0.9535374818956798,-35.82546109586976,-1.9642373340997221,-11.610522629510498,-1.4662238284388167,-7.938529370846105,-2.1296493691665614,-55.97395928356843,-1.3463934398978716,-23.9492283802476,-2.301335352207201,6.306641167042698,0.7451567334320973,11.274739971181594,1.600303046855642,4.018712487402785,0.11435261843619035,0.04030569514237856,0.3506787330316742,2909
BaselTMA_SP41_255_X12Y8,26.664653576453397,1.8310601095832555,0.35905401291102484,0.06966816064774399,-1.6048493000814927,-0.7063463591078141,,,-18.086325964828454,-0.4553559068885647,,,2.5553665696108547,0.968291140272662,,,-1.1550682758289503,-0.04757944498331202,0.03591160220994475,0.7088607594936709,1840
BaselTMA_SP41_256_X9Y7,52.789223237751976,1.029994064894779,-11.068945374042753,-0.9533515587041728,-16.066326143755294,-1.509673087866873,,,-43.17348620191209,-0.901344417761629,-17.952750048753778,-1.5717415215015336,5.342157409870828,0.6810806549849759,,,6.768554644555,0.25190472426620997,0.03680019305019305,0.6404682274247492,3112
BaselTMA_SP41_257_X3Y1,26.963499949280788,0.13164196150927457,-17.274226365934293,-0.7753468205908287,-20.033888405924444,-0.7587230346756838,-3.592151444878138,-0.6459531306103045,-17.34273506073611,-0.2500397868192289,-24.407323835489123,-1.780999245029343,19.791460078892328,1.9854377057971082,0.8125048062545882,0.4376558019408626,5.8071201798758905,0.5030757789407827,0.03493389643775248,0.765511684125705,3682
BaselTMA_SP41_263_X1Y4,10.817518436774472,1.2024086308512603,-2.9987644165896903,-0.7303473327239179,-1.5784295195274436,-0.34482849699744106,,,-3.8910365256466144,-0.23467648994572918,-3.6453906792684783,-0.7653053648471289,-0.7437452732903446,-0.24754780689029776,,,0.7894652607141587,0.066427361738976,0.11206896551724138,0.6574074074074074,324
BaselTMA_SP41_267_X13Y8,26.407511563178684,0.3677699433871016,-14.68555601579463,-0.848638445977847,-11.133847557891873,-0.8202467513327238,,,-13.577731564699304,-0.29182627062125926,-12.235753881175304,-0.8677624716975006,7.341378771538477,0.9966856114933229,,,5.782226064799696,0.36269472364940963,0.04781281790437437,0.7227101631116688,1867
BaselTMA_SP41_268_X6Y7,35.74111144331017,0.36382500205481433,-15.27510427342437,-1.3861858386073687,-12.080178478958004,-0.8695894370493081,,,-31.406143469392543,-0.5840754292112618,-21.828943236303537,-2.7700927892975065,5.345159386126695,1.1175295665524838,,,11.470804166463136,0.7522144212351546,0.023488120950323974,0.7902813299232737,2382
BaselTMA_SP41_274_X13Y1,18.40715078772184,1.8205128954705565,-6.499945580050236,-1.339981930555229,0.8743290110205626,0.3400754415976216,-2.267481903834708,-1.3544521605795619,-9.654645064196268,-0.5677439723490045,-2.45061945521652,-1.560714954474479,-1.4897276077747046,-0.9030382701129122,2.098483225633716,0.5934028635218092,2.7598835275142197,0.12233426620334184,0.05952380952380952,0.38613861386138615,528
BaselTMA_SP41_276_X9Y8,29.090633532023162,0.08401610251092956,-17.62978020209518,-0.45161007276177795,-9.212666217777972,-0.4789542407147426,,,-28.789481896309866,-0.6525580600393842,-15.641541411920413,-0.344692063763429,3.2424177737625675,0.9008342956884227,,,11.138527889574629,1.1376884965100944,0.027045520023048112,0.9155172413793103,4068
BaselTMA_SP41_277_X12Y6,24.22236230078788,0.58098328514265,-6.2345185057237265,-0.3919567816608989,-19.62252867888133,-2.3202812637935555,,,-17.667641087042572,-0.7929268471312287,-5.585185478913444,-2.4389581478975493,-5.090883475876506,-1.0990847608918635,,,-0.7403215402150203,-0.07509374851585632,0.09308510638297872,0.5042444821731749,664
BaselTMA_SP41_280_X9Y5,9.024302605332261,0.6950657687701904,0.4531700488303825,0.05092117272877451,-1.9138907180514242,-0.582118026374119,-0.10612741234160022,-0.04652986370244444,-8.608938371095096,-0.15168687845193277,-0.22093055827786606,-0.056840395640417214,5.403423400545202,1.166809028220456,1.8176594238177717,0.7886416289385288,-8.620475805148367,-0.2393480344044044,0.06669207317073171,0.5263157894736842,2909
BaselTMA_SP41_282_X1Y3,37.15549735002598,0.22506071515431592,-16.5617149376198,-0.9082129350612544,-18.31365925346302,-1.0743416130586316,,,-38.059228997559075,-0.8582728520402397,-11.286936956197742,-1.1381591452294704,5.454078258024841,1.0515814836336976,,,13.534266908549704,1.0109801448486242,0.022784280936454848,0.8122923588039868,2406
BaselTMA_SP41_283_X2Y6,23.988784426383887,0.33157176369330393,-7.713129176524727,-0.43463448767074103,-2.504605736070054,-0.15242463023713945,,,-18.937911773006668,-0.28827844856168294,-4.897733142715153,-0.49852071833084743,2.8370067550107643,0.5438090129243949,,,1.9010044028935336,0.09495190201081946,0.05716652858326429,0.8567870485678705,2534
BaselTMA_SP41_284_X7Y2,41.810499745733935,1.289014480531256,-21.13809776691563,-1.4075507594357959,-8.88591730975614,-1.208315657544729,-6.724237917047231,-1.8862632208420447,-27.98506877830334,-1.062607467644045,-2.3553514459821434,-0.9500017490834987,4.47342015785575,0.3936560269024867,4.640398333485715,0.684950828179788,4.409855660616774,0.15321209659871796,0.08753315649867374,0.34599504541701076,1236
BaselTMA_SP41_2_X2Y8,46.41009091796846,0.7350757016994784,-18.249219850121552,-1.0763843011784844,-10.863676750569331,-0.6976609538567123,-1.5945164456583958,-0.406264540610686,-39.93280944705459,-0.7595839642438795,-0.4570891819600658,-0.11706172613592805,3.0367211971875103,0.3334839887175274,2.2705309349377107,0.8355107458513044,8.325824287041932,0.26798897251996373,0.07589707271010387,0.6202629543696829,2688
BaselTMA_SP41_31_X15Y2,46.13607063741174,0.3813371732507819,-11.557716518027176,-0.8813442616780423,-7.239006224836685,-0.8818373316700661,,,-48.718057173022146,-0.7130661670709391,-11.450680861404479,-1.1871477721490005,2.4510547120470205,0.9874313264969443,,,9.033058394277475,0.5940744410391303,0.010277440259214256,0.9222222222222223,4312
BaselTMA_SP41_33_X14Y6,25.83390291740538,1.4607449309821368,-9.300965209151364,-0.2753037250591561,-5.315692564261826,-0.5185068489026465,-7.646608001304841,-0.8779524160327467,-0.8556432656838586,-0.04463880021835857,-4.774953646868721,-0.734808426113259,-0.8663345386021702,-0.025729895010017753,-0.23138347819955393,-0.006531922425494471,-7.945392647120061,-0.15243262181087294,0.5144508670520231,0.1750217013888889,3556
BaselTMA_SP41_37_X7Y6,42.024214287360564,0.27353002557658795,-24.257948998415966,-1.3150758520127268,-15.978384972226923,-0.9769198599088759,,,-38.418784538632515,-0.7699623926088734,-25.64927104940431,-1.2622539762271265,7.247646155787479,1.2312663719697032,,,12.736960223721647,0.8682412062438084,0.021523998020781792,0.7580398162327718,2872
BaselTMA_SP41_38_X4Y7,18.699830615350496,0.041013855251800915,-8.520608550366621,-0.3950866494616335,0.12344201560737486,0.01161541471878225,,,-1.7227200537624585,-0.17386544784113875,-35.54435692508092,-1.0727849595449235,1.3791480062474015,0.7450029132316245,,,3.963993066077835,1.5311560570253624,0.01487962550156041,0.9451612903225807,2412
BaselTMA_SP41_39_X1Y7,30.87814053114248,0.3362802606386869,-12.93725653178946,-0.8127241893548451,-6.064927529874129,-0.37370141719679806,,,-22.36778786656334,-0.4398658840950802,-19.860426971304253,-1.3260998618168411,3.738641245884525,0.7980992449176673,,,5.865953461721558,0.3911373103181761,0.04025722339675828,0.8472222222222222,2524
BaselTMA_SP41_40_X16Y7,52.18478023150703,0.6468883773812968,-38.508076924661474,-2.0503910559748078,-6.381808082453883,-0.5348423034260864,-9.183189078937314,-1.9129981736967923,-40.62483557256208,-0.7312105927967424,-8.814057419914196,-1.8606053067598542,1.6684648309716035,0.2471469978788065,18.209148002551384,2.1750867065580914,-6.416823835074593,-0.25510103697368935,0.03786707882534776,0.3658694246929541,2662
BaselTMA_SP41_41_X11Y8,29.817094015360603,0.20225871473342516,-6.742086315877877,-0.7738665221473097,-6.636202255257507,-0.6256211829811412,,,-31.96994481372698,-0.46788619960122657,-5.331729768042482,-1.1276332797258737,-1.2486280240512142,-1.4059923596758368,,,7.207655810394143,0.8870219181040524,0.008755760368663594,0.9289340101522843,3223
BaselTMA_SP41_42_X14Y5,50.147972326517234,0.538390635461139,-20.983071718845043,-2.1021903452004724,-18.53935407435081,-1.6168927992968143,,,-44.295163705323965,-1.137792955900593,-18.853245745632872,-2.303153017425307,4.155645683602634,0.7930376192331581,,,12.330660174754769,0.766407018714919,0.021683673469387755,0.47671840354767187,1719
BaselTMA_SP41_44_X2Y7,26.892177454681395,0.23273995154322494,-4.168043415121448,-0.33392147222965934,-2.4530847277019623,-0.10309104231646266,-2.542245526152822,-0.49385224769487696,-25.47657905104696,-0.38641522869588196,-14.698915422357814,-1.5299344953887664,1.4629358822695884,0.45577647493834184,-0.830841803823707,-0.713695814843359,1.8769304894433376,0.20290124701945034,0.04076224129227663,0.9241540256709452,3187
BaselTMA_SP41_45_X3Y3,13.250257480344935,0.17171194674738363,-12.076799583789606,-0.973635569735972,-8.425662338111595,-0.5783540763166385,-0.6714972256302473,-0.12009384549030604,-9.074474683976792,-0.12642054655547685,-5.221591006793335,-0.4454111483223626,4.146762829642557,0.9694116801665771,-0.6556659626743562,-0.533563348214512,0.008373783607640153,0.0005398848640046319,0.02794022092267706,0.7483108108108109,2949
BaselTMA_SP41_48_X14Y8,23.997349196933826,0.18980059443735267,-11.710272264322496,-0.483728850391889,-13.880812966778183,-0.4352518336104348,-0.040050622212847074,-0.0067852952482161805,-17.517772094246016,-0.2821062706900061,-11.511672253772419,-0.5308883648261059,4.596722941629246,0.5653542160960071,0.7122779838298683,0.4030648576127679,5.824321995168632,0.36477544116907495,0.07537393162393162,0.8332513526807673,3718
BaselTMA_SP41_52_X9Y3,45.04355379355354,0.37944954446414,-11.788691978768485,-0.8204092545383977,-9.734381295039366,-1.1350833412852583,-3.393485205472778,-0.4713472108523945,-47.0818086050253,-0.8264811228742681,-16.496668613209515,-2.1071577795630603,1.9489819461171092,0.680960184437464,-0.41359771787072724,-0.2829339632714986,9.128227927156638,0.631244951990119,0.017918332381496288,0.8513853904282116,2892
BaselTMA_SP41_53_X6Y8,41.11978775188653,0.7011558320392646,-9.355016961434481,-0.8123234353055281,-6.119083797497932,-0.6786729028471732,,,-38.8743735879914,-0.7673729180414598,-5.724689276759233,-0.7986841979869095,2.133613380793837,0.6357637688260032,,,6.400253263438288,0.30914670138223804,0.02792990142387733,0.806970509383378,2150
BaselTMA_SP41_55_X10Y7,19.50202764685261,0.5259856016640527,-13.908108152710641,-1.0290450760110836,-7.139789640488575,-0.5930236100641988,-1.017931528865671,-0.3157318289234566,-9.051934971251564,-0.1986978094543559,-4.765840612605457,-1.1502770999334262,2.446271160219697,0.30531401251247825,1.0568662807453497,0.4726793921229528,-0.3644584871342965,-0.014598061943464356,0.08117443868739206,0.5753588516746412,1635
BaselTMA_SP41_57_X8Y6,30.37336875797926,1.2449816470776656,-11.908829150979384,-1.030748049952122,-3.472769042420292,-1.263580777755071,-9.795992755340253,-1.487930312978961,-14.466863113736906,-0.4221379721262055,-6.153731684157089,-1.6152144888032276,1.0466009693109173,0.34617564113403954,7.468798308788603,0.7408530793527442,-13.586970065696391,-0.5599597335632834,0.08462199312714777,0.29491525423728815,1248
BaselTMA_SP41_58_X15Y1,47.43342089315013,0.19106071905033814,-40.20649231890272,-0.7783011457824057,-11.978629846593062,-0.4946289479270371,-26.505773857020795,-1.2800132175966805,-39.86635016132247,-0.996503856389784,-26.851700498728523,-1.3954912931026247,8.923344908326088,1.0335024134287203,20.992546960895922,1.6045715446596844,13.87546827618197,0.7963923843039886,0.074605343047966,0.6913069189828503,4347
BaselTMA_SP41_60_X11Y7,30.930765669138275,0.2808184334908839,-2.2175902790117865,-0.34311029464771786,-13.534840206444501,-0.9041882861490073,,,-30.486593578983484,-0.5843442163414667,-14.766874512365504,-1.145383090020333,0.05255631693234363,0.03406183607363319,,,1.826417575060028,0.3915962555351061,0.015550645819170632,0.8473282442748091,2309
BaselTMA_SP41_61_X3Y4,-0.22216504700571282,-0.10720960143633543,5.872947111965866,0.8144217342462021,-7.7199461118012715,-0.7722953678999217,-0.42817645298030943,-0.22958792274065193,3.986635030798105,0.31179498885116147,-0.0378856988066253,-0.01267383003511051,-9.332542084560572,-0.4189733590527439,3.8852224056897633,0.8125103211506194,2.000925111439797,0.08886350463304006,0.4858490566037736,0.06132461161079313,1939
BaselTMA_SP41_62_X7Y7,40.069850783990205,0.5747300449595157,-7.648855381865168,-0.6443271969747585,-4.366688200500118,-0.4127018382418284,-2.7873091509065016,-0.9653225483672546,-34.19247370101555,-0.5008823129701555,1.4033832463309783,0.32192809488736235,2.6069127934724654,0.6691229483851547,4.259245792495032,1.6246626245414137,3.4744156048230423,0.19299370237250765,0.032872340425531915,0.8021505376344086,2929
BaselTMA_SP41_63_X4Y9,30.137084721391645,0.09740547338820367,-17.0568965709295,-0.6137628451869763,-5.272935145119984,-0.3722298475633833,,,-39.65815738546503,-0.8366851157424968,-19.38202220993043,-0.8384175577916564,2.1140875957653398,0.8520421186128986,,,20.10093783752195,1.6006981093445865,0.023218047752808987,0.9007518796992481,3335
BaselTMA_SP41_68_X9Y1,42.09836697500047,0.7872203649459021,-9.669674724664945,-1.345733704536466,-7.093610826577168,-1.5055001143297915,,,-37.58398303824266,-0.7330964969497584,-8.876514866658129,-1.5873649909364609,10.885329640666574,2.3799550401233986,,,3.6682931822023455,0.23460765062089098,0.010832383124287344,0.6462585034013606,2239
BaselTMA_SP41_69_X5Y3,33.72753900633258,1.359725740248084,-27.892136224898643,-1.1063510214620746,-11.49005626609754,-0.9082587958546613,-7.491844860333496,-1.7336757072222484,6.162921410023498,0.26099950172247766,-6.836394673010144,-1.2067821249646695,2.1219706101250226,0.06736033054859696,2.21172886019918,0.16805436356613576,-8.67658792044504,-0.2673103987208315,0.2756892230576441,0.19443922600037572,2147
BaselTMA_SP41_72_X11Y1,37.125791889797256,0.32428977890457433,-28.365486348119845,-1.2816115499651368,-25.12301532184007,-1.0522586172415749,,,-21.344514530366723,-0.4628110529593829,-11.312435013584894,-0.8993690082759755,14.327197698030677,1.1156769263181971,,,8.601976297884956,0.5052478138650044,0.05292131532589548,0.5870056497175141,2709
BaselTMA_SP41_7_X5Y1,48.4995332228654,0.5278081683174097,-26.814988963571242,-1.5330914696258677,-2.81784176875469,-0.43350454049282794,,,-40.64537112651602,-0.603040813208325,-9.105650111504618,-1.8203704578968603,2.2193455749137674,0.7234040811491274,,,14.238194194650784,0.4575020369942655,0.02079912424740011,0.6553480475382003,3839
BaselTMA_SP41_83_X13Y2,42.481277974409835,1.2972578264489656,-33.73072943593905,-0.7080442669996748,-1.4633552561044358,-0.1262057139651831,-19.372323225031103,-2.0571663962111644,8.66130399089719,0.3210907900567367,-3.864036009343599,-0.5310205504804777,-0.6629705905991928,-0.02296966754163478,8.90913947414796,0.2232839369161165,-18.22170737072595,-0.35700032418881766,0.3892426273458445,0.2074126870990734,4354
BaselTMA_SP41_86_X15Y3,18.254743932510117,0.3227534257944422,-12.304415185776362,-0.8616015041116314,-8.66584030188118,-0.6575311266718014,,,-10.987529488986924,-0.21313757422048812,-14.542848929492617,-1.7283870190175072,7.131476833400799,1.12993124821759,,,5.01725423096658,0.2684003779333836,0.05403135498320269,0.7164869029275809,1890
BaselTMA_SP41_88_X11Y5_235,52.42467388498633,0.13678177376383754,-44.99647536195928,-0.9107560986098162,-43.66156417687773,-1.192712366253823,,,-29.74259211475888,-0.9062550343955813,-27.035478159027363,-1.2491419032803477,16.411709231902215,1.2441556961397695,,,16.856046081192513,1.4710493022877134,0.052937071809185485,0.6589575422851225,4713
BaselTMA_SP41_88_X11Y5_242,35.54068808314,0.7852097248747025,-18.746467333468523,-2.1278237303266945,-6.20723062710349,-1.4882243751495947,-7.357315676737499,-1.8339984265567266,-33.537830182943054,-0.9178496185474256,-1.1478820916953107,-0.25879806776518505,2.177693644049801,0.6653715104295244,5.391373727332065,1.2593667571229874,3.969636812398935,0.2248528016137606,0.022727272727272728,0.40202702702702703,1204
BaselTMA_SP41_8_X5Y9,23.07177834451503,1.7083964419694353,-3.506439387485677,-0.4694229432797518,-6.518556723222932,-0.7235035614024604,-2.0490786836825507,-1.48971418557334,-9.520780243424769,-0.29871722231488457,-2.835575931083511,-1.135415471015703,10.765466101120378,0.7945225962170125,0.34001453400540715,0.16710998583525824,-7.829761476094101,-0.29621458959524394,0.1440677966101695,0.21086556169429096,1996
BaselTMA_SP41_92_X12Y7,76.29436389472112,1.951809347906167,-0.8858827356245078,-0.10712041531048397,-2.9229874462530145,-1.6831349851260924,-69.05475765001752,-1.3709753471773176,-17.3398607197908,-2.211920732518392,-7.142800011756048,-5.1955444592136875,11.022703346907255,2.724198298092328,-10.162574573694824,-0.4260658030091876,14.925420826488471,1.682355900594152,0.33400267737617134,0.12654921020656137,4533
BaselTMA_SP41_9_X6Y9,15.457744753453415,0.04345439769506656,-3.0457227775430757,-0.3000880005897406,-3.5150490893972903,-0.2566554932710887,,,-19.48970278817444,-0.37634892139318793,-18.12912762140322,-2.156942620908886,3.9983563935605404,1.3340009271879374,,,1.1183462451416137,0.4764380439429871,0.004878800328677075,0.9626865671641791,2695
BaselTMA_SP42_105_X9Y1,3.179859014929216,0.3184543547595465,,,,,,,-3.933304120520205,-0.15721536121365448,,,,,,,,,0.018229166666666668,0.9047619047619048,392
BaselTMA_SP42_109_X10Y6,39.738994384185204,0.781107368883804,-9.648810678673751,-1.053572414371654,-9.147828778292777,-0.8121275470557907,,,-36.201804805123096,-0.6660813411629674,-5.742758577543052,-0.7395969502448017,1.6982634046429008,0.4584300947922245,,,6.406293281479785,0.32949307724796256,0.02541928721174004,0.8078078078078078,2570
BaselTMA_SP42_10_X1Y5,32.709323185732366,0.3166722233253782,-9.625170836354036,-0.6645932994480225,-10.09110318209114,-0.7236051441835594,-8.082087923328016,-1.4778765535603609,-31.42767166537476,-0.5968676918408263,-18.123511326766046,-1.2992006056769527,4.197977514142074,1.0564718401704314,17.94059024250839,3.1471536937836544,4.623952991536916,0.3949715266330772,0.03220221606648199,0.7746478873239436,2426
BaselTMA_SP42_113_X2Y5,51.570649410636186,0.8416495562058091,-22.659185722306617,-1.067903738711951,-25.05229848922415,-1.2713672104465907,,,-34.53524338582941,-0.6250489377212431,-3.0954130591794606,-0.680774425492461,6.99386135526969,0.462441039309221,,,5.134619789402538,0.142972709894813,0.08421052631578947,0.4713313896987366,3221
BaselTMA_SP42_120_X5Y2,43.09131245530717,0.5001050681028764,-4.6529996754684495,-0.674623854487129,-13.353069212208306,-0.7143913821766563,,,-40.52894821193153,-0.6416550550357908,-14.199472654313844,-0.78627465488961,1.5957842812842782,0.5269924320838261,,,3.8578802924858877,0.38222776575456363,0.026166456494325346,0.8377358490566038,3230
BaselTMA_SP42_121_X11Y8,55.28379733508028,1.292315186220464,-24.72744127972576,-1.1442423197418305,-15.807667946044374,-1.552941716002022,-4.810510193048724,-0.8686867653221348,-31.280579189614127,-1.0167605418868655,-17.051831354771643,-1.6888444676515175,1.3912995296311046,0.10382150357255789,8.859460212886374,0.9963424144854804,-5.211779148392537,-0.14520079849496886,0.1096938775510204,0.3258887876025524,2312
BaselTMA_SP42_123_X8Y6,11.338017184109326,0.4012606583475692,-1.2056137883033282,-0.23464557924701834,-5.427126931716348,-0.7526082241136888,,,-10.990836471255186,-0.4455101558501998,,,-1.2330923460937642,-0.8453227722566244,,,0.9123081228223733,0.17150381271317747,0.04894179894179894,0.8691588785046729,374
BaselTMA_SP42_127_X2Y8,21.892615921533196,0.03891530767772241,-3.855617968323883,-0.1365772542661748,-2.6588322957049395,-0.19697476465582034,-1.6602611489010135,-0.09821094816966222,-21.994308642126054,-0.24215928077393487,-20.248230702686993,-0.3906687247036588,1.9758939297268088,1.0108609926317669,2.6164093834216473,1.128156351490682,-0.8010137947139191,-0.17335059391950736,0.01257111780455154,0.9391796322489392,6845
BaselTMA_SP42_12_X12Y8,29.968848585566413,1.7254429509569567,-14.924679650363071,-1.3222975182663714,-1.4649757936081014,-0.29278174922784583,-14.829937937467532,-1.5207654995145925,-2.7152610571796783,-0.21410160175913412,-5.07147512972046,-1.5377538060311677,-1.0040304944344678,-0.12866236946673912,7.373054951338472,0.2836249600565445,-2.95036836246605,-0.15629091155214858,0.2389240506329114,0.1612170753860127,921
BaselTMA_SP42_130_X1Y6,29.487151648441987,0.6997845073586899,-5.527195414871151,-0.8042738850277826,-8.668623713320184,-0.8687431988546144,,,-22.869389475611055,-0.39751962635053806,-2.3251267637186763,-0.6352045022136971,7.053627626560677,1.3548494842382601,,,2.12573544475627,0.14413199776041394,0.029319041614123582,0.7142857142857143,2380
BaselTMA_SP42_136_X9Y4,44.92154664570189,0.5878353210008171,-41.96756173841386,-1.3151337443275686,-11.525360885375061,-0.8623397351594019,-13.3245355589914,-1.2938152467239752,-23.25346324691613,-0.5149821750653437,-3.0768665309601873,-0.42444790742058874,11.196506640886396,0.8065317319553279,10.25606221566489,0.8639205566429605,6.8769671429892645,0.17880029884385615,0.10204778156996587,0.4389011682980739,3180
BaselTMA_SP42_138_X3Y5,46.983901616487614,0.5162446409100001,-28.289362853609806,-1.108119160547306,-21.64963263680614,-0.9041260128854913,-5.260641107109106,-2.962857455856547,-30.684320418563303,-0.5673830031045269,-12.96838554277508,-0.699118712757263,15.371137286340792,0.9397164312234332,2.767764183679519,1.038545043661766,7.492430929270404,0.2588393828680781,0.08134490238611713,0.574265289912629,3798
BaselTMA_SP42_13_X5Y8,36.5382238318341,0.31500152438493145,-5.533133086278817,-0.35099957442929486,-4.599482432158449,-0.5635888499285892,1.1813080227094757,0.19747890641836127,-39.40008954909579,-0.6153949186676424,-13.79995497122362,-0.7786134554424705,1.583624314716526,0.7734914701913203,-0.04209559574071626,-0.028569152196770954,3.7983065698711336,0.31380675033192984,0.018047752808988765,0.96398891966759,2901
BaselTMA_SP42_145_X1Y4,71.29104624969692,1.1736463238002388,-47.804068567977744,-1.7828954499777343,-17.466907206622363,-1.314101925788839,-13.21277449260189,-2.026085002605286,-38.86268135100491,-1.4772373193793178,-25.009051239417726,-1.7392053973122348,8.961899977997582,0.46133496700011994,10.772517467449672,0.8022379930606639,-2.038939244007278,-0.05478647226622858,0.10183189655172414,0.2677609015188633,3361
BaselTMA_SP42_146_X16Y6,,,,,,,,,,,,,,,1.7871821486589201,0.6214883767462701,-0.8133712096210922,-0.13829817815773685,0.1875,0.2222222222222222,63
BaselTMA_SP42_148_X5Y6,31.46783570307038,1.1629323432654566,-18.178453115725816,-0.8744610839522939,-10.473952101874334,-1.0833649345024114,-10.496023485226148,-1.5933214659310688,-6.305915658090742,-0.15767057243422977,-7.216019174190578,-1.2177231036114176,0.7195901745040506,0.042174630116827524,10.400186656040894,0.625301659517429,-12.899601243190641,-0.3076074882535057,0.18653474903474904,0.25625920471281294,2821
BaselTMA_SP42_151_X14Y7,53.72367012850918,0.19297060844170957,-67.13332517487765,-1.2992382934782112,-6.720625608198717,-0.48498511821923124,-19.093234422206976,-1.019358575400659,-12.999421962581216,-0.5131397846695387,-25.649739675963843,-1.8500850125173038,4.695053671416596,0.8365012677171206,15.379883636578878,1.4437913282604151,7.503233051482473,0.8036957601833336,0.06850062344139651,0.5504761904761905,4006
BaselTMA_SP42_152_X15Y6,22.240454235931555,0.15790574758876647,-5.121926854441305,-0.6686322092263323,-8.377795145838684,-0.5196241572566382,,,-20.53188143462582,-0.33544048198894966,-14.916118449894723,-0.9786981232947036,0.084707368158824,0.053893007995202254,,,3.1756149310405983,0.6430111082075235,0.01104586129753915,0.9197080291970803,2518
BaselTMA_SP42_154_X7Y4,21.200881179566867,0.8009066976543198,-9.076863086973757,-0.47983219477646527,-1.2056739026088807,-0.16221003631430678,,,-17.015811524802444,-0.43176574618527847,,,2.142855679184043,0.2904941651352991,,,-0.158228565865293,-0.005013947119062757,0.1471014492753623,0.5711183496199783,1277
BaselTMA_SP42_155_X4Y9,81.33389921969136,1.4109929693607695,-42.992313428103024,-1.1214019653993657,-4.642190192657308,-0.8629041368122975,-24.961216877894522,-1.6356482507160628,-21.909175871738235,-0.919302119280616,-43.24017528609665,-2.11090225992933,5.713307238217777,0.5532144378568776,-1.3121883321446735,-0.04264433740849367,-3.3223593793032236,-0.09228176495801194,0.17848206839032527,0.2597968069666183,4585
BaselTMA_SP42_156_X15Y1,-0.28331911158454515,-0.04461269295797601,,,,,,,0.03850395473231086,0.0016434727893356905,,,,,,,,,0.009191176470588236,1.0,342
BaselTMA_SP42_158_X12Y6,3.7731652368226567,0.2357350454522111,-1.6136018148097686,-0.27317155737837956,-0.5892591040088787,-0.12821575535758867,,,-2.7072336049709165,-0.058975707962991925,-2.4053434164205862,-0.521964413334851,1.2982817373582818,0.5947855832067982,,,1.0440633577505312,0.06995415740568546,0.03296703296703297,0.88,1213
BaselTMA_SP42_160_X13Y5,37.77120899460958,0.2924650429891312,-16.891983699023438,-0.7822419759268241,-7.075121380693172,-0.5633587554957313,0.010402497052614515,0.001629769444073153,-37.32786092609169,-0.6114999085984205,-10.860848563742719,-0.9576860574090247,1.455769673788413,0.47024479637003297,1.0355515967322464,0.5484591669821679,11.731247137953721,0.6220942238537532,0.028545826932923707,0.8686868686868687,3045
BaselTMA_SP42_161_X13Y3,75.43153705884876,0.6220076586886673,-20.343874030125647,-1.3854673675102114,-25.958731821732236,-1.378786221809434,,,-64.72843539228691,-1.2251927254298602,-17.37016953018426,-0.9772355582979063,4.487626468696047,0.5882312476345927,,,11.092600586518396,0.5270032405019466,0.026995592556317335,0.6774891774891775,3899
BaselTMA_SP42_162_X16Y7,57.543083807025965,0.7165376987778549,-22.48978679578831,-1.510471123204985,-19.67685861799837,-1.6843638630765048,-2.7394936872499924,-0.7598659962762848,-47.40560231936409,-0.8635233899333765,-6.511331652475664,-1.4105915942476517,6.209903506001181,0.8084574019090798,0.1638769161116445,0.08620103504930383,15.78655683963903,0.520485970452582,0.03214798850574713,0.5958005249343832,3143
BaselTMA_SP42_163_X1Y9,46.203341564351255,1.4873196017585126,-29.627184309800246,-1.4021225123569068,-2.42375439240902,-0.5777309314900803,-7.351604574780758,-2.490356191832198,-11.34566888593504,-0.3516685647960391,-10.536521183790324,-1.3798981635246923,0.9242739243056234,0.11374676023653324,5.60014779404451,0.46015111928546604,-7.513099382250674,-0.1517471315446574,0.1426470588235294,0.20476900149031296,2690
BaselTMA_SP42_164_X9Y8,40.99289249074219,0.42643457118307715,-11.42870391815493,-1.6969562514650658,-6.766043260830993,-1.1119586731206101,,,-44.67416224598166,-1.0797531672413905,-20.558740457763424,-1.8597095195035862,-0.4114710295173717,-0.319039815562536,,,7.378976061983053,0.8935490583693574,0.0070276497695852536,0.8674698795180723,1719
BaselTMA_SP42_167_X14Y8,3.213849783039847,0.5489387863485832,-2.9184360914586693,-0.4931851667912357,2.4225900927421478,0.503306950397956,,,-1.6961952161362603,-0.10836236531786836,0.46567532007936935,0.17706595197162872,-1.5677390193704848,-0.38107034997982475,,,-0.1607931428970626,-0.00906091201481834,0.18617021276595744,0.48936170212765956,351
BaselTMA_SP42_169_X3Y8,49.348790073357975,0.3604664032938845,-17.584934523038005,-1.4401314523220832,-46.886383044232545,-2.8691505327551647,-2.581738789316361,-0.31942018284067286,-42.829763609214865,-0.7705082806600263,-10.365351470753208,-0.8426859011953748,4.425568680700677,0.8261565769725356,-0.5615007534773189,-0.37295209791182915,13.208676814256332,0.9564658761293703,0.016341352700862462,0.30258014073494915,3455
BaselTMA_SP42_16_X3Y4,21.354475204375476,0.892241145215629,-5.918489803180039,-1.189033824390017,,,,,-21.844247287501872,-0.9583575803419527,,,,,,,6.109890702912808,0.5082051955566698,0.02236842105263158,0.8846153846153846,523
BaselTMA_SP42_171_X2Y7,37.41616231900642,0.4564748284476448,-0.9279349138243169,-0.05158352254478314,-2.8459888321758764,-0.33977084049107475,,,-38.47168359318781,-0.5121630444244759,-3.502674876077194,-0.5075524892415345,0.9283996379432415,0.3801957500665429,,,-0.019866099208838913,-0.0009539964054224363,0.033456973293768545,0.9305555555555556,3801
BaselTMA_SP42_174_X9Y6,48.10694007932068,0.1966503386837066,-33.21526074112794,-1.157482776594897,-8.968773667161008,-0.549445149756958,,,-50.16252268035509,-0.9741568726348069,-11.344609929017384,-1.2806981595777256,3.124461254468112,0.7603401025400149,,,24.069804187068527,1.3196718857413583,0.025288496213487197,0.7728260869565218,3567
BaselTMA_SP42_175_X15Y5_235,38.35541649422212,1.6760064643631527,-24.759885966971552,-0.9824206913928814,-7.812210671996322,-1.7559925922526525,-7.04005217183108,-1.7097807648399759,-5.2445167920753235,-0.2369721092475977,-3.264692705801557,-0.5521735186320006,5.307260699848196,0.2997133610718363,7.020760996835491,0.419083234099644,-14.838698933930635,-0.3303961352359986,0.2571022727272727,0.17774880486744893,2329
BaselTMA_SP42_175_X15Y5_236,22.45232288968709,1.1657481849795441,-20.419649906876018,-1.3798868962107858,-1.2824461223357928,-0.23080354649947782,-5.503421372296665,-3.287373787383486,-3.3482795945223653,-0.19699088719741825,-4.045707470087876,-1.5590838688955506,2.06742903566602,0.24140018947519548,4.469910894926264,0.5922473777299052,-3.979849720167559,-0.17860713360823408,0.1839080459770115,0.24285714285714285,668
BaselTMA_SP42_176_X3Y7,50.303096666989305,0.47242878204422023,-23.331829145187356,-1.2303996621460271,-5.886162548543853,-0.7805200830392178,-3.262587846275836,-0.8911200276867093,-41.40333943941098,-0.5864412291355051,-28.96283419039869,-1.2469844494657238,3.5750676742727796,1.0800879113226918,3.571506798946622,1.449099335352477,7.018572075643741,0.28118708451377306,0.0195152013147083,0.7307086614173228,4769
BaselTMA_SP42_178_X13Y7,18.555549124400457,0.2502438027142621,-5.5850145154974875,-0.29038635058363854,-3.0645107427745475,-0.45310093967441345,-1.4552293249286434,-0.20826752896869236,-21.666817045989642,-0.4175324711970522,-7.195222937393199,-0.5826928434509399,0.8605028275834251,0.36587144247495945,2.4749079631899593,0.878984599038634,5.28104130543452,0.2915920165164036,0.05561874431301183,0.8961661341853036,1966
BaselTMA_SP42_179_X13Y8,72.09962024509622,0.4045838772753884,-71.01175802173181,-1.3452476323626714,-33.064240895073105,-1.2827238246942236,-17.538538599038755,-1.2675651727832418,-29.472000735719835,-1.0635092405105542,-30.220028208643612,-1.8212067224532382,21.72366277981285,0.9058361602098395,14.217069992715258,1.052673251153028,13.132181890656158,0.6446526379518833,0.10743403498369404,0.4482577251808021,5186
BaselTMA_SP42_181_X6Y5,40.73210161100935,0.42434612549505735,-18.07697606155981,-1.5439781411849542,-17.484588352568586,-2.201056007170209,,,-35.81972302704845,-0.7700996378278553,-19.180941360099876,-2.09014028409903,9.895586920676804,1.8950304403984575,,,11.370625625870597,0.7256576718130457,0.012374161073825503,0.6576271186440678,1992
BaselTMA_SP42_182_X1Y8,27.773056478823083,0.18022273918916454,-6.616159529802872,-0.6360571392589122,-7.48787684651865,-0.6358527485778132,,,-31.296205395290492,-0.5235777658938501,-7.773382090754406,-1.1030899395236662,2.7745911878992353,1.1938232691396768,,,4.741437226421632,0.666290045652723,0.009904194717762818,0.925,2667
BaselTMA_SP42_183_X3Y6,42.24426167266464,0.9629251041842317,-23.42822437572787,-1.6264170955077726,-8.51928300506829,-1.171605852186164,-13.138961319600352,-4.3125199674749455,-30.045955676170724,-0.775953155224005,-14.246427333101977,-2.0385433208739014,0.3496109544107528,0.06310769801095052,22.691350145452517,1.8142315227123744,-2.640956621853991,-0.08835688604296499,0.044455380577427824,0.3167464114832536,2236
BaselTMA_SP42_184_X6Y8,62.976681731074855,1.3249112613696885,-44.74881018200474,-1.20591724642811,-6.83300271889081,-0.7947772684860395,-37.62263949916263,-2.767330974464452,15.038407092413708,0.3785660341112443,-10.739498772925637,-1.556735947914529,6.555114919336939,0.3916517171416825,-22.432708687469905,-0.6093218203075492,-16.070969499005773,-0.35613585790678703,0.19455544455544455,0.1704663702582537,4380
BaselTMA_SP42_185_X7Y5,30.72371086901442,0.30476826391814626,-14.296144496892381,-0.41668345770492526,-8.670372177337752,-0.6524061281880832,-2.6829054002872366,-0.5036480494924135,-26.395743934336615,-0.5711127570787544,-14.432153135403697,-0.8356494059925479,6.012729069318007,0.7348392930578181,2.335358218921911,0.7416485870498033,4.583118396114052,0.21038071591309124,0.108071988595866,0.7686733556298774,2427
BaselTMA_SP42_188_X10Y5,29.249084043242206,0.7553165060291244,-8.052869939551089,-0.9298574277884094,-9.438747834375578,-0.865088670210106,,,-24.297676514534846,-0.5231973277233423,-4.415934860427831,-0.7413425213595105,3.179847062156283,0.5723938272181005,,,1.9111571376856917,0.10979721852595517,0.04920212765957447,0.5406871609403255,1617
BaselTMA_SP42_189_X5Y5,51.25837426503049,0.36727961997583997,-18.44269088606033,-0.9332571880261316,-14.772470496839643,-0.9589051667193074,-3.372430722026211,-0.624334889445088,-60.15807549783125,-1.1633668578084393,-8.257451372753922,-1.4870820323193608,6.337911201395917,1.202915443932544,0.7870400938378449,0.4540316308947074,14.489200523879425,0.7497099784227179,0.029942756494936152,0.7860520094562647,3482
BaselTMA_SP42_190_X9Y5,42.39866967539388,1.4857500901419074,-23.491245814462516,-1.6501947198894242,-3.914592077044537,-0.5342659646342072,-10.979015146148203,-2.7067147224548656,-18.068626672577285,-0.6005633791405444,-2.743476884023144,-1.9379720602222992,2.4135793474716953,0.26732580163537983,11.466932028980732,0.9501307505753954,-4.212104136798693,-0.114556084019953,0.08310991957104558,0.2348947725729803,1686
BaselTMA_SP42_192_X8Y5,78.06283565670432,0.695315531070689,-27.63362397614496,-2.086239431732445,-10.662926783678895,-1.410617226698647,,,-75.3105503054573,-2.053678612316717,-34.5209186762931,-2.8825702964117976,8.191560361771606,1.5979015564286545,,,8.448621740963022,0.42936171648803817,0.014692017598994344,0.4666666666666667,2893
BaselTMA_SP42_198_X7Y8,37.54482491680815,0.2922851522011895,-36.94899682240224,-1.1766809194287258,-20.923071429744823,-1.2000305848375705,-9.314007016583746,-1.2314073292215189,-28.181499772338526,-0.7302510898074019,-13.69342131976539,-0.7798163907752134,15.74532253960685,1.2748020768198176,9.186606248966058,1.377674172466372,17.41413284937536,0.7330863882657559,0.07826214160327677,0.5482967802146523,2607
BaselTMA_SP42_208_X15Y7,55.93144760754168,0.9463171287756926,-17.513992585519635,-1.3604904476443682,-8.317941887870505,-1.5977297967950341,-5.807300191687426,-4.596935142387232,-41.27376811981443,-1.1409902486723786,-25.609896281754665,-2.2228812601857304,3.2530963253229817,0.8499045857104881,0.31925640195352745,0.16974467583231712,8.106028508604066,0.4037644611820279,0.023865153538050736,0.6971830985915493,1832
BaselTMA_SP42_210_X4Y5,52.920598055072325,0.8683991488872181,-28.55302083695786,-1.6841357125980398,-13.023075860600052,-1.1396420272856922,-0.2635597553803013,-0.056583528366367424,-38.39730419652033,-0.9572928958781546,-17.076645880961195,-1.849579242925132,11.323130441093195,0.9640242563348708,1.3955146350064251,0.5002178798526882,2.3744538247831475,0.07825446015974186,0.06160531697341513,0.38823529411764707,2488
BaselTMA_SP42_215_X3Y1,55.9315207030992,1.237398429488939,-19.6829460280397,-1.7681086900268035,-25.824872960696336,-1.4043840897027386,,,-28.85407818790564,-0.913578274379498,-9.602424223227217,-1.3556928975662244,6.87001302391104,0.3998422091654443,,,1.6569437293521487,0.07169066133106858,0.07966226138032305,0.318974358974359,2223
BaselTMA_SP42_217_X1Y3,60.439919678835416,1.3805254026836713,-38.89930771138293,-1.4244623636121427,-10.879860221533994,-1.3419310240302142,-18.65894485865226,-1.8527403997989462,-20.28233093104885,-0.5702898288877607,-4.462404526190436,-0.49112011267824707,5.375468263950138,0.3199430290257518,10.46273905118602,0.42496648411907934,-1.319351787740781,-0.02362316043690453,0.14716409691629956,0.22329403358342265,3843
BaselTMA_SP42_223_X9Y7,39.48410997976454,0.4647339607623277,-24.112531900055615,-1.8247289925661347,-9.030230749982895,-0.4003762414128388,-8.969268952713502,-1.4660079412021225,-33.41368343395991,-0.6753206055373511,-13.329291794873885,-1.5225525346394935,3.793531132119267,0.587644282508825,10.054813842296833,2.078474058023085,9.883861948688999,0.5205400145915716,0.04576951130561634,0.7117212249208026,2535
BaselTMA_SP42_229_X1Y7,23.189522813619632,0.10720571471147208,-15.123876573685136,-0.8569451424306782,-7.519758976425778,-0.47845117786986374,-0.1452734750308851,-0.020057652341253562,-25.159964187495287,-0.3729503561186817,-9.71715835347722,-0.7673466206086852,13.98731449737407,2.4669350781303625,0.2994217444097523,0.17625063969172727,5.234019444248278,0.5240959469482648,0.02089600343790288,0.8133333333333334,3053
BaselTMA_SP42_232_X7Y6,41.79614352209006,0.5558999180455734,-28.971437838481574,-1.1225891481172614,-9.074543506819614,-0.5610315702688706,,,-27.658904585403146,-0.6433151461342456,-14.101002419668358,-1.1923636523435737,1.879889954408368,0.21573533943499956,,,8.050579355945082,0.28323788210885753,0.07674180327868853,0.6046109510086455,2437
BaselTMA_SP42_236_X11Y7,33.35014325814367,0.6363966567401296,-19.43257625535714,-0.8807373942609855,-6.175273803050016,-0.7148174349773566,-1.7016593199555372,-0.5198902367384634,-23.526640173794622,-0.46965042425063763,-11.395765496919006,-0.792610000235082,1.2258007511092945,0.2086812278667903,4.275372888220784,1.1627295000381084,3.978987991576103,0.11791666769866709,0.07298657718120806,0.6142506142506142,2716
BaselTMA_SP42_240_X9Y2,45.24402688311399,0.33792709890175576,-37.72614538414277,-2.1532013055774475,-11.244736850812362,-1.1308584762674156,-18.795733046662825,-2.878638801412643,-33.800362136106166,-0.7634536233268335,-30.22470203391954,-1.7519068527670965,4.764890043296083,1.078225167305502,22.332131579092586,2.470623012058528,11.1217013623834,0.7559058565334471,0.016171328671328672,0.444141689373297,2523
BaselTMA_SP42_251_X15Y2,10.802052120146884,0.16459501402519036,-2.626286852662062,-0.20346361767318502,-2.132695265987573,-0.15240229567395366,-0.03227401653680513,-0.00639777119815066,-13.625566812537512,-0.24422853945632303,-0.3774204573999905,-0.05438544400090803,-0.4229528188353273,-0.17504548611091364,-0.01436590418527632,-0.010779838753242453,2.4349589126115427,0.21740189358370016,0.045263157894736845,0.925764192139738,1722
BaselTMA_SP42_253_X13Y2,58.41645231531735,0.4254218249274311,-19.85519496472815,-1.0546817237602903,-28.076619895715375,-1.5084067000517385,-5.439379191094009,-1.2493442022417516,-63.866345127081956,-1.424549253882164,-20.46961418020399,-1.3832160438781882,7.9525681239735375,1.1259435607245258,0.5881319606091943,0.37006059056046003,15.63110050948013,0.8476246461888313,0.02787517531556802,0.7614795918367347,3369
BaselTMA_SP42_258_X4Y7,47.01564635575245,0.8910230976084496,-28.63955173535078,-2.3390277201374348,-11.455043469733335,-1.2431621853403187,-9.688566531649052,-2.718087583960517,-39.58925534021894,-1.0987840951229881,-4.156682115545505,-0.4800540474321566,5.712063912322784,0.6902670316900935,8.975723857243828,1.4730847846467159,12.139742659227398,0.40864879573188195,0.03200253485424588,0.3726790450928382,1914
BaselTMA_SP42_25_X3Y2,30.198862890291707,0.0713249842995475,-9.404575809408202,-0.5818591594845618,-4.891321588010986,-0.3074557635840481,,,-42.41574012358089,-0.799184009809818,,,1.033260730515913,0.6214883767462702,,,14.10972355375531,1.9782360257083433,0.00610632183908046,0.983739837398374,3870
BaselTMA_SP42_261_X11Y6,58.512520437398706,0.7639419895512748,-59.560827816351676,-2.1471140643772144,-17.836720171594617,-0.7957113893512556,-12.959025715596175,-3.16488458511608,-3.8774185364590052,-0.09804083724409968,-11.601517260286665,-0.743746118889336,5.516707007958038,0.19763327168162165,18.34860232962099,1.4790908703862422,-21.11522635004892,-0.8294675903061772,0.11224674384949349,0.27037037037037037,3354
BaselTMA_SP42_262_X10Y8,3.3362498458264254,0.9822477310223802,-3.0044887415148347,-0.8046641627307185,-1.268152686469932,-0.7623488156441294,-2.108240458931569,-1.1160319934471106,0.5029795094329486,0.0525984882902855,0.7437868526628003,0.17074735978850503,-1.8406970866765706,-0.9720799145425633,6.533475108163122,1.1320316725398754,-4.15129983885113,-0.3811183180602508,0.1488095238095238,0.16216216216216217,218
BaselTMA_SP42_264_X14Y5,14.503440334519622,0.18501225903512217,,,0.9055726050920346,0.1744113050857438,,,-13.93583216118956,-0.229063607877586,-4.325319911467167,-0.6797767867639374,,,,,,,0.004460665044606651,0.9836065573770492,2181
BaselTMA_SP42_273_X6Y7,37.46804264127907,0.9904520544528134,-12.817371062094079,-1.1716815297123306,-4.165427867188319,-0.5644269486377937,,,-25.189578207030504,-0.4762844984017353,-12.871488864345023,-1.3113577923716078,1.38903526495066,0.305565496126469,,,-0.9599701441174696,-0.029821880091177384,0.03696065989847716,0.5714285714285714,2872
BaselTMA_SP42_275_X5Y4,30.16865867528089,1.824524978732464,-16.262441864500037,-1.537942090749452,-2.7957447718120783,-0.5726692245297268,-10.617478983532362,-2.7734689279051943,-6.075241761649614,-0.19537832959658952,-3.9902110426612576,-1.0462582172237265,-1.223655842126648,-0.16904730595081707,19.26316789040601,1.08511363394352,-21.044777496809296,-0.646381598442969,0.09888888888888889,0.12674348089751364,1811
BaselTMA_SP42_279_X14Y6,37.649959929253576,0.5377840454022361,-30.221309666386258,-2.0120225651105823,-13.297566003682041,-1.4240684505428387,-17.206799732785225,-2.791435237038757,-23.20232426334236,-0.6528620352130804,-19.385327940180094,-1.364900480984667,7.0740666095467635,0.8951952619761437,26.08390407087516,2.073217996645152,1.9189318719898614,0.11497559221490677,0.0333029197080292,0.3404710920770878,1544
BaselTMA_SP42_27_X6Y6,37.74156262319947,0.14307314693277493,-24.573136167455914,-1.1949508784779959,-24.567486534030838,-0.8404887422348769,,,-36.22927711187989,-1.0130881251177735,-26.598932316795832,-1.7473970773958503,15.134820494131052,1.7928743353168628,,,9.175089807868256,1.0989540589327211,0.03167006109979634,0.7203237410071942,2934
BaselTMA_SP42_285_X7Y7,58.832419126062284,0.24612996833700485,-32.98528701954508,-2.058874323889495,-24.391330587236776,-1.2115493300347333,,,-64.11741818640142,-1.2622155301113687,-9.57985812671068,-1.6576400052078244,17.573139237617895,2.1710858970066838,,,22.059638818376307,1.4328215647279228,0.017154157468727005,0.6259541984732825,3542
BaselTMA_SP42_28_X11Y2,63.56494420452979,0.8147127455079541,-22.64741206318706,-1.7767798695778885,-22.423113372748965,-1.8674611429688712,-2.0957976014563324,-0.5982971392227668,-54.65284035611963,-1.2147442907834092,-12.76749595656744,-1.601243728704502,10.265391809307154,1.1114724323044387,4.58856395674146,1.6192705514964516,6.651286197136904,0.25840919847738764,0.02609784283513097,0.4755927475592748,2910
BaselTMA_SP42_29_X7Y2,15.279192509535278,0.3632957313559173,-5.056619294481001,-0.7061007312803903,-1.552190296289901,-0.41022048298106806,,,-14.825870908212913,-0.3966567745002557,,,2.416581462031025,1.0931094043914815,,,5.365395729265188,0.5135599256564995,0.016272189349112426,0.9444444444444444,1028
BaselTMA_SP42_35_X16Y4,26.66822418750988,1.3176077484648774,-0.9681724266778385,-0.1304957708254461,-0.5343255126339103,-0.12175222173370935,-1.208586247337424,-0.5833586150185666,-19.144437812859543,-0.47065087199159017,,,-1.3187529219784262,-0.769771739249448,-0.024185450038594857,-0.016734015759801237,0.4098753436366786,0.01744218132468545,0.04921602787456446,0.8285714285714286,1684
BaselTMA_SP42_36_X5Y1,59.133950203756285,0.6177916569738146,-23.856966929890408,-2.0699810133224448,-16.75252196897811,-1.8626421256085561,-6.565525795763314,-2.396433531250992,-56.62548633778779,-1.2631648606723294,-11.934209520031509,-2.6681591797066115,5.631705294905608,1.0805237050251109,15.627999617270875,2.8775639243390065,11.038385459536153,0.556266564632025,0.013756927949327,0.49635036496350365,2291
BaselTMA_SP42_46_X10Y7,45.5352452454256,0.51868586695622,-45.06044584324746,-1.5256419562276837,-18.666626945771846,-1.5623345629738634,-15.091820259862713,-1.5886265529712469,-19.78140891465434,-0.42965599093599627,-7.06780160476037,-0.3970013452451234,13.186897664627812,0.9468673362527257,15.802750437341121,1.2206315842944317,5.700527621276258,0.2072870469342445,0.07627118644067797,0.3953316042978881,2901
BaselTMA_SP42_51_X1Y2,55.84158250570321,0.947566787862707,-22.26110919127919,-2.769562968688498,-33.8622848400492,-2.265728515003057,-4.718552771744769,-2.7534619140624024,-30.612543473129897,-0.9234171617335457,-15.29791080683653,-1.5590568933050954,14.395022152193588,0.9447488051507237,1.4924060958387928,0.6813732682028887,2.340172955506744,0.1348035626052905,0.0342031029619182,0.23034154090548054,1727
BaselTMA_SP42_54_X12Y5,47.243697847718295,0.7052472726027379,-19.624610035103725,-1.0526804394921765,-16.059477753104918,-1.0467973158080413,,,-37.80606190189423,-0.7247254740284393,-14.835499523645508,-0.9147883566118085,7.158287916908701,0.6180047518619364,,,9.670599798357761,0.35377020024116773,0.06468673718470301,0.6123727486296007,3005
BaselTMA_SP42_56_X2Y6,44.00596145706927,0.6728337851380224,-39.585920454543555,-1.2263578004122422,-4.407244668705078,-0.3552490046139513,-9.30053209632188,-1.5472292825497722,-22.51340295888585,-0.4693556149669517,-6.912047202085596,-1.270861130970924,5.574590010201377,0.5267326040703568,8.525796404479815,0.8698012768732986,4.247310163483647,0.09722102326269356,0.115841384863124,0.4353719008264463,3141
BaselTMA_SP42_59_X3Y9,50.61313525946221,0.25343537160232993,-22.443590960553546,-0.7201943735923169,-32.05907408541221,-1.7640236563792646,0.320919017248279,0.03231772027272845,-37.40481461407432,-0.6397026413140208,-42.04096372830525,-1.4151564282087161,4.897965416687101,0.8548020844600642,-0.37664397792622106,-0.21288056634438465,8.928351000789572,0.5524866237889055,0.03277197975964579,0.7406318883174137,4500
BaselTMA_SP42_5_X8Y7,56.336635623019994,1.7095360674217228,-25.757293044067918,-1.4032974302229428,-4.631171155172216,-1.2803624899737778,-6.067320045284571,-2.1135338195919138,-16.87157428434311,-0.6103061878986834,-13.816377782877664,-1.5530937468950772,4.278189781338109,0.4596276503029142,7.093422191193641,0.6757494334802812,-5.616958417041473,-0.11394256476009083,0.12233412322274881,0.20616814533164343,2381
BaselTMA_SP42_64_X13Y4,69.17022853178295,0.32669313672100664,-34.738553646444664,-1.3362539963936124,-47.81048768123852,-2.3094871500287146,-3.411421622144286,-0.6025605350969239,-44.79810788548169,-1.1629886173224435,-49.893817449206814,-2.29898023902754,22.11062072540381,1.6727578194774297,5.432588336333259,1.7768583212897189,8.113770891536106,0.6688166189899363,0.028224381625441695,0.480958230958231,3906
BaselTMA_SP42_6_X11Y1,43.15249238892767,0.5261523646161885,-15.100129514957606,-1.1692538243932733,-10.712557680097904,-0.879536357763977,-19.365478062333743,-2.465996974783142,-36.505280439184254,-0.8679647243631518,-10.220107292225453,-1.8208171818641665,3.843191544774841,0.7747900256713295,14.951427176534777,2.055860904584,6.0612601721376445,0.4234330738814615,0.03511100386100386,0.5695461200585652,1900
BaselTMA_SP42_70_X5Y3,28.259023696675335,0.7407327325946413,-40.38324869754804,-1.314919464760707,-4.297526006313723,-0.3281777065212073,-5.529368913890494,-1.0565835283663674,4.99319738503702,0.10919871932966063,-2.7565129232523105,-0.9445701662500029,4.075946121516917,0.21268624243454107,9.307046027020013,0.7776538938545187,-17.7977356141439,-0.40483750142768077,0.17553507728894174,0.28531498602451083,3097
BaselTMA_SP42_71_X8Y8,38.507179812139945,0.4955003603684344,-25.1454163085848,-1.8067954012092668,-8.363017164848536,-1.2044189875961888,-4.6809581865644665,-1.2701838963295125,-31.744213265121548,-0.7936982335089944,-20.550030672839576,-1.0877246848222568,6.010368977704709,1.3064820670942712,3.6895296868767478,1.234465253637023,7.372582174668162,0.4057432134398487,0.022527726432532348,0.4990583804143126,1976
BaselTMA_SP42_73_X12Y7,69.6068543382117,1.0866791664506843,-36.38442339002765,-1.6447205827829112,-22.832751797492424,-1.7454185140539156,-16.938153354017537,-2.961777651979758,-47.598365855952444,-1.4800116636110272,-6.321788965317804,-1.3217419286775565,8.048122027580497,0.5192212988432894,14.466441863084217,1.135873572198505,0.6167726918088627,0.016726222651387734,0.06870404411764706,0.3033122441384444,2867
BaselTMA_SP42_74_X15Y3,22.129273731129484,0.06410517212833815,-5.7386708431486495,-0.5566045848330916,-13.911191901293021,-0.5501068549084981,,,-24.71605031851234,-0.5579736764276149,-12.855673472923643,-0.9325182934826316,2.3841403562430976,1.168122758808327,,,4.749102057747978,1.3968329039012533,0.013163349917081261,0.9104859335038363,2698
BaselTMA_SP42_76_X13Y6,31.88715550564595,0.47637227598412635,-5.248521278655544,-0.7400794830490611,-3.9787396814747393,-0.7387369601714219,,,-30.226820368068417,-0.5463760550685279,-4.70363519707695,-1.3589588258323293,-0.16610828931880206,-0.1210154009613658,,,3.3529742959389264,0.3253224181271923,0.009227467811158798,0.9333333333333333,2440
BaselTMA_SP42_80_X3Y3,54.70523371316583,0.523846821982762,-19.75310025484725,-0.7597665393158276,-6.1609862364718015,-0.4378549134248068,,,-44.73878686140793,-0.7148493512243289,-30.49510895928793,-1.2787528244543926,2.776033918230126,0.48758024984426357,,,8.842700403185878,0.2980674604139025,0.04711802378774017,0.7949921752738655,4308
BaselTMA_SP42_81_X11Y4,50.126962377553944,0.25688804085452976,-14.771055666499397,-1.0532582180073,-17.21553438777544,-1.5472647298120463,,,-56.65713881410316,-1.1116417379784551,-13.152305202726264,-1.6551337176376297,5.7019580110459085,1.6424479953819164,,,13.776600816031944,1.2458251158015707,0.009410288582183186,0.8664259927797834,3203
BaselTMA_SP42_82_X2Y9,73.30764158607916,2.2425332184607485,-47.92179970780137,-1.4585960152000914,-5.78059324321055,-1.236492618381302,-18.307772539669415,-1.9791630303633125,3.6848055773593296,0.1603877805190034,-9.39059261370432,-0.9769370864001407,3.0127215120724107,0.15658768545472826,3.2412140540662318,0.06873075136397318,-16.846433730545012,-0.3288826264303022,0.23871100164203612,0.09535740604274134,5024
BaselTMA_SP42_84_X7Y1,9.873366181117916,0.8479011858889064,-7.322343094975402,-0.38103372658700413,-1.560589991047021,-0.3746650040683934,-2.395169844665335,-0.22525564649859786,-0.6855831288308234,-0.0374490506581985,-2.6011443072517277,-0.5185965472457896,-0.07965016558972,-0.0096138226077682,-3.9425623240768926,-0.2118651241191808,-9.158573906595901,-0.33413842829476276,0.4482758620689655,0.2706296441141963,1199
BaselTMA_SP42_89_X4Y6,27.752767083507404,0.9343064493781916,-17.729907653503588,-1.3216357545102615,-21.069209860871208,-0.4995527646399282,-4.081954238900614,-1.0947186572531387,1.9153899069173774,0.07771091328015689,-5.055269627815667,-1.070389327891398,-23.756972069865494,-0.898527625939516,12.7803679830123,1.7517350534965463,4.388741416942721,0.19901666248456712,0.36550888529886916,0.29051819184123484,2730
BaselTMA_SP42_91_X11Y3,62.99148537657366,0.3200031710774702,-14.431062579010401,-1.228847187894246,-18.812561070532666,-1.337502248028202,,,-67.09264127066943,-1.0722886172043402,-16.75310325982491,-1.3700120627292938,12.122585689671997,2.3980394229269466,,,8.340647880328927,0.7963022517533769,0.007847924659923265,0.7448453608247423,4086
BaselTMA_SP42_96_X9Y3,30.168889594412722,1.6030277735298752,-10.166379606405018,-1.1341014322190734,-1.948763218665454,-0.38455222541102946,-1.4134498986677493,-0.48748634934853613,-20.367932136070852,-0.7641255448034435,-6.754509258362911,-1.3531391525882177,3.980336651359265,0.6126012964087131,1.6750982211273098,0.5189963598639435,-6.569643006722716,-0.24036831210799575,0.08590047393364929,0.3394683026584867,1204
BaselTMA_SP42_98_X11Y5,37.477273033371674,0.3255670432587805,-8.074168057574495,-0.9803909560614715,-2.7767936831398523,-0.6338961459190787,,,-45.22229941152444,-0.8653201199276921,-6.318641311586986,-0.7954778595055231,1.1443547940989305,0.5723938272181007,,,7.973862574495286,0.8649178544764254,0.003925492610837439,0.9746835443037974,2511
BaselTMA_SP42_99_X5Y7,21.27357534024105,0.9636160627607343,-23.55214272595537,-1.4967006805179808,-2.9753666077956935,-0.6046644151637043,-2.4586197547496647,-0.9091330442194782,7.440812859970643,0.23364689131586658,-5.6185749558186515,-0.5694216498253781,1.362410198646091,0.14018215313250515,1.174299849564967,0.21619415163082126,-17.159719260165716,-0.48489525022409047,0.11852861035422343,0.19784656796769853,1923
BaselTMA_SP43_102_X1Y4,41.14536811178502,0.16042398243119896,-12.442172557007032,-0.7077276772209208,-1.2070783165494017,-0.1404151191698382,-0.9017961932187601,-0.03714335390834307,-45.96059383895923,-0.585069835978276,,,-0.8080531598287773,-0.6507645591169021,0.20573091072074817,0.1035897432641944,8.792003656121036,0.8414305893038844,0.01807190378710338,0.9311797752808989,5151
BaselTMA_SP43_103_X5Y4,89.33242905976525,0.5943004612070232,-11.358325844937294,-1.7636771418965993,2.334141966603959,0.22560948514324233,-4.980432132089978,-1.419784018528373,-103.68691368132598,-2.478065215149207,-9.789812682216283,-3.099154912118003,-0.9003746680457319,-0.7355221772965375,-0.501261036050705,-0.3219280948873623,12.134832446833377,1.1208543948743857,0.006058549825513765,0.9735099337748344,4175
BaselTMA_SP43_107_X4Y7,6.358977330829572,0.00745451047698224,,,-6.093524498040623,-0.5109619192773792,,,-7.942551214176891,-0.23333522853743055,,,,,,,,,0.0028100072516316172,0.9418604651162791,2831
BaselTMA_SP43_108_X13Y8,16.891316034003665,0.027493811430551136,-6.176374728530435,-0.3238371584609258,-11.33892215547046,-0.43273590530818146,-0.18083011507056065,-0.012727070926006527,-18.940446767474175,-0.2185232102630103,-14.00141626684651,-0.8302333938784715,6.497087948599129,2.0976632592181437,-0.678633079906113,-0.5360529002402097,5.037924199637392,1.0656722216846306,0.009184667138810198,0.9254302103250478,6320
BaselTMA_SP43_110_X14Y8,10.704846206737182,0.6096909338695609,-10.611790436941776,-0.7365982354716462,-1.6953459314783903,-0.2065582585388615,-6.397787876117357,-1.8370934104602898,-1.238275098266362,-0.04713441323108708,-3.1281153425985804,-0.2541308324634309,2.893951881569708,0.31978899192546617,7.8731598250516415,0.8896538906832145,-4.585115690321166,-0.20378502876119656,0.17795801526717558,0.3913808267370273,1126
BaselTMA_SP43_115_X4Y8,72.48657384170482,0.5188826660644928,-34.402793035158815,-1.08711498063317,-14.431975514408318,-0.7365456441959347,-11.10266242345975,-1.2374398902740928,-55.880593885201925,-1.0221778795668197,-42.931923102591824,-1.5869054766242086,-0.889153248887401,-0.12375255349012289,8.41174928877167,1.3463365215402159,15.320591993018706,0.5174212612351556,0.05183469896686854,0.6634189548272807,4931
BaselTMA_SP43_116_X3Y4,97.78304501263433,0.9317665038898064,-59.99090050540626,-1.460165601743755,-20.031106127229833,-1.534853925092727,-74.98708936587754,-2.3209745134650364,-25.089514116156586,-0.7310960805756108,-26.370961205551975,-2.056300781890077,15.447669063947973,0.856182511090729,1.4816900948541285,0.04037285394680994,6.573587052518316,0.2196612169406645,0.12421660791226008,0.24017503302509907,6069
BaselTMA_SP43_118_X13Y5,30.080148616077935,0.1811245081657068,-7.431245566215634,-0.4742844031281719,-2.313808163096858,-0.17381116999244978,-1.6021828851188396,-0.2273586742297974,-31.09293968787161,-0.5056995938502623,-18.64311766684905,-0.9378773353687481,-0.14856169577612868,-0.09592441999853558,2.6997842210262917,1.2601518973006727,6.895582114368456,0.7117152726046304,0.01622825625795503,0.9577114427860697,3309
BaselTMA_SP43_119_X9Y8,29.463717115510363,0.7286131362799384,-19.10237935700031,-0.9927231192834733,-3.155894091629164,-0.5268736624783585,-1.8552911014873121,-0.40618677986896007,-12.708105960631089,-0.3701300959054361,-11.600585590643439,-1.1757869859144898,-0.9249428411913565,-0.2109231629667455,1.019122796744434,0.2733582995577157,3.353622954055802,0.12172635893794474,0.09049586776859504,0.5652557319223986,1583
BaselTMA_SP43_122_X12Y8,40.18806962666601,0.36058237539416144,-9.760760797978316,-0.7956788872903372,,,-3.9314872124216005,-0.7180875839605169,-40.6803939824056,-0.5854801558460769,-3.959361236141221,-0.2566606406335904,,,3.6243801278719583,1.4672674580514016,6.3219683971891785,0.4524604342732543,0.010300372142477405,0.8947368421052632,3415
BaselTMA_SP43_124_X10Y8,4.427161467650852,0.5211144573391057,-1.2652791153030354,-0.5447326559326235,,,,,-4.7622707282407655,-0.22575601245235927,-2.1464154859321507,-0.5379650211839868,,,,,0.8967108512293358,0.1557070622084688,0.03879310344827586,0.9090909090909091,265
BaselTMA_SP43_125_X5Y7,21.381873136906247,0.40202812298663004,-3.213684388477146,-0.31955971691409724,0.1584173835555082,0.015248360411508573,0.08341576223911809,0.013724635454594947,-21.8573810064956,-0.38483043493454505,1.03931646278218,0.1874778951149814,0.3782060739229327,0.1600404125104682,0.738374866528083,0.43684186959719223,2.6387912086310554,0.17765663828355577,0.04072867298578199,0.90633608815427,1934
BaselTMA_SP43_128_X16Y7,64.71899021226761,0.19805163980301643,-12.607061635532549,-0.6100847975971624,-1.9812858153765485,-0.17754986724611513,,,-83.37743601317462,-1.527486427096282,,,1.852447136195066,0.9125371587496606,,,12.086178867396725,1.103663559173591,0.009288299155609168,0.921875,5104
BaselTMA_SP43_131_X13Y4,29.520131014772165,0.37501524657113494,-8.29812974049654,-1.204040078850507,-7.705216166829141,-1.067534817480922,,,-23.112198845590207,-0.545750378970517,-20.537860370932787,-1.1375462443208768,5.738426813537152,1.7571434761038367,,,4.419861088414764,0.5712997159561295,0.007533197139938713,0.849624060150376,1633
BaselTMA_SP43_132_X13Y1,59.24824121940825,0.3661536696269288,-59.19471456366251,-1.501727668138958,-18.48277544550607,-0.6013517997322549,-40.04963493893599,-1.8646563877569708,-14.772247605559539,-0.3386684486674685,-28.78845847881111,-1.2058442011803676,1.334745323863418,0.0951738649960354,31.45173150731965,1.626183811597627,4.256565250219128,0.2408478594659408,0.07959970620639001,0.46967501552473606,4258
BaselTMA_SP43_137_X10Y3,15.532890778691867,1.4895618400461763,,,-2.4518729551477065,-0.7327161211648482,,,-9.510127913445695,-0.734708244952867,-6.901509676447808,-1.1968254075208677,,,,,,,0.029661016949152543,0.4,282
BaselTMA_SP43_139_X1Y7,7.393583818380627,0.2619147973377058,-1.975729508444573,-0.16065448800049173,,,-1.2394855935061297,-0.1744440185777289,-5.208132088071751,-0.08851497376491166,,,,,1.2286239259623402,0.41119543298444966,-1.9777976609046588,-0.09113562019106239,0.04563492063492063,0.8421052631578947,2171
BaselTMA_SP43_140_X10Y7,11.949247062427904,0.1850860418569726,-7.374034471060755,-0.5206159200752061,-4.096767830397478,-0.3093906667832861,-3.2196566200148693,-0.5287309060880687,-11.915801528344517,-0.22080601194349658,,,0.6262935573294097,0.20433082559305676,3.5298514476491567,1.2429767534925402,4.495383477996339,0.31226916836504104,0.047358591248665954,0.8413654618473896,1789
BaselTMA_SP43_142_X5Y1,37.08465033697056,0.3830447517079509,-9.731948132886718,-1.9133161213500256,,,-0.1065468553113565,-0.016394438250668646,-38.46986562401433,-0.7109128975436708,,,,,-0.7701020953121626,-0.6507645591169021,7.734806662912542,0.8557772078773088,0.004740168539325843,0.8160919540229885,2453
BaselTMA_SP43_143_X1Y2,-0.21473398790384313,-0.08557573170607416,-2.1686149298370645,-0.2807123062125654,,,,,3.2436770841668574,0.5021747690118866,,,,,,,-12.029949292476735,-1.5865800015370595,0.5178571428571429,0.21142857142857144,109
BaselTMA_SP43_144_X15Y1,91.70701649618668,1.1306708074758236,-34.685172984200726,-0.8703987614582753,-2.2077288279748117,-0.2346239413638556,-77.80166999551774,-2.1919466925069147,-5.499613135963868,-0.14692877150078104,-13.765282109725618,-1.2432460189788321,2.060578422344754,0.26682480074674114,2.893076393297758,0.05386879466065991,-3.068957766402494,-0.09930789979311656,0.18148194583751254,0.21852731591448932,6267
BaselTMA_SP43_147_X6Y6,2.691602978863322,0.2703552051943735,1.0738644235994887,0.1502537581672569,-0.4888056695708509,-0.10614909100899779,-0.6770474572388272,-0.1503791478832995,-2.130122989168797,-0.13687884522063026,-2.362362678305854,-0.28637998578607843,0.8403430733578285,0.24772715304594548,2.35909017323238,0.6185962373729865,-1.7570718455808887,-0.20304757518859415,0.21234939759036145,0.6885964912280702,322
BaselTMA_SP43_149_X10Y6_222,26.074490794828165,0.7493595291404972,-16.059101922968775,-1.789807486512628,-6.936738281599112,-1.1040259685158307,,,-19.034782427668034,-1.0024661623093423,-10.108290184158212,-1.8838162901753939,6.880655798280986,1.2161334308647656,,,5.513556722783466,0.40050730944250185,0.05731225296442688,0.4520547945205479,544
BaselTMA_SP43_149_X10Y6_223,4.8054700829771475,0.6503112119120239,-1.971653366474822,-0.22183809827467846,-0.8155856148627181,-0.1617569778266162,2.1805922787454244,0.5798191974451964,-1.7667219168715624,-0.11167254459084747,-2.256979050637029,-0.47456583453847484,-1.900725538990036,-0.35954732065627115,-1.7775561289383526,-0.7036645197987141,-1.456529696215241,-0.07928607342437219,0.2690972222222222,0.46900269541778977,468
BaselTMA_SP43_150_X5Y3,47.75603117304598,1.4312997547388682,-3.132825904013356,-0.47901101349704744,-26.90690874914998,-1.1189795681623202,4.738155403096766,1.0210958354555082,-25.26104767681971,-0.8199778226111821,-2.3594872285929984,-0.576473765104831,-4.338788927968429,-0.5200343211970603,1.533582732923672,0.810966175609983,2.718736347346547,0.21389568962859098,0.1622081712062257,0.300794551645857,2342
BaselTMA_SP43_157_X4Y5,6.838345121601334,0.46090578643237334,-0.12682702082419686,-0.023074266176116263,-0.4969805521526656,-0.06760386538085414,,,-6.63841472087866,-0.22289774214683838,,,2.726774985642099,0.8624964762500651,,,-1.7534603393760322,-0.16397135965512902,0.0738950276243094,0.7869822485207101,688
BaselTMA_SP43_15_X1Y9,48.029485884609336,1.5853137182393653,-28.726747647920497,-0.6874936949158232,-7.580751924889588,-0.5161761291363072,-12.01066144360199,-1.5420665373383677,-1.1699985794295746,-0.05678114944509572,-9.642779849127422,-0.6726936168926557,6.3148504256364415,0.15194510514571882,7.788447939099114,0.23892832035755465,-8.524717536309081,-0.21072756156304515,0.36349453978159124,0.19870370370370372,4396
BaselTMA_SP43_168_X10Y5,13.99221124587963,0.010229854001894422,-14.901145773906528,-0.44099546931791195,-4.019932740640609,-0.13335704041140817,,,-10.420466244185878,-0.27987426544845767,-17.387585789068194,-0.7081933344705836,0.5448693816389918,0.3084658350807999,,,8.555430225920054,2.245825115801571,0.008688048816788212,0.9603803486529319,6908
BaselTMA_SP43_170_X3Y3,25.928330684006557,0.1996688152378157,,,-3.457273723153222,-0.3585570168780849,,,-25.824254962338728,-0.4978279554612748,-11.173647506586956,-0.8362785186560521,,,,,,,0.0077072997873848335,0.9719626168224299,2024
BaselTMA_SP43_172_X9Y2,33.5503984925309,0.3529800438760274,-15.103189366219167,-0.6581226755852417,-5.313975921154878,-1.5045226124014217,-3.043139161264851,-0.3885831783702281,-34.92291897301901,-0.5732842413467161,-8.800123737262817,-0.9976619241337683,0.10632121171830852,0.04766643363031458,4.426980441243186,1.1195816157526723,9.541188248065612,0.4099690709091021,0.04372817229336438,0.82560706401766,3053
BaselTMA_SP43_173_X2Y8,29.6616891287578,0.061791918409453715,-11.07942363730064,-0.47784124969350017,-6.755202970989115,-0.48691455470711303,-4.158795475593643,-0.3833728030094425,-32.25236660157829,-0.7084038415434757,-27.039967112764998,-0.44235256641288456,0.9658918199937224,0.5994620704162712,-0.7557541653801284,-0.5704629310260411,12.333889283917733,1.7917168615874817,0.007584654531219417,0.961340206185567,5802
BaselTMA_SP43_17_X11Y4,43.08446990539315,0.17067479109396144,-23.597085053005415,-0.8946756188631869,-12.36675505088182,-0.5862774286938998,-3.021778740874694,-0.3168272231944969,-46.07449772929452,-0.7582072575059344,-15.885972968283411,-0.6920185504527125,4.269489984132314,0.9387998435632625,5.585724539326579,1.7525064450619845,20.85881865866464,1.2329883706241846,0.02848762455801993,0.8571428571428571,4059
BaselTMA_SP43_180_X5Y2,34.15121368361596,0.27919069711505035,-30.761440341415845,-0.9803268126200632,-7.101871720204732,-0.4229108768404571,-19.319670447283322,-1.3604163039886477,-12.898676635405923,-0.3569967951918057,-14.28777900014035,-0.4588457874875926,2.6691209746372992,0.39531248230951815,18.32360163421859,1.614999250925354,3.588789319636409,0.24634585929691868,0.0720954356846473,0.6338797814207651,2619
BaselTMA_SP43_193_X9Y7,30.88523519941569,0.33118259700402186,-22.86439325751188,-0.3469918404275437,-0.3061982390574521,-0.020610279675286152,-4.610764696820343,-0.6833380949486254,-24.77890970815689,-0.637676987221903,-8.127487151589593,-0.3765960066918411,-1.105611688240545,-0.1076878693143735,4.978935282880589,0.6451572826399025,4.176532017587605,0.119922522671825,0.26604540358744394,0.63633733545494,3659
BaselTMA_SP43_194_X11Y7,9.526370472722197,0.6714053755230822,-3.5863564149324807,-0.5468349046835626,-1.988649175186235,-0.29873547947440376,-8.253012632201804,-2.607262018876778,-5.058884937255869,-0.15892811965995357,-1.5282798932369797,-0.6156731035721884,1.3089411989907498,0.32579764134901396,4.7745593025635085,1.060021235059294,-0.33486206845211447,-0.020169972403662913,0.08333333333333333,0.37142857142857144,933
BaselTMA_SP43_195_X11Y6,44.23592665201111,0.8255368260249798,-34.91751409654637,-1.589106761263109,-25.799525865112294,-1.2516688068852644,-11.025541858654687,-2.219133310879593,-10.669626437029754,-0.3129973204993779,-5.326928160785549,-1.5915597458278015,7.860001973916261,0.37595860163108097,8.950207794305747,1.105124401029109,-3.6987701966237703,-0.1499231092072169,0.10808051341890315,0.31580565805658056,2217
BaselTMA_SP43_197_X4Y9,21.39190804636634,1.0152283876145751,-4.094412398975677,-1.4185013545824152,-4.70944454804681,-0.5094204606424158,,,-15.582531052223315,-0.5720752412529572,-6.095162122379801,-1.295135249000818,0.9721317917671379,0.3249368447597006,,,1.7578267957508353,0.1975288017781209,0.05568720379146919,0.6206896551724138,825
BaselTMA_SP43_199_X8Y5,24.481240071186395,0.09284492496127071,-16.411575940636773,-0.7833650267251663,-3.0936245472157764,-0.16603284897574186,,,-29.188088293663576,-0.542837767552656,-14.251489370390491,-1.3633713540739472,-0.5184776384286787,-0.26803508689216016,,,9.554006832958843,1.0495571526298009,0.020578647106764467,0.8741258741258742,2943
BaselTMA_SP43_19_X15Y2,48.0698861728172,0.5128758832400199,-11.036432158943198,-0.685065133736933,-14.588582716160664,-0.8279979286678998,,,-41.56413360309745,-0.6580697334728512,-9.285835230408145,-0.6661625545663098,2.599552058157707,0.45160664166095826,,,7.368286933269258,0.34833629466819127,0.03794512551079977,0.8212083847102343,3520
BaselTMA_SP43_1_X1Y8,30.32983517850332,0.1938410486912235,-5.835319391339451,-0.6423164937471647,-7.280769716794382,-0.9013327974752344,,,-37.780386153572096,-0.5666013208012368,-9.418736735673852,-1.3178828828294136,-0.7933250912750927,-0.6369145803558781,,,6.456595608382677,0.9118786598694343,0.005575539568345324,0.9916666666666667,2907
BaselTMA_SP43_200_X9Y6,45.79754973135452,0.261674835378539,-13.840012820420379,-1.9048524106108566,-12.9003943169564,-1.5630445860110533,,,-58.825752051299375,-1.4538153768964082,,,0.7545623404055867,0.45732922099528256,,,16.670950615851353,1.7723175929574027,0.003925967470555244,0.7431192660550459,2332
BaselTMA_SP43_201_X14Y5,81.50572172421401,1.3155075635272226,-24.959088340877017,-1.6959242370185992,-6.836383755774883,-1.0715118679711504,-7.582515223657407,-1.8292858088934787,-60.41631906975155,-1.5387253711492968,-21.80318165505445,-2.6449817564718714,1.7484417458602473,0.3325521074697193,6.485561978052484,1.2301453067189112,9.413683288806507,0.2641015819813172,0.0331151832460733,0.45806451612903226,2948
BaselTMA_SP43_202_X9Y5,46.281722147207525,0.3965233920942491,-11.496507132695559,-0.8193520308080219,-6.843559299861758,-0.36093903565213753,1.4594101012638911,0.12854732575889855,-48.180239344001,-0.9171711459839106,-18.059510496106018,-1.3617683594191534,3.0096674128739163,0.8305683119633797,-0.8475333462855901,-0.6135316529179271,7.819904058511974,0.5961743074837749,0.03514533258803801,0.8788732394366198,2976
BaselTMA_SP43_205_X3Y6,51.088886970591545,0.47618106869644705,-21.469089263076796,-1.827415358693968,-27.732693117906916,-1.4872760685640463,,,-53.95697220932544,-1.4865287302275279,-8.749955716670556,-1.2560470442176543,11.314122000669553,1.282328579612461,,,14.916409838867128,0.9578957828836148,0.024913194444444446,0.5989974937343359,2298
BaselTMA_SP43_207_X1Y6,47.05621265960622,0.47909279751398215,-13.016017608577437,-0.7651079225274754,-10.325704488413088,-0.8110553281668134,-4.068621752703179,-0.9373443921502322,-48.67097724373214,-0.8377127075221806,-11.96034058235312,-2.1938768539603406,7.716778927726247,1.36202781475104,0.29938792697638494,0.1905855557641016,8.017301112740965,0.42335693713571965,0.029093567251461987,0.7982326951399117,3131
BaselTMA_SP43_209_X11Y1,29.78213591868891,0.43471988923445215,-10.399179045246361,-1.199001020468205,-6.522324983579246,-0.48735064717490273,-0.45875224286027394,-0.06510449966559016,-29.032410002945657,-0.5975585049420766,-10.32294327381378,-1.3042270826563356,4.534841605513558,1.1336245641301954,1.6555041464507716,0.7755480564852577,7.097982078194417,0.4985983230601917,0.03183613030602172,0.830379746835443,1962
BaselTMA_SP43_213_X7Y7,30.030326810515323,0.6088137911140465,-8.737896484734492,-0.6437593342691013,-6.104054729989446,-0.4969807198192603,-0.6668892009040143,-0.0955987518608126,-24.743801529886582,-0.5971746789108986,-2.4190102707821435,-0.31171724914308413,2.332914851450146,0.43121611150686123,0.8086941052254665,0.27887977323926916,5.847742996614089,0.281666256476387,0.06924460431654676,0.7734724292101341,1638
BaselTMA_SP43_21_X3Y5,31.867446605483533,0.7084466857930674,-16.094169035105402,-0.8210708533438541,-11.200895152991006,-0.9815797475793578,-4.687991138909927,-0.7998644108818522,-16.79749478517716,-0.44353529510265716,-13.982225185224122,-1.5954370453695923,5.119773480493491,0.46946275016925054,5.726350756029633,0.9157326102494316,1.8314888589931988,0.07162136487383744,0.11953125,0.5222141296431173,1743
BaselTMA_SP43_221_X2Y7,1.8028237622861347,0.129360453752199,-3.5015273183110636,-0.5289501082343665,-0.5105647349382244,-0.16309613843601148,,,-1.5880729189821963,-0.03569584187391069,0.6746663150865903,0.22962399056752392,0.4180736676334712,0.23616354110904847,,,-1.527071725031753,-0.07952033964352638,0.032114624505928856,0.7256637168141593,1280
BaselTMA_SP43_222_X7Y2,42.33526693781972,0.27044875589887346,-24.91003682137632,-1.02727753340428,-16.060222050862215,-1.0565835283663674,,,-40.760275672885136,-0.7250752584686803,-10.448594109870525,-0.4285030433082227,10.529485819663831,1.4159324714172772,,,17.5377997957373,0.8315755294067962,0.03206928838951311,0.7455121436114044,3193
BaselTMA_SP43_225_X2Y9,15.454651558943656,0.12187421689514184,-3.8292716638782784,-0.2576349363005366,-3.074966349688835,-0.2490851380436276,0.9388791398021571,0.06169232240624188,-11.147300813490675,-0.17968943850812766,-11.707067190850802,-0.41926679245437765,2.8237529980642324,1.1093587560365563,-1.561129683016302,-1.462052318796433,2.150456553152059,0.28622835162402677,0.03131648936170213,0.9405772495755518,2904
BaselTMA_SP43_226_X6Y9,22.6059191480771,0.04833698657555883,-12.251867625789746,-0.388447071594042,-6.5729037745921035,-0.40171612078100993,-3.6456833552602923,-0.39127018923970813,-21.698195580835968,-0.36859802110807205,-15.321686928443883,-0.2861604385692977,4.414410481437993,1.6122698467168917,0.16968857421361516,0.11247472925841236,5.504529095543896,0.8824896459358729,0.014405305501195911,0.9212481426448736,5282
BaselTMA_SP43_22_X12Y6,23.056942634144686,0.11124599785094383,-3.66034496368828,-0.23354254585316975,-5.780289356724797,-0.2519063021642466,,,-26.66732756313773,-0.4396627892840397,-6.767325754356025,-0.5123225112060054,1.9557429314501482,0.6732709188488165,,,-0.13105465618006207,-0.025968920118492368,0.02524885939444214,0.9416167664670658,3123
BaselTMA_SP43_230_X11Y5,68.6984870876654,1.6556742367571282,-29.13026559002026,-1.9478369349824374,-37.72879398434794,-2.370463595391378,,,-16.577552225697897,-0.700264151347829,-11.945829709756357,-2.3540894060169624,10.917761198083618,0.32474644100516903,,,-3.562953341787817,-0.12829094301783925,0.10833333333333334,0.12450469238790407,2440
BaselTMA_SP43_233_X13Y7,46.38595994993731,0.728960191615216,-35.70141048128076,-1.1145037101369946,-19.095002953926947,-1.5634034470683744,-7.061486158137252,-1.3973197818275334,-23.08419098768237,-0.8782970596275312,-12.802660991927908,-0.9554169653913149,5.655434161272506,0.32283671167599576,4.77315826546588,0.6761027393031258,10.556431944553305,0.3643571351112413,0.12778662420382167,0.42474444836094466,2139
BaselTMA_SP43_235_X11Y2,23.865582613919273,0.2415629794825748,-6.682010479109668,-0.5277679563556634,-5.0954975088340575,-0.8178855895497736,-0.7028594726430172,-0.07985268422536296,-22.467170109955365,-0.2968395947385388,-8.849513778066846,-0.8133936920028866,2.1861377450032697,1.0409717810563064,1.9378680628315803,0.9550230912816161,3.555314306734898,0.29615957586589153,0.01535532994923858,0.9034267912772586,3477
BaselTMA_SP43_23_X15Y7,65.66086771437713,1.0656747578877328,-43.647922910855414,-1.7468643889099285,-19.654103754457772,-1.1120812133108287,-5.762762154997132,-1.1978437050072857,-42.47759840008137,-1.7880843601701815,-7.445598961247828,-1.9716111734132242,7.448431354181233,0.3443962619486945,4.1079060711365125,0.6033346275574326,12.45234083910784,0.33746419370579706,0.11743188698284561,0.33056835637480797,2607
BaselTMA_SP43_241_X7Y3,18.15009893179793,0.037994826333988256,-12.32118494100535,-0.46372858809414447,-4.333743893771845,-0.26655231794239587,-4.803603780651693,-0.4915250043395119,-12.946998756401623,-0.3797431090258916,-26.694564478643407,-1.0825527830715036,2.688970008568571,1.1591451626890699,5.239737617419522,1.8365012677171204,5.851770152790164,1.2594875201114555,0.019343649946638206,0.9063604240282686,3041
BaselTMA_SP43_242_X5Y6,50.90355568723051,0.46351548448070234,-44.55827627126521,-1.2053566360746193,-16.97379925941897,-0.8124086334260188,-10.174744045564676,-1.2047232848564122,-37.63609339648915,-1.060277381842493,-14.366921989797147,-0.919975630928453,11.807964681003096,0.7168246774287662,12.075441326319057,1.3548427173600974,21.16604501057163,0.758900522027381,0.09908536585365854,0.5497848801475107,3063
BaselTMA_SP43_243_X13Y3,53.17616853440515,1.1620108204534345,-13.799760811663624,-0.9927684307689243,-4.659945257450725,-0.657887902785982,-5.290169455620781,-1.4726610577569752,-45.66361922132554,-1.3519405714779078,-13.118595568926757,-1.7367285605097622,3.4648173976386505,0.6276050347619758,9.90470750348115,1.8889686876112561,2.9643381604734595,0.10916744606217221,0.05542813455657492,0.5710186513629842,1947
BaselTMA_SP43_244_X3Y1,28.060319597204998,0.5546842471358301,-4.807744518460954,-0.32439152507105384,-6.858078642473346,-0.5307663014951677,-1.9307460357934663,-0.511202950944616,-21.876595413073904,-0.3376870514778579,-8.607951403043122,-0.8864740461441803,3.385511201649415,0.5681575385614939,-0.4309148619027532,-0.24336442569366018,-1.6742620268277943,-0.06990267076386587,0.059326171875,0.7726675427069645,2939
BaselTMA_SP43_245_X6Y5,22.854527818820483,0.05648954186450274,-8.89598936477679,-0.3031428370960804,-16.752175755384364,-0.41416936689917916,,,-23.3630168847304,-0.39177516413974883,-21.17958934047524,-1.0992848765413903,2.7474516311108492,0.6431292081312796,,,10.005245408333453,1.1684071738000592,0.034260642270351006,0.8920415224913495,4628
BaselTMA_SP43_246_X2Y6,29.591181892430743,0.1363127544230199,-4.9916618462545825,-0.44100754898749384,-23.46948114662732,-1.3394253537504361,,,-30.887664087175803,-1.033280335768935,-24.48704620213194,-2.0133729260785,5.564986911144398,1.5902875082357613,,,6.57047718872769,1.3964711448620235,0.014765784114052953,0.811704834605598,1738
BaselTMA_SP43_248_X8Y8,11.803576551500925,0.48988076555815635,-6.738921844204052,-0.6497343739350352,-9.399764488274219,-1.9398730123079473,-3.249232597690307,-1.0300837927987694,-5.355824852315399,-0.17495587074746574,-2.604475832477284,-0.30953353416997365,1.324203756248833,0.26798928777655845,3.305888330472929,1.0299644318968553,-2.7055528431389013,-0.1717999561655635,0.06895017793594306,0.4383838383838384,798
BaselTMA_SP43_250_X1Y3,45.54026629494568,0.5826883753967594,-17.57879209807118,-1.55553619118152,-15.925569094426471,-1.5027563742308763,0.05621829669371745,0.0064437709038013755,-43.96095866019752,-0.868855678783289,-10.66408966844333,-1.2907782513201795,10.511533533674825,1.542502474400858,0.2570527237026803,0.11420873792976771,10.897517895274326,0.5568082481918459,0.029708059210526317,0.6781609195402298,2457
BaselTMA_SP43_252_X6Y7,12.971515879348027,0.1461480519477594,-4.759024195969823,-0.2635717803639071,-4.3885659669042765,-0.26905191212151863,-2.3629868091296773,-0.3298411765306272,-11.584036364939724,-0.18506823231184846,-2.615301303234253,-0.24864607366068053,2.40988138807427,0.5455316192225447,-0.36437972500470767,-0.21256933885080598,2.9416143370512398,0.18937049251236626,0.050977198697068404,0.8885135135135135,2647
BaselTMA_SP43_260_X10Y4,35.9305189549547,0.37777745828555565,-6.473000280492391,-1.126871225808575,-5.923510527981138,-0.4856057217133304,,,-33.47914561585634,-0.6025530099872104,-20.442769161800165,-1.4617278885301526,-0.7307345310372613,-0.5753123306874368,,,2.237480328672299,0.3113588531771751,0.011790998766954377,0.7370517928286853,2829
BaselTMA_SP43_266_X7Y8,53.29771572867959,0.3250983492115156,-13.613383240235333,-0.876521958089221,-0.32055149457670873,-0.04030798865353698,-3.5026241402096443,-0.4016109642489549,-55.50560200677192,-0.8431803144015412,-24.9800146907564,-1.3698652660569353,-0.16701883703705853,-0.12763327972587377,1.0145618450347984,0.5858644670155487,10.240450504348114,0.7155221730727274,0.010756385068762279,0.945859872611465,3860
BaselTMA_SP43_269_X5Y9,69.08118849847524,0.6281022288049354,-18.151638707109825,-1.1347206739259874,-25.724852659978836,-1.0789670625928593,-1.2382662215838012,-0.21921817354130427,-67.52352512625048,-1.3397550976225245,-23.836595005354415,-1.85512014855963,8.990220786714934,1.0294835158493942,-0.24754520822885115,-0.1741933330791158,7.982110226401873,0.4474788489406001,0.03138173302107728,0.6730615507593924,3942
BaselTMA_SP43_26_X16Y5,29.093331631041764,0.4230972350132712,-9.040193290802277,-1.02309402213062,-16.476852650685604,-1.197603045860557,,,-26.50151268481647,-0.5654488498623244,-1.4402087970484123,-0.3383595818415907,2.2021346079775372,0.6277746395937014,,,4.23211163792358,0.4353779475630193,0.021021444695259593,0.7797619047619048,1592
BaselTMA_SP43_270_X6Y8,77.17633925390035,0.3484427809398254,-71.3394564590014,-2.1474570983758547,-16.63240860743828,-1.0189181346035368,-44.38592734629533,-2.2927237898826442,-24.483298475963505,-0.6909798844058843,-57.66533989281302,-3.9601771532666077,17.006543511874803,1.5855241380388503,41.869109645389536,1.8803029732604344,3.528504684316795,0.2674314940292572,0.04069208586991349,0.33885498401627434,4303
BaselTMA_SP43_271_X11Y8,40.67408828698937,0.6791903791896134,-33.56937891012765,-1.7566563903858812,-10.41726668274231,-1.7991884165650487,-0.5082327524010739,-0.05612969776892906,-16.066712283389204,-0.44100199842491516,-26.42347846372221,-2.183638548689604,6.025579911928789,0.8918755897450154,4.5617819098244174,0.7378906952180321,2.7259035750250162,0.10127485084676935,0.05799373040752351,0.40350877192982454,2256
BaselTMA_SP43_272_X11Y3,15.381579711304543,2.560170039269869,0.468746820835923,0.09193899634372091,-0.4872909998960441,-0.12158710496761459,-1.755719188097772,-1.875780063068488,-4.87966217658176,-0.2549329153664421,2.6139320674797473,1.1337984980674594,2.6230754497483892,0.30378899531409503,4.849961268407671,1.2688167584278,-6.060922675508892,-0.16183301393383234,0.15,0.17980295566502463,1778
BaselTMA_SP43_278_X3Y2,37.42695070627184,0.14682125527934983,-17.35767515907472,-0.7675169014453489,-12.667677070468631,-0.5676987956854028,-3.3319829535092995,-0.3716408548850599,-35.95090487811314,-0.7111824676311569,-30.545348867312345,-0.9158551898657781,5.220110219617257,1.2614614145376168,0.8544770837799155,0.46643665178548804,16.013254317631702,1.4524444104708132,0.024835043988269793,0.887434554973822,3430
BaselTMA_SP43_281_X8Y7,42.15548847374529,0.65760302294684,-8.901831952077275,-1.1234612491459612,-5.9554848036897745,-0.884297343867067,,,-39.269273723796196,-0.8570955258547691,-12.224327541830972,-2.0549449235003783,0.41185072420656516,0.21479822018094616,,,7.358503846336698,0.48866773158931,0.014676113360323886,0.8011695906432749,2198
BaselTMA_SP43_32_X4Y6,25.47591397111411,0.08235558504302322,-7.060923909307852,-0.6198668383823459,-2.2139728054165975,-0.2431657028061051,-1.593464464761343,-0.13503162239274194,-27.300128594117343,-0.3520760011224548,-11.20023816360766,-0.9530969089759287,1.4799369630609758,0.6896598793878496,-0.6507046104639048,-0.5558161550616397,5.3378944238444115,0.9834244437978173,0.005214771322620519,0.9798994974874372,3914
BaselTMA_SP43_34_X12Y5,38.6506695532979,0.42970018177032315,-25.02313210386289,-1.5795966063077769,-17.63164573455477,-1.2356209763952035,-7.7096479860051454,-2.218781167784069,-27.568780296537547,-0.49693288449696926,-13.509938647533618,-1.7344174126838052,13.798997346929129,1.39916066621478,11.288466718197773,2.3819354042516396,4.861880937506474,0.25954341481878,0.03166790490341753,0.5555555555555556,2451
BaselTMA_SP43_3_X13Y6,32.26260155445914,0.9999764074694251,-0.4081691010606974,-0.060212121899166166,-10.825255605248353,-1.0079412937981655,,,-25.41376859879314,-0.6113314743964547,-2.980870172591605,-1.0772429989324603,0.6309700565275933,0.1826436857848968,,,-0.4618189272479748,-0.04201231562229541,0.05515521064301552,0.6449086161879896,1563
BaselTMA_SP43_43_X5Y5,42.828923338946865,0.9699447108554803,-30.919174946889676,-0.883196769485845,-10.222339798294023,-1.144765815758725,-24.023784753564318,-1.942014980776111,-3.146787780875931,-0.11593541831489676,-5.310885961791738,-0.9284271768756853,5.792585930544186,0.3370917594734261,10.741351231908833,0.3709588760893701,-2.8125950306397054,-0.09836102014433909,0.24454941860465115,0.29066811909949164,2250
BaselTMA_SP43_47_X16Y4,57.05239553791912,1.4364726332685156,-25.904373765623962,-1.655715754966477,-25.422449953272206,-1.4818086864070523,-5.394336117674348,-2.6163576969966904,-26.679789571354192,-0.7657280322271928,-9.346383701052964,-1.0932419989452158,3.20263204738174,0.1506241262770175,6.266059446649407,1.2276920250415966,4.977119003578497,0.13321068568468414,0.10133587786259542,0.25176121616611047,2635
BaselTMA_SP43_49_X1Y5,54.8522376990329,0.2563942530913911,-35.94782950538175,-0.9597961941873927,-13.987292224985614,-0.9096651849464129,-6.072022025897445,-1.25256526113959,-57.50520960752623,-0.9770397272597989,,,8.662133294767786,1.3370349872775706,8.555629673070449,2.124781624710026,16.963441147679493,0.7852145830136733,0.035333978702807356,0.7292954264524104,4237
BaselTMA_SP43_4_X15Y3,32.306838682297474,0.5375866531691924,-2.809664667877311,-0.3866437550198464,-5.63302395906201,-0.5205908942346813,,,-26.220757599238205,-0.4283714823027117,-8.207183066801349,-0.6392727893856269,0.5131275356095727,0.2717166489335946,,,0.9368831350540484,0.08893372842028813,0.016996891996891996,0.8949416342412452,3076
BaselTMA_SP43_50_X7Y1,33.38352223321113,0.3524675724134691,-26.257098477635687,-0.6211651393763773,-8.062687744146707,-0.5885293161469592,-8.08077514556122,-1.2328002756764036,-14.501567847547015,-0.2991666450710582,-14.097672314530527,-0.9052977772950369,7.612987874633563,0.6736562026115254,10.38222176362348,1.332165203513754,-6.390368452834197,-0.27835568507893216,0.14263754045307445,0.6093436514760676,2902
BaselTMA_SP43_65_X14Y6,0.5438672815502607,0.28630418515664097,,,1.3666336954992009,0.48165855035702304,,,0.60126401378719,0.0708231764247308,,,,,,,,,0.18055555555555555,0.6296296296296297,98
BaselTMA_SP43_66_X15Y6,3.854930780366223,0.7342734186154984,-0.2871474974989317,-0.016898551496352526,0.42739645492097245,0.037826187100872426,-1.616038489217707,-0.32653734813995183,-1.5159353168881664,-0.12034136481770706,3.494895234879821,1.0137327904897733,-3.1700995188755967,-0.1023072331373688,5.7350128376124605,0.34662826065802105,-14.909051029018928,-0.44109802376789925,0.6170454545454546,0.1537015276145711,1646
BaselTMA_SP43_67_X14Y7,54.37708638478352,0.972325810584564,-39.387684479154444,-1.0241417968444577,-9.446909098662907,-0.7267317779716228,-17.825399829307003,-1.5283743090905544,-15.591687401808173,-0.45055723871541714,-4.959883752488974,-0.6444034177040789,0.8274969866503448,0.046462985453297564,11.018712070352278,0.536163565751879,-5.43616205458345,-0.13237840659426797,0.21136143410852712,0.3229892336922103,3352
BaselTMA_SP43_75_X2Y5,76.30756609388418,0.7115503713514797,-65.61025041074113,-3.4575807586890015,-11.623414659535216,-0.6166206253957637,-47.235587369684744,-4.133325927464881,-31.194626718361366,-1.132666569020885,-8.359273603344962,-1.2982291336363496,-5.560405653290103,-0.5594650174835841,27.45597928763129,1.1090794462217852,13.666278895846121,0.5654606730258771,0.0453125,0.16741405082212257,2771
BaselTMA_SP43_77_X3Y8,7.433748590929594,0.31649023953191435,-12.161253782487288,-0.9811726104509231,-2.877998877265284,-0.4519276098191096,,,-1.866730565059094,-0.03312520323163613,0.5460810507219899,0.14331736557882752,6.425858030557139,1.0590967854206088,,,-3.51923834926404,-0.1169703164335861,0.057622504537205084,0.5168918918918919,2080
BaselTMA_SP43_78_X3Y9,80.41725501383522,1.259549135638955,-28.11375745217143,-1.663183678345967,-7.640225832699182,-0.8164899972758468,-5.492955533490256,-1.8039650256273914,-73.26808384598507,-1.3885969470212722,-12.865764676941694,-1.839191788088286,3.4299953358495245,0.4818245904900462,6.250716443981853,1.3108729063783666,11.335285693945075,0.24062934847602843,0.040565345080763586,0.5055837563451777,4334
BaselTMA_SP43_79_X7Y4,49.10846206711982,0.6965625126981745,-19.033960653206538,-0.6593659685316673,-2.949415118694605,-0.4169117848101944,-9.671534075360626,-0.984092155053381,-33.14014981709361,-0.6594175219767952,-14.497908458318975,-0.9668811857597417,3.1665278648757837,0.5820392432707789,6.559348599374814,0.7001235777322905,6.053101352375513,0.1465256641110831,0.10019352568613653,0.6494796594134342,3586
BaselTMA_SP43_85_X9Y1,17.952408244549556,0.898643480844478,-11.498293516934767,-0.931873715303651,-5.094930972405432,-0.7845900309255099,-7.6538524680781,-2.4036872323861327,-2.715172244534694,-0.0730080086051426,-10.076801912956958,-1.2827077431450402,8.851346813325296,0.8213436499258202,15.840256993002564,1.5051577460858978,-17.871893731716863,-0.7147049445658646,0.10021865889212828,0.27249575551782684,1806
BaselTMA_SP43_87_X15Y4,25.44402618153853,0.2787556889972805,,,-4.972674969192353,-0.5584052340864457,,,-27.61133432109532,-0.5232480644615168,-9.630596570431969,-1.0165908301705047,,,,,,,0.006064967105263158,0.9777777777777777,1931
BaselTMA_SP43_90_X7Y6,22.809163839234717,1.3974762551474174,-14.369348665731767,-0.34261975956177687,-2.4599209424632993,-0.2878745342082469,-4.869611436193935,-0.9390760932135329,1.1123094655925425,0.07371868577592029,-1.2802106848830568,-0.24401717966342154,-2.256687227362408,-0.06681899542925432,2.176720753430299,0.08357594884271441,-6.593220414964587,-0.1278624421662093,0.5670731707317073,0.17023565072846386,3194
BaselTMA_SP43_93_X15Y5,58.119754891629405,0.16263843506139783,-24.509662857819055,-1.0180396621990448,-16.304354553487308,-1.1185117714586268,,,-70.92399425682032,-1.0625354288742246,-4.508962644602877,-0.6578033076066505,8.956111611334025,2.1442851802842133,,,28.849862818553362,1.7176121678641425,0.010725110748426206,0.8983364140480592,5285
BaselTMA_SP43_94_X12Y7,50.65515799408021,0.46935600825501733,-44.50016350283267,-1.5799296283368567,-12.536510411103919,-0.8044336003838024,-7.444992357575827,-1.372862252354217,-30.150768503714144,-0.6302023895602484,-18.397414066641506,-0.9377139867828759,8.318152832461777,0.7882090237474588,14.013989463646158,1.9434164716336326,10.911345169045084,0.4008211634733066,0.05405405405405406,0.5023279875840663,2991
BaselTMA_SP43_95_X13Y2,27.48879479692531,0.32623801997319074,-4.576199361319015,-0.4394531693616065,-13.253432288979704,-0.5132521196145917,,,-22.57401189433769,-0.37328848588298497,-5.511802458782201,-0.6261139381794397,2.6432266503145168,0.5313546249206438,,,2.6139780288510797,0.2553006857921635,0.058734939759036146,0.8249772105742935,2640
BaselTMA_SP43_97_X16Y6,44.8901369029017,0.2842971294644294,-9.438841153643304,-1.0292449971680162,-9.85859267271082,-0.6238859679922028,,,-49.71087137479508,-0.7448316323008092,-8.94783559674595,-0.8964034220880404,3.291553342580154,1.1762506396917274,,,8.00927378091457,0.8783437294069267,0.01303489821354383,0.8962536023054755,3648
