PID,time,event,clinical|seed0,clinical|seed1,clinical|seed2,clinical+composition|seed0,clinical+composition|seed1,clinical+composition|seed2,+spatial (z)|seed0,+spatial (z)|seed1,+spatial (z)|seed2,+spatial (log O/E)|seed0,+spatial (log O/E)|seed1,+spatial (log O/E)|seed2,+spatial (residualised)|seed0,+spatial (residualised)|seed1,+spatial (residualised)|seed2,"+spatial (log O/E, CELESTA labels)|seed0","+spatial (log O/E, CELESTA labels)|seed1","+spatial (log O/E, CELESTA labels)|seed2",random baseline|seed0,random baseline|seed1,random baseline|seed2
MB-0002,84.6333333333333,False,-0.41717574571019284,-0.4494519513840093,-0.13242151494888382,-0.480634649355934,-0.489747125698145,-0.646032650588221,-0.48063464935593425,-0.489747125698145,-0.5887576909098821,-0.48063464935593425,-0.489747125698145,-0.582725980281459,-0.4808567453424794,-0.4897471256981457,-0.5827259802814587,-0.48063464935593425,-0.489747125698145,-0.582725980281459,0.1257302210933933,0.345584192064786,0.18905338179353307
MB-0005,163.7,True,-0.13392582212258564,-0.42808482143946036,-0.56973462115931,-0.8785907375026396,-0.54877630583234,-0.6887826074071718,-0.877464242326602,-0.54877630583234,-0.6887826074071718,-0.8727039439844618,-0.54877630583234,-0.6887826074071718,-0.7736700942784424,-0.5487763058323397,-0.688782607407172,-0.7678983343748342,-0.54877630583234,-0.6887826074071718,-0.1321048632913019,0.8216181435011584,-0.5227484414807474
MB-0006,164.933333333333,False,-0.299732307757929,-0.17414318705793644,-0.1033065312642342,-0.5819845728962632,-0.564349424227805,-0.6166255940989841,-0.5819845728962633,-0.5967270719868615,-0.5493660194324166,-0.5819845728962633,-0.3885477722623471,-0.5946247780472578,-0.5797743131689967,-0.19444448060626188,-0.5946247780472576,-0.5819845728962633,-0.5967270719868615,-0.5946247780472578,0.6404226504432821,0.33043707618338714,-0.41306354339189344
MB-0010,7.8,True,-0.044095878525100766,-0.1602749547540144,-0.06423564596628512,-0.03953124274588269,-0.03519513128312447,0.02776821214765767,-0.03659915525341714,-0.03519513128312447,0.0512582131673701,-0.049305466458743986,-0.03519513128312447,0.03815863035840909,-0.177892013139538,-0.035195131283124875,-0.02902812865444242,-0.10576671030331761,-0.03519513128312447,0.051295229437257506,0.10490011715303971,-1.303157231604361,-2.4414673826398556
MB-0014,164.333333333333,False,-0.13572145260282575,-0.3838419537323312,-0.28953792970079784,-0.8567119019198852,-0.5482024092513068,-0.8402463307708424,-0.8579737169133732,-0.6043324905043863,-0.7228801359718176,-0.8576728283081811,-0.6501257460903834,-0.8961431834548713,-1.0653381824669375,-0.6053869992279631,-0.7668176503624128,-0.8400239996312877,-0.6107815658052808,-0.7228801359718176,-0.535669373161111,0.9053558666731177,1.799707382720902
MB-0022,99.5333333333333,False,0.02692471162987701,-0.02347361684068308,0.0030293724185919343,0.18014204787394028,-0.11716142154882991,-0.16681798107625145,0.18658059390372006,-0.220716945585047,-0.11268161062587274,0.18591262037527262,-0.16663280268298125,-0.11330492040669936,0.20769728276494676,-0.07636113993952708,-0.11292846885203414,0.23141474030404693,-0.3803668439282242,-0.11263170698749232,0.36159505490948474,0.4463745723640113,1.1441658720372287
MB-0028,36.5666666666667,False,0.018104478568868293,0.08506878554559391,0.052084612065563356,0.31414023748161507,0.26187600905347197,0.9195103988513355,0.31414023748161507,0.22964805787707815,0.7694569314566454,0.31414023748161507,0.478296721719354,0.503852856805604,0.35628230481293166,0.523887152405364,0.503852856805604,0.31414023748161507,0.33433093542094994,0.503852856805604,1.3040000451301372,-0.5369532353602852,-0.32542283686782436
MB-0035,36.2666666666667,True,-0.29814977976013335,-0.3671859481379339,-0.054387347881217456,-0.6550641255506499,-0.6851288242762683,-0.3749476786689016,-0.6550641255506496,-0.6851288242762683,-0.3343269600125966,-0.6550641255506496,-0.6851288242762683,-0.36823615593925285,-0.654698826000119,-0.6851288242762686,-0.3682361559392527,-0.6550641255506496,-0.6851288242762683,-0.36823615593925285,0.9470809631292422,0.5811181041963531,0.7738065867276614
MB-0036,132.033333333333,True,-0.4662944941453181,-0.5002702066364799,-0.5444448028048485,-0.6863035068012776,-0.5829242764722594,-0.6053455878401188,-0.6863035068012776,-0.5829242764722594,-0.6053455878401188,-0.6863035068012776,-0.5829242764722594,-0.6053455878401188,-0.684350430067686,-0.5829242764722593,-0.6053455878401187,-0.6863035068012776,-0.5829242764722594,-0.6053455878401188,-0.7037352358069926,0.36457239618607573,0.28121066979764925
MB-0045,164.9,False,0.08773516522860177,0.2576841757133427,0.05868183013415956,0.6570657037483818,0.6269899514877809,0.4511040437581571,0.7510859987289628,0.6269899514877809,0.6376110577075693,0.6559158979560361,0.6269899514877809,0.5301722068168764,0.7250132027679239,0.6269899514877808,0.556982254414216,0.6559158979560361,0.6269899514877809,0.35072454472517645,-1.2654214710460525,0.294132496655526,-0.5538228364240524
MB-0046,14.1333333333333,False,0.9977432938852635,0.4245091905990403,0.2588220511781609,2.0358280778952853,1.6603843481572733,1.7240044082671884,2.0358280778952853,1.6901803272114535,1.730498810471515,2.0358280778952853,1.5703975056923491,1.814968591072225,2.0347660897340942,1.4884963921306626,1.8149685910722244,2.0358280778952853,1.6901803272114535,1.814968591072225,-0.6232744625373522,0.02842224131579679,0.9775674511260357
MB-0050,75.3333333333333,False,-0.09432780289509868,-0.28005369620522463,-0.123625025796138,-0.5624477385738607,-0.4066269165870688,-0.4442531881479105,-0.5595649654162657,-0.4066269165870688,-0.4836524940632835,-0.5706613133692888,-0.4066269165870688,-0.4736110964390502,-0.686967023243017,-0.4066269165870684,-0.5556281684502797,-0.6006873737326841,-0.4066269165870688,-0.4836187617793775,0.0413259793472436,0.5467129866124469,-0.31055654665915255
MB-0056,62.8666666666667,False,-0.46554176774821654,-0.14331737630445637,-0.31234328732840544,-0.8029552690686395,-0.7536557755416466,-0.6829371072118666,-0.8029552690686397,-0.7536557755416466,-0.6997184191015511,-0.8029552690686397,-0.7536557755416466,-0.5730066444663574,-0.799979546819508,-0.7536557755416469,-0.5638292529781254,-0.8029552690686397,-0.7536557755416466,-0.6997184191015511,-2.3250307746388343,-0.7364540870016669,-0.3288239040579627
MB-0059,160.9,False,-0.04435005214113214,-0.02519462979962303,-0.04091046410208875,0.23382188832962422,0.24729939696561667,0.17070160926376274,0.2338218883296242,0.24729939696561667,0.20625668959044094,0.2338218883296242,0.24729939696561667,0.12951157289538356,0.2328553793449008,0.24729939696561687,0.1332124303899585,0.2338218883296242,0.24729939696561667,0.20625668959044094,-0.21879166393254573,-0.16290994799305278,-0.7921467553588982
MB-0060,140.866666666667,False,-0.38143701629697274,-0.30558245544899665,-0.4797121549878036,-0.7853135355114182,-0.42751092427160087,-0.5350091577356928,-0.7853135355114186,-0.5891134194742107,-0.5350091577356928,-0.7853135355114186,-0.6379498778580659,-0.5350091577356928,-0.7943506913793028,-0.7154058167408422,-0.535009157735693,-0.7853135355114186,-0.476060916394623,-0.5350091577356928,-1.2459109472530652,-0.48211931267997826,0.45495807124085547
MB-0064,108.933333333333,False,-0.593919462960933,-0.16658133447346923,-0.167361777761169,-0.6547489772833885,-0.7896500679847903,-0.455538647076117,-0.6547489772833883,-0.7896500679847903,-0.6866208310410963,-0.6547489772833883,-0.7896500679847903,-0.759338542148324,-0.6417997661768975,-0.7896500679847904,-0.7683658138941308,-0.6547489772833883,-0.7896500679847903,-0.2663966461477033,-0.7322673547034516,0.5988462126346276,-0.09919805171738795
MB-0066,157.433333333333,False,-0.33924795006477754,-0.19834703418466199,-0.24910285098247587,-0.5839682642715082,-0.7933879613122912,-0.6356041179841309,-0.5839682642715083,-0.5816418031188169,-0.5274501793341593,-0.5839682642715083,-0.8718034941756692,-0.6324633166706611,-0.5846474208106855,-0.842031696597163,-0.5379074916470081,-0.5839682642715083,-0.5816418031188169,-0.5274501793341593,-0.5442589828573099,0.03972210748165899,0.5452887139646817
MB-0068,103.133333333333,False,-0.34834976589218386,-0.6013505750326884,-0.19862398940371098,-1.4434691361558365,-1.091022895525269,-1.2695230993825275,-1.4073490057248648,-0.8871605162075538,-1.2753685435101707,-1.4422257539063525,-0.7635393245176332,-1.052359561453753,-1.2937308514234234,-0.7296176120519628,-1.034431398992291,-1.4422257539063525,-1.103259491494139,-1.464257579263271,-0.31630015636915454,-0.2924567509650886,-0.6071856998706371
MB-0079,28.5,True,0.2132417133107164,0.6380314854656025,0.9380057772053454,1.115717785691396,1.0305008500095136,1.1302507678496134,1.115717785691396,1.610905697883011,1.1302507678496134,1.115717785691396,1.6716136543577957,1.1302507678496134,1.0988393993810912,1.486580443173887,1.1302507678496128,1.115717785691396,1.6443225472505376,1.1302507678496134,0.4116305363741328,-0.7819084623568421,0.12682784711186987
MB-0081,69.5,False,-0.6117730176548605,-0.6252317583190332,-0.36078204888895304,-0.9913988522271098,-0.9459836136251569,-0.8802199391923372,-0.99139885222711,-0.960320394087121,-0.8433597998358762,-0.99139885222711,-0.9459836136251569,-0.8286892634212765,-0.9624988564140329,-0.9459836136251569,-0.8049210657115342,-0.99139885222711,-0.9459836136251569,-0.8433597998358762,1.0425133694426776,-0.2571922406188707,-0.8922740434297903
MB-0083,86.0666666666667,True,-0.5909678345364028,-0.5500581889436695,-0.18256665004049236,-0.9295175083210303,-0.8638021592479063,-1.0218336383055775,-0.9295175083210304,-0.7912430378629963,-0.9909040964515179,-0.9295175083210304,-0.7491258149182553,-0.8825416826351142,-0.9280267526591225,-0.6598086792609512,-0.7651652603303937,-0.9295175083210304,-1.162931903359891,-1.3192904803429175,-0.12853466294403426,0.008142180518343508,0.8414649723701431
MB-0095,49.7666666666667,False,0.020952040155987894,0.03704282414698877,0.051934137365346356,0.009884281129703158,0.04459212501818632,0.36331442668541736,0.00988428112970332,0.8619798084730443,0.24516600865558705,0.00988428112970332,0.9005761251221615,0.2758850202702188,-0.03432556321123467,0.7665895932649105,0.14464836087489485,0.00988428112970332,0.9936603187020081,0.24522165759839085,1.3664634705496859,-0.2756029052993704,0.18803508698068597
MB-0097,98.7,False,0.06848915531632233,0.015085562874415072,0.03279272233277292,0.37787798354157903,0.41178977575246023,0.3721788540653649,0.3778779835415791,0.3784896115403888,0.3722799413419416,0.3778779835415791,0.1195575102405099,0.2504734349741066,0.37638185157231824,0.11454804445760845,0.28893836323503613,0.3778779835415791,0.3784896115403888,0.3722799413419416,-0.6651946734866135,1.2940638143982073,0.33057100813532614
MB-0099,132.1,True,-0.11480614896286712,-0.31026657029738347,-0.10855986462620701,-0.6941334060036688,-0.49424484376708183,-0.6297104834392532,-0.6908750330592243,-0.8023170675441852,-0.5631678344883558,-0.6960978287972205,-0.8248774541027852,-0.571195466915378,-0.619295578274723,-0.7010589954673129,-0.5711954669153778,-0.65356309835392,-0.7938211769134831,-0.571195466915378,0.3515100700930197,1.0067243153057943,0.41050391297026284
MB-0100,8.06666666666667,True,0.16507604295062325,0.2543092258386388,0.4407515398630433,0.0907857695838876,0.35109615329425187,0.5248419341084706,0.09078576958388809,0.4069475328650363,0.5248419341084706,0.09078576958388809,0.40849041952986853,0.5248419341084706,0.09171960880165542,0.2758818408167501,0.5248419341084704,0.09078576958388809,0.6004558882489798,0.5248419341084706,0.9034701816518086,-2.7111624789659685,-1.0107575001533344
MB-0101,148.033333333333,False,-0.14785815731407523,-0.5044444542604067,-0.11924481193794202,-1.0121686506395178,-0.7431212669913694,-1.2066024477393278,-1.0072513533466998,-0.7431212669913694,-1.0505481225440805,-1.023803058391004,-0.7431212669913694,-1.0923096676369435,-1.139419508627723,-0.7431212669913693,-0.9842184491790361,-1.0274731439406914,-0.7431212669913694,-1.0785565068963001,0.09401229776087457,-1.8890132459676727,0.7831809961440773
MB-0102,140.766666666667,True,0.2814795894977945,0.09952333378279371,0.07090472597350925,0.26813050513804904,0.3496090314148428,0.531333298854161,0.2681305051380493,0.3898958548204419,0.524050435037608,0.2681305051380493,0.3140280168860423,0.533715652422928,0.23361077503632036,0.011096218977858714,0.39690337277046867,0.2681305051380493,0.3898958548204419,0.5168900683090724,-0.7434992493538084,-0.17477209205516195,2.0567028183423686
MB-0107,158.033333333333,False,-0.11974449078258624,-0.313859300124995,-0.15269374691370324,-0.024101999241567838,-0.253490599565143,-0.1596051062637042,-0.1020498864557139,-0.253490599565143,-0.2625076990865635,-0.040771430224611376,-0.253490599565143,-0.24734638667719971,-0.116140198561297,-0.2534905995651439,-0.253684827302024,-0.040771430224611376,-0.253490599565143,-0.26248848466566194,-0.9217253762584194,-0.42219041157635356,-1.6384425032355252
MB-0109,112.4,False,-0.03350248764148516,0.11802739190787359,0.011121328259385391,-0.019200668673185064,0.29342094421051973,0.022161884936615875,-0.01920066867318474,-0.0017101876609228613,0.23688629520988472,-0.01920066867318474,0.29342094421051973,0.14643909646338135,-0.019613139547153956,0.2934209442105195,0.14175113922545324,-0.01920066867318474,0.29342094421051973,0.23694880175161295,-0.45772582566733916,0.2136429974986111,-1.7294114671544816
MB-0111,127.1,False,-0.36999415359835336,-0.3846942285688546,-1.1186582661902922,-1.6443945102149966,-1.6147098560789848,-1.4933403792002082,-1.7094948460001311,-1.5487678108801417,-1.4933403792002082,-1.6085470112814555,-1.6372169559748821,-1.4933403792002082,-1.6431460879567747,-1.4807184726291756,-1.4933403792002078,-1.6085470112814555,-1.5487678108801417,-1.4933403792002082,0.2201951234700494,0.21732193102256359,-1.50483141386432
MB-0112,39.1666666666667,True,0.7175713711905705,1.8256047002795406,1.9747346597039714,2.3096775989979768,2.2682794735807095,2.2135874864493434,2.5452948649473366,3.046481499098601,2.2135874864493434,2.1604574159176897,2.2682794735807095,2.2135874864493434,2.2441219186869947,2.2682794735807095,2.213587486449346,2.1604574159176897,2.2682794735807095,2.2135874864493434,-1.009618183538736,2.1178387550510482,0.8414588934539998
MB-0114,13.4,False,-0.23473040744056103,-0.5351553838205152,-0.14948281211050587,-0.9055468130821207,-0.7693040796650049,-0.8793014215501452,-0.9537118966697735,-0.7693040796650049,-0.9231850202839607,-0.919488423740732,-0.7693040796650049,-0.9144907596942196,-1.116120217211238,-0.7693040796650049,-0.9144907596942193,-0.919488423740732,-0.7693040796650049,-0.9144907596942196,-0.20917557487171307,-1.1120207626922813,0.12871565747406846
MB-0115,66.7333333333333,True,0.027180759235897786,-0.06691683297552653,0.020888453800751123,0.11193961120062926,-0.228720293702709,0.025832543709201763,0.12087848469442701,0.5024806217291692,-0.13099553455451776,0.13236884568347254,-0.228720293702709,-0.07506508229670182,0.8077835384845996,-0.22872029370270908,0.1111416432956824,0.07562858778968119,-0.228720293702709,-0.13097322223135335,-0.15922500991447772,-0.37760500712699807,1.078342440739298
MB-0116,122.266666666667,False,-0.02881644912904223,-0.026951398026416842,0.0038847898611549005,-0.4591448206980723,-0.2332517900452298,-0.2386679406799173,-0.45761692103718743,-0.08500689170625109,-0.2619861842713719,-0.46924898483162136,-0.2132007859850382,-0.26865227419553855,-0.41329321044535394,-0.05847548735410619,-0.17032575100668923,-0.5029094560270213,-0.20562963794401998,-0.2618976347284506,0.5408455846858077,2.0427716074923303,0.722430872307499
MB-0117,2.4,False,-0.04371482797791472,-0.044514312095715644,-0.08153721703473733,-0.5918247974617293,-0.4852369977529081,-0.5186743752897641,-0.5918247974617293,-0.4852369977529081,-0.5920968183049679,-0.5918247974617293,-0.4852369977529081,-0.5572969758388859,-0.7263530007599023,-0.48523699775290796,-0.7047859246247055,-0.5918247974617293,-0.4852369977529081,-0.5920412456730146,0.2146591225063409,0.6467029962018469,0.21057181237528058
MB-0119,95.8666666666667,True,-0.12490967674354786,-0.025539319244022154,-0.0383066768020557,-0.28879590121747467,-0.2719617470113248,-0.19692509484647897,-0.28879590121747467,-0.2719617470113248,-0.2613921766406061,-0.28879590121747467,-0.2719617470113248,-0.21618350714291215,-0.2886094577686748,-0.27196174701132475,-0.22312006774150864,-0.28879590121747467,-0.2719617470113248,-0.261350327583606,0.3553727090399214,0.6630633723762617,0.28403814525037085
MB-0120,29.0666666666667,True,0.15223639954719392,0.26633245699750235,0.6149064335965134,0.7098210079894853,0.6205356296306004,0.7472079404880798,0.7098210079894853,0.7940423466545566,0.7472079404880798,0.7098210079894853,0.7622407669754305,0.7472079404880798,0.739582310684229,0.9555658722621572,0.7472079404880801,0.7098210079894853,0.7940423466545566,0.7472079404880798,-0.6538286094183394,-0.5140063716874629,-0.16976049772313542
MB-0121,152.2,False,0.07389073334811332,0.114347631734808,0.30060437772644727,0.6037215407790371,0.01911271517417026,0.32721943456606534,0.60652566670566,0.01911271517417026,0.32721943456606534,0.6166487661514294,0.01911271517417026,0.32721943456606534,0.6170569685217124,0.019112715174170538,0.32721943456606534,0.6883189119981662,0.01911271517417026,0.32721943456606534,-0.12961363369276946,-1.6480751708556527,0.8684602112115102
MB-0122,138.9,False,-0.17231750864478168,-0.516535262405574,-0.41129967487641006,-0.9799615445712984,-0.9546318532885761,-1.0562319596246967,-0.9814803108713449,-0.7833779621898552,-1.064023000782756,-0.9837000046260714,-0.9697818595232826,-1.1945297462965745,-1.103797309461339,-1.0789398762220208,-1.145209017835552,-0.9770791320783433,-0.7569359995677439,-1.064023000782756,0.7839754700613295,0.16746474422274113,-1.1297159617807548
MB-0123,114.233333333333,False,-0.06202286315659235,-0.09329545495668218,-0.05301749267547035,-0.013888035649271631,0.03559458174930095,0.23172977712938359,-0.011406660054757852,0.670056515533376,0.15100954248697737,-0.02169776852176713,0.03559458174930095,0.00631444579054046,0.068560850243775,0.035594581749300705,0.006314445790540688,-0.02418317883255705,0.03559458174930095,0.00631444579054046,1.4934311452207607,0.10901408782154753,-0.4218588261783162
MB-0126,127.633333333333,False,-0.4705466397772566,-0.4522498724025782,-0.6255279045153967,-0.5459174940368959,-0.6262537159494861,-0.795514590064293,-0.545917494036896,-0.6262537159494861,-0.795514590064293,-0.545917494036896,-0.6262537159494861,-0.795514590064293,-0.5294771870129767,-0.6262537159494859,-0.7955145900642926,-0.545917494036896,-0.6262537159494861,-0.795514590064293,-1.2590655321041202,-1.2273520542445742,0.2429388530987352
MB-0128,137.8,False,-0.18350713675813884,-0.6419111952112291,-0.29609782453831796,-1.1389826605589333,-0.8920923334351067,-0.9878057413433713,-1.1335825745403965,-1.0452404184453736,-0.9018081958433687,-1.1361735744812353,-0.8920923334351067,-0.9320446472490003,-1.1282857233880585,-0.8920923334351067,-0.8793210945404673,-1.1101626181296282,-0.8920923334351067,-0.9017415277146102,1.5139237747390626,-0.6832266617805622,1.8014208584493328
MB-0129,38.5666666666667,False,0.4717865437839579,1.0838497427809006,0.46058762840924594,1.6269605111622978,1.6733259681019568,1.8161214753826347,1.6017820176885846,2.1341380526600684,1.6934456851057542,1.6335675445342315,1.6733259681019568,1.7659757453956748,1.7351909729606625,1.6733259681019563,1.8521495890999924,1.6335675445342315,1.6733259681019568,1.6932494630716088,1.3458754237823045,-0.07204367972722743,-0.7644641157203993
MB-0130,153.566666666667,False,-0.3268387211981286,-0.3873923824560389,-0.09268946658249799,-0.6696640957392445,-0.9103517776411527,-0.9170173006255325,-0.6696640957392439,-0.9103517776411527,-1.0723814563607805,-0.6696640957392439,-0.9103517776411527,-0.8974414093091632,-0.6707216985982557,-0.910351777641152,-0.9488894708367231,-0.6696640957392439,-0.9103517776411527,-1.0545790499651726,0.7813114007004275,-0.9447516230607774,-1.0790604591369424
MB-0131,66.6333333333333,True,0.029939130784786695,-0.033367759890902245,0.017745812713945795,0.014390774384360901,-0.17769468954433534,-0.32691806572681714,-0.00838978900993754,-0.17769468954433534,-0.254512826577409,0.03260408348005458,-0.17769468954433534,-0.2926017671935364,0.1841781234247548,-0.177694689544336,-0.2532963680251257,-0.022230705009936347,-0.17769468954433534,-0.2544031039902813,0.2644556303293035,-0.09826996785221727,-0.5632871985040379
MB-0134,12.9333333333333,True,0.1119889126795785,0.19063759950475784,0.020228314262982605,0.2776026450606551,0.26653181817170873,0.2732594484737798,0.27760264506065485,0.7627642729920973,0.22967157297250354,0.27760264506065485,0.26653181817170873,0.41397592792297605,0.2730216873061353,0.2665318181717087,0.3126327595091147,0.27760264506065485,0.26653181817170873,0.16899412776172756,-0.3139228145364278,0.09548302746945433,0.9692722011381628
MB-0135,116.633333333333,False,0.07633426943203647,0.03300131099808474,0.011621689131183182,0.2560678495746155,0.5362168092839991,0.5013619317680785,0.25606784957461537,0.4016956429081728,0.36632952206917396,0.25606784957461537,0.5113035750076186,0.4119686584280019,0.28227012569025073,0.6556208390629518,0.5386167443470865,0.25606784957461537,0.4016956429081728,0.29810715783484515,1.4580206835369587,0.03558623705548571,-0.23500550689182578
MB-0136,88.2,False,-0.5725520188403924,-0.17697925021258995,-0.1824549859778246,-0.9247910011764167,-0.804026039869921,-0.7836436600351611,-0.9247910011764168,-0.804026039869921,-0.796030475354807,-0.9247910011764168,-0.804026039869921,-0.7461814251696427,-0.9236905279994925,-0.804026039869921,-0.6577992781593377,-0.9247910011764168,-0.804026039869921,-0.7879990201623545,1.9602583164499647,-0.5062916583143148,1.324347019236957
MB-0138,150.566666666667,False,-0.2742326208235559,-0.6340727875957075,-0.17631261123641392,-0.9637066551683472,-0.8646322912889525,-1.014753350389068,-0.9148267306702281,-0.8646322912889525,-0.9755987590596554,-0.9686414377968817,-0.8646322912889525,-0.9697077838078669,-0.8516415223042135,-0.8646322912889525,-0.9697077838078666,-0.9686414377968817,-0.8646322912889525,-0.9697077838078669,1.801634869866125,0.5937480717858228,-1.872529517606024
MB-0139,109.2,False,-0.09765835661970039,-0.2981852964529553,-0.09079108304641664,-0.7402412195371031,-0.4141322042036578,-0.7908747258592522,-0.7425234651305268,-0.4141322042036578,-0.6862604545966301,-0.7440361775887522,-0.4141322042036578,-0.5564665095505879,-1.0106246095979403,-0.4141322042036574,-0.5564665095505877,-0.681636564687707,-0.4141322042036578,-0.5564665095505879,1.31510376473437,0.8911669542823284,1.128523141900478
MB-0140,147.933333333333,False,-0.0261840505617167,-0.055253991300008215,-0.05662070317086521,-0.4191111652590985,-0.18029103756941006,-0.020335690049848483,-0.4191111652590985,0.3190072430212448,-0.18081292216690364,-0.4191111652590985,-0.18029103756941006,-0.13567165527643688,-0.45858748829609297,-0.1802910375694099,-0.2520612416864168,-0.4191111652590985,-0.18029103756941006,-0.18081292216690364,0.357380410658956,0.3208483045665637,1.0348662399295387
MB-0142,12.4,False,-0.5833742567769383,-0.6205608585313671,-0.17358503791891597,-0.9514389431539405,-0.8658617314965309,-0.8603203208704201,-0.9514389431539407,-0.936524321862777,-0.8823843003636481,-0.9514389431539407,-0.8658617314965309,-0.893097022739561,-0.951192830872189,-0.8658617314965309,-0.8285400252554319,-0.9514389431539407,-0.8658617314965309,-0.9074598087514945,-1.2083186322821715,-0.818230227390307,-1.4186656898014849
MB-0143,54.3333333333333,False,0.06942350508983973,0.051155200102251844,0.07019600299060759,0.5970287378516802,0.3452100528005518,0.247259988431308,0.6036943310925085,0.3452100528005518,0.25050456337120525,0.5996706903701834,0.3452100528005518,0.26448698298742285,0.6235246800145088,0.3452100528005517,0.21778726365369885,0.6052989774390968,0.3452100528005518,0.25049239091100617,-0.004454133120083229,0.7316522837854408,0.15358188653595775
MB-0144,152.066666666667,True,0.06657731687811923,0.4335400783901169,0.14850273495664904,0.878382224494887,0.8803985167396908,0.6378661879565648,0.878382224494887,1.0518661422100954,0.6323000551275657,0.878382224494887,0.8803985167396908,0.5449222961589582,0.814160882537601,0.8803985167396906,0.5346046553092434,0.878382224494887,0.8803985167396908,0.6323000551275657,0.6564749350763358,-0.5014400184670523,1.2157576351945363
MB-0145,147.666666666667,False,-0.14943117378414467,-0.5014677007505027,-0.15760014282544257,-0.8148229405228539,-0.8239734829638682,-0.9958272253035851,-0.8148229405228539,-1.5954626225681718,-0.9796889989471591,-0.8148229405228539,-1.6729106252852057,-0.7990480479931248,-0.9427383254626913,-1.656538301615964,-0.7990480479931245,-0.8148229405228539,-1.643295366755167,-0.7990480479931248,-1.2883614637495544,0.8791606182879853,0.08791904230952238
MB-0148,1.76666666666667,False,0.5773352735080397,0.1421806084034296,0.1495078565046336,0.5286490823805667,0.658700292800274,0.15625759165637146,0.528649082380567,0.658700292800274,0.2462541849715117,0.528649082380567,0.658700292800274,0.2065802230844371,0.5314095157304655,0.6587002928002741,0.33935224249802404,0.528649082380567,0.658700292800274,0.466610956422118,0.39512206018200824,-1.0717874168774442,0.99970142215178
MB-0149,51.7,False,0.41819904769549976,0.11048079267386385,0.11040498143162579,0.6132919522037714,0.5592910313820987,0.9011816499999683,0.6132919522037712,0.5592910313820987,0.7075810447508676,0.6132919522037712,0.5592910313820987,0.6597556937895589,0.6881722404382963,0.5592910313820986,0.6150489594353742,0.6132919522037712,0.5592910313820987,0.8498999572727721,0.42986369482223,0.9144672031287812,2.3748869133171437
MB-0150,111.2,False,-0.4158589565300301,-0.10536488658658878,-0.11330196155716216,-1.0004733819109686,-0.800338945562359,-1.212760935704822,-1.0004733819109681,-0.800338945562359,-1.5356588362899186,-1.0004733819109681,-0.800338945562359,-1.6601609450931005,-1.001327834859254,-0.8003389455623592,-1.5484522796825404,-1.0004733819109681,-0.800338945562359,-1.1357266571595912,0.6960427239628685,-0.02006345461548042,0.2739322545923299
MB-0151,49.2333333333333,True,0.16202690569706577,0.3939382645481555,0.5394669340409826,0.7200947714709232,0.8197548248138357,0.7477919744832944,0.5135834607090737,1.146997061432653,0.7477919744832944,0.7947038661278718,1.5371539560101628,0.7477919744832944,0.6530278087334566,1.1270214015707487,0.7477919744832947,0.7947038661278718,1.3225067957241363,0.7477919744832944,-1.184117966757189,-1.2487488903344155,-0.2803823139429379
MB-0152,63.0333333333333,False,0.3292439459722727,0.5280298531643597,0.1284698738059849,0.5533601088365764,0.7643917468902194,0.24463885203693658,0.5533601088365767,0.7643917468902194,0.30921751153307103,0.5533601088365767,0.7643917468902194,0.3320250567426771,0.5541642862983991,0.7643917468902192,0.3938079217116191,0.5533601088365767,0.7643917468902194,-0.06524996671052699,-0.6617025720390349,-0.31389947196684775,-0.7710521598195307
MB-0154,114.766666666667,False,-0.19302749316462767,-0.5721350083738737,-0.6006066023178243,-0.9394184868122326,-0.993327876921804,-0.8180426486837603,-0.9720539454984345,-0.993327876921804,-0.8180426486837603,-0.9426709990974942,-0.993327876921804,-0.8180426486837603,-1.0126858098252307,-0.9933278769218042,-0.8180426486837605,-0.9426709990974942,-0.993327876921804,-0.8180426486837603,-0.43643524714322124,0.05410227877154389,0.6480646015444852
MB-0158,180.0,False,0.42113514417245135,0.2831276261646295,0.23563772572684613,0.5766730170657379,0.4622368573279622,0.4864308330346298,0.5766730170657377,-0.08488358550558078,0.5079346328344971,0.5766730170657377,0.1607742804864938,0.5251399555393171,0.612743768468343,0.24590899738021546,0.5738984271936164,0.5766730170657377,0.1082988797186592,0.5079346328344971,-1.169801907772864,0.27279133916445375,-0.19673006635772372
MB-0163,98.1,False,0.5890346624903228,0.5256596174854,0.14613315399174234,1.1445166237692244,0.8341452646369961,1.1078067497358475,1.144516623769224,0.8341452646369961,0.9732316617694642,1.144516623769224,0.8341452646369961,0.9106052153356043,1.167035300709741,0.834145264636996,0.9106052153356039,1.144516623769224,0.8341452646369961,0.9106052153356043,1.739367877130134,-0.9821881249409777,-0.17874637079406783
MB-0165,47.6333333333333,True,0.29230191751248247,1.1931796033542716,1.3090076552792111,1.5446058998066794,1.5084799466245167,1.532363625832169,1.5405027694117412,1.5084799466245167,1.532363625832169,1.544096312324614,1.5084799466245167,1.532363625832169,1.4803201731331797,1.5084799466245176,1.5323636258321691,1.5558343448406715,1.5084799466245167,1.532363625832169,-0.4959107284421519,-1.107373047165193,-0.1052597784150319
MB-0166,104.4,False,-0.016121701484681818,-0.12170524591447449,-0.054782701476129986,-0.054545954975157726,-0.12830992953949638,-0.09109316818881182,-0.054545954975157726,-0.11024587496080408,-0.052349639172758956,-0.054545954975157726,-0.12830992953949638,-0.21682360759856073,-0.06199989042786672,-0.12830992953949655,-0.14857865174338172,-0.054545954975157726,-0.12830992953949638,-0.052349639172758956,0.3289696294602021,0.19958453284708083,0.6498696525854939
MB-0167,43.1,True,0.0295626700200299,0.04971845234434669,0.19660933824979654,0.3563271084816527,0.40972817420358054,0.35671271418721107,0.3596079150271727,0.4577971338632704,0.35671271418721107,0.35007245974869405,0.24234502731596533,0.35671271418721107,0.21321382177459275,0.4851305403529159,0.3567127141872113,0.36361995189639046,0.4577971338632704,0.35671271418721107,-0.258572545473924,-0.46674961687980204,-1.0663396121649127
MB-0168,122.766666666667,False,-0.03867667428567287,-0.04445904371797187,-0.03759511132550243,-0.2310630890770611,-0.31963098032532494,-0.2738111377120199,-0.23455542843742885,-0.31963098032532494,-0.2738920973163862,-0.23661938706827915,-0.31963098032532494,-0.22624826510317378,-0.41170898023721725,-0.31963098032532516,-0.2262482651031735,-0.23828388919486965,-0.31963098032532494,-0.22624826510317378,1.5834728788021222,0.23550561173022522,-1.5298764906705564
MB-0170,93.3666666666667,False,-0.35071099540117506,-0.09426627567110409,-0.225705178628928,-1.0493321589300537,-0.8405775163933894,-1.4482817222110689,-1.0493321589300535,-0.8405775163933894,-1.1140419014360272,-1.0493321589300535,-0.8405775163933894,-1.6101122037795919,-1.048814803669088,-0.8405775163933894,-1.2013698666953199,-1.0493321589300535,-0.8405775163933894,-1.1140419014360272,1.3203609870818391,0.7595195224783792,-2.4338766971489387
MB-0174,78.7666666666667,False,0.13207896051480336,0.05629263664328443,0.12648023499041092,0.5734962829544226,0.25771040675213125,0.3109017710835276,0.7839862673784128,0.25771040675213125,0.33890949339623194,0.5138206643625639,0.25771040675213125,0.39718944141253365,0.7974492672684457,0.2577104067521312,0.46870118939984745,0.5138206643625639,0.25771040675213125,0.33890949339623194,0.6333526228249152,-1.6487873663509485,1.1986708993900783
MB-0175,72.3666666666667,False,-0.6758199758808991,-0.7598894168115908,-0.16679554693445137,-1.1932632750225696,-1.3760024335136847,-1.2328011236393392,-1.193263275022569,-1.3760024335136847,-1.1812567101896736,-1.193263275022569,-1.3760024335136847,-1.2000794667497565,-1.1884638241881826,-1.3760024335136842,-1.2000794667497565,-1.193263275022569,-1.3760024335136847,-1.2000794667497565,-2.2035098806466507,0.2543881165176173,0.07379335958326627
MB-0176,113.433333333333,False,0.06730227116593757,0.09338534557930694,0.1333110741687558,0.4488152223208979,0.39246489813555374,0.3012852406583511,0.49097149807453305,0.4891290376528224,0.4066089022211633,0.4261598131080067,0.6112516747228169,0.42521496497791583,0.7323932183033345,0.8383194851194362,0.5324014176546259,0.4261598131080067,0.4891290376528224,0.4066089022211633,0.05202897425988651,1.2246469675357323,1.5101194131223459
MB-0177,45.6,False,-0.04966717687388993,-0.03870473565639453,0.008739627507365417,-0.030608100659312337,0.07275510236821835,0.3066758799226591,-0.030608100659312337,-0.03247357926358851,0.221823283143289,-0.030608100659312337,0.5119873220076737,0.28033392676325264,-0.027574753633440995,0.7576828962831558,0.5162268815932125,-0.030608100659312337,-0.03247357926358851,0.2218538201844175,0.6836861907765345,-0.2975268443704732,-0.00895629811039896
MB-0178,104.466666666667,True,-0.24943834587767547,-0.14505367265790375,-0.08806869562609412,-0.21797827720725318,-0.03547442781440254,-0.46477891834192603,-0.21797827720725307,-0.10283060316954101,-0.41561382409138403,-0.21797827720725307,-0.03547442781440254,-0.4483125308579298,-0.21704322261680975,-0.035474427814402784,-0.41263452872364575,-0.21797827720725307,-0.03547442781440254,-0.4517505545840385,1.0039615758421696,-0.8108145832375699,-0.7421554551991772
MB-0180,62.3333333333333,False,-0.1815619435317873,-0.6330378463100499,-0.28751025855510437,-1.1967155069441051,-0.8620658623475023,-1.054059736035258,-1.1953230924402753,-0.8620658623475023,-0.9477828444026536,-1.1989192394828747,-0.8620658623475023,-0.9976948968800443,-1.3003631730100043,-0.8620658623475023,-1.0584357502488217,-1.2156980330937683,-0.8620658623475023,-0.9477047845723799,-0.6179070447076008,0.7522438271795928,0.477929298799656
MB-0181,85.9666666666667,False,-0.08271796008603291,-0.0978007872418398,-0.21078830269129337,-0.18563961160147094,-0.3854167598698321,-0.2745624597112362,-0.18563961160147094,-0.3854167598698321,-0.33414791872302235,-0.18563961160147094,-0.3854167598698321,-0.22576007937707845,-0.21550262842195697,-0.385416759869832,-0.3365108754185852,-0.18563961160147094,-0.3854167598698321,-0.33414791872302235,1.8220113633283233,0.25344651620814146,-0.07658841293719656
MB-0184,109.033333333333,False,-0.13977268392752507,-0.4456020517634568,-0.13758539994548918,-0.9039374508371766,-0.7298660460519645,-0.7185914142771843,-0.9007365695650505,-1.0957075433757286,-0.6615331015264727,-0.9119027356401687,-1.1348218021793472,-0.6758657736838021,-0.9725798733461368,-0.9078999086700762,-0.6758657736838019,-0.9180889604203849,-1.2600073426834064,-0.6758657736838021,-1.3204309700132935,0.8958830707775604,-1.2541866619736308
MB-0185,43.8333333333333,True,0.2180322045102614,0.24302651260032226,0.05708507235944618,0.18313015351130524,0.49500366104489474,0.15756024353200482,0.18313015351130513,0.49500366104489474,0.22621291573587407,0.18313015351130513,0.49500366104489474,0.5472236847259044,0.2726751819663016,0.4950036610448948,0.5110966198042718,0.18313015351130513,0.49500366104489474,0.09466813538268912,-0.6615280218152191,-0.3452157100512797,-0.885066581450772
MB-0188,31.3,True,0.11169173182132693,0.4085963873461697,0.23294568297493648,0.616344457249052,0.5599183627385019,0.46093012851679144,0.616344457249052,1.229633330117098,0.31121362593013874,0.616344457249052,0.5599183627385019,0.35880540369943786,0.6556835472584831,0.559918362738502,0.2505980583975323,0.616344457249052,0.5599183627385019,0.31121362593013874,0.9350499881140221,-1.4818182737222112,1.766779317484588
MB-0189,9.06666666666667,True,0.5053913813566626,0.5227919092301174,0.3418868401429106,0.815089893475444,0.6053444368004524,0.8126291615312498,0.815089893475444,0.8840150596822796,0.7645141453176847,0.815089893475444,0.6053444368004524,0.892926941449002,0.8148677918875332,0.6053444368004522,0.7916055600134402,0.815089893475444,0.6053444368004524,0.7645141453176847,0.049054613825311656,-0.11001076471125099,0.3543505953235256
MB-0191,15.3,False,0.06345114539908848,0.15194233997308507,0.07662360114453151,0.16417004206397218,0.5430979014254883,0.5177539401114841,0.16417004206397218,0.5905713176340922,0.5279084035486229,0.16417004206397218,-0.08414300071970351,0.471427555100929,0.0025633779546119055,0.18685503961854796,0.47142755510092893,0.16417004206397218,0.5905713176340922,0.471427555100929,2.002392583645255,-0.4458281530112322,0.4163865350301778
MB-0192,144.633333333333,False,-0.743989037433125,-0.8090399743384156,-0.9616357102787826,-1.629849983395927,-1.388676920736537,-1.3564769536456698,-1.6298499833959272,-1.2425648133864717,-1.3564769536456698,-1.6298499833959272,-1.388676920736537,-1.3564769536456698,-1.6297078855671094,-1.3886769207365366,-1.3564769536456698,-1.6298499833959272,-1.388676920736537,-1.3564769536456698,0.18851919251246557,0.7753238220475741,-0.27655171832101155
MB-0193,19.0,False,0.1480668410211808,0.13416613776984793,0.033934483837104956,0.5426354282362779,0.3801304719945462,0.3925252075969744,0.5426354282362775,0.3801304719945462,0.3956353920310525,0.5426354282362775,0.3801304719945462,0.4110635651564959,0.5430286134969852,0.3801304719945459,0.41532711173499737,0.5426354282362775,0.3801304719945462,0.3955084028081131,-0.6331940901922267,0.1936328483771538,-0.6897195637660919
MB-0194,91.6,False,-0.11585875353062228,-0.046330805671030185,-0.04385848268831251,-0.08629167730779924,-0.11425410837691526,-0.2067576372759012,-0.08629167730779896,-0.11425410837691526,-0.22709856430824452,-0.08629167730779896,-0.11425410837691526,-0.2667113244710498,-0.09470918855671193,-0.11425410837691474,-0.27753154499240357,-0.08629167730779896,-0.11425410837691526,-0.436481600510839,-0.37756350523280824,-1.6308492324351012,0.8916558155709342
MB-0195,146.0,False,0.1885797226650451,0.3034809966032277,0.2885014650688115,1.22457067903124,1.1626002793662393,0.9234659001540231,1.2269435178405914,1.1984850559055285,1.0113872080381938,1.2302706438928899,1.1714903616442212,0.9973867409089,1.2143363530602354,1.3570523588188665,1.1012689441523889,1.2596910674861377,1.1984850559055285,1.011236423258133,-1.0911461176191954,-1.1951630801031998,-0.10462645267369168
MB-0198,144.766666666667,False,0.11968758855174647,0.06299381721611796,0.016987247790969662,0.5020714716201276,0.18967481885320767,0.26386698784470225,0.5020714716201273,0.20223691882728909,0.2898379905280044,0.5020714716201273,0.18967481885320767,0.2139932219928215,0.5021533487538423,0.18967481885320756,0.22540546256104413,0.5020714716201273,0.18967481885320767,0.23663140571994604,-1.277680166386608,0.8837890365872553,-0.7591081117479301
MB-0200,130.866666666667,True,0.09433759143820629,0.2914638726492356,0.2190214544244711,0.4366584461617279,0.3929317595483613,0.5947624556790787,0.4366584461617279,-0.09710071907708379,0.555850509333728,0.4366584461617279,0.3929317595483613,0.4500762848002108,0.355954948816695,0.3929317595483612,0.4848011631298079,0.4366584461617279,0.3929317595483613,0.555850509333728,0.6304114907682319,0.6797650174178466,-0.13412851934954786
MB-0201,125.7,False,0.5728897501013284,0.14172628473884313,0.1524811430535174,0.7972110907823092,0.6330948645495849,0.6387457105220975,0.7972110907823092,0.6330948645495849,0.7525517408653782,0.7972110907823092,0.6330948645495849,0.6333771056642697,0.8192823872682589,0.6330948645495846,0.6650432543787063,0.7972110907823092,0.6330948645495849,0.492581054526109,0.5811658124128057,-0.6402433659084887,-0.9056060167223513
MB-0202,128.366666666667,False,-0.011082000019862294,-0.023624219027363058,-0.02107478595497292,0.10215901454396245,0.08382375781653811,0.13560816140656787,0.10215901454396244,0.08382375781653811,0.16358473409582402,0.10215901454396244,0.08382375781653811,0.09760399636675395,0.10299305753030825,0.08382375781653784,0.17665651326736434,0.10215901454396244,0.08382375781653811,0.16358473409582402,1.294558819441117,-0.001048796567280681,0.19004583859111193
MB-0203,58.7666666666667,False,0.03241291681963554,0.04756152764150362,0.17071780858294655,0.22920981524872416,0.322716192066134,0.38147930629737026,0.22920981524872405,0.322716192066134,0.38147930629737026,0.22920981524872405,0.322716192066134,0.38147930629737026,0.23472058025472056,0.32271619206613367,0.3814793062973702,0.22920981524872405,0.322716192066134,0.38147930629737026,-0.7546057912599311,0.4455735537761861,1.12922763006904
MB-0206,141.166666666667,False,0.14034759002010777,0.39828792367365273,0.6184478021435853,0.621397582164793,0.613539143244325,0.740304878503626,0.621397582164793,0.6806076032294309,0.740304878503626,0.621397582164793,0.39538242467318047,0.740304878503626,0.6398050870648395,0.2537081274057256,0.7403048785036256,0.621397582164793,0.41167332159885217,0.740304878503626,1.689107452443673,0.4684043358472779,-0.8360851661432465
MB-0207,173.633333333333,False,-0.27406898332224483,-0.31451820578057504,-0.14131815033158504,-0.47912748133240585,-0.42964027029196783,-0.4308500696513097,-0.479127481332406,-0.42964027029196783,-0.479416539077803,-0.479127481332406,-0.42964027029196783,-0.45422021653531763,-0.47902069154360294,-0.4296402702919674,-0.47487800277790226,-0.479127481332406,-0.42964027029196783,-0.4793948373855024,-0.2873877078086663,0.8762421961143501,1.428544005170784
MB-0211,44.8,True,0.24761680721756446,1.0007602849093673,0.5880574981599282,1.130832230709478,1.3850242960091181,1.100619139419471,1.1194390345300826,1.3850242960091181,1.1923249021048192,1.1415408270075096,1.3850242960091181,1.1946452959095033,1.0730113481787216,1.385024296009119,1.208755505859934,1.1091765853946263,1.3850242960091181,1.1923249021048192,1.5744082788445868,0.256485627221562,-0.6676199486614574
MB-0220,39.8333333333333,True,0.15175007733490686,0.566595525529368,0.16688126511746892,0.8187442433747061,0.7908425271320281,1.4312974352790966,0.8187442433747061,0.7908425271320281,1.259033747325645,0.8187442433747061,0.7908425271320281,1.393878251724086,0.7713905505063858,0.790842527132028,1.2244719304350753,0.8187442433747061,0.7908425271320281,1.4820174412452234,-0.4327858471825968,-0.09482833896849817,0.15341216272393984
MB-0221,20.2,True,0.7509804764007676,0.68296892342776,0.17973724558203694,1.2113049779247187,1.07926925414,1.1241637486247442,1.211304977924719,1.07926925414,1.1480003556207594,1.211304977924719,1.07926925414,1.1294274922862562,1.2366818136419644,1.0792692541400002,1.129427492286256,1.211304977924719,1.07926925414,1.1294274922862562,-0.735483292342275,-0.25884806478784556,-0.8363865253041882
MB-0222,180.0,False,-0.13560981637011713,-0.3399877318783844,-0.17210426499848963,-0.31738500966009103,-0.3432883257464091,-0.5227860686735335,-0.47969334877875175,-0.3432883257464091,-0.4668279965647803,-0.26571782965792956,-0.3432883257464091,-0.4722128274647311,-0.4119562838276997,-0.3432883257464098,-0.4751559692950662,-0.26571782965792956,-0.3432883257464091,-0.4667955613408355,0.24978537155866684,1.0557428005332512,-0.22223516635433505
MB-0223,81.3333333333333,True,0.1349444195262136,0.1397132823527473,0.2023596945581902,0.5379829715183065,0.7668836315930901,0.6443908840351753,0.5379829715183065,0.7668836315930901,0.5757560640196643,0.5379829715183065,0.7668836315930901,0.5933708180384413,0.42416225867766333,0.7668836315930909,0.4885411188042112,0.5379829715183065,0.7668836315930901,0.5756043893597219,1.0314530848694723,-2.2508542750785376,0.047404412494126226
MB-0224,176.766666666667,False,-0.2923939713767783,-0.3690473604644949,-0.09363970165257515,-0.34669376962285964,-0.5309097247079361,-0.6286220755819646,-0.3466937696228598,-1.024355848373573,-0.4953576034078664,-0.3466937696228598,-0.5309097247079361,-0.454243925069431,-0.34739036252345057,-0.5309097247079363,-0.4542439250694306,-0.3466937696228598,-0.5309097247079361,-0.454243925069431,0.16100957671534466,-0.13865532509133732,-0.4346849461734271
MB-0225,180.0,False,-0.0016281714594682806,-0.01326375134499512,0.038807763641106774,-0.251190468815913,-0.4115099757556411,0.03297739584338915,-0.19778583917613976,-0.4115099757556411,-0.08378649942633609,-0.3326739995825083,-0.4115099757556411,-0.009198790668910951,-0.07069228354426708,-0.4115099757556414,-0.06380903253688079,-0.3326739995825083,-0.4115099757556411,-0.08378649942633609,-0.5855288241233366,0.03300010398406011,-0.7028878955725052
MB-0226,57.6333333333333,False,-0.6212807958731542,-0.18606359630617092,-0.2693479411008219,-0.9439506936892965,-1.0916160631119096,-0.9467413603150616,-0.943950693689296,-1.0916160631119096,-0.889439196661714,-0.943950693689296,-1.0916160631119096,-0.9131428933775785,-0.7905204881350452,-1.0916160631119096,-0.8168966144480498,-0.943950693689296,-1.0916160631119096,-0.8893890396754024,-1.341219714076669,-1.4253489608701877,-0.6778861906636612
MB-0227,111.866666666667,False,-0.16452588286113995,-0.4956505692543537,-0.14943542514139377,-0.9885869760248664,-0.8693263500054124,-1.0794718736107856,-0.9887927750163942,-1.096683946643847,-0.9929949040359515,-0.9976789780950595,-1.3659602290231938,-1.2607802046002927,-1.2127149976366611,-1.2706093745419744,-1.206913701200261,-0.9924857170097335,-1.1986279566344775,-1.2194060004863312,-1.401520214917428,0.33281361313804664,-0.8211599492508597
MB-0229,71.5,False,-0.15998377600178837,-0.5554424742575745,-0.29444922089240544,-0.8393644089233963,-0.9756178166453519,-1.0020298010320319,-0.8393644089233963,-0.7966686837368308,-1.0287813986839807,-0.8393644089233963,-0.7518802337445044,-1.020069053345471,-0.6479969723576942,-0.6821212237433079,-0.8661032994526126,-0.8393644089233963,-1.0857413297923617,-1.0286976066156313,0.5026828498748657,-0.651281012443394,-1.570079992924429
MB-0232,180.0,False,-0.17419407176025004,-0.19745528963551673,-0.19453836534837457,-0.9892471723247198,-1.0546716819437019,-1.079505746575372,-0.9892471723247198,-1.0546716819437019,-1.1007635225876455,-0.9892471723247198,-1.0546716819437019,-1.0933545947571826,-1.1473614712919997,-1.0546716819437019,-1.093354594757182,-0.9892471723247198,-1.0546716819437019,-1.0933545947571826,0.989713033285805,0.8624447963157468,-0.2629696110774594
MB-0235,142.566666666667,True,-0.09281012141833374,-0.38597136258975445,-0.24272924311183544,-0.42031738823137976,-0.5335396424431877,-0.2766285941445505,-0.42031738823137976,-0.0434102518437443,-0.4113708151028081,-0.42031738823137976,-0.5335396424431877,-0.2450705514501673,-0.4820659288879514,-0.5335396424431877,-0.3896444579829244,-0.42031738823137976,-0.5335396424431877,-0.4113708151028081,-0.1642945926252907,-0.1255920840343272,0.4011582096101373
MB-0236,180.0,False,0.04342307949380241,0.03389464256560379,0.00782530298758484,0.37079832078913544,-0.28317977688568097,-0.13209619362524372,0.37079832078913544,0.07156256791974047,-0.05571049455496004,0.37079832078913544,-0.3806115356137907,0.07819151113595967,0.3447600085804543,-0.1510356051481934,0.07819151113595973,0.37079832078913544,0.07156256791974047,0.07819151113595967,-1.0743648582284346,0.6691532407894528,0.9084019250927495
MB-0238,180.0,False,0.2002009374010255,0.20219169616538304,0.30171472865731025,1.1924647284823324,1.0573995475227695,0.9640091650923385,1.1924647284823324,1.0573995475227695,0.9964905824645499,1.1924647284823324,1.0573995475227695,0.9927696743484802,1.2983258908189859,1.0573995475227702,1.1660543672565915,1.1924647284823324,1.0573995475227695,0.9963685530103245,0.8730421526217066,1.2188436051712233,0.6471027285461044
MB-0245,164.7,False,-0.06452113839576998,-0.2972538631793091,-0.051943934663043714,-0.35503084862188766,-0.5195447800889179,-0.4739980384279584,-0.2873203680969898,-0.5195447800889179,-0.3618792191223463,-0.31699697800295457,-0.5195447800889179,-0.32668736066227066,-0.2818306873109954,-0.5195447800889191,-0.3266873606622703,-0.31699697800295457,-0.5195447800889179,-0.32668736066227066,-1.2803939447145731,0.3829295827134724,2.457336522342424
MB-0247,180.0,False,-0.10012761712321298,-0.11488721643133191,-0.2456341463154534,-0.35990616395975256,-0.45447141157248655,-0.6013140584685729,-0.35990616395975256,-0.45447141157248655,-0.5070121893559227,-0.35990616395975256,-0.45447141157248655,-0.6503896938470296,-0.45608418878768103,-0.4544714115724864,-0.5601914197077689,-0.35990616395975256,-0.45447141157248655,-0.5070121893559227,-0.7130680950592722,-0.8757211434228455,0.31868163507784153
MB-0249,180.0,False,0.01121187286240632,0.05292323662430503,0.10057440070686463,-0.02065839941915636,0.23193650348948128,0.1384341268112776,-0.022413888684537996,0.18030178685893394,0.1384341268112776,-0.029689131576090544,-0.13876849488506224,0.1384341268112776,-0.19665387065060896,-0.06691892905626297,0.13843412681127681,0.01944532174094349,0.18030178685893394,0.1384341268112776,0.6210178535400985,-1.5143186317046384,-0.456333893932018
MB-0256,180.0,False,-0.23111608019818092,-0.43219838116091536,-0.24075639977044452,-1.4074602600798634,-1.8817053075916415,-1.7383006239448069,-1.4074602600798634,-1.677678730432105,-1.6638623906947616,-1.4074602600798634,-1.7503189609738978,-1.4861307634120067,-1.3401159821174953,-1.6897743482197423,-1.4650159726644996,-1.4074602600798634,-1.677678730432105,-1.9580020982223185,-2.2501411735745918,1.7533841175163727,1.8716346370160677
MB-0258,86.1333333333333,False,-0.3607649026377038,-0.3844643453006905,-0.11852895131107508,-0.32061508677938555,-0.3411163571297093,-0.7490064818335772,-0.32061508677938566,-0.3411163571297093,-0.593382677617256,-0.32061508677938566,-0.3411163571297093,-0.8162103760680727,-0.32033954328414144,-0.3411163571297101,-0.6031636820990217,-0.32061508677938566,-0.3411163571297093,-0.9166331021323246,0.38636959756630584,-0.11129219318751944,-1.0472180935940827
MB-0260,169.833333333333,False,-0.09304273400837995,-0.16774055112936323,-0.3102853424977647,-0.3758974471484898,-0.48118834799878774,-0.21821374407583644,-0.3719503096506982,-0.22270964657823367,-0.21821374407583644,-0.3800982213703675,-0.7461310832259225,-0.21821374407583644,-0.5852909638626116,-0.4784966976373808,-0.2182137440758366,-0.3419771993357035,-0.22270964657823367,-0.21821374407583644,-0.5816408364095031,-0.6885649476343216,0.968477609522218
MB-0261,90.2333333333333,True,-0.2677902175462351,-0.10409238477428358,-0.09491325008148715,-0.5873936941054969,-0.6006189930637276,-0.5803101733664812,-0.5873936941054972,-0.6006189930637276,-0.5103873233760579,-0.5873936941054972,-0.6006189930637276,-0.5509946888260923,-0.5843938074983178,-0.6006189930637271,-0.5509946888260925,-0.5873936941054972,-0.6006189930637276,-0.5509946888260923,0.10927969747781388,0.14425708806082496,-0.955144769724686
MB-0262,180.0,False,-0.15140716811503133,-0.030286365301178737,-0.020888832778568213,-0.23114258885504282,-0.11057367511319549,-0.12068675969709401,-0.2311425888550429,-0.16313772414778493,-0.1515123995333193,-0.2311425888550429,-0.20527324783284392,-0.22356554249931967,-0.23136636054216542,-0.3123701044346966,-0.22356554249931945,-0.2311425888550429,-0.16313772414778493,-0.22356554249931967,-0.07570152622082311,-0.19141133048264922,0.35411165760150265
MB-0263,176.033333333333,False,-0.07049827899927001,-0.18931210783114852,-0.12051956534113971,0.1375313650294151,-0.13010334389457825,-0.4621676715094605,0.07036590823619138,-0.015384302840162352,-0.30176328562372007,0.18127274344182737,0.1513736108725109,-0.41890363643304895,0.08691525327874532,0.10024619352399952,-0.2885309503550065,0.18127274344182737,0.008088568453412218,-0.30176328562372007,0.20211439504395987,0.8521422642126877,-1.9683967522378658
MB-0264,43.1,True,0.2301534119617339,0.19674384994301802,0.11124299454196708,0.4955671966247239,0.3706605074822262,0.4188312502875895,0.4955671966247236,0.7989538547656428,0.31325309162176923,0.4955671966247236,0.6584270317067219,0.3531279778366952,0.47864367850425243,0.6589693033509211,0.43436678761606184,0.4955671966247236,0.5846118782456398,0.31325965387877996,0.6941719367070082,0.03392818243710029,0.8992737076506074
MB-0266,90.6666666666667,False,-0.03785354546611922,0.014719184321543288,-0.057449306895471924,-0.017546061580264158,0.213420951454892,0.12974913246985362,-0.014321224302888088,0.028028160375855607,0.1310892312027506,-0.026614178208424672,0.213420951454892,0.14047271229785283,-0.185342582035873,0.2134209514548917,0.0778001616494003,-0.00765230816097526,0.213420951454892,0.13112056368495914,-0.7583697508984092,0.013749583618419497,-0.15824761527156533
MB-0269,22.2333333333333,False,0.43805306003940303,0.21192602621236614,0.14062817033081104,0.47029786914316585,0.4386735301629953,0.29704873055747005,0.4702978691431658,0.6751751695940423,0.38626789603840817,0.4702978691431658,0.703339368714549,0.32768575315727083,0.5133255389710807,0.6783431197283928,0.4512360012887706,0.4702978691431658,0.6751751695940423,0.38621048243717565,1.4209820223119163,-0.7145797210329641,-0.967681471724209
MB-0270,180.0,False,-0.18822424015074776,-0.13272904592694418,-0.10993494088890643,-0.45828855627119663,-0.5925199042791063,-0.7841592544005523,-0.5235557022488746,-0.5925199042791063,-0.7262937692040494,-0.49060660615372864,-0.5925199042791063,-1.1322606887490365,-0.7044214442675423,-0.5925199042791061,-1.1138229659033727,-0.49060660615372864,-0.5925199042791063,-0.9955324045248433,0.726093788947765,0.4695680987474934,1.6784190387621596
MB-0272,122.0,True,0.09821799922960528,0.3085819303362832,0.14640783628617843,0.36032101238755454,0.3429035344744425,0.2996816533257886,0.36032101238755454,0.3429035344744425,0.2952040623233389,0.36032101238755454,0.3429035344744425,0.2947031444515523,0.4815424888920179,0.342903534474442,0.3674944103409875,0.36032101238755454,0.3429035344744425,0.2951436291958489,0.843732662303268,-1.0338667223549824,0.7653546837661211
MB-0278,5.83333333333333,True,0.14957325621990847,0.36366080648373383,0.3739840224818469,0.44704556582796745,0.2946615696973965,0.7354602222992577,0.4484673853571238,0.6383479715147801,0.6057602568666278,0.44024497673291424,0.2946615696973965,0.6428032354028935,0.4270405138121075,0.2946615696973965,0.5997046293952703,0.42633843053028053,0.2946615696973965,0.6057602568666278,1.1648639811110282,0.6658894397639671,0.04580783577937577
MB-0279,180.0,False,-0.3686642753183884,-0.23550088791537419,-1.0466802678536904,-1.4864770878330034,-1.360430590573852,-1.352141655805001,-1.5143701050684473,-1.360430590573852,-1.352141655805001,-1.4850187144557625,-1.360430590573852,-1.352141655805001,-1.680197929480592,-1.3604305905738523,-1.3521416558050008,-1.4850187144557625,-1.360430590573852,-1.352141655805001,0.7875882217058694,1.5239375129901318,-0.7454433887901278
MB-0280,172.9,True,-0.2689079553972931,-0.17674515166631508,-0.17331774472671915,-1.1569300303366388,-0.9653861623261801,-1.4068051910300827,-1.258107760682279,-0.9653861623261801,-1.2322578113758613,-1.0587841594583125,-0.9653861623261801,-0.997995313194121,-1.1220001018092005,-0.9653861623261801,-0.9979953131941206,-1.0587841594583125,-0.9653861623261801,-0.997995313194121,0.844078680578592,-1.5246860380991518,-0.04336259016175258
MB-0282,180.0,False,0.031552597316550614,0.09794762721795916,0.16252831451436123,0.5894466707808635,0.4084688168281274,0.3244825260113169,0.5894466707808635,0.43230067874088424,0.3244825260113169,0.5894466707808635,0.5246699313035464,0.3244825260113169,0.5631816879290706,0.4081125606275465,0.3244825260113163,0.5894466707808635,0.6236329542300212,0.3244825260113169,0.07559361074288512,-2.466229231351318,-0.16392876295519593
MB-0283,22.0333333333333,True,0.09406976062532635,0.14810667264540697,0.05334589965912444,0.2643921331974717,0.18802637812220432,0.3691027987534974,0.30553726476934223,-0.12517875879950163,0.3824162780227197,0.2360681322871089,-0.04855196655490519,0.47883748699853135,0.30538681680005153,0.059820512040663264,0.4385851386761997,0.2360681322871089,-0.3245112038742656,0.29058922704475315,-1.4267738509897323,0.6168787551543194,0.7247764935410931
MB-0285,3.36666666666667,False,0.00046358496155074133,0.1648266623352015,0.1586775823835263,0.10648110959838891,0.2941459929983625,0.2142238001185401,0.2341392679921426,0.2941459929983625,0.2142238001185401,0.058718678590842226,0.2941459929983625,0.2142238001185401,0.32683031531829476,0.2941459929983634,0.21422380011853986,0.058718678590842226,0.2941459929983625,0.2142238001185401,-0.13504510003701392,2.547897815483126,0.7980751811597928
MB-0286,180.0,False,-0.01962884983247403,-0.13651447442165476,-0.07208300858723948,-0.18712321873475124,-0.2889444045798986,-0.49409354404421824,-0.18375004572222667,-0.388599384402371,-0.49501365774184186,-0.18804970556244685,-0.28869339094639057,-0.49119590165575644,-0.28120019354491593,-0.3338735439785349,-0.5920654641628731,-0.19803852756733942,-0.5099350896306546,-0.49493189024146206,-0.7695146401767057,-1.0009248488718936,-0.6677563797627329
MB-0287,94.7333333333333,False,-0.1704735626637917,-0.13389616280938338,-0.025411382173335946,-0.3659311982090136,-0.30131495212995835,-0.04046914805713,-0.36593119820901354,0.08270032689868727,-0.06330863010482413,-0.36593119820901354,0.3477940136940863,-0.160390967972331,-0.36381909791354355,0.17314991800083715,-0.1603909679723309,-0.36593119820901354,0.08607282426893864,-0.160390967972331,-1.4227417685154136,-1.2506957588019882,-0.5493705607570516
MB-0288,63.8,True,0.20877220018258166,0.7223974627543397,0.7770083357267503,0.9616229803707669,0.7989324986618248,0.8442235317313082,0.9616229803707669,0.7989324986618248,0.8442235317313082,0.9616229803707669,0.7989324986618248,0.8442235317313082,0.8893565835073733,0.7989324986618259,0.8442235317313082,0.9616229803707669,0.7989324986618248,0.8442235317313082,0.25845279091298756,0.5889689337804737,-0.5320653277786109
MB-0289,71.6,False,0.027458624282894757,0.12250406613292192,0.34706823468933334,0.08746434732929319,0.5090810677272594,0.47469753128968606,0.0874643473292935,0.48592750799417517,0.47469753128968606,0.0874643473292935,0.010354393755184956,0.47469753128968606,0.08542413954088196,0.054154856868769294,0.4746975312896856,0.0874643473292935,0.48592750799417517,0.47469753128968606,-0.5685494541476426,-0.8407215900583078,-1.3493172462579026
MB-0290,180.0,False,-0.23190661574370072,-0.855047854320863,-0.3650934270649154,-1.6219792710680927,-1.317171395027094,-1.43203078941738,-1.6288951270367793,-1.317171395027094,-1.3906533671855839,-1.6140963536164452,-1.317171395027094,-1.3992496925623374,-1.6494751541624981,-1.3171713950270931,-1.4797164804047858,-1.6237193914738706,-1.317171395027094,-1.390509924517135,-1.0298044380114637,-0.5060254839367364,-0.5915748828912161
MB-0291,39.2,True,0.036500263056472096,0.08185743620949623,0.08405018949158492,0.2591616307680962,0.5991847566954535,1.2065064725362016,0.2596667952139551,0.5991847566954535,1.0930661567432842,0.2673929382258916,0.5991847566954535,1.0672126860934985,0.3097268235448472,0.5991847566954535,1.0273227367542708,0.31151704547156217,0.5991847566954535,1.7332627916719474,-1.0430010800715654,-0.34811746668377785,-0.09240806520639366
MB-0292,49.4333333333333,False,0.20742897834397944,0.766182800868282,0.461695456538759,1.0749500772044454,1.1039706609450182,1.2952507024834092,1.0749500772044454,1.5345377739497592,1.1566250343731526,1.0749500772044454,1.1039706609450182,1.490224439597146,1.0458848321572332,1.103970660945018,1.2452770186608324,1.0749500772044454,1.1039706609450182,1.1566250343731526,0.26841707970891465,0.5320020862917986,0.6909519446056412
MB-0294,72.9,False,-0.34704311242557834,-0.22292839821896435,-0.12790638936459725,-0.8864779137793194,-0.5697384413761387,-0.5982719403094441,-0.8864779137793192,-0.9446622873170591,-0.5610766138709522,-0.8864779137793192,-0.914947425694117,-0.555263422891347,-0.885202226480957,-0.9510443204884479,-0.5224044764942981,-0.8864779137793192,-1.0834729515256842,-0.5610766138709522,0.35867194917034445,-0.40530236139311865,1.3203794893667786
MB-0301,122.7,False,-0.0016355283573813925,-0.003770580884986498,0.008123213453169856,0.6171333961357468,0.36510805567804167,0.6276258728662336,0.6171333961357468,0.36510805567804167,0.45732036130295023,0.6171333961357468,0.36510805567804167,0.5282291520858549,0.6195865550245321,0.3651080556780417,0.5162727300968293,0.6171333961357468,0.36510805567804167,0.4572609276227067,1.3224574697668332,0.2778828400801602,-0.8083458775593314
MB-0302,84.2,True,0.1409409621806835,0.21608352157824834,0.09885598535471164,0.9692286632209455,0.8384307749149527,0.49353743070320183,0.9668897826100878,0.878761858464271,0.3080356428765748,0.9642544794940553,0.48091508190997695,-0.026404164745516247,0.7709569475583027,0.5501792208074356,0.13284714876854975,1.0274331215457235,0.878761858464271,0.5112694787361144,-0.013914668524093734,-0.17653325889357535,0.5509765318813011
MB-0304,111.533333333333,True,-0.02547543593955782,-0.054329414475221285,-0.05180806591783797,0.5184836421971555,0.20755751435935033,0.5838714046651435,0.5184836421971555,0.20755751435935033,0.6365524466067083,0.5184836421971555,0.20755751435935033,1.0818801778911888,0.7432981060904925,0.20755751435934988,1.097437123948621,0.5184836421971555,0.20755751435935033,0.5505323319719309,1.0418397592128221,-0.8446711036516033,-0.44445682570554373
MB-0305,63.5,True,0.27641685511020514,0.3470819151229282,0.1291814310986087,0.49475435165546583,0.6234372525301386,0.7068162876804347,0.4947543516554657,0.7058169828759014,0.6775837599265883,0.4947543516554657,0.6234372525301386,0.6813722027880712,0.49626116380511026,0.6234372525301385,0.6659781650653205,0.4947543516554657,0.6234372525301386,0.6774830058013028,1.4022648267725224,-0.31982625774322104,2.0751877763153903
MB-0307,177.333333333333,False,0.563021488433409,0.4399453251928697,0.4097021004903991,0.5509575984747176,0.7528203140414448,0.8913479589088567,0.5509575984747175,0.5997888479285002,0.955152961770131,0.5509575984747175,0.6072792796341949,0.8393388209872041,0.5306159958449305,0.555889515065042,0.915278924363556,0.5509575984747175,0.4897139598592395,0.955152961770131,1.1501656361496921,-0.9503996651679186,-0.048723544625703656
MB-0309,42.3333333333333,False,-0.4996496181190708,-0.2683592347747456,-0.5752491588793351,-0.679488721221213,-0.9402398597610495,-0.7024490909027814,-0.6794887212212124,-0.9211057157848027,-0.7024490909027814,-0.6794887212212124,-0.8886428110896911,-0.7024490909027814,-0.662891730484292,-1.0010230643622406,-0.7024490909027812,-0.6794887212212124,-0.9211057157848027,-0.7024490909027814,-2.3653039062769743,0.006514985869748843,0.5021269704086143
MB-0311,151.166666666667,False,-0.09922486672918629,-0.105494912758107,-0.14313811870972334,-1.2368051228118797,-1.0899125169942436,-0.9415721873641509,-1.2368051228118797,-1.0899125169942436,-1.016490666760226,-1.2368051228118797,-1.0899125169942436,-0.9941515462470765,-1.374563431273932,-1.089912516994244,-1.1291622115777018,-1.2368051228118797,-1.0899125169942436,-1.01626954018953,1.228683719203421,-1.1238662275656366,-0.9361621531378327
MB-0312,169.6,True,-0.11648314671450435,-0.12628528485990637,-0.277839427382058,-0.513215452613736,-0.6442140333726015,-0.16323265482895175,-0.5152609946599381,-0.6442140333726015,-0.37486936667070675,-0.5201941124861323,-0.6442140333726015,-0.21261018257867362,-0.4113282453918989,-0.6442140333726016,-0.34955034727197365,-0.5007267290781844,-0.6442140333726015,-0.37486936667070675,0.33962000824864264,-1.092894369295243,-0.8106894642994449
MB-0314,4.43333333333333,True,0.5814340536171302,0.363158090111456,0.3469349687445508,1.9304121382895834,1.8922780200150504,1.7016205790843661,1.9199894236799617,1.8922780200150504,1.7116864430164032,1.9271903010422455,1.8922780200150504,1.8261876840526043,2.0473132918168564,1.8922780200150506,1.8261876840526037,1.9271903010422455,1.8922780200150504,1.8261876840526043,0.42377135285334727,1.4569618153052555,0.20169530087063778
MB-0316,180.0,False,0.2440446372613746,0.21511383310868554,0.23017619524816801,0.15403066768096624,0.25910554073443337,0.24411510528878225,0.15403066768096607,0.25910554073443337,0.24411510528878225,0.15403066768096607,0.25910554073443337,0.24411510528878225,0.18359883587009254,0.259105540734433,0.24411510528878178,0.15403066768096607,0.25910554073443337,0.24411510528878225,0.37122741773625884,-0.05318422030534141,-0.3840544504961268
MB-0317,151.666666666667,False,-0.026798523435822612,0.01975899213374155,-0.10926884637410866,-0.049328372558875476,0.1444329835789306,-0.04198923877655702,-0.05996536011584191,0.1900772682767473,-0.04198923877655702,-0.055762738441257106,0.1444329835789306,-0.04198923877655702,-0.09969009183454913,0.1444329835789304,-0.04198923877655663,-0.05541012847795392,0.1444329835789306,-0.04198923877655702,0.3827571602707609,-0.05390202547204295,0.3532885925705412
MB-0319,40.7,True,0.44295314685195625,0.41045694993954945,0.23204043010387937,0.7594921355234865,0.49588007827017067,0.835385422302351,0.7594921355234865,0.49588007827017067,0.8138474205911378,0.7594921355234865,0.49588007827017067,0.844217008590196,0.7584660989312914,0.4958800782701714,0.7192426207838768,0.7594921355234865,0.49588007827017067,0.8137447250342311,0.3194142202523809,0.511536419917619,-1.5618241192857418
MB-0320,63.7333333333333,False,-0.8444036434993065,-0.9660982394354571,-0.2533540737072913,-1.6659192627374753,-1.4821337546441395,-1.7329940298194926,-1.6659192627374753,-1.7530667185876425,-1.608332402695038,-1.6659192627374753,-1.4821337546441395,-1.5458088037381965,-1.6627275886693875,-1.4821337546441393,-1.545808803738196,-1.6659192627374753,-1.4821337546441395,-1.5458088037381965,-0.35891330853862047,-0.4208570025488712,0.662004970148938
MB-0321,174.633333333333,False,0.0013708349118599639,-0.015307882223759972,-0.01763890603638712,0.19250421370967408,0.09193859268045444,0.15343101047730026,0.19250421370967408,0.09193859268045444,0.10976542315160316,0.19250421370967408,0.09193859268045444,-0.003713277507697297,0.18440128359443014,0.09193859268045455,-0.0037132775076970685,0.19250421370967408,0.09193859268045444,-0.003713277507697297,-1.9016352983759945,-0.22853536747815809,-0.8994803577797336
MB-0322,50.5333333333333,False,-0.02857854452271345,-0.02437373286183743,-0.046855207816121645,-0.2886819650087529,-0.2968830951159945,-0.38434661459293595,-0.19660559934074526,-0.16054651654903962,-0.29475799023968424,-0.2621742590306376,-0.09184026599930514,-0.3181898829596875,-0.05243040556240305,0.08719560418101412,-0.20624445030141803,-0.2621742590306376,-0.16054651654903962,-0.29475799023968424,-0.10891472790742324,0.4251487353319089,1.7224233963662954
MB-0324,144.966666666667,True,0.06616960525186608,0.08603382129296988,0.1268035924036444,0.46593195591148884,0.3552123152938821,0.2904798412524273,0.4457329280848089,0.5199043648667931,0.4206137843006502,0.46147731090020355,-0.18868374210483704,0.16674731961491565,0.2999425953594535,-0.049949689537296796,0.26936116727055165,0.46147731090020355,0.5199043648667931,0.4206137843006502,-0.8037318485206766,0.2824158422444015,-0.28846724206797386
MB-0325,177.533333333333,False,-0.0007044664390464701,-0.010471140600937028,-0.015322636036789154,0.19237409774072894,0.14616885109447794,0.3392819569202359,-0.25775756407905037,0.14616885109447794,0.01291322360828736,0.2846471769739343,0.14616885109447794,0.2500835150207485,0.12536644224868235,0.14616885109447753,0.19920045122631272,0.2846471769739343,0.14616885109447794,0.4405850759367807,1.0801634125378852,-1.1592967269324297,1.0972650368859622
MB-0328,125.6,True,0.0513932222986887,0.0798775809573326,0.00852654636357607,0.14006989511675438,0.2904063399632548,0.2590452597746148,0.1400698951167543,0.2904063399632548,0.25304434862794367,0.1400698951167543,0.2904063399632548,0.19345167042740008,0.14080100593778938,0.2904063399632546,0.18241844023094464,0.1400698951167543,0.2904063399632548,0.2718653649763548,-0.2887665059953775,0.8333425966696618,-1.394983322863019
MB-0336,170.633333333333,True,-0.03543407683842584,-0.01282887499600629,0.0573717840218505,0.1637119927794273,0.2837934994439832,0.22117931810953356,0.1637119927794272,0.2837934994439832,0.22117931810953356,0.1637119927794272,0.2837934994439832,0.22117931810953356,0.1740434737521559,0.28379349944398335,0.22117931810953337,0.1637119927794272,0.2837934994439832,0.22117931810953356,0.08347535610700986,-0.590434943289043,0.4289462445148908
MB-0339,26.7333333333333,False,-0.12544041074658646,-0.2828901286709517,-0.49006748957949525,-0.48262242423587304,-0.24267747647234608,-0.5312374599077916,-0.48262242423587304,-0.24288515789216894,-0.5312374599077916,-0.48262242423587304,-0.24267747647234608,-0.5312374599077916,-0.4582895918978751,-0.24267747647234622,-0.5312374599077913,-0.48262242423587304,-0.24267747647234608,-0.5312374599077916,-0.8496059556101431,-1.0560789503141859,-0.8880296507945876
MB-0340,164.733333333333,False,0.21554855388290664,0.4140804750001577,0.2530696378935895,1.0806199295963268,0.6949906563510849,0.8242878791541679,1.2622457570209171,0.6949906563510849,0.8735421573878535,1.027421210787506,0.6949906563510849,0.9038923173316967,1.2093521078573177,0.6949906563510845,0.9856707314415043,1.027421210787506,0.6949906563510849,0.8735421573878535,-0.5106224678981267,-0.9004750699990517,-0.4868890686859325
MB-0343,91.1333333333333,True,-0.064766018774984,-0.12253562378278249,-0.28223171135059977,-0.23236280556865485,-0.42336621654119316,-0.3190191763714306,-0.23098617897759519,-0.33539733064420874,-0.3190191763714306,-0.23830525170066405,-0.3496487834965418,-0.3190191763714306,-0.25627309570248247,-0.3072005819900503,-0.31901917637143046,-0.25156068288901157,-0.33539733064420874,-0.3190191763714306,-0.011533061686586776,-0.3905453443553229,0.024596382191250814
MB-0345,72.6666666666667,False,-0.17801811603567375,-0.293931365903765,-0.5573515668415767,-0.8308022575087479,-0.5545113561515612,-0.7344357812324585,-0.9440619031708373,-0.9334143907682569,-0.7344357812324585,-0.7929841278454756,-1.0688651359638572,-0.7344357812324585,-0.9882164535650946,-1.0487370758567784,-0.7344357812324586,-0.7929841278454756,-0.6101413909938882,-0.7344357812324585,-1.4853751842635452,1.6273002546230673,-0.3170749669346225
MB-0347,180.0,False,0.19466193170417065,0.1632290454935118,0.1554643518253734,0.1539649875293766,0.05154024221711374,0.26559251682683993,0.1539649875293763,0.23296334630161228,0.26643915512906713,0.1539649875293763,0.05154024221711374,0.2788492086542779,0.16027707254178028,0.05154024221711383,0.26395320600933886,0.1539649875293763,0.05154024221711374,0.26643915512906713,0.3006851142946058,-1.1755359049207805,0.26425562514648243
MB-0348,122.7,False,-0.7669269110385665,-0.3731468409027934,-0.22518431010382461,-0.8923204089477154,-0.9690427392964648,-0.7642129173936076,-0.8923204089477148,-1.3637371779364458,-0.9071032735469813,-0.8923204089477148,-0.5736014243803829,-0.6402412242187031,-0.8675904250170877,-0.8489395088263447,-0.756603436127419,-0.8923204089477148,-1.3637371779364458,-0.5426238662340469,-0.10607225344775092,0.16007589253434076,0.7476554288062055
MB-0349,146.033333333333,False,0.0503853576161605,0.061044270739436926,0.30375157515302814,-0.07380133903499361,0.29236994980812564,0.3865444835452769,-0.07380133903499361,0.29236994980812564,0.3865444835452769,-0.07380133903499361,0.29236994980812564,0.3865444835452769,-0.05336978457183835,0.2923699498081256,0.38654448354527676,-0.07380133903499361,0.29236994980812564,0.3865444835452769,-1.1857198050052338,-2.1378243580905774,0.6527821390898572
MB-0350,46.0666666666667,True,0.3204459814511204,0.36544236223872384,0.6114548599953781,0.9753190999265675,1.2193892610246853,0.5844124703865513,1.1014357134253157,0.9619373400644186,0.5844124703865513,0.8757177622326138,1.6190514591060583,0.5844124703865513,1.0641097299029325,1.5918896956202708,0.5844124703865521,0.8757177622326138,0.9619373400644186,0.5844124703865513,-2.3982328653977714,-0.0015669331451969059,-0.08748148289345688
MB-0351,180.0,False,0.07167154944422136,0.16881463421200116,0.04967896622378434,0.3219294766257322,0.212883001515638,0.03312896038759763,0.33651612573378553,0.291186788989431,0.03771962810987593,0.30816612652805675,0.212883001515638,0.04260270812033802,0.2133132197413437,0.21288300151563802,-0.03313743351909689,0.30816612652805675,0.212883001515638,0.03772102771809836,0.513052133880305,0.8995664174760071,-1.3634305099843498
MB-0352,55.2,True,-0.06589228412394502,0.02895098217436895,0.17783022998592407,-0.1789366128805354,0.06389084125668316,0.2479166388044854,-0.17893661288053508,-0.1219151458352816,0.2479166388044854,-0.17893661288053508,-0.5024882617385075,0.2479166388044854,-0.17859232884303317,-0.5199187121642028,0.2479166388044846,-0.17893661288053508,-0.5636002971556836,0.2479166388044854,-0.29758403894333035,-0.23666332206145513,-0.8046461065088295
MB-0353,41.8333333333333,False,0.10704148432508097,0.40100158128795116,0.1555035087643197,0.09643211560493278,0.5280797696113304,0.4107062590139607,-0.00749151287781285,0.6166056623844639,0.375823967722771,0.12358445105413554,0.5280797696113304,0.4059805981398744,0.13132309630027736,0.5280797696113304,0.3529912434469452,0.12358445105413554,0.5280797696113304,0.3758190484456134,-0.5300084132181584,-0.6293549238833419,-0.1957562084777642
MB-0354,11.6,True,0.09875019895113397,0.204999712217538,0.10102851160473046,0.8213586359403563,0.5554990522010703,0.21809137037957066,0.8213586359403563,0.8123728942642756,0.276239002432002,0.8213586359403563,0.8075119221847177,0.40539734841666647,0.9180511527525896,0.9241044602840822,0.4939722313461375,0.8213586359403563,0.8123728942642756,0.20852426682744998,-0.23615462985294203,0.23151106405853766,-2.121825972601985
MB-0356,180.0,False,-0.6511391634018378,-0.5446115300670927,-0.8052594168262548,-0.6245619590711126,-0.8944535096562213,-0.9787053110915769,-0.6245619590711126,-0.5713493821711835,-0.9787053110915769,-0.6245619590711126,-0.564703062725202,-0.9787053110915769,-0.6360398793877958,-0.6866329089103301,-0.9787053110915769,-0.6245619590711126,-0.5596566284504756,-0.9787053110915769,1.816475940881144,0.7001517511506504,0.7520805892207797
MB-0358,32.8666666666667,False,-0.027515407148871178,-0.035169790766792025,-0.014108057347653857,-0.0814884109737624,0.11632605358433419,-0.06256417131931463,-0.0786128787459876,-0.2982573784110118,0.03240226571788094,-0.08782952961171775,-0.34347984510532686,0.11930757914773464,-0.24738047701393637,-0.2591399612571002,0.11930757914773484,-0.04030959804280864,-0.03789857377883807,0.11930757914773464,-0.049800969059643194,0.6636575710174066,-0.23963819232902653
MB-0359,21.6,False,-0.18216019451623297,-0.292262520830067,-0.8667742030427315,-1.1596771585050356,-1.1469241382956101,-1.1037259885340263,-1.1627321055138182,-1.0508495022709827,-1.1037259885340263,-1.1657382178881184,-1.5074601589071137,-1.1037259885340263,-1.267900284296026,-1.1563370780534954,-1.1037259885340265,-1.1826947964106511,-1.0508495022709827,-1.1037259885340263,0.08661926298854213,1.9724738539297917,-0.25131929860688523
MB-0360,132.566666666667,True,-0.16079388040042145,-0.142015877623072,-0.21007813278290574,-0.8935179556877224,-0.954895931283234,-0.8070191047445421,-0.971985607682355,-0.6279679146964606,-0.7633298011537646,-0.8444535902302093,-1.0252954324697212,-0.9208104319444895,-0.8497477939798577,-0.8750950368113928,-0.7896594282808994,-0.8444535902302093,-0.6279679146964606,-0.7633298011537646,-1.487072869675398,0.20916747233627678,0.948376210637088
MB-0361,15.0666666666667,False,0.3385014322230472,1.1381142110628135,0.3006135496015976,2.155557133668105,1.6704515835408227,1.7945296412541054,2.155557133668105,2.1670358578917663,1.7056505077543274,2.155557133668105,1.6704515835408227,1.533046612498468,2.065916007598188,1.6704515835408225,1.5330466124984672,2.155557133668105,1.6704515835408227,1.533046612498468,1.6473390663560998,-0.5924100997529326,0.6679105062494222
MB-0362,47.0333333333333,True,-0.19093594173392284,-0.33065481456884827,-0.5154198530371283,-0.6425189262173985,-0.5099604953793481,-0.6197557739975796,-0.5983711238972186,-0.6808280577403167,-0.6197557739975796,-0.6425491065839086,-0.7887418346805888,-0.6197557739975796,-0.6537267430159265,-0.7968051431955501,-0.6197557739975799,-0.6425491065839086,-0.8371175300548889,-0.6197557739975796,0.9174879834442943,-0.12597918998664273,0.22100096632251784
MB-0363,89.9,True,0.18553998800151947,0.2528427764306336,0.28979746668476114,0.22132786477018687,0.6188096482255488,0.6127884507966036,0.19772222530771622,0.611373667401614,0.481929941196588,0.19878434579384532,0.08310287305402822,0.4449397712945744,0.005292874921878335,0.11612457440066047,0.34798155327911456,0.19878434579384532,0.611373667401614,0.481929941196588,1.066934867005179,-0.07249854561981205,-1.001333587233463
MB-0366,64.2333333333333,False,-0.2590611093142648,-0.5147413082357604,-0.3678846642375484,-0.9171002584286971,-0.8968667334540105,-0.9594278961943599,-0.9758884211076364,-1.5698946322550544,-0.8919983911383554,-0.9214657682228274,-1.7654117112059613,-1.012348844003024,-0.9728011185440695,-1.5877251076921377,-0.9436877185635536,-0.9214657682228274,-1.4359398392789386,-0.8919983911383554,0.0476727312116796,0.10873738347811868,0.3104215762864059
MB-0367,142.433333333333,False,-0.5040004818106636,-0.21721099366256003,-0.29226160817784175,-0.9907319660862319,-0.881704713509286,-1.0543686860136876,-0.9907319660862318,-0.8738684322265621,-0.9261880285151934,-0.9907319660862318,-1.1197602767697243,-1.167102996477667,-0.9917812283574229,-1.093649966067921,-1.022413893241775,-0.9907319660862318,-0.8738684322265621,-0.9261880285151934,0.9166547888245957,-0.03002781322943489,0.3461775385567262
MB-0368,61.9,True,0.13931489026771127,0.47605627119096494,0.3013704971783576,1.3913783961101212,1.1279981935096104,1.107370070579084,1.3913783961101212,1.1028615399350723,1.0926102451794228,1.3913783961101212,1.1081099218195043,1.069866420309499,1.4310770919639555,1.2598201561401043,1.0756618727365113,1.3913783961101212,1.036330518358011,1.0926102451794228,0.37094683509441023,0.1739659388962034,-0.8847733337672445
MB-0369,144.333333333333,False,0.3770638010205778,0.4149776590344161,0.11380110027187418,0.48553193121696187,0.5689817311684637,0.6425052971763153,0.4855319312169618,0.11835898999916046,0.7135764281426243,0.4855319312169618,0.5689817311684637,0.6679494776565045,0.45951342461931116,0.5689817311684637,0.6679494776565045,0.4855319312169618,0.5689817311684637,0.6679494776565045,0.6131890778590062,-1.6708500606151127,1.0433118451954217
MB-0370,93.5,False,0.7480576614959734,0.22155111960808802,0.22224575504651972,1.2910316067513696,1.1332543097044068,1.2712972738460393,1.2910316067513696,1.1332543097044068,1.2554621821242606,1.2910316067513696,1.1332543097044068,1.175104989356311,1.2909425620244783,1.1332543097044072,1.1751049893563108,1.2910316067513696,1.1332543097044068,1.175104989356311,-0.1521929584082903,0.8296289560400428,0.5078871822065824
MB-0371,131.133333333333,False,0.7408510953018055,0.6349780074128959,0.17763724620862537,1.4211632734094348,1.1678352241577714,1.3830143980155523,1.4211632734094348,1.5951899067201107,1.3147721875099057,1.4211632734094348,1.5327382455380183,1.355236352502971,1.4210394196994485,1.4433363472036864,1.2469187173036596,1.4211632734094348,1.6682258154743217,1.520776488402872,-1.473887948041959,-0.5747392689210323,-1.969624366516231
MB-0372,62.7666666666667,True,0.00944644657442944,-0.12415691880687482,-0.013165230732997812,-0.2773897810293359,-0.28460399784285434,-0.21990675018228287,-0.27051283636489926,0.0010518647568706304,-0.19608058973454442,-0.2725683952406001,-0.28460399784285434,-0.21444421212998163,-0.23707838545568383,-0.28460399784285434,-0.21612627963367714,-0.38628676109783816,-0.28460399784285434,-0.19607217324422946,1.028854347803183,-1.1731586964470246,0.12194944967029515
MB-0373,27.0,True,0.3798687183902228,0.27541132878946684,0.07817556102479788,0.8615323174115123,0.654166345606258,0.6257322592956489,0.8615323174115121,0.005146050969701152,0.28912139409578735,0.8615323174115121,0.3232681173332568,0.47413839108040895,0.8619928212135636,0.25256214584877695,0.6307343518519332,0.8615323174115121,0.50634065745769,0.39459212313632136,-1.934959636609707,0.6377511596414357,-1.264697993973541
MB-0375,143.166666666667,False,-0.009718138510278019,-0.01844946255204781,-0.013745635173199058,0.23790510883271826,0.2157664051655188,0.21646586209934865,0.22497201055724644,0.8622865296695547,0.2915593972782169,0.31066131160586186,0.5621599188226326,0.20221354005009562,0.28164023727091364,0.46643761508191034,0.24186152974027042,0.31066131160586186,0.4036756416402241,0.2915593972782169,-0.23993667125803605,1.317326007386082,1.1363151482568636
MB-0377,134.366666666667,False,-0.18017599585078486,-0.3145322169941501,-0.40195859661496225,-0.9987754438318666,-1.0757393895173313,-1.1628427771122833,-0.9930535492017565,-1.0014108031748545,-1.000260328385619,-1.0026716419185508,-1.1676536289305224,-1.2206530998903924,-1.0875726007067963,-1.0465930985415084,-1.0196380510419,-0.9434420815740685,-1.0014108031748545,-1.000260328385619,-0.20452248839966083,0.4930281494994427,0.8070279575425833
MB-0378,97.3,True,0.23493958781252774,0.8157393910009263,0.23412541735736644,1.3528053868960468,1.2016126899183788,1.2255419466736373,1.3528053868960468,0.3590613476479757,1.1372851808526272,1.3528053868960468,1.2016126899183788,0.8925765595493687,1.2020378309783615,1.2016126899183786,0.9513908734806138,1.3528053868960468,1.2016126899183788,0.9565898012536236,-1.0428601409845046,0.16115931384552032,-1.1035907500633413
MB-0379,135.666666666667,False,-0.07166748501429589,-0.25564575868421446,-0.07492296094007407,-0.6310602715625047,-0.6096070859571523,-0.6865925443882531,-0.5923693601997775,-0.5802777807155545,-0.7090007482430757,-0.6491846835524626,-0.6096070859571523,-0.7036316846723536,-0.3872128024778416,-0.6096070859571521,-0.5368466736139683,-0.6491846835524626,-0.6096070859571523,-0.7089260985644225,0.6131231363365798,-0.9322203053719521,-0.8848726996475548
MB-0381,130.2,False,0.13325743988417232,0.04768163737856561,0.05314687167856734,-0.011009435041079806,-0.03285211328808282,-0.20884422816641846,-0.011009435041079913,-0.03285211328808282,-0.30667307721016906,-0.011009435041079913,-0.03285211328808282,-0.2646394449184334,-0.039815342785288727,-0.03285211328808313,-0.14893632613664193,-0.011009435041079913,-0.03285211328808282,-0.30662305715946253,-0.20032970140956835,2.8715673378134987,0.10185328474395018
MB-0382,136.466666666667,False,-0.04695562893631397,-0.1606229907320179,-0.2322467227453649,-0.6439212258365103,-0.43180765725412346,-0.37756300132245896,-0.6439212258365103,-0.3083298185898929,-0.37756300132245896,-0.6439212258365103,-0.13950525187212542,-0.37756300132245896,-0.5518960925083918,-0.08453364338420712,-0.3775630013224591,-0.6439212258365103,-0.41919902070568826,-0.37756300132245896,-0.4368683255972816,0.8802586206615082,-0.23881081815849306
MB-0383,85.7333333333333,True,-0.18501173217655953,-0.22326034616564613,-0.06961983104925606,-0.25801777486202343,-0.3986123235769771,-0.14953404766537984,-0.25801777486202343,-0.3986123235769771,-0.16085682767571002,-0.25801777486202343,-0.3986123235769771,-0.1207765158240254,-0.25803740236922496,-0.39861232357697807,-0.15655877200066076,-0.25801777486202343,-0.3986123235769771,-0.16085682767571002,0.5198417309776412,-1.1392946703429758,1.52520308017327
MB-0384,61.1,True,0.22806830640279227,0.5702332519954975,0.36502112493867644,1.3167530020362646,1.2300358399870137,1.3408699350890279,1.329230014024377,1.7214737553230735,1.185508050773005,1.2387988577324631,1.7891073191390923,1.305269980912191,1.3032735294715543,1.683142855241123,1.1941125304617835,1.2387988577324631,1.9524064783584072,1.185508050773005,-0.47657904055841377,-0.7796379162397445,0.7409738171791774
MB-0385,36.4333333333333,True,0.25847633657173313,0.18193548580694732,0.16199265437432178,0.91182184698701,1.015964935368513,1.0259564985012755,0.8761743624469097,1.015964935368513,0.8907524659788391,0.9205755602889323,1.015964935368513,0.8148738514934999,0.7544015641546093,1.0159649353685136,0.7820018218930067,0.9205755602889323,1.015964935368513,0.9336396974705766,1.3889799748383085,0.08697924857190435,-0.2824272472716989
MB-0386,138.133333333333,False,0.15312790885319108,0.14252424174331524,0.008254444184867692,0.6412773687116903,0.45078217382968466,0.5715489403699181,0.6412773687116899,0.45078217382968466,0.5837793806626862,0.6412773687116899,0.45078217382968466,0.5809466271626528,0.6411930697127791,0.4507821738296844,0.5955867520395808,0.6412773687116899,0.45078217382968466,0.46014066387034364,0.35145507618731386,-1.5547311319959862,0.5773959336763955
MB-0388,97.5666666666667,False,0.22612772360796807,0.2436853156580408,0.37960533326171186,0.4404456102121406,0.3106707636452218,0.46291424463677605,0.4253251717501715,0.5926122449535781,0.6099078139970284,0.4895300341193652,0.2761146887079867,0.5662892493039036,0.49849390802194615,0.42787499212778496,0.6743086863600524,0.4895300341193652,0.5926122449535781,0.6099078139970284,-0.47433298683443925,0.16863040701051427,-2.0322793065134026
MB-0389,96.9666666666667,False,0.2921205720946666,1.072263576381135,1.0367973162815356,2.1889108299653532,1.590921538676925,1.2971521635540526,2.1889108299653532,1.590921538676925,1.2971521635540526,2.1889108299653532,1.590921538676925,1.2971521635540526,2.184519045549246,1.590921538676926,1.2971521635540528,2.1889108299653532,1.590921538676925,1.2971521635540526,-1.9442649759855442,-0.4590715557127591,0.3098646874168553
MB-0390,72.2,True,0.33063248810029555,0.7459062385744872,0.20056896971224325,1.1988723397359806,1.0098093208544165,1.4547031759976234,1.3050231885170784,1.0098093208544165,1.4444319055437556,1.106038681637153,1.0098093208544165,1.5033498018641474,1.1588322076785258,1.0098093208544168,1.3501688196398673,1.106038681637153,1.0098093208544165,1.3646654745547802,-1.3077531969011476,1.2262706003162174,0.8664070590018645
MB-0391,142.466666666667,False,0.42009630441529244,1.5251977815120912,0.4154146613701863,2.6230006145126645,2.2364660219519052,2.7171251360441517,2.6230006145126645,2.3824945105236432,2.621361436849014,2.6230006145126645,2.2364660219519052,2.599384833615856,2.5534075602315225,2.2364660219519052,2.477452499151651,2.6230006145126645,2.2364660219519052,2.6075094124798603,1.0868307847683634,0.9621546636282469,-0.17895251107592874
MB-0393,20.8333333333333,True,0.17522138152726624,0.7259563062265302,0.40858336958671837,1.2391772413614095,1.190198695076711,1.1762509513467043,1.2426074930048885,1.190198695076711,1.1645271007099685,1.2368313253637069,1.190198695076711,1.1868179006275426,1.2564061962516475,1.1901986950767114,1.1572880087709834,1.1858774274846209,1.190198695076711,1.1645271007099685,-0.050604063111342405,-2.7112854374347726,-0.7102141913075584
MB-0394,64.2333333333333,False,-0.15215698382537435,-0.1719532082765842,-0.16491411719115004,-0.734914660156685,-0.8910267270657204,-0.8283060507067178,-0.734914660156685,-0.8910267270657204,-0.9242415141359797,-0.734914660156685,-0.8910267270657204,-0.8819709663474748,-0.7609769279573728,-0.8910267270657204,-0.8819709663474746,-0.734914660156685,-0.8910267270657204,-0.8819709663474748,-0.2831250656795347,0.04170258602731257,0.5658334533735658
MB-0395,29.0,True,0.30660095719673197,0.8974107945134278,1.2790099933235388,2.003223061987235,1.466995699044352,1.5465090106180588,2.003223061987235,1.7723241057989367,1.5465090106180588,2.003223061987235,1.438481945726813,1.5465090106180588,2.022502632832931,1.4900149667975102,1.5465090106180592,2.003223061987235,1.5006238823434657,1.5465090106180588,1.643251614242697,-1.6174674995236882,1.9586147276154673
MB-0396,60.6666666666667,False,0.057680415356913775,0.13042117834533298,0.051303967124115536,0.3370339198000072,1.0237525913097927,0.565930258803898,0.3370339198000072,0.397099305015081,0.42786311160873186,0.3370339198000072,1.2080278435756935,0.1428689108229286,0.3724609147975611,1.1533365939940634,0.14286891082292863,0.3370339198000072,0.397099305015081,0.1428689108229286,-1.2826492440738984,1.109637999248523,0.2048689341867044
MB-0397,57.2333333333333,False,-0.2550172635452499,-0.9517343980000417,-0.5944208008950135,-1.4694548502903457,-1.399730205673518,-1.554625949250679,-1.4754999754305067,-1.8624632902371645,-1.5156926586668065,-1.4734099276501977,-1.399730205673518,-1.7278574775360163,-1.7550988462835322,-1.3997302056735177,-1.6814185304845883,-1.4808136055276622,-1.399730205673518,-1.5156926586668065,-0.5856577998413593,0.16810586912782435,-1.1206776631652569
MB-0398,43.2,True,0.28308862341516455,0.7094198938408436,0.2002666170244253,0.7975362642709728,0.9272919586264032,1.1861622123589102,0.6148865230117012,0.8941363217305702,1.0245688910376232,0.8364238031209428,0.9272919586264032,1.0296511879889785,0.9067744793737857,0.9272919586264035,1.0296511879889783,0.8364238031209428,0.9272919586264032,1.0296511879889785,-0.47258767675848407,0.5484054521869972,1.4458047879194504
MB-0399,137.1,False,0.4657954975795215,0.5282748125157392,0.4857574069698148,1.656699417385095,1.761224483196177,1.6856947751507596,1.4566895791289065,1.8807299199371075,1.7544058767841455,1.6842808455627714,1.611817852283672,1.7324957722530974,1.635245066302234,1.745116599131942,1.6847009443043195,1.6842808455627714,1.8807299199371075,1.7542154734934887,0.5863372815313004,-1.065124728803299,-1.8785474803883646
MB-0400,22.4666666666667,True,0.026529429909653034,0.032143013125943115,0.02216140087191839,0.12071402811263181,0.1502646527220877,0.20316551344808717,0.12435387067872516,0.1502646527220877,0.13929785533396902,0.12029195898034031,0.1502646527220877,0.04068328099218676,0.33629075093384336,0.1502646527220879,0.040683280992186766,0.06539233201345972,0.1502646527220877,0.04068328099218676,-0.663535198304047,1.8284302379955002,0.5032048553317773
MB-0401,26.2666666666667,True,0.1481094162515013,0.0494850992519523,0.023955422033894426,0.3233384360506652,0.01665447177579778,0.3860745490520441,0.3233384360506651,0.39084897722616285,0.22973403344456061,0.3233384360506651,0.1488278151809542,-0.021966329361345138,0.30394039438628667,0.12256718104030749,-0.021966329361345075,0.3233384360506651,0.7451852456301751,-0.021966329361345138,-0.6134178486140281,2.020073367150445,-0.5819546491605353
MB-0404,63.5,False,-0.09747483237219737,-0.06359384179012066,-0.038296394341998496,0.18247788664608597,0.07041579465103324,0.05557554372721231,0.18247788664608572,0.2140327315261482,0.03443344751245946,0.18247788664608572,0.07041579465103324,0.07329102070228742,0.18089212928222329,0.07041579465103305,0.07329102070228762,0.18247788664608572,0.07041579465103324,0.07329102070228742,-1.6051493968851136,-1.0647710426262125,0.9305984310891107
MB-0405,59.0666666666667,False,-0.16783159975532944,-0.2917514803113376,-0.1526007158731916,-0.35909367722463087,-0.35753260638674883,-0.2699172220129473,-0.26614070959001135,-0.6079583719365553,-0.23072259206576898,-0.37275561881285146,-0.3722163398420993,-0.2380894853469931,-0.11364000545415655,-0.23164433230457918,-0.06916483130454314,-0.37275561881285146,-0.7673798992466148,-0.2307396622094304,0.7293494040178566,0.37281512186631627,-0.8494743678230212
MB-0406,96.9,True,0.5658710436751634,0.996724039737063,0.613227227938804,2.6508084647482426,2.3791618671189805,2.558699639109561,2.6415154936127374,2.954239321881815,2.490404046738485,2.652445727754788,2.2345230100190356,2.5393032485047806,2.5059208014752756,2.5800670533540395,2.667422182118312,2.705398820217088,2.954239321881815,2.624643370700109,0.8061393585150219,-0.6733024283901868,1.3238478058527734
MB-0408,101.833333333333,False,-0.01869811648732423,-0.1774565942319264,-0.30016105137277804,-0.20162643337981856,-0.3431924357637767,-0.4314792274802823,-0.20162643337981856,-0.7732900456362244,-0.4314792274802823,-0.20162643337981856,-0.3431924357637767,-0.4314792274802823,-0.23886379156119517,-0.34319243576377667,-0.43147922748028184,-0.20162643337981856,-0.3431924357637767,-0.4314792274802823,-0.476376747401162,-0.0235699368607321,0.3002730904204611
MB-0410,63.0,False,-0.1517287738020055,-0.5987947030667438,-0.3690633597558044,-0.7272754539486794,-0.8021535570780186,-1.0130981967248895,-0.7272754539486794,-0.8021535570780186,-0.8936129799211472,-0.7272754539486794,-0.8021535570780186,-1.15287248676397,-0.773462654659977,-0.8021535570780186,-0.991677594663683,-0.7272754539486794,-0.8021535570780186,-0.8936129799211472,0.16333994554129863,-1.2656369792245639,-1.7268406314397753
MB-0411,139.166666666667,False,-0.06008919589748779,-0.06214717656557915,-0.06228791212898561,-0.792632664980873,-0.5809323944574245,-0.6117924771191141,-0.792632664980873,-0.5809323944574245,-0.5747725412244453,-0.792632664980873,-0.5809323944574245,-0.6232233560274245,-0.865412126298156,-0.5809323944574243,-0.7070706799502168,-0.792632664980873,-0.5809323944574245,-0.704441870653812,-1.2926461227593415,1.8671455145806186,-1.9738130282047839
MB-0412,136.166666666667,False,0.02337058863435145,-0.015009879475085607,0.04650640114130353,0.06813771795127488,-0.1146066366911934,0.02291781416927339,0.06813771795127482,-0.1146066366911934,0.07221449406717355,0.06813771795127482,-0.1146066366911934,-0.005829790875536234,0.06790319175003873,-0.11460663669119413,0.0754029739168364,0.06813771795127482,-0.1146066366911934,0.07221449406717355,-0.4718131547409021,-0.969179511082668,-0.31609551266496017
MB-0413,140.066666666667,False,0.1141122867447726,0.09872813367622667,0.17991711102732272,1.0773582991640305,0.7178497647611023,0.7126326760098982,1.0773582991640305,0.7178497647611023,0.7306979324917383,1.0773582991640305,0.7178497647611023,0.7205051873690634,1.0553853219640261,0.7178497647611027,0.700053989262818,1.0773582991640305,0.7178497647611023,0.730623425774788,1.377950952722521,-0.2960838149974946,1.2942116284105942
MB-0414,76.6333333333333,False,0.24212516978343818,0.12167333816739115,0.05582389082151486,0.46083362101523223,0.22481916558455942,0.7881554859809756,0.4608336210152322,0.6297380182918794,0.7118053025300148,0.4608336210152322,0.4091507625128023,0.7856191873671611,0.3938084676118174,0.2173863473522023,0.5462636544431435,0.4608336210152322,0.47668382614604715,0.9671680801273891,0.13573073406713437,0.5014829311105223,0.12703003524338138
MB-0418,102.066666666667,False,0.08440165182931869,0.09681334614484052,0.20592827203197145,0.3983769252898518,0.41730324956743137,0.23030711788185082,0.4090850819810282,0.3130884844266194,0.23030711788185082,0.3136453072361209,0.14498880009892787,0.23030711788185082,0.42421902979951376,0.5110222769509459,0.2303071178818507,0.3136453072361209,0.3130884844266194,0.23030711788185082,2.310363486795888,-0.6475606784161285,0.06712070250380273
MB-0419,104.3,False,-0.28702466463062704,-0.08987081450108352,-0.1949409804332954,-0.2629967844693691,-0.2962853995643249,0.037925811218630895,-0.2629967844693689,-0.2962853995643249,-0.10390199200577246,-0.2629967844693689,-0.2962853995643249,0.0065747147962912375,-0.2637676968527863,-0.2962853995643248,-0.10530680402143631,-0.2629967844693689,-0.2962853995643249,-0.10390199200577246,-0.7871927421571577,-0.23931242973230216,-0.23590383366766396
MB-0421,93.0,False,0.08505461697402389,0.1982427008262276,0.15605752389952757,0.6531610260765417,0.44571935411043034,0.6020603454577558,0.5942478370753672,0.44571935411043034,0.5612249338747111,0.6511431494146226,0.44571935411043034,0.5744638028794973,0.49837599793881615,0.44571935411043034,0.5113236301238068,0.6511431494146226,0.44571935411043034,0.5612249338747111,0.5802844167243075,-0.5636398464269645,0.737900169928009
MB-0422,33.8,False,-0.09602950945401527,-0.05078333530039698,-0.042554312062096755,-0.11818848539222408,-0.06180508995907865,-0.03506908546154127,0.0019427031305206317,-0.06180508995907865,0.03931419693242551,-0.13641311652544388,-0.06180508995907865,-0.02651312723001768,0.033220418532032926,-0.06180508995907813,-0.02651312723001759,-0.13641311652544388,-0.06180508995907865,-0.02651312723001768,-0.19550582783310236,-0.13346075483629405,0.3773267966948902
MB-0425,24.4,False,-0.0010801897527842677,-0.021345575812472428,-0.040429846579180966,0.16850701599429302,0.14607612610537427,0.04291936568551039,0.1685070159942929,0.14607612610537427,0.0034940165091956106,0.1685070159942929,0.14607612610537427,0.1525510924986574,0.16888871152678597,0.14607612610537463,0.17560106713187387,0.1685070159942929,0.14607612610537427,-0.09389116000687076,0.5658178468280931,-1.1705426351003028,0.2803458736422704
MB-0426,131.1,False,-0.10713074468348363,-0.05802837462021086,-0.0376613908011307,-0.40311519067706914,-0.36885981243828525,-0.22739259911801604,-0.30519204271704664,-0.36885981243828525,-0.1551645513264379,-0.44632385144167824,-0.36885981243828525,0.12800011285815813,-0.0959034950878135,-0.3688598124382852,0.19085302978451288,-0.44632385144167824,-0.36885981243828525,-0.349945259271925,-0.0072113596587564995,-0.43798807560230063,-0.9847229413579084
MB-0428,55.9333333333333,False,0.386928709052606,0.1792061472519485,0.238434008428448,0.3899753666944106,0.5905317641891116,0.39868315033658014,0.3899753666944106,0.8042744135541715,0.5586792847259678,0.3899753666944106,0.3726573561824185,0.2998534844283147,0.36009329939181245,0.5341317507030188,0.5006552569253442,0.3899753666944106,0.8042744135541715,0.5586792847259678,-0.5611981104091591,-0.20689292471224427,1.1878533083569829
MB-0429,74.4666666666667,False,0.38626614921241254,0.16196514441126747,0.08413836366642449,0.6717389109569533,0.7634453098012534,1.076591025715691,0.6717389109569533,0.8910969100738343,0.9674074123777199,0.6717389109569533,0.46850649672716327,0.8888734881254171,0.66226609118206,0.4814657631195314,0.8309382852411412,0.6717389109569533,0.8910969100738343,1.063835453734706,-0.8676167643217026,-0.33372600380413486,1.363080412725391
MB-0431,85.1333333333333,False,0.052134275438083216,0.09475344131942928,0.055944762809003165,-0.31943775986520845,0.013982768627995527,0.16782786718351253,-0.31943775986520845,0.019539170896582157,0.1734023934654689,-0.31943775986520845,-0.042545915244517084,0.18187782319344267,-0.3070986337181358,0.05382262502726946,0.17142749615660444,-0.31943775986520845,0.019539170896582157,0.4649155475062125,3.0660367390488967,0.05668995489379499,-1.3013535202249853
MB-0434,45.5,True,0.23210093763074147,0.3828766240908408,0.37569379455551327,0.7029799830184508,0.664970976620327,0.8893060297395525,0.4652292869251683,-0.20961634890107358,0.8974924759266472,0.7382389657415975,0.11459053709966231,0.9643838080810581,0.5378293381910885,0.04642336192429653,0.9017979857773042,0.7382389657415975,0.4338454176868154,0.8974924759266472,-0.07734505972421603,-0.2931022193567212,2.3014951328449555
MB-0436,75.5,False,0.06635120932078019,0.1057292468550631,0.031840500118487325,0.30436994524254035,0.3831986721613428,-0.45561727115930034,0.30098939115295104,0.5121520768617925,-0.3036312221849578,0.31200232978106074,0.44795859616115713,-0.4199575891273816,0.3062895289303897,0.5588052710990703,-0.20115417752423528,0.28492753718744995,0.5121520768617925,-0.4592662087319456,-2.016660690233245,0.7532114084393808,0.7225065897534976
MB-0437,90.5666666666667,False,-0.08607458358046874,-0.1785654067904607,-0.08587437044490911,-0.019563556056132945,-0.0633664085643298,-0.022843209548067858,-0.030634432593199323,-0.26521587481679004,-0.17895164444249156,-0.016046669766174276,-0.0633664085643298,-0.18951214209481826,-0.22267679584715705,-0.06336640856432992,-0.18951214209481815,-0.036245927543652905,-0.0633664085643298,-0.18951214209481826,-0.6486006079033346,-0.3231959257858299,-0.48800599638147046
MB-0438,135.166666666667,False,0.22674584867666828,0.39817982561561055,0.5608496697221806,1.4995716279784432,1.0018480087488804,1.078805391557196,1.4995716279784432,1.1916711136244038,1.1409423998861905,1.4995716279784432,1.0400787873707056,1.1028431803714502,1.5321913744139424,1.1200679912181428,1.186151617726959,1.4995716279784432,1.1916711136244038,1.1409423998861905,0.6780397271239971,-0.13664959629588416,-1.9043559061435325
MB-0439,112.133333333333,False,-0.2866751475548383,-0.19016386379091677,-0.17672814377384344,-0.9075477709194151,-0.9932163833912293,-1.2324144044912988,-0.9598602084817175,-0.9932163833912293,-1.2035376435119234,-0.9451259823448925,-0.9932163833912293,-1.2991659340248278,-0.9597985991975081,-0.9932163833912293,-1.2316291633703682,-0.9451259823448925,-0.9932163833912293,-1.2562314815139235,-0.5000084331847482,-0.6647813359958524,0.6568464180302901
MB-0440,100.833333333333,False,0.08791744233198281,0.08606931116383743,0.03209538052978736,0.17018861246641398,0.016443885145299608,0.3626183160379047,0.1701886124664138,0.7627812306950813,0.2616698425377219,0.1701886124664138,0.016443885145299608,0.42068364112404044,0.16289737714435876,0.016443885145299656,0.15387757589485132,0.1701886124664138,0.016443885145299608,0.1408036031785628,1.3604462024852575,-0.526514840115237,0.557511373399325
MB-0442,103.466666666667,True,-0.05504206091971575,-0.07963707282742354,-0.06506155232689838,-0.5936595106910351,-0.05359634754109003,0.10418035912564758,-0.5936595106910351,-0.3856639154959683,-0.18665811339168478,-0.5936595106910351,-0.12030075851759833,-0.17069316577865598,-0.7084117700179863,-0.34515972956619295,-0.32085025843045406,-0.5936595106910351,-0.3856639154959683,0.24020515961455643,1.0023982728439578,-1.2644927908197123,-0.5956318243301262
MB-0443,45.0333333333333,False,-0.14692031068865477,-0.251982345419071,-0.3299335515085742,-0.9361233824781543,-1.0938295214695082,-0.912873224192157,-0.9366303792015458,-0.8488949354434179,-0.8289775960908071,-0.9406220697119385,-1.382718860324788,-0.9891433125725935,-1.0992083390983682,-1.0935557374961242,-0.8303317010963454,-0.9423393529268336,-0.8488949354434179,-0.8289775960908071,-0.1523386358242358,0.5187849208779641,-1.7905532669844222
MB-0445,132.533333333333,False,-0.40626897080296753,-0.19288205556664043,-0.09535216298969271,-0.6798762789363192,-0.7516988251499543,-0.7436748582504821,-0.6798762789363191,-0.6878009556541955,-0.7891345542843825,-0.6798762789363191,-0.9840482848438874,-0.9470524668224856,-0.6629065659148111,-0.9096702432140275,-0.84354118007745,-0.6798762789363191,-0.6878009556541955,-0.8469419369753824,-0.47221594277604334,-1.142518017652492,1.1244767578841879
MB-0446,72.2666666666667,False,0.12871690687711326,0.06846090119118958,0.048679569921953755,0.615449567001152,0.0582152720236473,-0.2370827831253368,0.6642982107307339,-0.2827538063495143,0.10951765932925732,0.5521235359994028,0.0582152720236473,-0.057107626781962004,0.6129616308531061,0.05821527202364708,-0.13113744213649214,0.5521235359994028,0.0582152720236473,0.10952761987885444,-1.0048010070276965,-0.7458563981883249,-0.588318953093688
MB-0448,29.2333333333333,True,-0.16982805972757567,-0.13624980992666083,-0.13329222409577177,-0.19691780783072482,0.01691552639290669,-0.028760930725429283,-0.19691780783072482,0.01691552639290669,-0.028760930725429283,-0.19691780783072482,0.01691552639290669,-0.028760930725429283,-0.20045068865666332,0.01691552639290635,-0.028760930725429755,-0.19691780783072482,0.01691552639290669,-0.028760930725429283,-0.6999665423133247,0.35924465201120453,-0.4717450752396646
MB-0449,112.566666666667,False,-0.1408207972548042,-0.24768329758957283,-0.20360083637598975,-0.8967237604281051,-1.0139640705054922,-0.7598510511241477,-0.9010314362328327,-1.0645423386905315,-0.8052415532045912,-0.8819917419961787,-1.092545344955403,-0.8031029455261813,-0.9039705029831197,-1.1506744580975048,-0.9083447765427801,-0.9042857359614941,-1.0645423386905315,-0.8051593258264154,-1.473143074665625,0.40257336594453236,2.845645074509526
MB-0451,50.0666666666667,False,-0.7337634238056209,-0.6279569960533303,-0.1956459704887207,-1.4431186784321652,-1.3753224238694466,-2.2529820907585267,-1.4431186784321643,-2.1131830563226317,-2.146177023127735,-1.4431186784321643,-2.253845817019936,-2.778535454375474,-1.443322718226621,-2.2469239889547787,-2.6008150394606506,-1.4431186784321643,-1.8345570420787258,-2.0237225044189215,1.2043962915330844,-0.400114751005071,2.127972196949781
MB-0453,43.1333333333333,True,0.3844329016960036,0.6726131947674568,0.409490586172467,1.8048249374438436,1.884535849598293,2.3652453428276803,1.8048249374438436,2.081941620418743,2.3543473026498822,1.8048249374438436,1.9074541034503125,2.35968266911033,1.8726046005644723,2.147735036388971,2.4729566026111565,1.8048249374438436,2.081941620418743,2.2668682363203736,1.5907007871260619,-2.0192658104888017,0.9537367314931017
MB-0454,46.8333333333333,False,-0.20836369648940387,-0.5050462716075894,-0.5248768781364819,-0.33473676085220716,-0.5698195669669671,-0.5651208089272111,-0.4143943020645454,-0.5698195669669671,-0.5651208089272111,-0.3603378424078689,-0.5698195669669671,-0.5651208089272111,-0.21000929187956857,-0.5698195669669669,-0.5651208089272108,-0.3603378424078689,-0.5698195669669671,-0.5651208089272111,-1.256138069727733,0.42051328729557524,-0.4554210238658131
MB-0455,99.3333333333333,False,-0.15753352761734996,-0.29489744121290995,-0.799762482609844,-0.7468944206627424,-1.3949925697782657,-0.9801752187295949,-0.7468944206627424,-0.9867386241247708,-0.9801752187295949,-0.7468944206627424,-1.25260604251819,-0.9801752187295949,-0.7453409765096509,-1.4547608110995949,-0.980175218729595,-0.7468944206627424,-0.9867386241247708,-0.9801752187295949,-1.1816829756864633,0.2595634588920596,0.649461273978431
MB-0458,134.5,False,-0.011181225452918747,-0.056915389074277976,-0.08819622171507259,-0.18269980730840713,-0.521165132756524,-0.4658610818188493,-0.18269980730840713,-0.28528161657963097,-0.39426784493585587,-0.18269980730840713,-0.6838850097034657,-0.5406622555098046,-0.16135416146756773,-0.5016006630876858,-0.42154283375185125,-0.18269980730840713,-0.28528161657963097,-0.39426784493585587,-1.768511857086917,-1.4123812154717754,-2.2814697772878496
MB-0459,35.6,False,0.22282911359548072,0.22359405724110396,0.4355408850025172,0.48063395732081554,0.40642904135521835,0.5703765868432412,0.48063395732081565,0.2565461804559753,0.5703765868432412,0.48063395732081565,0.19099193498021577,0.5703765868432412,0.4788547558792852,0.08410385513408457,0.5703765868432412,0.48063395732081565,0.4702079130475845,0.5703765868432412,-0.963854230732174,0.770322082794496,0.10653270157752616
MB-0460,114.0,True,-0.5142885091025884,-0.24568449342235224,-0.3181839809152106,-0.8585278498348198,-0.8387201985333002,-1.004416923382323,-0.8585278498348196,-0.7216498839135981,-0.789569109070489,-0.8585278498348196,-0.6168914345806512,-0.906454832362561,-0.8622311405970411,-0.41892926252802604,-0.7037956192753767,-0.8585278498348196,-0.7216498839135981,-0.789569109070489,-3.1063368012832915,-0.7010998004334262,-0.759818281782311
MB-0462,132.766666666667,False,0.5775147567951088,0.3619427775798498,0.20728248991291226,0.6690994573941742,0.5920204835495374,0.5193580856955294,0.6690994573941743,0.3915286915816866,0.7206566662370354,0.6690994573941743,0.4499389619539261,0.6509706673279512,0.6875920082282522,0.5262559068272669,0.7128396488751353,0.6690994573941743,0.2280578534545088,0.7206031082862426,-1.1422789566319196,-1.1261881161533005,-1.2856051436646596
MB-0463,120.566666666667,True,-0.5363009058524457,-0.4988069121214951,-0.15745432735244827,-0.9339893078107245,-0.8315676489224099,-0.9131748050765937,-0.9339893078107245,-0.8889305747998143,-0.9849110716612849,-0.9339893078107245,-0.650076609932019,-0.8181422267634022,-0.9348728743074529,-0.6805258530775736,-0.818142226763402,-0.9339893078107245,-0.6590992220551841,-0.8181422267634022,1.2969153998005238,0.09573071096425678,-1.5828044642378765
MB-0464,39.3,True,0.8705272162109797,0.6609911719203297,0.3118040589524273,1.475340224936357,1.2819724262886085,1.2266152870162736,1.475340224936357,0.6439628159309086,1.3170408816475323,1.475340224936357,0.826982412408022,1.2909037291131455,1.5105133020289518,0.8560992555665792,1.3589794060019822,1.475340224936357,0.5393681677462918,1.3167927573497915,-0.345672529464465,-0.17847043139921506,0.5251415978751188
MB-0465,28.6,True,0.1591798480981641,0.2851988726114787,0.17511372778323,0.878733863106504,0.9703788286008165,1.2131114702736874,0.878733863106504,0.9273845503835215,1.1563335590050527,0.878733863106504,0.8424865028039549,1.1147945557593015,0.7570291780469218,0.7641523050003367,1.1147945557593013,0.878733863106504,0.9273845503835215,1.1147945557593015,0.8545842348534083,0.20262400099114752,0.08930037331340701
MB-0467,105.6,True,0.2617564272673466,0.33239326927064355,0.18856995090446393,0.9854635721417604,0.5478754292385205,0.561712139432644,0.7861670927013208,-0.03319982840791613,0.661260441380859,0.9722146830772351,0.12792278571832327,0.6091303333735825,0.807595945484562,0.11091916555783965,0.4722593691889434,0.9722146830772351,0.46739366874626287,0.6612022353686644,-0.4889690638420449,-1.6057480583244386,0.1597236640001516
MB-0469,131.266666666667,False,0.08923999670126792,0.025838381928610613,0.06364166465366208,0.32236767272247197,0.3699243829547158,0.3977926796175398,0.3223676727224717,0.3699243829547158,0.3413092710613995,0.3223676727224717,0.3699243829547158,0.43499685307258074,0.3308316753669625,0.36992438295471575,0.3726921566394649,0.3223676727224717,0.3699243829547158,0.3413092710613995,1.760667296993123,1.8122301162723733,0.8423760552565885
MB-0470,88.2333333333333,False,-0.16250680240642554,-0.11917965677957883,-0.10275298060046656,-1.1126639274529495,-0.9993566069588243,-0.9708857997776815,-1.1975611716583383,-0.9993566069588243,-1.0314920898674498,-1.0833479087981324,-0.9993566069588243,-1.2977442820661624,-1.126775645224637,-0.9993566069588241,-1.1335342300514473,-1.0833479087981324,-0.9993566069588243,-0.7178245155795626,0.19921798301385701,-0.602658614543728,-0.8460837686653659
MB-0474,111.1,True,0.16976212332968585,0.44518508263601136,0.2594730910816829,0.5908212994624916,0.6214233205101762,0.5631673241492156,0.6688629338032637,0.6214233205101762,0.5979845168360926,0.5773053104988668,0.6214233205101762,0.5089414898755124,0.6313072049925811,0.6214233205101766,0.5979454774694279,0.5773053104988668,0.6214233205101762,0.5979845168360926,-0.3820022921434805,-1.539659308496411,-1.2355844544689116
MB-0475,130.7,False,-0.12979437224005852,-0.09682672576756889,-0.43532916102164115,-0.09107011961974244,-0.31197827622325774,-0.45143113977001886,-0.04700166564451945,-0.31197827622325774,-0.45143113977001886,-0.1312573016153648,-0.31197827622325774,-0.45143113977001886,-0.18346860460473371,-0.3119782762232579,-0.45143113977001903,-0.1312573016153648,-0.31197827622325774,-0.45143113977001886,2.552424025371081,0.6188421885671495,-1.7763653849182433
MB-0476,130.433333333333,False,-0.03274897096447302,-0.1872357783881039,-0.18946448763379298,-0.6205869252085329,-0.4218627093020895,-0.27190867594200185,-0.6205869252085329,-0.5096888371383808,-0.27190867594200185,-0.6205869252085329,-0.4218627093020895,-0.27190867594200185,-0.5449094482510481,-0.42186270930208947,-0.271908675942002,-0.6205869252085329,-0.4218627093020895,-0.27190867594200185,-0.3244718562854392,-0.3548041301011767,-0.3351965739266949
MB-0479,132.766666666667,False,0.3370711465991525,0.33660002418372215,0.370922871910465,0.4403085889358029,0.41826934170124236,0.7335995003253067,0.44030858893580316,0.6057047519752435,0.7018886193695899,0.44030858893580316,0.7870385155680844,0.9523067320870091,0.44072215718306446,0.7733577446773021,0.8321568295259795,0.44030858893580316,0.5166113152908169,0.7018886193695899,-1.2212233497261362,0.32485848577290377,0.7601562085524842
MB-0481,36.4,True,0.034484422139802934,0.12699335976501644,0.028405549912324406,0.20964344559590256,0.17812070025390078,0.5495995463997628,0.20964344559590256,0.17812070025390078,0.3383473638307703,0.20964344559590256,0.17812070025390078,0.04923481837484155,0.1458320762931272,0.17812070025390017,0.049234818374841616,0.20964344559590256,0.17812070025390078,0.04923481837484155,0.2019100019601099,-0.33960843062503854,-0.1494235252760479
MB-0482,24.8666666666667,True,0.7504879600562488,0.33432898175102627,0.48292731925794596,1.1266940281512101,0.9366310542528766,1.1418189162345558,1.1266940281512103,0.9265432235951745,1.051993062557836,1.1266940281512103,1.1265951845718738,1.0867289652431968,1.1056571310902992,0.9945667073025792,1.0605905718865019,1.1266940281512103,0.9265432235951745,1.051993062557836,-0.03883503855807973,-0.059740360479920165,0.6411281903517326
MB-0483,74.4666666666667,True,-0.07581124234004055,-0.062151928673826164,-0.036902604674033224,0.0480907676998866,0.10181611822603417,-0.1064218084244571,0.0480907676998865,0.018748884647769255,-0.12027934933319315,0.0480907676998865,0.19835082502544127,-0.03539100703612983,0.04885018607944487,0.15673692183613297,-0.03539100703612964,0.0480907676998865,0.018748884647769255,-0.03539100703612983,1.066324553166257,0.24577284373863384,-1.1810537136048151
MB-0484,82.6333333333333,False,0.2557512204602839,0.10465751612548584,0.11061762330018385,0.2808053871152446,0.24164577142143517,0.35871730881862074,0.2808053871152445,0.3564510692547483,0.44382238609782765,0.2808053871152445,0.20372898315463583,0.39941094717476444,0.280634211071127,0.3425605405202012,0.3859817728378861,0.2808053871152445,0.3564510692547483,0.4437419518220772,-0.9216339244978112,-0.7466528839828983,-0.4691213318717145
MB-0485,36.7666666666667,True,0.16441290540723877,0.5642701222244184,0.2638938465490384,1.0005071761845152,0.6729257180424761,0.5963215099867343,1.0029236888768733,0.7546588006581061,0.5797750234595455,0.9985837929615723,0.6729257180424761,0.5927527910050322,1.0461088721977112,0.6729257180424761,0.6343640461661353,0.985518638875829,0.6729257180424761,0.5797549423670154,0.8047169314794976,0.6787395958595579,-0.7659366813813416
MB-0486,89.9666666666667,False,-0.08096321723176131,-0.2123219590571467,-0.059261339984503496,-0.006054913173428008,-0.17674516016917546,-0.21076334896511964,-0.05147520484048603,-0.17674516016917546,-0.19136379120266633,-0.017377188083389707,-0.17674516016917546,-0.2097074339668715,0.030520619667502174,-0.17674516016917574,-0.2097074339668712,-0.017377188083389707,-0.17674516016917546,-0.2097074339668715,0.8527484705742913,-0.46990009907954344,-1.2483778102356926
MB-0487,86.9,False,-0.5931152206090682,-0.6340455429401886,-0.17641648112182567,-1.0235275706899467,-0.8847488981185918,-0.9163752708534474,-1.0235275706899467,-1.1304812136951268,-0.8875352610599585,-1.0235275706899467,-0.8847488981185918,-0.9086432900720893,-1.0231879077867163,-0.8847488981185918,-0.9086432900720891,-1.0235275706899467,-0.8847488981185918,-0.9086432900720893,-0.6676872919350705,-0.8696871441704723,1.859473537260907
MB-0488,112.933333333333,False,-0.7797748708885144,-0.398403721031923,-1.1624942836229821,-1.5724579592994075,-1.5004633401002998,-1.551149729493563,-1.5724579592994077,-1.604295563314688,-1.551149729493563,-1.5724579592994077,-1.745207230084854,-1.551149729493563,-1.574107963139683,-1.784616215610198,-1.5511497294935628,-1.5724579592994077,-1.604295563314688,-1.551149729493563,0.16324400572267767,0.07703242182250279,0.8521407722678009
MB-0490,101.966666666667,False,0.07072812129285024,0.09161613438584906,0.07134104932600566,0.8573958881218555,0.8521666159686233,0.8293698006639666,0.8573958881218555,0.5408444013176653,0.7791729742309527,0.8573958881218555,0.8855122777601928,0.6669245756681892,0.8537712222877785,1.0379299945726266,0.6669245756681889,0.8573958881218555,0.5408444013176653,0.6669245756681892,-0.8307519568543374,0.44504127849104197,-0.7618005522771404
MB-0491,125.8,False,-0.1304680380521634,-0.5500757873554128,-0.33917298658060746,-0.7802738250665939,-0.8062659106905412,-0.6848761554533387,-0.7802738250665939,-0.8062659106905412,-0.7224452414250616,-0.7802738250665939,-0.8062659106905412,-0.6088865275597333,-0.7606717082086937,-0.8062659106905411,-0.6749645310564989,-0.7802738250665939,-0.8062659106905412,-0.7224452414250616,2.3458080738406677,-0.2290793416186396,-0.7660172081897683
MB-0492,81.1333333333333,False,-0.05365472669726497,-0.15764064974929265,-0.06656026173560126,0.32055687035772845,-0.04767106797374324,0.15222187200012122,0.3170265038259898,0.06575198699152628,0.1172261927197049,0.2996635628107757,0.042242806563232475,0.1355793555248955,0.29609596214704864,0.10151780423528502,0.1296874574770755,0.2996635628107757,0.2756876174301497,0.11725335856681146,-0.7041395622801669,-0.8625197870795628,-0.057196853805184154
MB-0494,36.6333333333333,True,1.1736213249947594,1.099280945630165,0.2893679502538242,1.6738618026590835,1.6293203611800342,1.7278946122350867,1.673861802659083,1.6293203611800342,1.6501597219898112,1.673861802659083,1.6293203611800342,1.6500299637192004,1.6767299136589202,1.6293203611800349,1.6500299637192,1.673861802659083,1.6293203611800342,1.6500299637192004,-0.4530744436687142,0.6197855663086329,-1.4420539027685755
MB-0495,71.8,True,0.16411088209442032,0.1696351616466685,0.15926797093406167,0.9772270031132991,1.019453084208568,1.0422846987372514,0.9662145247915684,1.019453084208568,0.9112432735899128,0.9807405089873592,1.019453084208568,0.9181024131293278,1.0640206909758216,1.0194530842085685,0.9181024131293276,0.9952989517535041,1.019453084208568,0.9181024131293278,-1.0658380219633747,-1.7603287921227768,0.43582716588443593
MB-0501,71.5,False,-0.08377280884006415,-0.3350554687322546,-0.4681868485908764,-0.3305537087262217,-0.3435528393171974,-0.5072197425028898,-0.3305537087262217,-0.3435528393171974,-0.5072197425028898,-0.3305537087262217,-0.3435528393171974,-0.5072197425028898,-0.3269557223490628,-0.34355283931719804,-0.5072197425028899,-0.3305537087262217,-0.3435528393171974,-0.5072197425028898,-0.3461212751731734,-1.0308641360355328,-1.2942387751632807
MB-0502,82.1,False,0.18228156514532656,0.3441001209281287,0.9057580020984592,0.734065999215016,1.1519578742241556,1.1302356731806134,0.74113961289619,1.207949034614017,1.1302356731806134,0.7402407775171714,1.3607970704364614,1.1302356731806134,0.9434549184451527,1.5230921493620262,1.1302356731806127,0.7804137047747943,1.207949034614017,1.1302356731806134,-0.005876026696904225,0.03952289053338441,-0.3704329748709035
MB-0503,101.233333333333,False,-0.5192167421110223,-0.48222461448375575,-0.7295656518236651,-0.9129356357789808,-0.8118115066889454,-0.8965609786914781,-0.912935635778981,-1.3609206325007774,-0.8965609786914781,-0.912935635778981,-1.2481786443500338,-0.8965609786914781,-0.9136602104257437,-1.2635282089395117,-0.896560978691478,-0.912935635778981,-1.3554174447084018,-0.8965609786914781,0.7677891353446865,-1.3610593983050674,-1.0248226241279634
MB-0504,130.466666666667,False,-0.0847179628258318,-0.13889516541325758,-0.07387479499671425,-0.27934236934197376,0.012856867226130197,-0.06528926426165328,-0.2793586143661513,-0.20498990378616838,-0.09680857081221467,-0.2838812076305766,0.12166106483137965,-0.1471678070666747,-0.2908241720899355,0.05889456820447862,-0.14716780706667443,-0.2958571284149833,-0.20498990378616838,-0.1471678070666747,-0.6104866460656994,0.027994264249169242,-0.47984828973483024
MB-0505,60.7,False,-0.6364989520196269,-0.20847984669010514,-0.1993819857245984,-1.218829615220533,-1.1795790382789755,-1.352767444584768,-1.2188296152205331,-1.1795790382789755,-1.2378543192242044,-1.2188296152205331,-1.1795790382789755,-1.1375570763452971,-1.2193883674785966,-1.1795790382789753,-1.1375570763452971,-1.2188296152205331,-1.1795790382789755,-1.1375570763452971,-0.1857739586715857,-0.05486311801846381,-1.3311571805649849
MB-0508,114.333333333333,False,-0.5976251511248278,-0.504917435662961,-0.7629580960942062,-1.0694552952848564,-1.0781065390068734,-1.0640832614874127,-1.0694552952848564,-1.3059745338408568,-1.0640832614874127,-1.0694552952848564,-1.559796980413113,-1.0640832614874127,-1.0890552709191401,-1.5529262870263427,-1.0640832614874134,-1.0694552952848564,-0.9057157384622815,-1.0640832614874127,-1.416489366414042,0.8987397888581683,-1.572822027026339
MB-0510,128.4,False,0.12358756186373797,0.31764770882214005,0.18217159879240444,0.7913199743898893,0.5550922240150615,0.9489741166576809,0.9565419361727231,0.5550922240150615,0.707395209792814,0.7073794691952681,0.5550922240150615,0.8659821336066259,0.8276599678424319,0.5550922240150616,0.6755797953502065,0.7073794691952681,0.5550922240150615,0.707395209792814,-0.8274022267661552,-0.9147903518132915,-0.9661408777268591
MB-0511,61.7,False,-0.45604640322649137,-0.4820288673947688,-0.13306587461109826,-0.8052276811823027,-0.7134980499598693,-0.7616169845245166,-0.8052276811823028,-0.3100837300819591,-0.708762092146319,-0.8052276811823028,-0.7134980499598693,-0.7491094596255121,-0.8033740398207742,-0.7134980499598693,-0.7491094596255119,-0.8052276811823028,-0.7134980499598693,-0.7491094596255121,2.755807558275951,-0.6259065236416427,-0.680009857670002
MB-0512,121.533333333333,False,-0.2246440310521395,-0.8443410047059441,-0.5281308813664803,-1.4630343294392976,-1.2781306808729607,-1.5576899347386117,-1.467615072270212,-1.2781306808729607,-1.4885057440590848,-1.4658853767880846,-1.2781306808729607,-1.6125122658087652,-1.6186264078798358,-1.2781306808729596,-1.532084691028758,-1.448129616807021,-1.2781306808729607,-1.4885057440590848,1.0412431916947957,0.3331816847010001,-0.29488942970262855
MB-0513,117.033333333333,False,-0.20677632426972625,-0.11278090074400215,-0.14385304686884964,-0.250905066941448,-0.07808655083271156,-0.41338314115161484,-0.2509050669414477,-0.1227184195662874,-0.356067693925646,-0.2509050669414477,-0.07808655083271156,-0.46008395494578874,-0.2959699252380437,-0.07808655083271164,-0.3951071994831697,-0.2509050669414477,-0.07808655083271156,-0.356067693925646,-0.7814240416773149,-2.4575635902058073,0.06898363214085088
MB-0519,110.966666666667,False,0.8903701382999882,0.8309936336642638,0.26488076454116666,1.3687758487614345,1.3044180707386581,1.330573479395302,1.3687758487614343,1.274059104116942,1.239150604260939,1.3687758487614343,1.3684317390773117,1.290496824894739,1.3689777625895017,1.3790222716374998,1.3434608951824074,1.3687758487614343,1.3573074039520636,1.41007905670863,-1.3373972415282913,3.1000422989145844,1.5268961098463931
MB-0521,180.0,False,-0.24764095604646988,-0.08791385597356974,-0.12381291583462432,-0.5479830634156544,-0.458779827061736,-0.43391922021050794,-0.5479830634156545,-0.458779827061736,-0.4013390070676968,-0.5479830634156545,-0.458779827061736,-0.3941891782872799,-0.5480808238285916,-0.45877982706173587,-0.4891756422736424,-0.5479830634156545,-0.458779827061736,-0.40131580351212975,-0.9755828305996581,-0.698650730461769,0.8122518305619173
MB-0525,65.8666666666667,False,0.19163108804004525,0.08866416017025475,0.06758139141072214,0.155889371956958,0.05897978234354855,-0.0426623240609175,0.15588937195695787,0.16502291529554244,0.08547979864531265,0.15588937195695787,0.13128412436058118,-0.015096451117501864,0.11827392395806599,0.08846199293434658,0.01809066556994983,0.15588937195695787,0.18013105619397726,-0.06187404597204527,-0.02169085951373511,-0.7298350527255578,-0.25289920168642466
MB-0526,139.633333333333,False,-0.08969446578794014,-0.09478119959247223,-0.33405424691383,-0.17157206630062305,-0.18649236699541735,-0.26991859688085357,-0.17157206630062305,-0.18649236699541735,-0.26991859688085357,-0.17157206630062305,-0.18649236699541735,-0.26991859688085357,-0.21994930489872153,-0.18649236699541744,-0.2699185968808538,-0.17157206630062305,-0.18649236699541735,-0.26991859688085357,0.034727788359190326,0.8611275109037129,0.7259183347369238
MB-0527,109.833333333333,False,-0.08606395957364661,-0.16984463852250767,-0.3479929205457605,-0.17363001400892014,-0.3675467493235912,-0.36586760158997766,-0.17363001400892014,-0.4422456464391273,-0.36586760158997766,-0.17363001400892014,-0.41824822766058356,-0.36586760158997766,-0.15846651462030534,-0.4335861787899674,-0.3658676015899777,-0.17363001400892014,-0.4422456464391273,-0.36586760158997766,-0.7443606009308561,-0.03983184143568413,-0.6888972645408504
MB-0528,180.0,False,0.03394989196073409,0.06741260496173435,0.1267518189038941,0.18483684378775952,0.3279749831614256,0.13280873392905385,0.1835714238292788,0.20870994442276797,0.13280873392905385,0.18957928583518804,0.6410889574874182,0.13280873392905385,0.2768116308883271,0.43037500854694666,0.13280873392905354,0.16448613071891705,0.20870994442276797,0.13280873392905385,-1.2865744667376442,-1.779428618703591,1.4484913866169449
MB-0529,48.5333333333333,True,-0.06216999359814575,-0.04944572548536757,-0.014770127777777527,-0.11829812218827472,0.06781586235777076,0.3096883175544711,-0.009322596903606201,-0.03406211187313501,0.20159675888426645,-0.10769790459153274,0.4831438074983506,0.25972416520355884,0.12346009452680938,0.4100968374096195,0.44416012092610424,-0.10769790459153274,-0.03406211187313501,0.20152245551685646,1.4223785052484463,0.6269273800926122,0.5494769624409097
MB-0532,143.133333333333,True,0.062144281114534954,0.08667444692063725,0.027464381026427898,0.3380573113955959,0.2028117632251266,0.32098297826068944,0.3380573113955957,0.8271020262787752,0.24853369312500892,0.3380573113955957,0.2028117632251266,0.3616090597587805,0.33870678387399067,0.2028117632251264,0.27176816175388024,0.3380573113955957,0.2028117632251266,0.24853369312500892,0.4516854512950959,0.8553778339992086,-1.3558393346715487
MB-0534,124.1,False,-0.05942092381118325,-0.04530845717374825,-0.0800491006709347,-0.421841720792799,0.021223866391352438,-0.2504856499416025,-0.4197119698282417,0.021223866391352438,-0.04967789018663209,-0.42959034900749654,0.021223866391352438,-0.10879929727459195,-0.7158707611579416,0.021223866391352635,0.09660788836365065,-0.3802779995888728,0.021223866391352438,-0.04973051023267355,-0.3745680195679353,-0.4499462734759413,0.755385523473681
MB-0535,180.0,False,-0.3031309365112913,-0.7483856754709057,-0.4297206954808742,-1.1194158545124464,-1.093201849927848,-1.076530328609411,-1.2861764157266136,-1.2270799865221445,-1.062570206049912,-1.0965210596479533,-1.093201849927848,-1.0749690352956767,-1.2748718642336303,-1.093201849927848,-1.086189478516141,-1.0965210596479533,-1.093201849927848,-1.062570206049912,-0.22066120781608659,-0.2816003582920249,0.816092352617782
MB-0536,147.366666666667,False,-0.16975838324347622,-0.1170348461322352,-0.12543548532672572,-0.20691768474786026,-0.2335632726750686,-0.14798514737720536,-0.20691768474786026,0.17611062040513184,-0.14798514737720536,-0.20691768474786026,-0.2335632726750686,-0.14798514737720536,-0.2071007937742797,-0.23356327267506866,-0.14798514737720558,-0.20691768474786026,-0.2335632726750686,-0.14798514737720536,-0.5295304591256691,0.48598459725939197,-2.685595289652432
MB-0537,113.566666666667,False,-0.11877785421912647,-0.6014426324371789,-0.13400930541259012,-0.926625031548849,-1.1405127202551546,-1.118563826466167,-0.9252109383309317,-1.1405127202551546,-1.0588308026204927,-0.9245550441129209,-1.1405127202551546,-1.0112770233525565,-1.0301216032357303,-1.1405127202551537,-1.0112770233525565,-0.8986877950494218,-1.1405127202551546,-1.0112770233525565,-2.9360454460171126,-0.9087802499144495,-0.7480949542511323
MB-0538,24.1,True,0.18702419333925738,0.48825834094951015,0.7073409738024818,0.9627509809886581,1.0707568359356592,0.9929292553165223,1.0607227869055948,1.4922912293084927,0.9929292553165223,0.9671249578542563,1.5009897937682364,0.9929292553165223,1.0131469043685888,1.4758369066475068,0.992929255316522,0.9671249578542563,1.5036093246964166,0.9929292553165223,0.1156618270926259,0.4383885642069085,-0.4738225196184616
MB-0542,48.6,True,0.03964823811765927,0.03411836237250588,0.01528567780033669,0.5905341159268049,0.41575232882391827,0.18833506650534867,0.5905341159268049,0.33913221910641794,0.13842186531987422,0.5905341159268049,0.4637014104402788,0.20740501209584455,0.6414788578264059,0.3691511188303044,0.2074050120958447,0.5905341159268049,0.33913221910641794,0.20740501209584455,-1.070544409695766,0.199298510444498,-1.928512251800227
MB-0543,154.766666666667,False,0.025365291069210462,0.06146933258021192,0.07551929506080399,0.24740737766979945,0.014278838768807273,0.3437510688940164,0.24500716767243455,0.02040262744184026,0.2579936626322737,0.2586609046103273,0.2045397258130515,0.46829815273035574,0.40507703582881044,0.18140375436541153,0.3135078884497775,0.28370914781173695,0.21387792163403974,0.2579936626322737,-1.0026842990328195,-0.674932615775918,-1.0671774923126214
MB-0544,79.3333333333333,False,0.07504433096501241,0.06523434168866073,0.0631056884732646,0.6272727052805164,0.5462414178634365,0.7391068715599343,0.6272727052805164,0.5462414178634365,0.7635436118843525,0.6272727052805164,0.5462414178634365,0.8076584060931169,0.6251165621668133,0.5462414178634365,0.7577720921590291,0.6272727052805164,0.5462414178634365,0.5388538593768051,-0.6402624053903738,-1.3921018738118445,-0.9483581881928416
MB-0545,41.1666666666667,False,0.13676259371914942,0.37288819618282093,0.6791556963004112,1.0131056475095772,0.5272467099285533,0.9077000574358233,1.000353217341366,0.5272467099285533,0.9077000574358233,1.0132846811395044,0.5272467099285533,0.9077000574358233,0.821689039981475,0.527246709928553,0.9077000574358229,0.9975139146363398,0.5272467099285533,0.9077000574358233,0.7323017147112972,-0.22560583076108617,0.5070958053657446
MB-0549,25.9666666666667,False,0.6171970701773756,0.16886085777832416,0.6835260523625608,0.8225179710123545,0.837338641047295,0.8333681096384252,0.8225179710123545,0.837338641047295,0.8333681096384252,0.8225179710123545,0.837338641047295,0.8333681096384252,0.798005581667635,0.8373386410472949,0.8333681096384257,0.8225179710123545,0.837338641047295,0.8333681096384252,-1.170530808407683,-0.8754222582601685,0.30046317773051506
MB-0551,51.9666666666667,True,-0.11064316641203309,-0.12401385022938102,-0.12485999007925545,-0.6546714938892318,-0.5981846292124138,-0.8434096005409574,-0.6456207789641791,-0.5981846292124138,-0.6349076498316472,-0.6575138672907854,-0.5981846292124138,-0.5598055236146142,-0.6229211346209333,-0.598184629212414,-0.44474414187305306,-0.6325163015504842,-0.5981846292124138,-1.0701190764997162,-1.434281459674122,1.0014102256801642,2.6261738286185947
MB-0568,180.0,False,-0.3315834003513925,-0.11424671385866758,-0.11320312363158623,-0.572544160383032,-0.4882701227132327,-1.0254937965127116,-0.572544160383032,-0.4882701227132327,-0.8528358747044131,-0.572544160383032,-0.4882701227132327,-0.965436569679076,-0.5724982881985463,-0.4882701227132325,-0.8740964975465946,-0.572544160383032,-0.4882701227132327,-1.3264371222059244,0.6398520751723783,0.14408536849992318,-0.3942594033841144
MB-0569,59.5,True,0.10803199428656107,0.47685164953864906,0.2589869480485716,0.9989757302042611,0.9473936787730745,0.9377165222498227,1.003503427366159,0.9473936787730745,0.9547283128057139,0.9906231864867746,0.9473936787730745,0.8570086983614414,0.9175010346165076,0.9473936787730746,0.9044498988234027,1.0081850228366673,0.9473936787730745,0.9547283128057139,0.7543689046395509,0.7820845225598966,1.1532309938411287
MB-0570,180.0,False,-0.27156363677517603,-0.20055529887311635,-0.07536727129042156,-0.31619829163246915,-0.14068113748241104,-0.08625730916090923,-0.31619829163246904,-0.8723113958484999,-0.11351165806062294,-0.31619829163246904,-0.14068113748241104,-0.14334153049339748,-0.3170633485602432,-0.14068113748241126,-0.14334153049339726,-0.31619829163246904,-0.14068113748241104,-0.14334153049339748,-0.958933707794222,0.13462193534445818,0.0788464753805641
MB-0571,149.866666666667,False,-0.7931312115991033,-0.8654212306356275,-1.1149409362214848,-1.5525125476823394,-1.28040544562136,-1.452700586720049,-1.5525125476823394,-1.28040544562136,-1.452700586720049,-1.5525125476823394,-1.28040544562136,-1.452700586720049,-1.5521906847695677,-1.2804054456213592,-1.452700586720049,-1.5525125476823394,-1.28040544562136,-1.452700586720049,0.5623976772929592,0.26290111708503067,0.2709257789707485
MB-0573,163.2,False,-0.1554508651144946,-0.06581813775516189,-0.2770428189314308,-0.07853838077607798,-0.15817081134703972,-0.4062303497013926,-0.07853838077607814,0.19298106187141686,-0.4062303497013926,-0.07853838077607814,-0.15817081134703972,-0.4062303497013926,-0.06980505720604342,-0.15817081134703972,-0.40623034970139144,-0.07853838077607814,-0.15817081134703972,-0.4062303497013926,-0.2916324304147521,-0.7829989172303806,-1.1596298172861805
MB-0574,119.8,False,-0.019234803448732064,-0.03827637453648729,-0.023079959211074804,0.2336379828333301,0.18594151614291368,0.15904355752908234,0.08786847156089828,-0.2601161253630102,0.27445645121914075,0.30918403848631526,-0.3382019802795985,0.21946668221998294,0.2170501113224695,-0.3345217319076647,0.21905495909332143,0.30918403848631526,-0.3282720965186667,0.27439986409876244,0.3012921765535601,0.6680474265721447,-1.9108997779424512
MB-0575,128.566666666667,False,0.15261054461357615,0.16150884904046767,0.07096361354677025,0.2325587728367834,0.18307833391737213,0.3264458617164455,0.23255877283678356,0.5102293052885745,0.18096956229975275,0.23255877283678356,0.4574550866021306,0.23371039169114266,0.21109156554057765,0.2889949436518563,0.17780363298812504,0.23255877283678356,0.18759693531831936,0.18096956229975275,-1.2609602800655342,1.7846982743070243,-0.7671482258172059
MB-0576,31.0,True,0.1818173690608461,0.20063620271377103,0.04628846757789023,0.547831617768374,0.5198754364484696,0.7185012962110335,0.5478316177683741,0.5198754364484696,0.703284850440447,0.5478316177683741,0.5198754364484696,0.6003970050951306,0.5163353503376932,0.5198754364484695,0.6003970050951306,0.5478316177683741,0.5198754364484696,0.6003970050951306,0.8328944493608352,-0.3096875555175417,0.7621685717133088
MB-0578,110.1,False,0.10442856056808661,0.011160532314316058,0.05310541734536517,0.19421662157879835,0.10146013409840492,0.35423133887927616,0.1942166215787982,0.10146013409840492,0.24624265757238004,0.1942166215787982,0.10146013409840492,0.2809653989926731,0.1929485999294221,0.10146013409840515,0.15132408322613977,0.1942166215787982,0.10146013409840492,0.2462068078375996,1.203258954116498,-0.592774527714149,1.5828056120254663
MB-0579,92.7666666666667,False,-0.03788036039408565,-0.020092448776442638,-0.008892864686978554,-0.2900603796496972,-0.33373348477504317,-0.009010917223447112,-0.44786921349809516,-0.33373348477504317,-0.18664059347152057,-0.3605669642903718,-0.33373348477504317,-0.1805843815636995,-0.4833449374597895,-0.33373348477504317,-0.18058438156369938,-0.3605669642903718,-0.33373348477504317,-0.1805843815636995,0.6370732356261833,-0.15783670219035234,0.6039910508652822
MB-0580,79.3666666666667,True,0.04059708925765173,-0.00013923309165182925,-0.008594973839308434,0.03705724318558253,0.05744209492452707,-0.02728428725026573,0.037057243185582504,0.05744209492452707,-0.07614953448211152,0.037057243185582504,0.05744209492452707,-0.10865055191727827,0.036929337282138604,0.05744209492452723,-0.108650551917278,0.037057243185582504,0.05744209492452707,-0.10865055191727827,0.5583399616951433,-0.48128028360112374,0.49828090984319984
MB-0581,7.86666666666667,True,0.8333620489887549,0.2771442727318231,0.24323965785138837,1.6858126558538737,1.7769922892460766,1.563428139532892,1.685812655853874,1.7769922892460766,1.6421408768847003,1.685812655853874,1.7769922892460766,1.6028584421764556,1.6863668260969094,1.7769922892460772,1.699666239613197,1.685812655853874,1.7769922892460766,1.6442895018102677,-3.772275156122734,-0.7014792986535402,-0.8387668539743595
MB-0582,15.5333333333333,False,0.10441753156181768,0.17966662247431273,0.4951921798429778,0.7997065082054442,0.8567059471702132,0.6538784483011666,0.7987564155581176,0.6831011472270144,0.6538784483011666,0.8136158526250399,0.766662176862897,0.6538784483011666,0.925324741960765,0.7895016326813196,0.6538784483011663,0.8278310415004861,0.6831011472270144,0.6538784483011666,0.2606297490669398,0.13819364396816675,1.534293845315934
MB-0583,62.6333333333333,False,-0.4905687639620727,-0.44949456763363105,-0.3278396355539275,-0.7503926110571155,-0.6943918505429686,-0.9176724323323827,-0.7503926110571156,-0.5169511678816798,-0.8354609992520824,-0.7503926110571156,-0.6039360144418726,-0.9710786426346774,-0.750020237102311,-0.5103133360742341,-0.8512121682440156,-0.7503926110571156,-0.9008850758032751,-0.8354609992520824,-0.025445316692543535,-0.29091753305009044,1.3438063203968533
MB-0584,118.2,False,-0.339986425830957,-0.10757866346464498,-0.5355885965607501,-0.44717141600738597,-0.43282797699651143,-0.6064506248695771,-0.44717141600738614,-0.43282797699651143,-0.6064506248695771,-0.44717141600738614,-0.43282797699651143,-0.6064506248695771,-0.44798977023246306,-0.4328279769965115,-0.6064506248695775,-0.44717141600738614,-0.43282797699651143,-0.6064506248695771,-0.1470455068463331,1.4388735938426587,-0.5308324871691382
MB-0586,77.2333333333333,False,0.20708685122395523,0.23053743812208824,0.15720143676076506,-0.0027852733384583607,0.10044807972000742,-0.03366518989904692,-0.002785273338458176,-0.5237969931853719,0.06169293623613974,-0.002785273338458176,-0.4885486008320509,0.04162660319124394,-0.002254391071563216,-0.2722276921212034,0.0132871730124255,-0.002785273338458176,-0.4897372087733274,0.06182095830066363,-0.63057798997102,0.00020164295512421895,-0.04637066919387357
MB-0588,119.733333333333,False,-0.01610191971581036,-0.07747424267537037,-0.011211375769742139,-0.2184515455086779,-0.24517182889533526,-0.8485567035446939,-0.2184515455086779,-0.41345805676971653,-0.6591406513442201,-0.2184515455086779,-0.5355268504633616,-0.7625089542858233,-0.203873760417024,-0.6310621264857763,-0.6999471192174979,-0.2184515455086779,-0.4433203109462731,-0.6804668554527679,0.0553649749135539,0.3239119776314283,-0.9960519234647858
MB-0589,125.8,False,0.7852213459536346,0.8523085843905378,0.2098346428469092,1.2075076411293595,1.1427755449501025,0.9174906579952884,1.2075076411293595,1.3499324223353246,0.9708385252151345,1.2075076411293595,1.1427755449501025,0.9835387075062939,1.2083724799770021,1.1427755449501027,0.9835387075062934,1.2075076411293595,1.1427755449501025,0.9835387075062939,0.41211740512833367,0.9520218679998016,1.4672068853838773
MB-0590,72.4666666666667,False,0.1591072673835767,0.5505492301948822,0.6393774923811788,0.9786713591012641,0.9711637208620589,0.9227373598516699,0.9262203766431637,1.422781313039849,0.9227373598516699,0.9493212082801106,0.9711637208620589,0.9227373598516699,0.8785937258608364,0.9711637208620587,0.9227373598516694,0.9493212082801106,0.9711637208620589,0.9227373598516699,-0.263788160540625,-0.30075585250454295,0.40635416902981664
MB-0591,119.466666666667,True,-0.009326010677103692,-0.024579682274935538,-0.06108835531086784,0.21047331498773716,-0.09619080148131849,-0.29120990446439315,0.23877770946059754,-0.09619080148131849,-0.24340523342765033,0.16676927961840485,-0.09619080148131849,-0.28049128562540493,0.21670416603673628,-0.09619080148131881,-0.30601059671047237,0.16676927961840485,-0.09619080148131849,-0.24334813293852567,-0.46332413970987085,1.4367365400889385,-0.09506466916037241
MB-0593,34.6666666666667,True,1.7262551681548723,0.44268988327805003,1.005430969751596,2.1500356068957007,1.9242519701603384,1.7592688215435182,2.1500356068957016,1.9242519701603384,1.7589597553888994,2.1500356068957016,1.9242519701603384,1.678088529713442,2.097533207355557,1.9242519701603387,1.7080329763943976,2.1500356068957016,1.9242519701603384,1.7589597553888994,1.2297538109392712,-0.6326942125201124,0.406900000422897
MB-0594,44.2333333333333,False,0.16446652094925748,0.41993837104465453,0.1680371639810536,0.5497660599117377,0.5348447552769267,0.19911982628196034,0.5671149582408738,0.15241347708201833,0.3568795777510338,0.5751510664569096,0.5348447552769267,0.2714811410026058,0.4391647005996916,0.5348447552769267,0.18768329293266578,0.5751510664569096,0.5348447552769267,0.3569175230594218,-1.1053671072691253,-0.8083277018861249,0.440622290368524
MB-0596,107.1,False,-0.14957753846437893,-0.49193426185007905,-0.17329291274020536,-0.728867631267235,-0.7309844441384056,-1.0167734285642993,-0.7246461506238142,-0.9844632207879292,-0.9335037349945343,-0.7360296915257566,-1.0372838609664252,-0.9256261539843263,-0.7411399884625789,-0.8595108379225109,-0.9179976871736205,-0.7221931054709796,-1.1668180114022308,-1.0557343315847867,1.0301551978238768,-0.36626701885025204,-0.4114967034028557
MB-0598,89.3666666666667,True,0.0012218830004320988,-0.00315431813065474,-0.03445884228380955,0.14486696520154674,0.1634789675189671,0.13562293102348108,0.1448669652015466,-0.09052076653044822,0.08018815176276134,0.1448669652015466,0.20477944801485085,0.15534829446184314,0.14436846785269292,0.16490402793754214,0.06301487448504424,0.1448669652015466,0.3224229324317851,0.498293857416045,0.17681246373052467,-0.11471739196713679,-1.2415651857429464
MB-0599,123.266666666667,False,-0.04644660028528328,-0.3081410057951128,-0.3117048242505668,-0.47933488143113395,-0.6733744985840662,-0.510388983561972,-0.477720960227693,-0.19112286649930219,-0.510388983561972,-0.47470858191762066,-0.6733744985840662,-0.510388983561972,-0.17855823339358154,-0.673374498584066,-0.5103889835619723,-0.4574337170315237,-0.6733744985840662,-0.510388983561972,-0.8043056452824273,-1.4013182000990516,-1.2837453687148983
MB-0600,111.0,False,0.12001597976698844,0.34320742299751195,0.5822693972498135,0.6322771470663494,0.44118230105289946,0.7529114720069726,0.6170591198473919,0.44118230105289946,0.7529114720069726,0.6344554708890751,0.44118230105289946,0.7529114720069726,0.3835707774938611,0.44118230105289924,0.7529114720069722,0.5889837422781008,0.44118230105289946,0.7529114720069726,-0.28998189606931385,-0.03509478412884679,-1.7383665131115047
MB-0601,29.6666666666667,True,0.25586370183165413,0.12617816582644753,0.08911976667292767,0.39102790652734665,-0.006696022014676885,-0.07923633316303569,0.3910279065273464,0.09970573889141748,-0.05928694869582936,0.3910279065273464,-0.006696022014676885,-0.07214462658711282,0.39081611997977866,-0.0066960220146767176,-0.08549990632545555,0.3910279065273464,-0.006696022014676885,-0.05933978404687691,-0.9199936028121969,-1.6674865904394212,0.4612530204968294
MB-0603,121.966666666667,False,-0.28124132971499427,-0.15158323562996637,-0.07404087074481078,-0.2787405677813476,-0.06082877046578553,0.04519201262152636,-0.2787405677813473,-0.3210461998356011,-0.0670546373346079,-0.2787405677813473,-0.06082877046578553,-0.17983290968217844,-0.3047252984807511,-0.060828770465785664,-0.17983290968217835,-0.2787405677813473,-0.06082877046578553,-0.17983290968217844,0.6750645184094394,1.3921384005454986,2.2185418386340072
MB-0605,114.6,False,-0.26401016043868725,-0.6034038294170132,-0.16752740029707217,-0.9187650962491981,-0.84824585441284,-0.9826150605595344,-0.8478962136191812,-0.970934666407422,-0.8936328817192787,-0.90464506888983,-0.84824585441284,-0.7144706141750666,-0.7732980219361769,-0.84824585441284,-0.657402887028303,-0.90464506888983,-0.84824585441284,-1.1069496106337824,0.3479017619704715,-0.08099695140769417,-1.6990692976365478
MB-0606,27.4666666666667,True,-0.3897113537400593,-0.16045382198174538,-0.11916384982887973,-0.5591110328408092,-0.5432283894854767,-0.6988470499841846,-0.5591110328408091,-0.6588765034137273,-0.6940067319913276,-0.5591110328408091,-0.6866420510090891,-0.743761654850492,-0.5761094174552536,-0.7366166257063702,-0.7324251494961782,-0.5591110328408091,-0.6588765034137273,-0.5082285414153291,-0.5567961751531812,-0.6419577246959741,0.1382874588248894
MB-0607,87.8333333333333,False,-0.024219458239949372,-0.0032128770046707666,-0.009929581704965766,-0.09175612633522523,0.13442927450260908,-0.010582017386672742,-0.08579918717304486,0.13442927450260908,0.058134083360150045,-0.0915060294708021,0.13442927450260908,0.08369196075769879,-0.03832821858169078,0.13442927450260875,0.08369196075769894,-0.12270731491703972,0.13442927450260908,0.08369196075769879,-1.102218299054223,-0.9083381182835725,0.41098394260608617
MB-0608,63.9666666666667,False,0.5415507823459731,0.7248505122169902,1.025538746597835,0.898943669468652,1.1206704393375573,1.340361625702641,0.8989436694686522,1.1206704393375573,1.340361625702641,0.8989436694686522,1.1206704393375573,1.340361625702641,0.8991057743817127,1.1206704393375577,1.3403616257026403,0.8989436694686522,1.1206704393375573,1.340361625702641,0.30171609350107054,-0.38443047420819676,-0.9846256772614974
MB-0609,98.7,True,-0.2766258391097136,-0.3470916584509567,-0.07060497599469434,-0.6159570612039624,-0.6926728997034952,-0.784319134450323,-0.6159570612039624,-0.6926728997034952,-0.7284768011624553,-0.6159570612039624,-0.6926728997034952,-0.5690409916163928,-0.6162669586015967,-0.6926728997034952,-0.5690409916163925,-0.6159570612039624,-0.6926728997034952,-0.5690409916163928,0.9573856068419316,-0.22307946843042645,0.20442580206739108
MB-0610,76.7,False,-0.07672836984755634,-0.048162958532777696,-0.08446404053748556,-0.689395603522167,-0.4237524876884731,-0.5867799390380715,-0.7390367963094947,-0.4237524876884731,-0.4749017315241582,-0.5653590893235892,-0.4237524876884731,-0.5024924360421553,-0.5542867511578619,-0.423752487688473,-0.4221296870005956,-0.5653590893235892,-0.4237524876884731,-0.4748628770597212,-0.11383634938188146,-1.0445109656113605,-1.0969368989183785
MB-0613,48.8,False,0.07968853310590628,0.22984763229734628,0.12189205778462349,0.16407977588550812,0.10363188262415549,0.03952827594710001,0.1651555987497417,0.10363188262415549,0.010611413663570586,0.1628436245474168,0.10363188262415549,0.011438634161458686,0.18821378099233205,0.1036318826241561,-0.07224380043883892,0.16224006919182973,0.10363188262415549,0.010741241114838136,0.41835250088922316,-0.9197950938228345,1.2004021189881253
MB-0614,119.333333333333,False,-0.15493348046173255,-0.1290805036205056,-0.1675558085964004,-0.011823384389390902,-0.09938290272784771,-0.1116462496789801,-0.011823384389391081,0.052340625912186294,-0.1116462496789801,-0.011823384389391081,-0.09938290272784771,-0.1116462496789801,-0.01752512706037806,-0.09938290272784787,-0.11164624967898046,-0.011823384389391081,-0.09938290272784771,-0.1116462496789801,-0.37602715054974273,-0.18717500506153661,-0.5942490563115667
MB-0616,29.0333333333333,False,0.0742674077524322,0.15067043059499763,0.0687216404370266,0.13050811215529243,0.4557103292367393,0.19964514765185506,0.13050811215529243,0.548950315991795,0.21095187187479303,0.13050811215529243,-0.02261194304326095,0.01155917909742168,0.018485469949129568,0.09869815882163532,0.019144724781223157,0.13050811215529243,0.548950315991795,0.2249285224061285,0.06756920600942723,-0.520783747795641,0.10056038349126575
MB-0620,112.8,False,0.004477143607109796,-0.033892773027479374,-0.004148823410015571,0.06277301090833534,-0.09896450205536632,-0.5957151652443214,0.06277301090833538,-0.09896450205536632,-0.7104446874629197,0.06277301090833538,-0.09896450205536632,-0.6396165833701662,0.06141263441394904,-0.09896450205536705,-0.7468481655650713,0.06277301090833538,-0.09896450205536632,-0.29760295877130655,-0.2912829113936885,0.9392131036783211,0.6842415849945397
MB-0621,33.5666666666667,False,-0.12116010122596142,-0.18887197956819454,-0.28590164395989737,-0.24065841166594018,-0.26019148844950907,-0.32469356562351726,-0.23758064246318447,0.21707100731829868,-0.32469356562351726,-0.27297986240074995,0.10810105206551664,-0.32469356562351726,-0.23847996751597506,0.06099366624648544,-0.3246935656235171,-0.27297986240074995,0.22678032335418977,-0.32469356562351726,0.2940421429749802,1.137870374245525,-0.4298193691923153
MB-0624,64.0333333333333,False,-0.061174430638068086,-0.19373782691005043,-0.13167206384560987,-0.88828260549651,-0.4394631802454748,-0.7627389903579135,-0.88828260549651,-0.4690429241624463,-0.6262215620680017,-0.88828260549651,-0.3656504524117664,-0.7121579599074994,-0.9002930078621154,-0.40528831942961935,-0.6163873562403934,-0.88828260549651,-0.43278055202670285,-0.6262215620680017,-1.509772513035727,0.016021203599889625,-1.7912308228410456
MB-0626,35.5333333333333,True,-0.02984250964166251,-0.16513695006037526,-0.0901468987131145,-0.16006328697557068,-0.33021267409401817,-0.6477623136901872,-0.15773239322738425,-0.6079502822961412,-0.5494478535527455,-0.1604505248646862,-0.5484963449050932,-0.585415263185662,-0.15369187003224322,-0.6107237229277591,-0.5816256062167351,-0.1656511212685027,-0.7784591296026514,-0.5493709400279548,0.6441905231896892,0.47359957205452774,-0.531255658935443
MB-0627,0.766666666666667,False,-0.026453985157371955,0.06453574731395623,0.09664522711373766,-0.18428601395986646,0.06335991906660228,-0.21180788245038165,-0.18428601395986607,-0.6510726720273279,0.09006976549715137,-0.18428601395986607,-0.627833777097367,-0.17846426337546398,-0.18438145027413533,-0.5730580816405988,0.14329949354416613,-0.18428601395986607,-0.4859263884666865,0.09006976549715137,-0.2299324816033148,-1.33518837362512,0.7629952676464102
MB-0628,105.966666666667,False,-0.5294183602732653,-0.45473736207428095,-0.60454186308347,-0.8182823528191794,-0.9065356396251811,-0.8141581073214499,-0.8182823528191795,-0.7606290156463061,-0.8141581073214499,-0.8182823528191795,-1.0202722051951654,-0.8141581073214499,-0.836028375948342,-1.0861614370499373,-0.8141581073214502,-0.8182823528191795,-0.8337288543379974,-0.8141581073214499,0.3586080676493852,0.6374177094326149,-0.08453265729342355
MB-0631,47.4333333333333,True,-0.2284305915278966,-0.23691773710497424,-0.1627464451665718,-0.22113133145946967,-0.1997823066930554,-0.28275009979472643,-0.22113133145946956,-0.1997823066930554,-0.2614801386647529,-0.22113133145946956,-0.1997823066930554,-0.1557136591280407,-0.19966706543761714,-0.19978230669305505,-0.17349224534673344,-0.22113133145946956,-0.1997823066930554,-0.2614801386647529,-0.340310127466209,-0.03058346951326358,0.2297891839639593
MB-0637,80.6666666666667,False,-0.04373068937708731,-0.05398495955359406,-0.057771064784058794,-0.020407224935895914,0.06345951092120704,-1.047776563193342,-0.020407224935895914,-1.0728360584758094,-0.7898949530555589,-0.020407224935895914,0.06345951092120704,-0.9891771184715116,0.00684519663233955,0.06345951092120684,-0.8939607510988467,-0.020407224935895914,0.06345951092120704,-0.6822492573669153,0.3203611893741035,0.48466831595083715,-1.0804018069049535
MB-0641,102.566666666667,False,-0.11393496263089752,-0.3105631969645813,-0.3166233139690665,-0.6797791514553875,-0.590193153887407,-0.4681479880558588,-0.6423221157966638,-0.38787781866186305,-0.4681479880558588,-0.6726586873401864,-0.590193153887407,-0.4681479880558588,-0.43055626135187686,-0.5901931538874069,-0.46814798805585917,-0.6726586873401864,-0.590193153887407,-0.4681479880558588,-1.0725628041289215,1.6003561315936594,0.14322291081554303
MB-0642,84.2,False,-0.2026348655248247,-0.6743471977697607,-0.33373724933283183,-1.1930492855096495,-1.1965977035585118,-1.135136245235331,-1.2000092397931574,-1.5136182516489822,-1.0112004511590293,-1.1940024748060452,-1.7531273939107068,-1.071713566501679,-1.564968447265027,-1.716387892375577,-1.350260016260319,-1.2193001270105182,-1.3689618396814602,-1.0110846098285249,1.189154412488462,-2.280857756344364,0.7281669899188168
MB-0643,19.7333333333333,False,0.4534390089965308,0.45076467408032284,0.4319795456921311,2.83541739624488,2.3646199142008153,2.420806860710735,2.83541739624488,2.3646199142008153,2.4140041730901665,2.83541739624488,2.3646199142008153,2.2755162283921355,2.7676227706541927,2.3646199142008157,2.2755162283921346,2.83541739624488,2.3646199142008153,2.2755162283921355,-1.7035445876372979,0.26094817905342854,0.03644802049061874
MB-0644,93.3,False,0.004580547009295756,0.026715903700677654,-0.01638620224770722,0.4051107926862269,0.16106574372117768,0.25055013409900967,0.4051107926862269,0.6385955608039163,0.23853335454281935,0.4051107926862269,0.6180316992362509,0.3320081204326825,0.39257370408864334,0.5523506093110215,0.2484485913101336,0.4051107926862269,0.5942263195858085,0.2549931056727119,-1.0392388147791862,-1.0991190631678631,1.9080145903201173
MB-0646,15.1666666666667,True,0.05250072821147578,0.048962293933626486,0.04062546700053715,-0.25909531873488845,0.053082809393955356,-0.3847857582223972,-0.3318853060839373,0.053082809393955356,-0.2078427468172028,-0.1877091457429525,0.053082809393955356,-0.20259292402029894,-0.03420033701554772,0.053082809393955654,-0.06926104475231813,-0.1877091457429525,0.053082809393955356,-0.3333929161680478,0.23566606953963426,0.592196691404488,-0.2077935782605395
MB-0650,25.5333333333333,False,-0.053427318529680135,-0.20335076242212147,-0.07956850442392019,-0.5127527044067565,-0.42381073943383724,-0.6474743974110024,-0.6260213746595725,-0.42381073943383724,-0.47059087915479775,-0.42283862627351093,-0.42381073943383724,-0.6168818704908888,-0.5400566070225757,-0.4238107394338372,-0.5093817678867574,-0.42283862627351093,-0.42381073943383724,-0.47059087915479775,1.462842285184577,-1.313313437428466,-1.0413502363373355
MB-0652,96.6333333333333,True,0.07256890091211127,0.09721727775714038,0.06941802645179634,0.7696771642081529,0.8743209963200801,1.0736270954842906,0.7756698026858603,0.8743209963200801,1.1039055271540483,0.7612213214270023,0.8743209963200801,1.2584438398978142,0.9029412226186391,0.87432099632008,1.1663800131983257,0.7251619011887372,0.8743209963200801,1.2754364400628304,0.2781263018080308,-0.49539956700399346,-1.6176592423461078
MB-0653,24.8,True,0.313669778888047,0.4576157139974308,0.3003039793444089,0.5396843773291158,0.7080761192280514,1.0547139486997874,0.5396843773291159,1.1448990496899634,0.9077230495318952,0.5396843773291159,0.7080761192280514,1.041429852608914,0.5399424977661212,0.7080761192280512,0.956657823226472,0.5396843773291159,0.7080761192280514,0.9077230495318952,-0.24790845527908614,0.20273375576037383,1.1520058911926843
MB-0657,30.4333333333333,False,0.24186287444091925,0.20007121357417984,0.06501859406930809,-0.1735288073806592,-0.1782540692824735,-0.2275077236698777,-0.17352880738065934,-0.1782540692824735,-0.2275077236698777,-0.17352880738065934,-0.1782540692824735,-0.2275077236698777,-0.1505689962275191,-0.1782540692824727,-0.22750772366987604,-0.17352880738065934,-0.1782540692824735,-0.2275077236698777,-1.4250901432432643,0.6135093864353722,-0.0590182437964927
MB-0659,23.3333333333333,True,-0.0026303402737820544,0.12190629502774133,0.22933035765966092,-0.22799479906910264,0.008972511431027081,0.19280599406493576,-0.22799479906910242,0.41187467169286807,0.19280599406493576,-0.22799479906910242,0.4301611918288181,0.19280599406493576,-0.22783226237805,0.2916574277351463,0.192805994064936,-0.22799479906910242,0.051281321592710954,0.19280599406493576,-0.19127666443013225,0.07479408933657207,1.0116217798624403
MB-0660,18.9333333333333,True,2.138078405181522,1.88804607406958,1.0152366763665244,2.7199135140976147,2.2543608010701846,2.8530093870914466,2.7199135140976147,3.157032293306242,2.594364575582436,2.7199135140976147,2.2543608010701846,2.6593323936771753,2.7241050457278,2.2543608010701846,2.635657532644128,2.7199135140976147,2.2543608010701846,2.594411976286204,-0.019877011042093756,-0.7928309389878114,0.45766891877208543
MB-0661,20.0,True,-0.5974522332825744,-0.31353898052815143,-0.2845308340126169,-0.8574093195743616,-0.871006042791602,-0.5728099088710298,-0.8574093195743617,-0.9116571935423032,-0.6458215106068773,-0.8574093195743617,-0.9048729946020055,-0.638963239965904,-0.8588879249895093,-1.0987514145491526,-0.8045301081036409,-0.8574093195743617,-0.9116571935423032,-0.645779691178363,1.690568645339397,-0.553532217715408,1.6250842905757967
MB-0662,69.8,True,-0.01912043732311275,0.06433194743485682,-0.009312490511634769,-0.19089083035156168,0.21420514240218919,0.03131680512614765,-0.19089083035156165,0.08997187369451552,0.12052100489426686,-0.19089083035156165,0.21420514240218919,0.10909829511476014,-0.2073726337818296,0.21420514240218907,0.2608469244381944,-0.19089083035156165,0.21420514240218919,0.12049565077822742,0.6221252216057821,0.8845028912493791,1.2661073627611317
MB-0664,11.0666666666667,True,0.4091520422893323,0.7202881282750528,0.40145346408904553,2.408821548678948,2.74919844330228,2.221288220773881,2.408821548678948,2.4311691444331536,2.1642505228176914,2.408821548678948,3.062364280546927,2.0079261665512402,2.4161418576413665,2.70819051886898,2.00792616655124,2.408821548678948,2.4311691444331536,2.0079261665512402,-1.5290928749284465,-0.005499615686538553,-0.3775545621683309
MB-0666,24.3333333333333,True,0.061408445116132276,0.0708729062685613,0.29202172989580283,0.49364700660442157,0.42332168693644306,0.48981099021328145,0.3179539596610268,0.5575355280852304,0.48981099021328145,0.5448330682726822,0.35950168827326945,0.48981099021328145,0.4291966449752713,0.3683986051172421,0.48981099021328106,0.5448330682726822,0.5575355280852304,0.48981099021328145,2.0267790952431928,-1.6838143968410575,0.2738849009141932
MB-0869,112.4,False,0.14973714663001733,0.14261685364043644,0.05928021302866835,0.4919635884703384,0.5882252667446436,0.34743336071402264,0.4670263704945508,0.44192784879498226,0.27384812296575106,0.5006816428532428,0.28558090183753304,0.1918056465533292,0.3811785727712893,0.2871238687190252,0.1918056465533292,0.5006816428532428,0.44192784879498226,0.1918056465533292,-0.39500987549879313,0.8436627082696916,1.085371992673057
MB-0877,14.4333333333333,True,0.09137033709295535,0.13960803186918821,0.06900588567202531,0.9134249671533943,0.6010550899814295,0.9976775578688223,0.9134249671533943,0.8365006384382901,0.8767628057244372,0.9134249671533943,0.19012438529426143,0.7226463964882702,0.7388736892190317,0.17440332998799263,0.668529510907485,0.9134249671533943,0.8365006384382901,0.850082584051455,-0.8794597147043167,0.41624847971347423,-1.23607514405535
MB-0880,1.23333333333333,False,-0.18513369498213153,-0.3465834727001129,-0.19262545578556353,-1.047798462279045,-1.1908186940313306,-1.0955370698277325,-1.0482976148332626,-1.3414626273676638,-1.124589545839571,-1.030983731380419,-0.8653572217144511,-1.1270078959892786,-0.8870962245821337,-1.0447275273673928,-1.1270078959892784,-0.9364492012106195,-1.3414626273676638,-1.1270078959892786,1.4748226520869099,0.8734155452519468,1.4508959750608112
MB-0882,42.3666666666667,True,-0.0004604921454901337,-0.01023257962442506,0.00342464587754095,0.2984615931160015,0.10785239413043256,0.23764998503670326,0.2984615931160015,0.10785239413043256,0.12217440460806607,0.2984615931160015,0.10785239413043256,0.16925536386284265,0.37029249727568414,0.10785239413043218,0.2103511972940077,0.2984615931160015,0.10785239413043256,0.12224641338486694,-0.049755760296968106,-0.3366274663766816,1.2119933423122224
MB-0884,93.6666666666667,True,0.14602972742202613,0.5541018700993614,0.22845538408298788,0.7807504166399896,0.7757060728157792,0.7691444582141518,0.7807504166399896,1.1893974036276422,0.6916318547735053,0.7807504166399896,0.7757060728157792,0.7143105650348779,0.7700232408991068,0.7757060728157793,0.7602059603605089,0.7807504166399896,0.7757060728157792,0.6914824843870093,-0.3674025993780988,0.8281565184266096,0.9829258633114376
MB-0891,149.4,False,-0.2265047409175957,-0.10033088257922207,-0.04659426307380012,-0.6019398755635974,-0.992066133765107,-0.7156975688685268,-0.6019398755635971,-0.6868115511143406,-0.5461574663142547,-0.6019398755635971,-1.1632160435472452,-0.49738986398279406,-0.600416468770738,-0.9000159532174047,-0.4973898639827942,-0.6019398755635971,-0.6868115511143406,-0.49738986398279406,0.2187859889352313,-1.0610649200016748,-0.20093216091699778
MB-0893,175.633333333333,False,0.22503459469877615,0.45601861132608784,0.13410427918411486,0.8250450632341476,0.6490389843014217,1.2547347554364991,0.9445148994709714,0.6490389843014217,1.2758508973133487,0.7923113115678168,0.6490389843014217,1.3605949616391098,0.9344702971140678,0.6490389843014215,1.3725418551465396,0.7923113115678168,0.6490389843014217,1.389499279634847,0.8448887803757161,0.5699998108654594,0.3021410397429334
MB-0897,30.9666666666667,False,-0.19972207050575855,-0.2669240117277546,-0.12285068979269982,-0.3476490607360444,-0.5181784167563536,-0.4495760832923481,-0.34764906073604424,-0.7305654115698619,-0.4345446489426935,-0.34764906073604424,-0.5181784167563536,-0.5410605604678671,-0.36719116664394846,-0.5181784167563536,-0.515886533666404,-0.34764906073604424,-0.5181784167563536,-0.4345446489426935,0.9933362044496503,-0.49038030962805695,-1.117239240902205
MB-0899,175.8,False,-0.16875873797952393,-0.3611519454112096,-0.2192914313437365,-0.6892552898014183,-0.5266294138585147,-0.5790251717108237,-0.772273420083811,-0.5548385473939526,-0.513676014835449,-0.6597980617776614,-0.5266294138585147,-0.57974476214392,-0.6726508253070416,-0.5266294138585147,-0.5113005996216987,-0.6597980617776614,-0.5266294138585147,-0.513676014835449,-1.3752024000527405,0.6743517049201465,0.05795417383545341
MB-0901,136.166666666667,False,0.14086929396937403,0.2727141413323793,0.3240262731382585,0.9291750500069975,1.001418214472462,0.7452822675876889,0.9291750500069975,0.9600234606193282,0.7562894108498717,0.9291750500069975,0.7432843233905558,0.6313709345195531,0.9194781100437235,0.9229442882200269,0.7288498582077727,0.9291750500069975,0.9600234606193282,0.7562894108498717,1.9984814702717295,1.00564411641639,-0.5873795214394222
MB-0904,144.7,False,-0.23695027842136443,-0.08299807781914227,-0.10399598358606042,-0.26690681784424136,-0.23953608624445574,0.0867407967502022,-0.2669068178442415,-0.23953608624445574,-0.026408112337830733,-0.2669068178442415,-0.23953608624445574,-0.0014306283649538854,-0.2662147076342881,-0.2395360862444557,0.0736728092818938,-0.2669068178442415,-0.23953608624445574,-0.026419435350269402,0.9468615879956256,-0.7359901520085294,0.08656396534241172
MB-0906,63.8666666666667,False,0.06696680513986462,0.15273312384150095,0.16692474900390644,0.4992121716280906,0.5101933429944772,0.34189994343912733,0.4992121716280906,0.5341100596853621,0.44776041538992534,0.4992121716280906,0.21175319306273999,0.4036111847209113,0.4427279085052708,0.41634907866317855,0.44057838364943064,0.4992121716280906,0.5341100596853621,0.44776041538992534,-0.37920106201315124,-0.051229479498743465,-0.49462626280097816
MB-2513,59.7,True,0.12846643783532416,0.07173293136402381,0.08248173287689703,0.0019592288162324947,0.11174179265883925,0.5139709979448678,0.001959228816232728,0.11174179265883925,0.4355112282622813,0.001959228816232728,0.11174179265883925,0.35637380077377034,0.0017982753113997612,0.1117417926588391,0.31206202614539974,0.001959228816232728,0.11174179265883925,0.3378686183482157,-0.8186598515214158,0.038954626455999015,0.28380351191921904
MB-2536,47.9,False,-0.7754038505078584,-0.208985030444835,-0.34444918724505674,-1.2459023210194258,-1.5971560500430684,-1.6516118323012885,-1.2459023210194256,-1.5971560500430684,-1.6631365339827593,-1.2459023210194256,-1.5971560500430684,-1.6705263524221667,-1.2437778719774208,-1.5971560500430688,-1.7827870362740479,-1.2459023210194256,-1.5971560500430684,-1.6629644436854834,-0.9690124307582063,1.1896648178406266,1.1793321763349756
MB-2556,180.0,False,-0.021877659571439355,0.12049564868501533,0.02706333818936628,-0.2580014644402561,0.09991343432221983,-0.2943661641837124,-0.25800146444025596,0.09991343432221983,-0.20496818391739627,-0.25800146444025596,0.09991343432221983,-0.01751222021349953,-0.2581260754012766,0.09991343432222027,-0.017512220213499605,-0.25800146444025596,0.09991343432221983,-0.01751222021349953,0.12337843757618257,0.7105580913697815,-1.3096031839146514
MB-2564,180.0,False,-0.9767946605057685,-0.4646118075458501,-0.4323095307296931,-1.2916855490632364,-1.7827480958324808,-1.5354008231339804,-1.291685549063236,-1.7619831765918128,-1.4860885470099423,-1.291685549063236,-1.930757243342152,-1.4903635006281026,-1.2475661807313951,-1.848796846699091,-1.5543099851024396,-1.291685549063236,-1.7619831765918128,-1.4859767083982864,-0.6480162941896269,-1.2192775440104588,0.9253908755239111
MB-2610,180.0,False,-0.15957213529094005,-0.1723580361820463,-0.16342451409213307,-0.8072045454002281,-1.0400628078892127,-0.7896433983264614,-0.810893839330779,-1.0400628078892127,-0.8997270413558432,-0.8093733967502492,-1.0400628078892127,-0.9996015255228521,-0.802502810797368,-1.0400628078892127,-0.9996015255228521,-0.8564397410941501,-1.0400628078892127,-0.9996015255228521,-0.7648739652865205,0.45760826070855726,-1.9918125695175062
MB-2614,64.9333333333333,True,-0.18630588179915034,-0.08821257032115974,-0.11278071575887194,-0.9053572654057831,-0.5039948392617966,-0.45400084693796294,-1.0242522200629798,-0.5039948392617966,-0.29375493138952985,-0.8831325321649736,-0.5039948392617966,-0.34604207334981174,-0.891659899174183,-0.5039948392617956,-0.37684018038789713,-0.8831325321649736,-0.5039948392617966,-0.2938626119015187,0.8112544049416356,0.7450892093791386,-2.1610333505271506
MB-2616,180.0,False,-0.6085946753093512,-0.2846009822936112,-0.735499620110867,-0.840115255083084,-0.977955612431442,-0.8808130409749717,-0.8401152550830842,-0.9139663206307801,-0.8808130409749717,-0.8401152550830842,-0.9861980276711382,-0.8808130409749717,-0.8410249090094606,-1.0020776318877065,-0.8808130409749716,-0.8401152550830842,-0.9139663206307801,-0.8808130409749717,0.36456734382632344,2.123805895927743,-0.11936867639809276
MB-2617,89.1,True,-0.0370372412673705,-0.23710460371605002,-0.09570936260740144,-0.1637469751653611,-0.42041838555428585,-0.46099006141700194,-0.11327841193645777,-0.42041838555428585,-0.5361656743175338,-0.16581618858659436,-0.42041838555428585,-0.5148356009498938,-0.25417018613894626,-0.4204183855542869,-0.6027439665541785,-0.16581618858659436,-0.42041838555428585,-0.5360940538995757,-0.3945712584237112,-1.6791490967541916,0.006729381639104526
MB-2629,180.0,False,0.016928788214142933,0.012642398936801127,0.037154099118684586,0.2062911101923281,0.055826041092736124,0.1734558901376748,0.21149102125746724,0.055826041092736124,0.11319493847871107,0.20177543457614183,0.055826041092736124,0.12038871145999697,0.2167804742190855,0.05582604109273627,0.05921629096744822,0.1446503780562945,0.055826041092736124,0.11319493847871107,0.7342475961853729,-0.536352299933991,0.4428008536458607
MB-2645,44.7666666666667,True,0.10193446004873648,0.33848676310215453,0.0926186360400643,0.5420190460904971,0.6261653693927233,0.32718348590278623,0.5420190460904971,0.7343202473814874,0.2239893678561883,0.5420190460904971,0.9485135538412459,0.3560613708153815,0.5072428398121313,0.7800561681547161,0.2343873713644586,0.5420190460904971,0.728515107554325,0.3005461187995659,1.3673786263056709,1.333371188087335,-1.647385270167446
MB-2669,73.7,True,-0.10095357400449949,-0.1586095256455147,-0.1013041958774094,-1.0859891242237156,-0.7746426360870344,-1.0408831172686388,-1.0859891242237156,-0.7699421318587284,-1.0787271729733572,-1.0859891242237156,-0.8379530446046558,-1.1429530713732692,-1.1291588579600096,-0.914703300602328,-1.15863388936536,-1.0859891242237156,-0.7699421318587284,-1.0086880797463742,-1.0944963126296459,-1.355070298606693,-0.05993864274515743
MB-2686,177.266666666667,False,0.012748848197916555,0.009451146873633132,0.06043872146145518,0.05203658617229458,-0.02896503360573602,0.25422673171806276,0.05203658617229458,-0.02896503360573602,0.2740776262543062,0.05203658617229458,-0.02896503360573602,0.2055050243541421,-0.008121469869890128,-0.028965033605736826,0.21769241021684063,0.05203658617229458,-0.02896503360573602,0.2740776262543062,-0.6032918841422477,-1.199460583924726,0.12652469722762597
MB-2708,133.233333333333,True,-0.5708679264796596,-0.5585660067610427,-0.2741337557844837,-0.9663448841732994,-0.7296838507306619,-0.8705109848694922,-0.9663448841732993,-0.7448633173864039,-0.7617045735485669,-0.9663448841732993,-0.7296838507306619,-0.7915777437536266,-0.9649996606260204,-0.729683850730662,-0.5830886003027989,-0.9663448841732993,-0.7296838507306619,-0.7616413484756664,0.9426218402198768,0.5170821953802978,1.2552049831711733
MB-2718,180.0,False,0.1403382997466232,0.04207918996177806,0.008963722571526077,0.34413182434480855,-0.09022811831572901,-0.055626271770303624,0.3441318243448087,0.4561450840498151,-0.10573606151785037,0.3441318243448087,0.35170475528778455,-0.222718428641072,0.32201913983763786,0.20548040968407974,-0.22271842864107202,0.3441318243448087,0.1623570787415689,-0.222718428641072,0.7189405658150543,1.0184086608787832,-0.10383958550657135
MB-2721,180.0,False,-0.9250999063146715,-1.0121021317260912,-0.4527473668186489,-1.77787995719393,-1.506628766329326,-1.7601137575798098,-1.7778799571939299,-1.506628766329326,-1.6145168068452784,-1.7778799571939299,-1.506628766329326,-1.6812583308880225,-1.7774225744508574,-1.5066287663293252,-1.5971422427824933,-1.7778799571939299,-1.506628766329326,-1.6144020096817346,0.22669885643799229,-0.6686804873755542,0.5289917483214575
MB-2728,51.4,True,0.08458145400543568,0.19906138441284016,0.27211006088179324,0.32918981461983254,0.8223825841020245,0.42008300497727563,0.3310561488826189,0.8346225396104979,0.5449006909003703,0.3328040214894476,0.7851766617654508,0.3948315707302275,0.23342765777026214,0.7975470488110387,0.5184479831112692,0.34995797394509415,0.8346225396104979,0.5449006909003703,1.1624211875584574,0.5401271722920614,-0.977425550328532
MB-2730,133.733333333333,False,0.18499005643399338,0.12701532184342276,0.19314832984672936,0.654389542146134,0.6240272284656858,0.4884118712403005,0.7982331546452008,0.6240272284656858,0.4573405679476729,0.6042840980252446,0.6240272284656858,0.47586177314159434,0.7446065915049394,0.6240272284656863,0.5072114435576417,0.6042840980252446,0.6240272284656858,0.45729000321378077,-1.0882117291190974,0.11695526942994706,-0.18755463380009504
MB-2742,24.9,True,0.550905264153497,0.18914567827643836,0.28332300383503534,0.9031680700263397,0.9612242802836376,0.9071884783374082,0.90316807002634,0.9612242802836376,0.9594641566092778,0.90316807002634,0.9612242802836376,0.9586862720409922,0.9038717614430279,0.9612242802836379,1.0633210502591728,0.90316807002634,0.9612242802836376,0.9593376861702084,-1.479137833771104,1.518749034018734,-0.44553532113848804
MB-2750,145.433333333333,False,-0.28312835636003764,-0.5602774711218668,-0.9449739833665175,-1.857503359451831,-1.3872145168967513,-1.4154528677614493,-2.053445439502942,-2.074247326269176,-1.4154528677614493,-1.820932576571242,-2.116491500119025,-1.4154528677614493,-1.9561087295594966,-2.0297804986866246,-1.4154528677614493,-1.820932576571242,-1.6125369213353635,-1.4154528677614493,-0.8665073572768981,-0.001518439708736793,0.7033043786615792
MB-2752,81.9333333333333,True,-0.21234717296967448,-0.2233996883023642,-0.7082185137334003,-0.8280051529008086,-0.8365274622940577,-0.9233694457655643,-0.856902483619303,-0.8330320801038116,-0.9233694457655643,-0.8425568407502537,-1.2146722899980311,-0.9233694457655643,-0.8727660051495929,-1.0178676658685282,-0.923369445765564,-0.8425568407502537,-0.8330320801038116,-0.9233694457655643,0.12254409553604008,0.9902473119680668,-0.9888192773432133
MB-2758,35.0,True,0.26773512782789005,1.2276073948254638,0.2907086399424885,1.3925713447096864,1.6219484746267567,1.3585516236967061,1.4017127822209987,1.6219484746267567,1.3395346519016458,1.3992739428838268,1.6219484746267567,1.2924529203909167,1.6026046544359716,1.6219484746267576,1.292452920390916,1.3965497323553993,1.6219484746267567,1.2924529203909167,-0.7960867750951038,-0.9031178593142654,-0.8343224571300155
MB-2769,160.0,False,-0.16443803227424947,-0.18214177943437557,-0.39156405426260676,-0.6282039813940287,-0.9030497063345495,-0.3154118437147056,-0.6282039813940287,-0.9030497063345495,-0.5293156098317738,-0.6282039813940287,-0.9030497063345495,-0.28026368407973384,-0.5502552052996783,-0.9030497063345495,-0.42654547333365467,-0.6282039813940287,-0.9030497063345495,-0.5293156098317738,-0.48721815642469163,-0.18487884946202174,0.5759881685469587
MB-2770,180.0,False,0.04120268073095663,0.033802347154232894,0.02887498659057086,0.1919443446445867,-0.018081653362789385,0.2411272041050374,0.1919443446445867,0.14064190793024345,0.12792743020739802,0.1919443446445867,-0.3885630307645915,0.21212367717623562,0.0682350595086245,-0.2660292949560024,-0.0075621658159526345,0.1919443446445867,0.14064190793024345,0.3525227696803029,-0.9750001191003014,-0.09670445376181883,1.7894366621563087
MB-2771,44.8333333333333,True,-0.052539129106533654,0.1076830763863979,0.07981272123755477,-0.051380181482952925,0.16767203520180055,0.5589230320098554,-0.05138018148295283,0.16767203520180055,0.3181291041056111,-0.05138018148295283,0.16767203520180055,0.6243798645350501,-0.050600247353310306,0.1676720352018,0.369720807212457,-0.05138018148295283,0.16767203520180055,0.3181291041056111,-0.6204291445949027,1.1391079474852248,0.3827033305295286
MB-2772,150.733333333333,False,-0.09233880221863693,-0.17454631312055913,-0.10094650459152374,-0.350988834768765,-0.40984434474611575,-0.37139509389742414,-0.350988834768765,-0.37422788216564484,-0.3380558311839086,-0.350988834768765,-0.9913574294422293,-0.3711065260256433,-0.36011234322101654,-0.5506146778521908,-0.3711065260256429,-0.350988834768765,-0.37422788216564484,-0.3711065260256433,-1.0047872189929943,0.5796130395204568,0.30356029342843693
MB-2774,131.666666666667,False,0.04185137478557943,0.09775677572370867,0.03126159413064368,0.17220905587097235,0.21363926496426053,0.2993838964423707,0.17220905587097252,0.09017149523985377,0.2745605020680779,0.17220905587097252,0.21363926496426053,0.27940361420120446,0.2674225603129377,0.21363926496426044,0.1557161209157386,0.17220905587097252,0.21363926496426053,0.27450688046868726,0.36746620574561295,-0.7517531312935694,-0.3461423935879244
MB-2781,40.4333333333333,False,-0.07366088864212225,-0.2052497337348816,-0.33056550465177464,-0.29601939617830786,-0.2504228863101371,-0.39375209013827395,-0.2981977380860303,0.0033283209173210746,-0.39375209013827395,-0.2920954817262374,-0.2504228863101371,-0.39375209013827395,-0.26342128135874265,-0.2504228863101371,-0.39375209013827384,-0.25396659573154173,-0.2504228863101371,-0.39375209013827395,0.7948910679832192,0.6819677636799354,1.0884252288953535
MB-2786,68.2666666666667,True,0.5472901787653013,0.4257846068786435,0.13826108942065093,0.5813704465916061,0.6713144237737471,0.3272582033498242,0.5813704465916059,0.35666419254068016,0.3771801747508141,0.5813704465916059,0.20643475648895157,0.2358198965170396,0.5524188559904665,0.25808838978905574,0.2924686984709088,0.5813704465916059,0.28796500853362783,0.006767886403259176,-0.48044593951821124,0.7706312764276145,0.5399169566568177
MB-2791,180.0,False,-0.19976254043080602,-0.7566095219085647,-0.3131754415212689,-1.1743017829809257,-1.1541756531996687,-1.03720670612991,-1.1746650995490775,-1.3258029173013486,-1.1161992206616593,-1.1769980466425465,-1.1541756531996687,-1.0804560387918396,-1.19071306383667,-1.1541756531996687,-1.0857662407355124,-1.1818097772463454,-1.1541756531996687,-1.1161165428534003,-0.2072657954706782,-0.11164572231944679,1.7331927193612702
MB-2792,110.766666666667,True,-0.263596343886774,-0.20299729720282264,-0.07479161325574518,-0.3010779434299212,-0.38328130370335745,-0.4464476527377227,-0.3010779434299213,-0.5365533256045438,-0.46126162847135677,-0.3010779434299213,-0.7935254689852828,-0.4788077968378256,-0.34694890672269524,-0.6609062536404224,-0.47880779683782543,-0.3010779434299213,-0.6205136669370276,-0.4788077968378256,-0.5810325725119153,-0.25766231503180886,0.33071151034490437
MB-2796,87.7,True,-0.042640292226094646,-0.03213454043999668,-0.08976893217893994,-0.09154667220499738,0.10779938891527256,0.0036419469542503034,-0.09369916114220926,0.10779938891527256,0.0036419469542503034,-0.10351311001853693,0.10779938891527256,0.0036419469542503034,-0.24654738289565453,0.10779938891527271,0.0036419469542500254,-0.11332741422373895,0.10779938891527256,0.0036419469542503034,0.5312512156361892,-0.19380324542255564,-0.9486769177776985
MB-2801,180.0,False,-0.1825306399641606,-0.3222552869578086,-0.12517975557598843,-0.4364955209213748,-0.4046390568122189,-0.215689651518868,-0.3681624658691952,-0.10267343585258054,-0.17786524595527328,-0.4396359811096311,-0.14056675872489816,0.07398106419472486,-0.20060098953590047,-0.07203140120204707,0.14577555516996996,-0.4396359811096311,-0.3158017365203806,-0.2858732904899243,0.08905603873921995,-1.6949924059888835,-0.5699415008227597
MB-2820,180.0,False,-0.1584081076160227,-0.3597031017621871,-0.09767127984382139,-0.45728342342783534,-0.5162032368599329,-0.5739801031903465,-0.4954094519188408,-0.2573402240185861,-0.47573959369187147,-0.40563992783968494,-0.03462548307393112,-0.39944434932705825,-0.3621771556137027,-0.15014168126504562,-0.38839180502378196,-0.40563992783968494,-0.29453397555755695,-0.44873961740003737,1.5941569003382141,0.18874300812461753,-0.9874045530855795
MB-2834,153.833333333333,False,0.07592183871726715,-0.0003747224782222492,-0.0077253197606827265,0.23027226316061739,-0.11372728416230506,-0.16977123587337586,0.2302722631606175,-0.11372728416230506,-0.21272289745205702,0.2302722631606175,-0.11372728416230506,-0.18371098127386637,0.2643640929248835,-0.1137272841623046,-0.18371098127386642,0.2302722631606175,-0.11372728416230506,-0.18371098127386637,-1.0954720366375337,0.23457792922728007,-1.250820892910365
MB-2838,180.0,False,-0.5221300805335081,-0.4333277294767983,-0.14013860560533387,-0.5479311190597602,-0.7234784919923175,-0.5843891491020342,-0.5479311190597601,-0.6929171972742207,-0.5046552283750986,-0.5479311190597601,-0.8601784204980945,-0.41078975909579457,-0.5456289941891974,-0.6673253038377648,-0.3266734919262659,-0.5479311190597601,-0.8454411828079466,-0.5970311105776195,0.36250249919104766,-0.8655285237589894,1.263717426531696
MB-2843,180.0,False,-0.11321295115484299,-0.5672027452277439,-0.6034801596323728,-0.7029121356809154,-0.9935788190187398,-0.8274702839102213,-0.6999978661307948,-0.9935788190187398,-0.8274702839102213,-0.7135458734134701,-0.9935788190187398,-0.8274702839102213,-0.9318194701843427,-0.9935788190187403,-0.8274702839102216,-0.6876392632099184,-0.9935788190187398,-0.8274702839102213,0.4439913996466691,0.7424462498750674,0.8073369080982529
MB-2844,146.733333333333,False,-0.03288302946502557,-0.18494866274135174,-0.03194154646951887,0.10076229226154423,-0.36426956791353665,0.03780452029608424,0.1010764600711769,0.4248941850239014,-0.10992366043090879,0.0989513619541075,-0.36426956791353665,-0.20364515885016812,0.2618745217710815,-0.36426956791353665,-0.20364515885016787,0.07986740437674274,-0.36426956791353665,-0.20364515885016812,-0.3604401709908981,-1.3729669358236254,-1.2386443758091474
MB-2847,39.5333333333333,True,0.5951730719590012,1.4341340320170446,0.37004960247093005,2.0943646831838114,2.181621025772542,2.4467440810376786,2.226317809719104,2.565780901541506,2.5186697775454063,2.0839299985500315,2.181621025772542,3.1661929635899995,2.471883110423922,2.1816210257725417,3.115503538746336,2.0839299985500315,2.181621025772542,2.5317936266309173,0.5835341273827435,-0.5518128213929571,1.7813206828903434
MB-2848,180.0,False,-0.40410354268705684,-0.39577165463170527,-0.11312880870631215,-0.3628446075491881,-0.46857685315226977,-0.3103138250173156,-0.36284460754918807,-0.46857685315226977,-0.35480553238642837,-0.36284460754918807,-0.46857685315226977,-0.49851207096254846,-0.34428417364700475,-0.46857685315226993,-0.4985120709625483,-0.36284460754918807,-0.46857685315226977,-0.49851207096254846,-1.4385226489904384,-0.4752190689915521,0.24456072616609906
MB-2849,43.2,True,0.03883902058412498,0.06274454479365191,0.13960717559019867,0.06406147080598534,0.2892307706399194,0.4989664047468128,0.06406147080598554,0.2892307706399194,0.3352546119765107,0.06406147080598554,0.2892307706399194,0.589966672114623,0.06646576676248317,0.28923077063991937,0.44631366488691654,0.06406147080598554,0.2892307706399194,0.3352546119765107,2.118803030729321,1.9875098319889204,-0.9568919886003732
MB-2854,180.0,False,-0.43286782930924306,-0.4488359441735733,-0.10737592265615357,-0.5972773839899291,-0.830431245709323,-0.7777930336529384,-0.5972773839899294,-1.207830180292067,-1.0133277401467071,-0.5972773839899294,-0.830431245709323,-1.4314402200589362,-0.6217731851154213,-0.830431245709323,-1.3093832314142446,-0.5972773839899294,-0.830431245709323,-0.3691130451865798,-1.3420444532864415,-1.5991840632578807,0.3862219414396623
MB-2857,180.0,False,0.18486885600905217,0.2691403391070063,0.12097541752722883,0.5517521775322259,0.4188312514218342,0.3853167331165057,0.4748746482390655,0.4946216242522034,0.34759616676656785,0.5560180198594905,0.8480546817433187,0.37494469442693895,0.621295867070348,0.9686355196623816,0.323820107511111,0.5560180198594905,0.6663986581837394,0.3475308741176033,0.9198072605649881,0.562630255206262,-0.06919425535493127
MB-2858,141.566666666667,False,-0.28817949485334976,-0.19370100402706078,-0.14685453643071103,-0.22592438060322628,-0.17949417868731457,-0.34041884050489235,-0.2259243806032265,-0.1005671547250075,-0.27392529214674877,-0.2259243806032265,-0.17949417868731457,0.04024939533002063,-0.11546325262971333,-0.17949417868731476,-0.0734829467487063,-0.2259243806032265,-0.17949417868731457,-0.27392529214674877,-1.121122678939223,0.9421232775889631,-0.772654754156563
MB-2863,180.0,False,-0.4585704905769404,-0.3934371955676136,-0.11917361691035172,-1.164855122434463,-0.9587200149959616,-1.0512378178229982,-1.164855122434463,-1.3590381158379334,-1.009422009265481,-1.164855122434463,-0.8656276763787208,-0.9675601741154116,-1.1656708784827408,-0.9757180435672836,-0.9675601741154115,-1.164855122434463,-1.2516978325166923,-0.9675601741154116,1.1508830312317526,0.37772556403986696,-1.942934292422628
MB-2867,180.0,False,-0.3251700373358875,-0.5488450775386802,-0.43112974549491856,-1.4331879400444403,-1.0548962645922055,-1.180142774867422,-1.498891444678232,-1.1325499122636777,-1.1698929239101978,-1.4448398282044872,-1.3499006878354436,-1.1916069224740211,-1.5196530931159318,-1.4759198502141981,-1.1948402217886078,-1.4448398282044872,-0.6664408320748577,-1.1698929239101978,-0.3847740266090023,1.1818079443533893,0.0367199044245328
MB-2896,180.0,False,-0.1030104348290463,-0.5467914032050516,-0.2190488769767606,-0.7095910770914691,-0.9430085024275656,-1.0407865153530018,-0.7103138928556368,-0.9430085024275656,-0.9940594996416078,-0.7150531936879461,-0.9430085024275656,-1.002863794678126,-0.8995492939609471,-0.943008502427566,-1.0933425545600701,-0.6448417355140695,-0.9430085024275656,-0.9939503244880117,0.15842290716221127,-1.0027376871264224,0.2919958479014126
MB-2900,20.6666666666667,False,-0.03555871711360129,-0.044854769351068066,-0.03170333812828979,0.013770338150147826,0.018222187897130333,-0.22173215648787442,0.013770338150147585,-0.48003681712770185,-0.15133230594290412,0.013770338150147585,-0.6013981555642608,-0.300734845099308,0.013360877210206908,-0.49554278896039444,-0.2829026689832969,0.013770338150147585,-0.4914203258604831,-0.46944399274651205,0.05334375570673462,-2.280258602312189,-2.579077380532781
MB-2904,125.6,True,0.39109919438342794,0.13847443996729814,0.381776972331569,0.37441050558408595,0.07888000550621203,0.42421422932477865,0.374410505584086,-0.0587678981830689,0.42421422932477865,0.374410505584086,0.07888000550621203,0.42421422932477865,0.48375283100759786,0.07888000550621195,0.42421422932477787,0.374410505584086,0.07888000550621203,0.42421422932477865,1.100734095024795,0.7668178889702638,0.5549073291632637
MB-2922,14.4,True,0.27753375152162946,0.17068579590633137,0.15281653471989146,0.8240657568723696,0.9082685015025146,0.6480492061889854,0.8183455759725204,0.9082685015025146,0.6401190289410873,0.8649847135446979,0.9082685015025146,0.7204743496560926,0.8638893139456922,0.9082685015025154,0.7204743496560924,0.8649847135446979,0.9082685015025146,0.7204743496560926,-0.32154745014292635,-1.19582816467109,0.617633315273623
MB-2923,14.1,True,0.24578197655613565,0.968051228898007,0.4733064333620719,1.0573016340036328,1.3208249347626324,1.4305738065321303,1.0610937035270225,1.3947835573900218,1.4278217353087101,1.0441415670809815,1.3208249347626324,1.4308095731415011,0.8620641618267236,1.3208249347626322,1.3522349595911543,1.0186931906233372,1.3208249347626324,1.4276673586330666,-2.9671837099839435,-0.32639987654593494,-0.4697956074007749
MB-2929,180.0,False,0.15974861755721576,0.025376249316983457,0.015598189183662736,0.21141939469211882,-0.04977943943749765,-0.4742599780441209,0.21141939469211896,-0.04977943943749765,-0.385298070827756,0.21141939469211896,-0.04977943943749765,-0.14749949763383208,0.2287710605972798,-0.049779439437497255,-0.14749949763383213,0.21141939469211896,-0.04977943943749765,-0.14749949763383208,-0.7600587900644338,-1.1788459974247776,0.11212305491143672
MB-2931,180.0,False,-0.19098262849409928,-0.6557078531575897,-0.18430365259154372,-1.1148639792298072,-0.9057475284973828,-1.0195795778501002,-1.119306126859163,-0.9057475284973828,-1.0352786266640377,-1.1185069978563968,-0.9057475284973828,-1.0395596407724075,-1.1858820175290934,-0.9057475284973829,-1.0395596407724073,-1.1150684591158686,-0.9057475284973828,-1.0395596407724075,0.18371232308894828,1.0523418569495309,-0.2806581622889455
MB-2933,161.933333333333,False,-0.2656743334424529,-0.8093650774162223,-0.24694788438284174,-1.9038129596410904,-1.536331795334918,-1.9167304112543957,-1.9068234872100467,-1.7693953834851261,-1.9476080842179995,-1.9023261537291445,-2.0543424033177753,-2.3701040884489517,-2.2194191912841896,-2.071692659055503,-2.2517016752169265,-1.889597832708036,-1.8677547453903791,-1.8375036874980766,-0.4404682048702619,0.8651502348674213,-0.837102565903231
MB-2947,112.0,False,-0.6447536622049953,-0.809241933027117,-0.1769357340111519,-1.1232654300635154,-1.2446721025556868,-0.9111485704878145,-1.1232654300635154,-1.030714369704051,-0.8592815468449024,-1.1232654300635154,-1.2446721025556868,-0.2564445029572408,-1.117502093730933,-1.2446721025556866,-0.08249694998661382,-1.1232654300635154,-1.2446721025556868,-1.2093816577406424,0.7698208513207979,-0.7200636619069942,-0.36005498048912127
MB-2951,180.0,False,-0.6383266661231662,-0.1995843699507381,-0.3261973675651492,-1.157370109246057,-1.0991010511248045,-1.3442646945836165,-1.1573701092460569,-1.0991010511248045,-1.1599803754470854,-1.1573701092460569,-1.0991010511248045,-1.218897363680149,-1.1603051431464155,-1.0991010511248045,-1.5271885188307779,-1.1573701092460569,-1.0991010511248045,-1.159900622732505,1.0153269959744686,0.9034918446096601,1.3516038346747636
MB-2954,5.5,True,-0.12153871086984544,-0.07318437123123574,-0.06340074323429942,-0.2027373812709655,-0.2932232665787505,-0.001148712666515475,-0.13747512999064443,-0.2932232665787505,-0.11485344887166929,-0.26778844160942156,-0.2932232665787505,-0.24592578321343556,-0.20321818616254955,-0.2932232665787504,-0.24592578321343547,-0.26778844160942156,-0.2932232665787505,-0.24592578321343556,-0.14777180989980965,0.12127725931971635,-1.4506170874306672
MB-2957,180.0,False,0.08649566688453746,0.3979507415625419,0.2458246032363702,0.42200953961329307,0.4801602216217398,0.649684180001245,0.4235344727427925,0.4801602216217398,0.5503964063592871,0.42451220802667516,0.4801602216217398,0.654141056130704,0.5304221643565242,0.4801602216217395,0.573153251620398,0.368768975321818,0.4801602216217398,0.5503964063592871,-1.4896453943825119,-0.13938883055974702,0.2371922807599949
MB-2969,172.9,False,-0.6460438454364806,-0.544577789921092,-0.18253652322626923,-0.8019788004357159,-0.8467952844191894,-0.8658976156707658,-0.8019788004357158,-1.19799006478201,-0.8549503891432823,-0.8019788004357158,-1.1697640268253353,-0.8150845621887163,-0.79216136350971,-1.1022544845920066,-0.9195895887295834,-0.8019788004357158,-1.2474532314232842,-0.8635929999127495,1.3841651100058967,0.05741666204236571,0.18411775561425542
MB-2971,180.0,False,-0.32738431937568174,-0.11250068820417719,-0.1636712989814561,-0.4357602580204841,-0.4276472957466476,-0.2562883822923033,-0.4357602580204843,-0.4276472957466476,-0.2874933148061354,-0.4357602580204843,-0.4276472957466476,-0.28588274255368246,-0.4347139821560979,-0.42764729574664745,-0.2591430263667972,-0.4357602580204843,-0.4276472957466476,-0.2875104000410254,1.0830535001068178,-0.20274935984995607,-0.7076303040467823
MB-2977,110.6,False,-0.24268094948916447,-1.0744177750239572,-0.4326831853647444,-1.737530004070264,-1.6870337500730301,-1.8002191752600825,-1.737530004070264,-2.180046678214659,-1.6285316051093461,-1.737530004070264,-1.6870337500730301,-1.6852081821178337,-1.7890031149214547,-1.68703375007303,-1.533581090063503,-1.737530004070264,-1.6870337500730301,-1.6284020005903388,-0.29919113426702376,0.6150052638109683,-0.4403392056116025
MB-2984,180.0,False,0.07074194339279538,0.1286434999427792,0.10625437212844098,0.17088766336830913,0.1302326833118395,0.11552823418859887,0.17088766336830913,0.263657933074354,0.12750519146999093,0.17088766336830913,0.5440963930527257,0.12619762886591196,0.2114946974113485,0.40230657429741656,0.2795340108354484,0.17088766336830913,0.263657933074354,0.12753482303752614,2.1082884113927522,0.3103475704430823,-1.4004134038437392
MB-2993,180.0,False,0.04159753094393553,0.09057445908789416,0.25133765215744275,0.23252086442702077,0.14416372733239627,0.32668048399057503,0.23252086442702077,0.7149232643469537,0.32668048399057503,0.23252086442702077,0.6355348175280366,0.32668048399057503,0.16097750664980734,0.40634432820849253,0.32668048399057437,0.23252086442702077,0.8901022356806438,0.32668048399057503,-0.3488754600926644,-0.34946714643382215,-0.8519621895254362
MB-2994,180.0,False,0.10368194122175903,0.09620503389881063,0.21362549890776122,0.45571295123300154,0.22948932187996143,0.4971522588338146,0.3826011359976368,0.3794451538107953,0.5682065428859391,0.4906553321396855,-0.19523336096359875,0.35696039746657837,0.31178796840899725,-0.07511104739081127,0.45004913663174134,0.4906553321396855,0.3794451538107953,0.5682065428859391,-1.1371197204183754,1.0062557458155574,0.014951829987135528
MB-3002,140.566666666667,False,-0.04667625317590665,-0.03130460370988991,-0.016518146977548408,-0.3897862865009399,-0.02145671373004144,-0.07750534406514333,-0.37162561549304346,-0.3129489842566694,-0.14894824531234055,-0.44631013653830265,-0.15572291426729645,-0.28778416108547394,-0.3102096229415193,0.06424371402171976,-0.28778416108547383,-0.44631013653830265,-0.3129489842566694,-0.28778416108547394,-0.1558734337510055,-0.611475614763826,0.3267159033813245
MB-3006,15.7,True,0.00913732216018152,0.039227830569263766,0.07603651715785927,-0.34912291918017546,-0.02768361647267085,0.029842196750482518,-0.34912291918017546,-0.04970051404390368,0.029842196750482518,-0.34912291918017546,0.07167047296648145,0.029842196750482518,-0.34990052840735836,0.06434463394048019,0.029842196750482115,-0.34912291918017546,0.12334992179974735,0.029842196750482518,1.0778337155057705,0.2869336430674523,-0.8983768023366759
MB-3013,180.0,False,-0.4567859285068215,-0.5484565017772434,-0.2083410071855267,-1.195299950544943,-1.1215574555035728,-1.211571172581013,-1.195299950544943,-1.1215574555035728,-1.2160763107088637,-1.195299950544943,-1.1215574555035728,-1.222900358920895,-1.1957091728171567,-1.1215574555035719,-1.292692035299084,-1.195299950544943,-1.1215574555035728,-1.2159644363133817,-0.9374534425425158,0.4221553712523149,3.056342448576572
MB-3035,180.0,False,-0.4380041881034638,-0.1777362316104742,-0.5826481392854373,-0.9501603101103909,-0.5887493938727625,-0.8401214525920339,-0.9501603101103909,-0.8637571350987401,-0.8401214525920339,-0.9501603101103909,-0.5802282880336486,-0.8401214525920339,-0.9499188218856108,-0.6744826222126477,-0.8401214525920339,-0.9501603101103909,-0.8637571350987401,-0.8401214525920339,1.9512250777434486,1.4788070598365304,-0.5703445497605464
MB-3088,180.0,False,-0.5979673820921945,-0.5842068236306086,-0.16438684248115856,-0.934785170044687,-0.7535404319966987,-1.1985317839566814,-0.934785170044687,-0.7535404319966987,-1.1183369781150063,-0.934785170044687,-0.7535404319966987,-1.2438934476929424,-0.9654257422089736,-0.7535404319966985,-1.2945282104254787,-0.934785170044687,-0.7535404319966987,-0.6356074320040707,-0.8965262145720566,-0.505441363348968,0.12733000408860684
MB-3102,180.0,False,-0.08922328692151295,-0.18134961703468053,-0.10025507458206634,-0.33613172005899206,-0.7762971299357577,-0.6905745446997998,-0.33613172005899206,-0.5442428338639335,-0.6315460113241486,-0.33613172005899206,-0.8003485754240028,-0.4562917000464932,-0.30856318289811846,-0.7954482853172534,-0.45629170004649305,-0.33613172005899206,-0.5442428338639335,-0.4562917000464932,0.9544222763812404,1.7430824463104067,-0.23058008113661133
MB-3121,131.333333333333,False,-0.24601330108075214,-0.2644046809516036,-0.40333847333783307,-1.4296774512278616,-1.500813372646792,-1.3043911011926008,-1.4333126805760785,-1.500813372646792,-1.3202998545231013,-1.4396160298611025,-1.500813372646792,-1.312143166887183,-1.682634724435349,-1.500813372646792,-1.4799478759549596,-1.4377113119969371,-1.500813372646792,-1.3201901538842542,0.544462374203177,0.17616495162242465,-0.3997797846506893
MB-3165,180.0,False,0.04784807087680299,0.08431237327464622,0.04939906531364188,0.4531541418602664,0.4835171321716903,0.3890863104562476,0.45790715061564097,0.28678561592288865,0.33242661431723125,0.452733570169594,0.7073614696390302,0.22443668506022715,0.6616141058212719,0.6538236991753446,0.2244366850602273,0.4826524132640717,0.28678561592288865,0.22443668506022715,-0.15405705958282354,-0.1939769106525731,1.301068922967908
MB-3167,136.933333333333,False,-0.10568077605211357,-0.1917537974283188,-0.11614913117455657,-0.4209433751752693,-0.4163518601760723,-0.2851624326701387,-0.41979348006280187,-0.5350427703832966,-0.3582353358445349,-0.4237426752141946,-0.19797594426290313,-0.18318299726578122,-0.3650392362859169,-0.39935279791217526,-0.27941963445540347,-0.43413772347016094,-0.5350427703832966,-0.025732044922334746,1.080532978717757,-0.6724727509386108,-0.4788113807596332
MB-3181,178.166666666667,True,-0.4671064025219164,-0.20188519641394703,-0.5651193725238691,-0.542068022836973,-0.3939454899621765,-0.6222030935533622,-0.5420680228369732,-0.5054006801273014,-0.6222030935533622,-0.5420680228369732,-0.6127085179616932,-0.6222030935533622,-0.5484257330923729,-0.8277189529166308,-0.6222030935533627,-0.5420680228369732,-0.5054006801273014,-0.6222030935533622,-1.4997987888681947,0.5862934190545325,1.3343888148654877
MB-3218,180.0,False,0.08582562329956021,0.08761352372285511,0.07179470401972485,0.5038525498591405,0.44589355883921494,0.2291327118361144,0.5038525498591405,0.44589355883921494,0.181316839702095,0.5038525498591405,0.44589355883921494,0.27525934193650237,0.5667769505878707,0.4458935588392154,0.2752593419365023,0.5038525498591405,0.44589355883921494,0.27525934193650237,1.3575717869331891,0.048935244442381544,1.1418162824452363
MB-3253,55.8333333333333,True,-0.022854479319800215,-0.017417891911152943,-0.015890610510405044,0.16535829037417432,0.15021816420139208,-0.19484754579073013,0.07646101727850123,0.15021816420139208,-0.16624985287462116,0.20430996645653476,0.15021816420139208,-0.30649059060859435,0.10591717415636018,0.15021816420139225,-0.2913705100409287,0.20430996645653476,0.15021816420139208,-0.11560863392839357,-0.0636840289702414,-1.1036092659277856,-1.0456651626015647
MB-3272,22.6666666666667,True,0.5766323835693694,0.7139425626904699,0.38692318297904893,0.9839970283695221,1.2671592785873655,1.3185790340983645,0.9839970283695222,0.8712541808342266,1.3014121664525735,0.9839970283695222,1.2671592785873655,1.2663796160057892,0.952149163377834,1.2671592785873653,1.2990401463989973,0.9839970283695222,1.2671592785873655,1.3014121664525735,-0.5424352498635134,-1.1278871762586364,1.0354934939748968
MB-3275,41.5333333333333,True,-0.33907201149155536,-0.08360488939562032,-0.4435598054283002,-0.32538388700223386,-0.3273587367641614,-0.5040339328871455,-0.3253838870022342,-0.3273587367641614,-0.5040339328871455,-0.3253838870022342,-0.3273587367641614,-0.5040339328871455,-0.33812025671298457,-0.32735873676416155,-0.5040339328871456,-0.3253838870022342,-0.3273587367641614,-0.5040339328871455,0.7491740480400813,-0.5555192078005339,-0.650378085201944
MB-3292,180.0,False,0.03844458452577835,0.09343120604786218,0.04655779763826955,-0.02125860280336172,0.24154750932754018,-0.014729850960491472,-0.028492387394846337,0.3218160511967848,-0.0413745626642761,-0.008839365599473945,0.4972115413167518,-0.008239782007617913,0.0678186760718979,0.4012506141564815,-0.05802185299737121,0.019034236890773847,0.3218160511967848,0.09188084246247391,1.0598990135992437,-0.6760060038711679,2.736458725862448
MB-3300,180.0,False,-0.09236890903865182,-0.5025649044838358,-0.19591315228478828,-0.37870900356761084,-0.9082385091004124,-0.9241114121742763,-0.3745813625703396,-0.9082385091004124,-0.9845776309560014,-0.3762088518956753,-0.9082385091004124,-0.9792475476074943,-0.19312440181547696,-0.9082385091004128,-0.82117528147961,-0.4203852910228104,-0.9082385091004124,-0.9844546235111813,0.7697954306236166,1.0903023917272097,-0.385830367287836
MB-3329,37.9666666666667,True,0.15109828889170948,0.27345718244986683,0.3974058698372676,0.7891892844988623,0.38057320424010715,0.5570525041927789,0.7891892844988623,0.7322453153341529,0.7051974475472005,0.7891892844988623,0.6121939138995515,0.7959557752116614,0.8251624539136505,0.7918568621980899,0.8612347136178184,0.7891892844988623,0.7322453153341529,0.7051974475472005,1.9995038210449867,1.3755382979701785,-0.9409262342036953
MB-3350,180.0,False,-0.12161836423587387,-0.49482142204891344,-0.6598062459339822,-0.6091052943167946,-0.6693120702810146,-0.8235922544436898,-0.6091052943167946,-0.6693120702810146,-0.8235922544436898,-0.6091052943167946,-0.6693120702810146,-0.8235922544436898,-0.5836020840023571,-0.6693120702810145,-0.8235922544436894,-0.6091052943167946,-0.6693120702810146,-0.8235922544436898,1.0807260760500983,0.8685596238675084,-1.9110762706218807
MB-3355,109.0,False,1.1284126627966216,0.2822244377550512,0.6911236309578689,1.6683899815535022,1.4540745329128988,1.9429411423366707,1.6683899815535022,1.4540745329128988,1.728222853152998,1.6683899815535022,1.4540745329128988,2.1592995262651264,1.7178980892896956,1.454074532912899,1.7963214651870694,1.6683899815535022,1.4540745329128988,1.728222853152998,1.2835066324204059,0.35786889003106337,-1.2930451619066796
MB-3357,38.0333333333333,True,-0.07323152406337058,-0.2834652274551218,-0.44579276396747114,-0.13623720231703945,-0.3905786845743083,-0.49253273159159333,-0.13623720231703945,-0.08307839037285178,-0.49253273159159333,-0.13623720231703945,-0.1901979572777373,-0.49253273159159333,-0.08211627433667802,-0.2545684121355793,-0.49253273159159344,-0.13623720231703945,-0.2781886403657515,-0.49253273159159333,-0.5398639371765148,-0.4282382078446079,-0.5806489121155585
MB-3360,26.7666666666667,True,-0.02161990417153302,0.04457146437410732,-0.07237453219797463,-0.24601780982079188,0.05161391076671049,-0.07049079227760438,-0.24929923280914362,0.1263397354096918,-0.07049079227760438,-0.2599361214565001,-0.13279457431553743,-0.07049079227760438,-0.5539331234445058,-0.1790642611027862,-0.07049079227760396,-0.23366776095970532,0.1263397354096918,-0.07049079227760438,0.10652377706202956,0.054483210920245655,-0.9980278030069736
MB-3361,68.2,True,0.1748592288850984,0.10445910009094583,0.05314099310068432,0.1699149135039012,0.11214434648199563,0.32497575189421357,0.16991491350390103,0.47267499529335216,0.2659241976025393,0.16991491350390103,0.4880151034126374,0.24678931722863454,0.18679920358949445,0.5675687381748845,0.2467893172286345,0.16991491350390103,0.5672463492570357,0.24678931722863454,0.5629825823255228,0.8847070060285458,-1.2286868961543402
MB-3363,10.8666666666667,True,-0.21467724658386558,-0.2390844054707612,-0.03478556511223606,-0.22374684342578297,-0.4502666992746778,-0.012854272354384279,-0.22374684342578333,-0.4502666992746778,-0.0578582424349322,-0.22374684342578333,-0.4502666992746778,-0.2566368819477306,-0.21599613316062907,-0.4502666992746789,-0.2566368819477303,-0.22374684342578333,-0.4502666992746778,-0.2566368819477306,-0.017742236703293637,2.1309722337233126,-0.695339730098914
MB-3367,179.433333333333,False,-0.033226423736400765,-0.11138524569948809,-0.03416026291644218,-0.7159011529323337,-0.24840398910443118,-1.606611187705481,-0.7159011529323337,-1.4537398520546867,-1.4816012097941003,-0.7159011529323337,-0.24840398910443118,-1.688862509136269,-0.7185034429606277,-0.2484039891044312,-1.4394934496981242,-0.7159011529323337,-0.24840398910443118,-1.9339612847691479,0.3016352331732358,0.9128992053017935,-0.20654774379907875
MB-3381,180.0,False,-0.04990517994538163,-0.08422987862168362,-0.06200428845337069,0.17017535225551125,-0.016057594191247127,-0.15320025126192585,0.10640722173379653,-0.4694910672019465,0.00461036359352812,0.1719107233652133,-0.016057594191247127,-0.08603678832427382,0.1252974618675669,-0.016057594191247294,-0.09710384051652063,0.1719107233652133,-0.016057594191247127,0.004562603579375461,0.42610476613456866,-0.28041214429472394,1.449347374642348
MB-3382,136.233333333333,False,0.39994936206523646,0.4569404499065649,0.1184510606546323,0.4757571992682256,0.5271035633197536,0.647587663896814,0.47575719926822524,1.3295646886178318,0.5361395267183485,0.47575719926822524,0.5271035633197536,0.48931173033456454,0.46228362282921387,0.5271035633197536,0.4893117303345644,0.47575719926822524,0.5271035633197536,0.48931173033456454,0.8442439176815353,0.03802507577088776,-1.7032948888086792
MB-3386,55.6333333333333,True,0.1857884648082987,0.7298199565458281,0.20798674404347745,0.7806187923159985,0.9633896875127506,0.8563956656152468,0.7834959866692442,1.0609220938191908,0.8627938771725986,0.776335074079395,0.9633896875127506,0.8694580055287804,0.7510836770574492,0.9633896875127504,0.8694580055287799,0.7689326175656489,0.9633896875127506,0.8694580055287804,-0.10160889077002393,-0.48254490115183274,-0.5516409984891103
MB-3388,180.0,False,-0.04090941480669724,-0.05463792269537906,-0.027448828792036507,0.18411311711770917,0.09663164590443672,0.029598939415895066,0.22668158832164564,0.09253906743760221,0.06320878221960986,0.18697769830339156,0.3458955721033779,0.0925395020742321,0.15341707365877738,0.22265289731521956,0.09253950207423228,0.18697769830339156,0.09253906743760221,0.0925395020742321,-0.34979921539188125,-0.7823985759494164,-0.9538936052004362
MB-3389,180.0,False,-0.18966432307375378,-0.04805701911525544,-0.02623612210367264,-0.2964070354624376,-0.01517304847530936,0.07389381785110512,-0.29640703546243796,-0.16463484460661143,-0.029961264656619836,-0.29640703546243796,-0.43346731788737825,-0.1597067138713619,-0.34499324236025436,-0.4657354108171101,-0.15970671387136162,-0.29640703546243796,-0.16463484460661143,-0.1597067138713619,-0.8283156502165506,-0.18424200221796436,-1.5151477943471543
MB-3395,180.0,False,-0.0714509219631197,0.07010831705957138,0.016147109345358172,-0.17596401953102406,0.44690359411289354,0.2460814894930346,-0.17596401953102378,0.21902710429414524,0.1270809885010886,-0.17596401953102378,0.6046629637844894,-0.006756976417124036,-0.17620834794476387,0.36358448131338494,-0.006756976417123975,-0.17596401953102378,0.21902710429414524,-0.006756976417124036,-0.8917323261422714,0.19561469220511585,-1.2661366565204208
MB-3403,138.333333333333,False,-0.1018740938274912,-0.3436492909070942,-0.18956830589197582,-0.484903928023156,-0.5344340187744566,-0.5019534939346201,-0.484903928023156,-0.6999546262653412,-0.5414339027370806,-0.484903928023156,-0.6624741617954963,-0.5431932704186261,-0.5730948908138183,-0.5818197469636083,-0.6076103959109366,-0.484903928023156,-0.4885759715270114,-0.5414357080270544,1.172451227346323,1.8359015866775639,-0.9057348401478296
MB-3412,180.0,False,0.0956076546246681,0.2905528672349467,0.08937810516401734,0.7393141325779718,0.3231973712884715,0.9226498057080644,0.7464829598707263,0.3231973712884715,0.9182316582375784,0.734184891131425,0.3231973712884715,1.2407174555994558,1.037194730379918,0.32319737128847104,1.1829971469922618,0.7156758551038593,0.3231973712884715,0.8884345653919197,-0.08452148800245243,0.05203246995339342,0.717043436255085
MB-3430,180.0,False,-0.0023552218873450492,0.08676824029047361,-0.009487840082111287,0.484843938667602,0.2911619428347167,0.5636593834679935,0.484843938667602,0.6943806171633345,0.42675776125827586,0.484843938667602,0.2911619428347167,0.6459848743193378,0.5141793793643087,0.29116194283471636,0.46134095406472636,0.484843938667602,0.2911619428347167,0.42675776125827586,0.7869443810905431,1.3573580749634357,-0.1939005756185201
MB-3435,25.4333333333333,True,0.8644977639162004,0.6213527273485671,0.553446283051536,1.0900536955866416,0.9273507198315898,1.3107755289287213,1.0900536955866416,0.9308149907773172,1.201308217239049,1.0900536955866416,0.8300058365111314,1.1971432316486164,1.0507336667764975,0.8508671334392164,1.1530898745757487,1.0900536955866416,0.738868963509305,1.201308217239049,-1.297363846342752,1.7674890811247375,-0.5379851125064337
MB-3436,50.7666666666667,True,0.4083628015851763,0.5259096857996007,0.28334359589191815,1.2006246427802871,1.4599827338943954,1.2713887310031433,1.3924837212772272,1.6018399993343906,1.2288556799134933,1.103728566453757,1.3025319771092434,1.0265692918734304,1.143698151710106,1.418957852571764,1.0265692918734304,1.103728566453757,1.6018399993343906,1.0265692918734304,-1.9381681078391828,0.07880787025970594,0.6112916946490713
MB-3453,32.8333333333333,True,0.32500232960446723,0.3883086896325415,0.19585004775722897,0.4146935176523139,0.5825714010189001,0.6680143797126114,0.4146935176523142,0.17418533266704647,0.5574513531312583,0.4146935176523142,0.21027388067949979,0.5634512822047659,0.4147882931408572,0.19810159107010117,0.6159839483663722,0.4146935176523142,0.11071113594864963,0.5574081744166134,-1.0490912309999634,1.6077988876162386,0.28076949259843537
MB-3459,180.0,False,-0.16790805021788538,-0.5905239740194776,-0.36864500383558274,-0.9847828000207092,-0.8394169966811318,-0.8421685417130316,-0.9838950651375952,-0.7209593573721131,-0.8573107415426124,-0.9916795667381715,-0.8394169966811318,-0.9502476344450046,-1.1641555983299468,-0.8394169966811318,-0.9443435770184727,-0.988800473054466,-0.8394169966811318,-0.8573107415426124,1.146626967509505,0.7149354045688833,-0.2233288441794942
MB-3462,180.0,False,-0.3900953767583258,-0.4420402367565825,-0.6239091513314865,-0.6305343978588535,-0.5958395014686486,-0.7775309604766312,-0.6305343978588538,-0.5958395014686486,-0.7775309604766312,-0.6305343978588538,-0.5958395014686486,-0.7775309604766312,-0.6276254499993041,-0.5958395014686485,-0.7775309604766314,-0.6305343978588538,-0.5958395014686486,-0.7775309604766312,1.0680774398324595,-0.4175352949596159,0.384285843261079
MB-3466,180.0,False,-0.09746670793252744,-0.1826384179107659,-0.10652728863047754,-0.1397094591706154,-0.40729626109417544,-0.6633943211462059,-0.1397094591706154,-0.3900536124023762,-0.5516772569159848,-0.1397094591706154,-0.1776698868936349,-0.5557913394283407,-0.03443018660425939,-0.3934901358706433,-0.5910705794361791,-0.1397094591706154,-0.3900536124023762,-0.2994727902100945,0.3320386078520851,0.2651800248488781,-0.8283509853404322
MB-3467,38.8,True,0.3159077902444649,0.8127350979078398,0.17138669801755796,0.5235329147607105,0.9011233503891476,0.5216749168304959,0.6387910198470651,0.9011233503891476,0.488763651892826,0.45489010866277685,0.9011233503891476,0.42371910861094825,0.5717627433434305,0.9011233503891486,0.4237191086109478,0.45489010866277685,0.9011233503891476,0.42371910861094825,-0.8021701501599596,0.02287781804493067,0.6273813419491036
MB-3479,180.0,False,-0.0341738755229147,-0.060127420341793955,-0.027950878088322147,0.010788471287376849,0.10228177570170312,0.5685997174939431,-0.0007773869958039368,-0.04999660581224111,0.42929249948376996,0.006005826381935431,-0.10085427124563486,0.059365213630410994,-0.3049650032009952,-0.1236235888137477,0.06000104672864144,0.019373629819385826,0.7093401978547427,1.035500244505175,-0.1308026415658544,-0.23233902994495106,0.4669249482525825
MB-3487,180.0,False,-0.1996015227922275,-0.2634217756819603,-0.08949863163189224,-0.20113560944468523,-0.5960106074881385,-0.7523871071081372,-0.20113560944468561,-0.0361262734985985,-0.739907294204271,-0.20113560944468561,-0.5960106074881385,-0.7303039665443187,-0.20993746248565182,-0.5960106074881384,-0.6038896807013729,-0.20113560944468561,-0.5960106074881385,-0.7398058802659855,-0.29776047979893233,-0.1987812329949336,-0.4123042751157769
MB-3488,27.4666666666667,True,0.4149178942562508,0.12962405507836747,0.24652827967475288,0.3424459944607981,0.2936961925847552,0.13722403488158105,0.3424459944607979,0.2936961925847552,0.13722403488158105,0.3424459944607979,0.2936961925847552,0.13722403488158105,0.3895262570989225,0.29369619258475466,0.13722403488158183,0.3424459944607979,0.2936961925847552,0.13722403488158105,-0.34497334609531666,0.14420930347298908,-1.219476167503311
MB-3492,118.133333333333,True,-0.09879857062719039,-0.01101472852791216,-0.024001871278468305,-0.15262057712230412,0.13435550177504488,-0.10204098370776031,-0.15262057712230423,0.02524389762852777,-0.008562957596391179,-0.15262057712230423,0.13435550177504488,0.13161972879866407,-0.1123990321571676,0.13435550177504468,0.13161972879866424,-0.15262057712230423,0.13435550177504488,0.13161972879866407,-2.506069837315632,0.43418114048221673,1.520064360242507
MB-3502,180.0,False,0.4663556705924624,0.28872705121087916,0.5222024926940702,0.6989911398913042,0.36992724948395256,0.6313686754656054,0.6989911398913042,0.5858198006507248,0.6313686754656054,0.6989911398913042,0.36992724948395256,0.6313686754656054,0.6471089064777757,0.36992724948395245,0.6313686754656048,0.6989911398913042,0.36992724948395256,0.6313686754656054,-0.857926385962197,-0.8848818751587286,0.09420101341934806
MB-3510,59.6,False,-0.5873398490870343,-0.17820061383144006,-0.7536078055260578,-0.722699576883204,-1.003237660443619,-0.9732396993804289,-0.7226995768832037,-1.003237660443619,-0.9732396993804289,-0.7226995768832037,-1.003237660443619,-0.9732396993804289,-0.7367807850094127,-1.003237660443619,-0.9732396993804289,-0.7226995768832037,-1.003237660443619,-0.9732396993804289,-0.19010887568223522,-0.009387661996193952,3.051264990379793
MB-3525,180.0,False,0.11291732756284256,0.3278804187251264,0.11391229244973122,0.7521128537422925,0.593251566863515,0.5299024294195143,0.7506912742773166,0.18903861271444344,0.5816087522185407,0.7646824102872526,0.3066546213932711,0.6692101301314862,0.817976973502198,0.34278676524655693,0.6692101301314861,0.850183680080145,0.33857477422537463,0.6692101301314862,1.5164277898120941,-1.5223550219450055,-0.6534090705331795
MB-3526,86.0666666666667,True,0.022709274584663736,0.030145377920036937,0.02232953103835773,-0.18450463951757004,0.10906371382851625,-0.09340934656827263,-0.18450463951757004,0.10906371382851625,-0.1156639917637831,-0.18450463951757004,0.10906371382851625,-0.0999967192371812,-0.13855426626730388,0.10906371382851635,-0.06168127511653356,-0.18450463951757004,0.10906371382851625,-0.11566096896821994,0.16074305913174441,0.26079549928020807,0.8528430151794992
MB-3528,113.666666666667,False,0.32461128348510804,0.17280744511330492,0.27120389352913726,0.9161153607875345,0.8799465069253204,0.8520780243237122,0.9633421154488135,0.8799465069253204,0.9583896893488392,1.030151795814797,0.8799465069253204,0.9228670742710303,1.0070330434935486,0.8799465069253203,1.0766693005407557,1.030151795814797,0.8799465069253204,0.9583476046120045,1.4008882862628078,0.6235994757813844,-0.4342191613258609
MB-3536,86.2333333333333,True,-0.04045752700615261,-0.12389184171603736,-0.056939586349070245,-0.22371927639359998,-0.32986677494194205,-0.15084031900418043,-0.2237192763936001,0.549401621075805,-0.15084031900418043,-0.2237192763936001,-0.32986677494194205,-0.15084031900418043,-0.22257048240992822,-0.3298667749419419,-0.1508403190041811,-0.2237192763936001,-0.32986677494194205,-0.15084031900418043,-0.39370690875944603,0.1639548383598068,0.25366805322113894
MB-3567,180.0,False,0.050330412476543525,0.06819153678514445,0.2307231717816407,0.20730054819846128,0.04884614112168543,0.2698837729611014,0.21014996620395154,-0.04238627013257777,0.2698837729611014,0.19819178083963576,0.04884614112168543,0.2698837729611014,0.034911263697353256,0.04884614112168535,0.26988377296110083,0.18819587390408665,0.04884614112168543,0.2698837729611014,-0.2526885812478079,0.28585315191874305,0.8333912121455666
MB-3576,24.8666666666667,True,-0.00022265249912027663,-0.09750920694209564,-0.022748301297746316,-0.47265804770712166,-0.3117000055272286,-0.3899647295285853,-0.47265804770712166,-0.3117000055272286,-0.5084505056332149,-0.47265804770712166,-0.3117000055272286,-0.4775657325505049,-0.45300267234006103,-0.31170000552722943,-0.4591246822143964,-0.47265804770712166,-0.3117000055272286,-0.5083349870683042,-3.899421730054339,0.5899431035596658,-0.7993078114412265
MB-3600,180.0,False,-0.20161556135795908,-0.42235527537897327,-0.12836078224682856,-0.42459147868656266,-0.4970662418367573,-0.23115966531356405,-0.3832812641317932,-0.4970662418367573,-0.28067338788296753,-0.5078109228088716,-0.4970662418367573,-0.2612740704859127,-0.5037503228369833,-0.49706624183675724,-0.33565749210425616,-0.5078109228088716,-0.4970662418367573,-0.24914038411933395,0.463330339207019,-0.6651008442169998,-0.10009046486167383
MB-3606,110.633333333333,False,0.5703503371767491,0.7911311298681991,0.5251276176316653,0.9366333615055317,1.0668695340335472,1.4328028175584078,0.9366333615055322,1.0668695340335472,1.2589429828442495,0.9366333615055322,1.0668695340335472,1.40889770139952,0.9362480785089361,1.0668695340335475,1.2243671205174416,0.9366333615055322,1.0668695340335472,1.2589429828442495,0.5470956613393337,-0.239048859324589,0.1609415933976301
MB-3614,180.0,False,0.0203243746637674,0.04457410783942978,0.0263828971486994,0.3931418678279097,0.23697939075564717,0.3324186297223497,0.3931418678279097,0.8826106216168793,0.28991685263372985,0.3931418678279097,1.001686549742031,0.29710456778160116,0.3782563727840047,0.9634259441609975,0.26195581183047406,0.3931418678279097,0.801648228466633,0.2898904464387732,1.763759069559374,0.5109220438157845,0.11348010352709692
MB-3702,180.0,False,0.1125201352692382,0.19756355733195446,0.06566751534702008,0.34431040294634957,0.2893845028529709,0.342737530452602,0.3132807371293993,0.2893845028529709,0.40334941009786085,0.3684187331226297,0.2893845028529709,0.08465069218711567,0.2653768035014341,0.28938450285297046,0.0399188915205891,0.3684187331226297,0.2893845028529709,0.47906845046611224,-0.48676121079282914,1.001885734729143,0.5964510286999168
MB-3707,180.0,False,0.05602767993665642,0.1956162707270236,0.25260716046618126,0.4500793230817978,0.25031274576556434,0.33238877494352453,0.4553173406609065,0.299897944750312,0.33238877494352453,0.439129533282932,0.25031274576556434,0.33238877494352453,0.32596623772170996,0.25031274576556434,0.33238877494352426,0.44463618426449497,0.25031274576556434,0.33238877494352453,0.09415415619704649,0.39492140134525255,1.0255631696971512
MB-3711,180.0,False,-0.22813453188440247,-1.0208322679460269,-0.2574878612668756,-1.4402213981147032,-1.621026508983846,-1.79449266517009,-1.4402213981147032,-1.6693042210055276,-1.7321336803649168,-1.4402213981147032,-1.621026508983846,-1.6549181640204977,-1.5601880542419968,-1.621026508983846,-1.6549181640204973,-1.4402213981147032,-1.621026508983846,-1.6549181640204977,-0.7055279547210833,2.552859422355194,0.8336283388549325
MB-3752,75.3333333333333,True,-0.07755656824085737,-0.06388772430983455,-0.008469176243873184,-0.24134020023188335,-0.1343398066946995,-0.09945051217623287,-0.24134020023188302,-0.15422233612943975,-0.07640594286866809,-0.24134020023188302,-0.1343398066946995,-0.10726741957345835,-0.24070584249763333,-0.13433980669469964,-0.11532970497629312,-0.24134020023188302,-0.1343398066946995,-0.07640960551939624,-1.1762570649202813,-0.09136057218487154,0.26301255606830115
MB-3754,92.7333333333333,True,-0.023046209187651642,-0.026296675226650336,-0.05102293136650674,-0.020455409399922683,-0.2794808151215092,0.17163042298368955,-0.022265506396521677,-0.2794808151215092,-0.011501024425190276,-0.021140461412472798,-0.2794808151215092,0.1510862033522355,-0.049249909766240524,-0.2794808151215094,-0.06338282439582714,-0.01251987743696182,-0.2794808151215092,-0.011501024425190276,-0.7131079667369583,0.9996604293548461,-0.34737294742823766
MB-3781,180.0,False,-0.6697172961989452,-0.643186020583304,-0.1676760858677653,-1.0378863938627803,-0.8872375056310977,-1.1147565000544313,-1.03788639386278,-0.8872375056310977,-1.0986465616982157,-1.03788639386278,-0.8872375056310977,-0.8774511718818878,-1.0538090554339237,-0.8872375056310977,-0.9384995246754443,-1.03788639386278,-0.8872375056310977,-1.105435247830166,-0.3449985240857874,1.266727678250083,-1.1296835823802003
MB-3797,180.0,False,-0.23949644262677347,-0.17001521745336579,-0.06562918675488155,-0.14609909342745409,-0.11320263568442566,-0.030341252612574806,-0.14609909342745414,-0.2319539792044143,-0.02384412515314025,-0.14609909342745414,-0.11320263568442566,-0.11592452513434974,-0.14591137145784444,-0.11320263568442583,-0.11592452513434948,-0.14609909342745414,-0.11320263568442566,-0.11592452513434974,1.3554380286698136,-0.13376984634177783,-0.7354984590489994
MB-3823,180.0,False,-0.08437375436207138,-0.1827756981810423,-0.23575792036366253,-0.4596890894150314,-0.7481142992817561,-0.6265772418560179,-0.4596890894150314,-0.6577390882819447,-0.5665729241600285,-0.4596890894150314,-1.0104334454477126,-0.6815841267853368,-0.5810767999365916,-1.0282326731628166,-0.6572207066704442,-0.4596890894150314,-0.6577390882819447,-0.5665729241600285,0.0022116025733781067,-0.8205128822027424,-0.5285487871678283
MB-3824,126.466666666667,True,-0.1090661699277765,-0.3480275247806104,-0.45622450812315796,-0.6270151771082824,-0.46127935820150473,-0.49370835734857504,-0.6243733683768734,-0.5534214021096792,-0.49370835734857504,-0.6291555047332957,-0.46127935820150473,-0.49370835734857504,-0.5755242512954588,-0.4612793582015049,-0.4937083573485752,-0.6554309557002045,-0.46127935820150473,-0.49370835734857504,-0.7905448096678757,-1.1826029275271916,0.6827140633050368
MB-3978,100.866666666667,True,0.322942138815529,0.33119357993236787,0.11475558979068598,0.6123739540009644,0.544152531266065,0.6630169955536678,0.6123739540009646,0.21243211809867785,0.6522196103594314,0.6123739540009646,0.02966050019649537,0.5762818353808624,0.6129190571810887,0.18236708886250058,0.576281835380862,0.6123739540009646,0.2567210999909967,0.5762818353808624,0.14187782824173303,0.16227699982917104,-0.3636101787076367
