core,enrich_Tumor__Tumor,logoe_Tumor__Tumor,enrich_Tumor__T,logoe_Tumor__T,enrich_Tumor__Macrophage,logoe_Tumor__Macrophage,enrich_Tumor__B,logoe_Tumor__B,enrich_Tumor__Stroma,logoe_Tumor__Stroma,enrich_Tumor__Endothelial,logoe_Tumor__Endothelial,enrich_T__Macrophage,logoe_T__Macrophage,enrich_T__B,logoe_T__B,enrich_Stroma__T,logoe_Stroma__T,tumor_immune_nbr_frac,tumor_immune_mixing,n_cells
MB_img1,23.889530946522296,0.2687307121425695,-19.266290055109728,-0.8832083372139836,-10.369724446042316,-0.5758463208702728,-4.180069104692569,-0.9404800052969648,-15.051844029763645,-0.3957562545159543,-16.80991936487011,-1.2776191041143192,8.056886295525805,0.9603602350920312,9.045506315859305,2.0588936890535687,2.0518353430557843,0.1592125936704211,0.0841584158415841,0.6503378378378378,1624
MB_img10,28.43014949646944,1.1515486627680305,-15.823711969791775,-2.2332791184736287,-11.97883595943284,-1.4366217357292117,-10.624693813440928,-2.2869483358212808,-6.644066220716396,-0.21701645634836,-17.541281722664007,-2.5156889643403617,12.48883502297545,1.0508506253232337,8.550018509680836,1.2137117981056726,-2.2624113274932,-0.1107558574874987,0.057909604519774,0.2186046511627907,1373
MB_img100,50.35425989484164,0.3855330540864256,-23.1272391273137,-1.6979879315778128,-13.350666112673972,-0.9488776766299414,-10.762087722506386,-2.6609514282601165,-49.09853980486796,-1.4054218247709165,-21.65914521402295,-1.8654056477851348,5.945171832840522,1.1745456620961383,4.776399583653856,1.608860768418521,18.086239668955653,1.2642983846156834,0.0212071778140293,0.7169811320754716,1793
MB_img101,51.90042576494595,1.6531349393757042,-9.40674544797838,-3.3104439975636937,-8.179197247883346,-2.6718594682474768,-0.9466933039653216,-0.3555801473773594,-44.615401555686944,-1.8321377919894868,-17.010965199254514,-6.040417589563266,-0.0493280296790295,-0.0262098793228487,-0.0556555846468862,-0.0426443374084936,5.9446216567929495,0.4019854336455458,0.0072852760736196,0.5217391304347826,1234
MB_img102,14.117166008445434,0.1267736543946032,-3.54925278685762,-0.2038005350989291,1.0831404615620157,0.0587038161454453,,,-15.70919982985978,-0.3691265609924199,-9.3483203881525,-0.6063522649200991,-1.1308339539749015,-0.5952308361749832,,,4.555279757244993,0.5200854934259406,0.0486540158870255,0.9596330275229358,1583
MB_img103,44.39252805132634,0.8414754642300916,-14.071921387489647,-1.1522668764216752,-9.412553436033097,-0.6245275625660992,-6.699054717635914,-2.857781988983262,-41.23546485096774,-1.589159823035014,-6.965434861842168,-1.1119494024633925,5.1884448957597336,0.6144243389738802,3.18836214137192,1.015540850895778,8.610695395549634,0.4476902838540592,0.0831881533101045,0.627906976744186,1326
MB_img104,14.4501329078274,1.5442294398662857,-4.071333132929498,-0.3757654244662219,-4.1589839241648034,-0.6526978190924803,-3.4726870293059267,-0.4603155327102181,-3.637842866546072,-0.165742807515337,-1.9076942063724565,-0.6877498190149917,6.630417786665968,0.3859351645249432,2.7575531363347645,0.1884115387557701,-8.310891532765341,-0.248618899036083,0.305,0.1826923076923076,1563
MB_img105,11.973134600896786,0.3331689912834411,-6.414170653517354,-0.977424547332516,2.108619627896966,0.2183541604622606,,,-9.754627749390808,-0.3807937474895788,-10.465807413862684,-0.5989814995785749,-1.6777164898518626,-1.446256229889564,,,1.8727389886142556,0.2985114304561943,0.0432011331444759,0.935897435897436,710
MB_img106,34.56262387294095,0.440197213941727,-27.660595818172425,-0.9035429412535072,-13.55294074946469,-0.732913772593947,-17.288436867000698,-1.359120029814942,-17.55952133751222,-0.6018462640908867,-9.935493219839104,-0.5658686806522276,8.66300079680465,0.635353849861411,10.363734306329704,0.9098002735721724,5.308875819019164,0.2981566072450557,0.141324200913242,0.5319722650231125,2066
MB_img107,53.75686441631875,0.4708980573854161,-6.515974886604676,-1.880293701510512,-10.499656676414745,-1.5879649888826797,,,-53.65640520176446,-1.6567794025498068,-22.04008632547465,-1.9217481818830109,0.8309958259445758,0.4589808468664408,,,6.8342297259659786,1.294480554775405,0.0032081749049429,0.8888888888888888,1611
MB_img108,23.088620067460564,0.2784739020899595,-4.260068528597414,-0.366487873064541,-6.0054304787759305,-0.3701038785690441,,,-26.207647405140992,-0.639120435475063,-6.929849581181292,-0.4982508675278254,-2.036984956394273,-0.9714669147284166,,,5.360274334745636,0.6317833574741497,0.0438988095238095,0.9061728395061728,1342
MB_img109,24.48241514341488,0.2522877760753686,-8.453394616998578,-1.2759239175916697,-7.421007682645737,-1.1301294467667384,,,-27.690573801695933,-0.8137974239813073,-16.362841738934737,-1.3184848373554574,0.4770372365807837,0.3010407284135388,,,9.80799182492501,1.4110970528800175,0.0090490797546012,0.9487179487179488,1128
MB_img11,23.34005492404194,0.5907008600353396,-2.067259213554515,-0.5763877649831465,0.3586671889295444,0.0643307256471215,,,-20.43191531384473,-0.5137461573939358,-9.30545401907444,-0.7048719644563528,-0.655949899207456,-0.4854268271702417,,,2.3634703920812536,0.3954872827095568,0.010720802919708,0.9464285714285714,1349
MB_img111,17.673118287187865,0.0763222724449809,-9.608026813494998,-0.4273939450702735,-7.669843334990804,-0.3649954312371271,-2.5627904697926787,-0.3463945161915209,-18.73415467375678,-0.3570522113023466,-6.821060120718826,-0.4386930665841791,3.8081708897279296,1.1587683815323475,-0.9359661365111732,-0.9259994185562233,5.4827865397228095,0.660424039293213,0.0299878345498783,0.8926829268292683,2544
MB_img112,54.234618930159264,1.2941305349397914,-14.507000643197802,-2.6954719106186285,-11.893035037439011,-3.909704539873828,-52.081556314765486,-5.125647584741655,-6.818063809230696,-0.3465231496215016,-4.634390590873854,-0.5984429912211611,8.420689784393483,1.478035586665149,1.6125107871496556,0.1173454436448395,8.224280679233763,0.8090764040131033,0.0204787234042553,0.033186725309876,1375
MB_img113,15.73605042160231,0.0474349513879987,-3.5993389835108287,-0.2613707665372272,-3.374880131344651,-0.3000960891153472,,,-19.314714304491638,-0.3639879559612406,-8.478284157792235,-0.8430011730019579,-0.6703638197181881,-0.5558161550616397,,,2.678465700814136,0.7358730571651942,0.0086021505376344,0.9935064935064936,2097
MB_img114,29.51633948921009,0.3295404175800525,-13.454139365123114,-1.157701028315565,-14.270706944643672,-1.16905397611605,-3.49681294182219,-0.6222796382480611,-28.20218387630905,-0.5950069014145352,-8.60270308456359,-2.1818976431083885,5.782537400639817,1.0651982659077774,0.0818583968893015,0.0513991525066444,8.989951791577461,0.6870137721908534,0.0343112244897959,0.7146067415730337,1651
MB_img115,16.408887610389048,0.0806009898141657,-5.021664104055182,-0.4150185163244704,-9.893510479329429,-0.5428430925362319,,,-16.641659072863003,-0.3505576905573762,-12.766852069789264,-0.8096524307164915,3.803555062509415,1.5164480204501951,,,3.854958202933607,0.8257490731548975,0.0195260347129506,0.9105960264900662,1830
MB_img117,37.921911498165606,0.955406518885646,-10.299027788550438,-3.910332923727157,-6.569908972368715,-2.4001475372011845,,,-31.673229191856517,-1.134648328027768,-12.630597197830513,-1.7853493474600446,5.581667204767146,1.6495027529158668,,,5.850014221734939,0.5046681451191981,0.002643504531722,0.3142857142857143,854
MB_img118,23.184903504762676,0.4010240479666183,-1.3409518094121864,-0.3180757693917558,-5.900935324542855,-1.2331722600896906,,,-22.825982052140848,-0.6280076694177151,-11.497839558874116,-0.735390885942678,0.9235026490796574,0.5145731728297582,,,0.9157312368651386,0.2348694265044624,0.0066758747697974,0.9555555555555556,1001
MB_img12,73.83966149048247,1.9008700318980096,-10.306223558409316,-0.651985719772771,3.4238812968542733,0.3239594944979437,-65.0560098985341,-2.5740611298293805,7.973922296980362,0.3832887960817876,-9.3146978037814,-1.3145550606949408,10.164634072871047,1.0380063225797451,-19.05060849612826,-0.5256096960496313,7.373488620046547,0.5206143564728529,0.1961206896551724,0.1099425349669305,3117
MB_img120,29.2977259408426,0.8712144485754104,-20.81421447805181,-2.212275340112112,-17.485384556279488,-2.428923248899908,-17.370182002279865,-4.223257043151992,-7.601002037619128,-0.2168389969081914,-11.825426291362042,-3.271213997559668,20.93196024918921,1.54011226531689,11.134839215819325,1.0564366432580463,-5.855712820645717,-0.2884542683455086,0.027445652173913,0.1426008968609865,1413
MB_img121,19.729032572769484,0.2434423311612075,,,,,,,-18.39930939689921,-0.693956827186056,-15.296688408069274,-0.9695079263714252,,,,,,,0.0032271944922547,1.0,811
MB_img123,33.679207109758785,0.257315360532784,,,-4.388253111848243,-0.3968407950687632,,,-38.42249219021949,-1.2324836556945409,-21.561376902029597,-1.631527639434688,,,,,,,0.0075946215139442,0.9770114942528736,1335
MB_img127,31.132972295434243,0.2955884816606333,-15.369078160735596,-0.9302969524614014,-9.79374639589629,-0.6020878179329551,,,-25.90989416384821,-0.6090788826722031,-14.162130327408898,-1.4163955624016578,2.512791871212449,0.5698556083309478,,,10.645272265202006,0.7513454402607685,0.0446109123434704,0.8424778761061947,1750
MB_img129,29.94759336900052,0.5406884929200049,-5.600995539947057,-0.7506660502074105,-0.9651522852147164,-0.1685744794238315,,,-27.28686592831953,-0.8448960025327941,-15.024409059389576,-1.5166227766470188,-0.5718398215893112,-0.4462562298895641,,,5.480532128891631,0.5990417659585602,0.0150577557755775,0.9473684210526316,1107
MB_img13,31.404067548977853,0.7019370622077395,-6.189164474949099,-1.2714050677830029,-5.59415549600152,-1.4233092372423868,,,-21.853821865891504,-0.7105184966451323,-21.39989519716779,-1.8854138985132352,0.8201247995153796,0.4966512648324958,,,4.089883784856054,0.549573194623912,0.0068877551020408,0.8545454545454545,1063
MB_img131,28.13881577098635,0.7596787894013532,-17.59281355424866,-1.2091577115514631,-9.41537006090422,-0.7295416725010193,-2.364797939731214,-0.818441575764165,-17.354237966755317,-0.5386723803050232,-1.3859800075247015,-0.2460801579683182,8.254328420547044,0.7784205936418948,5.961790369957,1.5249151170512172,0.9371616946218588,0.0372741239885098,0.0959459459459459,0.4810964083175803,1508
MB_img134,36.96879510985403,0.77959561755639,-9.206611201421785,-1.0887705747576428,-4.03820847694254,-0.828721837563483,,,-35.782018107868474,-1.12088581542475,-11.558378094118677,-1.1154998655159625,-0.7207355029028312,-0.5147534984397534,,,6.564368092461456,0.4564429085478771,0.0240196078431372,0.8266666666666667,1172
MB_img136,35.08974540027685,4.060898824943945,-4.528363331145496,-1.3835619978164162,-1.4159103927949008,-0.518341449642977,-4.861328143273122,-1.8585778489073967,-2.444592804125579,-0.3434755052065496,-2.9427797751766254,-0.8342392731276083,3.8657817110017114,0.3611671544871946,11.875970958848216,0.6795815684197696,-10.503813329682176,-0.5708262936717482,0.1666666666666666,0.0282227307398932,938
MB_img137,41.03198093195895,0.9792452956488792,-8.819011415587598,-1.6757475132251871,-11.777908595722526,-1.518960618610978,-9.563611911953297,-2.23718127390728,-37.35936687668893,-1.0620061846317477,-3.012442083523876,-1.0597328311687717,7.374742975631037,1.5327205195400178,1.9306746464708016,0.7879495228850111,4.3628031027071055,0.2997326829036432,0.0266666666666666,0.44,1480
MB_img138,9.540396610419709,0.096997206779797,1.5337185569565366,0.1558172266405341,,,,,-9.98162889543858,-0.1841011426515564,-5.200769596572182,-0.4243224781732866,,,,,-0.4559562298831771,-0.0950804919014146,0.0119512195121951,0.9913793103448276,1552
MB_img139,14.473528734834366,0.1270418000042118,,,,,,,-16.477416956173332,-0.5977041696127383,-6.047959813001839,-0.4109683311640767,,,,,,,0.003099173553719,1.0,765
MB_img14,9.2094510274154,0.0355227282969832,-5.540357125338256,-0.4669895789135655,-6.079044174660735,-0.3411950994087013,,,-6.751258410683152,-0.1377884101418839,-6.658228257839823,-0.2625498373245268,3.153987053224347,1.3370349872775706,,,2.124797602347141,0.594867496339021,0.0146292004634994,0.9448818897637796,2024
MB_img143,24.55500403289207,0.2036141303076984,-8.787667607502904,-0.5696378266049869,-10.850572041199596,-0.5702413966666748,,,-22.30998454719457,-0.4908245853516984,-12.154673637886276,-0.866033868426165,2.6763720067108,0.7114886881503825,,,6.991501030771693,0.7219102696159424,0.0412692589875275,0.8654781199351702,1990
MB_img144,26.927385450386893,0.2195949812258308,-7.40636119343511,-1.171692739498848,-5.941841747420241,-0.3182209358170944,,,-28.098219353708853,-0.6902285803383355,-15.084943117677565,-1.4833500277157396,-1.1207165191029047,-1.0161397026552528,,,8.348265383823936,1.3714924242385833,0.0262113617376775,0.8793103448275862,1685
MB_img145,10.106257714963336,0.0678646092674224,-8.913160682546662,-0.3563474896120774,-5.309982305869605,-0.3089276951938723,,,-4.599456538040652,-0.1194178669086536,-7.728847529744745,-0.3252240296291373,4.354591740484484,0.9848727995455056,,,5.290610485083618,0.5896499239318574,0.0579581358609794,0.8608247422680413,1652
MB_img146,14.455093871185564,0.1022795032163578,-1.4368898114259048,-0.1343148315989335,-3.326382299430805,-0.284736205905484,,,-12.086801977860066,-0.2840305205148579,-14.161688359150313,-0.655448500503025,2.1607431470589225,1.0144995696951151,,,0.4426982703344136,0.1299093225944334,0.0134814495254529,0.9490445859872612,1514
MB_img147,17.438921836284795,0.885480545097498,,,,,,,5.021504284070515,0.1906889792118128,-22.28785302395611,-2.024005463010789,,,,,,,0.0019430051813471,1.0,702
MB_img148,10.341893394873948,0.0457994636443125,-3.3875378694657017,-0.1992404531092134,-6.623754321922788,-0.2835943967338902,,,-9.405987951430731,-0.1718350294993251,-4.428208910116808,-0.2905871031285907,1.796696717512537,0.6738810668980416,,,2.3789602207271567,0.4723381815791519,0.0288719185423365,0.9541284403669724,2288
MB_img149,37.91279149295359,1.0995702253966066,-28.91823043933067,-1.2785953783713195,-7.527258411545942,-0.8004685364723643,-18.988641374131653,-1.9521765938655575,-11.03227889555632,-0.9409970911629808,0.7614840405784642,0.1655777103654853,4.264495022516572,0.2651690487341389,6.931896450927479,0.3427935339486895,1.3337166006110237,0.0802058125889818,0.2249322493224932,0.2601935038009675,1112
MB_img150,23.286717822252758,0.3280051304035162,-10.462904932258631,-0.8184669962983123,-10.461008839609946,-0.7443944366792736,-8.379738455957034,-1.2759480378849346,-18.677584096578677,-0.6105845149507977,-5.236245267656818,-0.528702909607465,8.164261663691295,1.261003870606423,5.1450098441059575,1.4446106146621909,4.659831829556934,0.4704349131757525,0.0625,0.7142857142857143,1060
MB_img151,23.554639502808087,0.1551456186984083,-6.336617964069341,-0.7265042853452787,-4.4628825294833465,-0.4315612476195948,,,-29.692125942552572,-0.8572691289937288,-14.14771222676218,-1.0771115041467074,-0.9952160481875372,-0.933572638261024,,,5.0077865360761455,1.1243467505421845,0.0096872082166199,1.0,1333
MB_img152,16.79114676402284,0.2140011510773073,,,-8.962520386832841,-1.1795760438537215,,,-18.409821015422093,-0.5666088386482732,-8.697437788316277,-0.8139910225083516,,,,,,,0.0135964912280701,0.927710843373494,810
MB_img153,41.57957592500112,0.7618778212064791,-29.101698873692257,-1.4178556109607792,-16.760532656333755,-1.6762217596996074,-19.652075246237303,-1.811558109306089,-25.459569613031142,-1.7711045200597253,-15.351991999207694,-1.5232831474677038,7.037110637613431,0.6198538592474492,9.494557213048433,0.7199666257996261,6.944557502219922,0.4338009392015798,0.1115480132450331,0.3680276020701553,1243
MB_img154,15.048746718918167,0.181447411001811,,,-8.989586115808374,-0.3144090260526552,-6.032069971139955,-1.2055116750481394,-11.80598946954687,-0.3804354432583909,-9.37638402747596,-0.8800892294752252,,,,,,,0.0965346534653465,0.8030973451327433,1223
MB_img155,23.77951618116241,0.0994783877158956,-4.315660543407684,-0.3074285251922473,-9.499851697354323,-0.4754659860352063,,,-28.593682669615912,-0.8950349189111976,-15.68419466157382,-0.7051196360080636,1.1445930793425008,0.5940076403241631,,,4.01689830639092,0.9772954698664476,0.0196274118429807,0.9577922077922078,1762
MB_img157,23.60769635318296,0.2609580758106904,-15.418612203824834,-0.8386659326887993,-12.170111899118403,-0.7562248829155863,-16.307499321646034,-2.696953141168395,-15.859129643475612,-0.4229624946372744,-7.941351551152196,-0.4500955596751319,10.007527759772165,1.2859691032736136,10.548525644028404,1.648955344432392,1.9706166670285736,0.2063405356940989,0.0686197916666666,0.6082051282051282,1482
MB_img158,32.755053845336164,0.6910884427061381,-3.875183661531487,-0.6788672897000297,-4.160766186307447,-0.8416856435768437,,,-29.79501231682253,-0.8660152199270729,-16.37985648520341,-1.5946433308792425,-0.5211802941020279,-0.4005379295837285,,,1.982061375672969,0.2712631566339786,0.0151072124756335,0.9,1133
MB_img16,8.46459335811955,0.029486963625106,,,-13.350153365460327,-1.1371941648893331,,,-7.725056432834252,-0.2458519563898615,,,,,,,,,0.005867903930131,0.6419753086419753,999
MB_img160,29.7126810320062,3.3203435861713704,-5.0335901153802505,-0.6526950748210674,-4.485298768458397,-1.6949814665376692,-9.144040805936257,-2.353950549886208,-2.7643480087927386,-0.6311042823658769,-1.5793499770837098,-1.881664619320345,-0.7604290769198633,-0.0531370871452487,-1.2961009889469512,-0.0497761611197561,-0.9462696197005928,-0.0527733160979932,0.3344594594594595,0.0501098901098901,741
MB_img161,6.477258463472886,0.1364903636386263,-3.816768703633204,-0.1851631317375827,-0.7443563772616966,-0.0352790164338417,-5.680875952196637,-0.4437732604690699,-4.433606646335652,-0.1102693841526643,-3.049486835389978,-0.2313615102781514,0.4816790650820647,0.05807306134186,2.534726486223544,0.3986824375048588,0.6645625742493445,0.0443022616736739,0.1987588652482269,0.7548192771084338,1543
MB_img162,22.23560431944328,0.2492177283475801,-7.977518180603039,-0.7270207087305245,-4.752970064052272,-0.1982485759850119,-5.698562917412854,-0.7003009907943927,-26.532587325608777,-0.8583454826079822,-2.686943009861879,-0.473738816168531,0.8668744878575952,0.2224386623031624,2.7571431051596766,1.107803289534515,6.405177050226,0.8032266961767034,0.0815279361459521,0.8654088050314466,1302
MB_img165,36.26609229561977,1.1247503472642946,-4.618185310286663,-2.1160319934471103,-3.807343692043194,-1.5307574574612166,-3.027085552817708,-1.294620748891627,-31.97376941990832,-1.2238384616220028,-13.6756501841078,-1.374599023477615,-0.8331515923965328,-0.7311832415722002,3.400419077181276,1.4198545155766196,4.183466345725958,0.588573754273535,0.0077554744525547,0.7037037037037037,810
MB_img168,20.073893746974925,0.4184765832456149,,,-1.2398057176931012,-0.2671162618804045,,,-15.12118485700002,-0.474994452322681,-13.317161320811532,-1.25591267672161,,,,,,,0.0089285714285714,0.9705882352941176,742
MB_img169,34.95617344195424,0.3858613696447279,-5.254791681045062,-0.9316830570598058,-10.317377072115054,-1.3718995555097104,,,-34.83251845602448,-1.0302476894052712,-24.107995660930875,-1.7363112003494765,-0.0771502696263162,-0.0600473836699388,,,2.709458549859624,0.6232794322722582,0.007909429280397,0.925,1223
MB_img17,19.365652194860008,0.2923725422670204,-5.071359586533646,-1.2722223050700443,-2.466304812424477,-0.5133896775968414,-7.081581461792275,-2.5897634869849773,-15.067744568843343,-0.4494039386468663,-15.025322065360625,-1.0064909867377063,-0.5507236005778381,-0.3673710656485295,7.910715231104331,1.9885043611621709,2.316000682873712,0.6007742078790622,0.0062396006655574,0.7924528301886793,961
MB_img172,14.209439409155143,0.0603850422262326,-5.758143875508095,-0.6193843791633649,-6.57787673560642,-0.3915493974940415,-6.322029776332588,-0.8084231894450953,-15.964419071983372,-0.4221517426897913,-7.419367402507836,-0.3807241212787741,3.19481250648261,1.38458370273713,7.893564139513239,2.040971781056306,1.9261828309545312,0.7900268379176199,0.0159613956941351,0.8893805309734514,1557
MB_img175,37.55212339586572,2.6261541880412658,-10.625774330411083,-1.3360080052593368,-4.725947333819089,-1.3564568611196115,-10.13550874058948,-2.691608605467236,-8.616024255714573,-0.5805583815194301,-6.260404142543256,-0.8957521990997648,2.218972555852709,0.2351928463434874,-0.1478503442061249,-0.0114956388378293,-4.301886677859742,-0.1658418684798678,0.1276041666666666,0.0956816257408975,1084
MB_img176,21.570413015415,0.1355076155164405,-8.37501031303414,-0.4947261385897272,-12.339168657734088,-0.5757692502790196,,,-24.506802614820725,-0.7651919839760285,-16.938714301001145,-2.417900724440994,9.130725194745676,1.605156638469139,,,4.955825194420162,0.912857437370332,0.0455528846153846,0.8246753246753247,1280
MB_img177,28.540108192989816,0.1036594473127277,,,-25.144515525618026,-1.162964260129576,,,-28.82698725362922,-1.3196574552192406,-21.041929268184745,-1.7999882584800333,,,,,,,0.0172348484848484,0.7142857142857143,1480
MB_img178,6.938640757627659,0.521804742060834,-4.663558688184834,-0.4794569347940195,-3.258860502641248,-0.4394550082051472,-2.9779265638006795,-0.781884234541486,-0.7552635452889547,-0.0355641670949017,-2.659554756291097,-0.2882201188469677,-1.1222441111347063,-0.1859263696998432,0.9500125121101416,0.2383873993446591,-2.4178213131409545,-0.1497880505900123,0.1661290322580645,0.5256124721603563,641
MB_img179,42.840195558777374,0.3142623968106334,-25.617329292297224,-1.2843883040137885,-11.617131993724389,-1.1381831257325232,-45.608185651841126,-2.0784510174209223,-21.46141936712109,-0.8882412681848315,-10.989452777384573,-0.9146061182997172,3.923086213577327,1.0158664054590212,17.29615834906522,1.261523295680917,7.517423892286576,0.8651010897773243,0.0586755233494363,0.4196597353497164,1737
MB_img18,42.46271959650565,2.5257487163101167,-7.581091613065818,-1.4737219823836856,-4.440766544487579,-0.848974011259343,-8.151678576349198,-1.889473542531109,-18.95625292109141,-1.3482953791572754,-9.183874812369035,-1.7481710865837168,5.763348342632402,0.7768927174426618,7.059423115957051,0.8806710392565963,-4.951397955623415,-0.2886849444484062,0.0785123966942148,0.1603174603174603,961
MB_img181,24.16486753495994,0.0997309974730787,-6.990025130082822,-1.0114189629567087,,,,,-31.84614773951825,-0.897153713861055,-18.693920389196844,-1.0105109018805387,,,,,7.388581371570744,1.8451143980218287,0.0020793346129238,0.9743589743589745,1783
MB_img182,26.40136868739307,0.2311068010704461,-23.78714863912053,-0.9420095195409414,-13.902454490167594,-0.5048657485156542,-6.76984734036963,-0.7309461966269744,-18.975171960309368,-0.5275105505731453,-4.998084028334871,-0.4737712662838437,8.93093499465745,0.8762766699705798,2.477590201441884,0.6929878971056039,7.396484493747241,0.5925103677422275,0.1017827529021558,0.6950617283950618,1778
MB_img184,53.34107532395412,2.646853509371895,-13.565027074852017,-1.5023258423960455,-11.039020019808216,-1.2263899602552215,-9.370163666943768,-2.779329769414214,-20.07875544775241,-1.5030306456411602,-6.81971202878811,-1.8140599459354945,2.4151328806486747,0.1240109926391873,6.435871661824667,0.4869687114351567,-4.63507958837138,-0.2004625028397771,0.1629464285714285,0.1190248565965583,1535
MB_img186,45.19128434974248,0.4952968883440433,-1.2267682405306597,-0.2305422614890601,-5.251891127312584,-1.0945578127197326,,,-36.54723179065994,-1.0797710134151035,-30.214817948156472,-1.6121989091364153,-0.5809052847580726,-0.4114262457264649,,,1.056088995724189,0.3181365157249882,0.0054871520342612,0.979591836734694,1558
MB_img187,45.8911639806564,1.876766011134528,-5.057272409140816,-0.4534565495362936,0.5501108613036851,0.09138199273042,-36.24034337391296,-1.0199260684628295,-3.625361199028757,-0.5423836755130458,-5.525615177022496,-1.137808501034844,6.760804969080117,0.9766323398783984,-15.08485441528492,-0.4422903695697867,10.499559557230134,1.121095699179078,0.415922619047619,0.159344845099035,2201
MB_img188,7.830493390476885,0.1160272090072039,,,,,,,-7.682378111572244,-0.1485387882149875,-5.697031936163838,-0.3103080689133413,,,,,,,0.0036848072562358,1.0,1527
MB_img19,18.368682947801027,0.1470730930156908,-3.867039441546959,-0.4955733493896579,-2.1467433850085955,-0.2625971592655465,-3.488450453523628,-0.4580422594407323,-14.349204005669163,-0.3612968105164794,-13.204973621400422,-0.4946495003751465,-0.7797628976500549,-0.6825732973475785,-0.6184895201011684,-0.4646682670034441,0.3236307187293307,0.0931094043914814,0.012865911237016,0.9770992366412212,1466
MB_img191,43.24183425071312,0.4835427331546105,-18.265914770164443,-1.747133467666826,-22.10918272414364,-2.0772248141974945,-4.130047160432663,-0.8278190246173196,-28.964433246001853,-1.0552698492300094,-27.88395083164679,-1.421945191355209,14.714803219820796,1.7436965185988411,4.038071330089357,1.459431618637297,7.302686326270546,0.6693605801821922,0.0269117647058823,0.4826839826839826,1406
MB_img192,14.729697619434708,0.1841818367689301,-5.865060134657246,-0.5722128499050728,-7.471437573439516,-0.4226799783921551,-1.1402191713419756,-0.1864536033218308,-8.29654211892104,-0.2514492176280725,-11.789560278157282,-0.6631093994786424,2.7862097142378253,0.7840995697573011,2.232799425847248,1.0702090022814026,1.1263364892512178,0.2149975562836312,0.0566920943134535,0.8329853862212944,1097
MB_img194,15.727902975163971,0.1664682690687848,,,-3.324031152285176,-0.4179200078119651,,,-17.357443026733236,-0.4476316404783989,-4.774479532966558,-0.3480705096895932,,,,,,,0.0056750298685782,0.9285714285714286,1174
MB_img195,12.6935781624367,0.1914075782858939,-8.53095678225548,-0.7547032381564629,1.0672419408613651,0.1163791837143288,,,-11.658151839850488,-0.3596244034059335,-6.270753223283091,-0.601458820617352,-0.6066853672870562,-0.4019034716079582,,,5.67566233356102,0.6348854728677724,0.0346385542168674,0.8942731277533039,887
MB_img196,47.28152746184719,0.7080630578522374,-9.794862233047205,-0.4443451103495102,-6.3560983498890105,-0.3723917627042226,-52.291607929515706,-1.5644936281970028,-7.924956519265182,-0.2273212217880134,-8.823357986874507,-0.9167817065757176,3.9473737894271737,0.4722196030789957,4.55645481006845,0.1975812125079324,2.0671924548638394,0.1574545303260534,0.1947745901639344,0.3538753668220266,3045
MB_img197,59.720507838156905,1.6886765515381434,-30.2406629119859,-1.2951979211614,-13.503248449502587,-1.3686816605336007,-17.61637164945759,-1.2702704580085966,-12.758809232770467,-1.115872818672253,-8.089508744853976,-0.7975220514549218,4.662603384826973,0.1868431540782847,1.3216390080124876,0.045595011657906,-1.5601401888300332,-0.0586533299041572,0.244108606557377,0.1806419914837864,2390
MB_img198,29.652159857015345,0.9735891342342636,-31.47629327447364,-1.9678308783431355,-3.006246263691112,-0.2138231295214527,-12.577145437346276,-2.737524530207685,2.051758657113296,0.0732997404473128,-6.498778350885272,-1.452656253593499,0.9372120818968048,0.0586548232701475,15.92255984366754,1.0952567923889334,-17.293073013581385,-0.8026123347866401,0.1511282660332541,0.2308910891089109,1471
MB_img199,36.05464005733583,0.913690238635918,-4.699581254787,-0.4427577576347712,-3.5707728861859507,-0.4762723635008855,,,-17.500413942630228,-0.6117265670879666,-30.39735443985043,-2.3117436180873345,5.701493662668825,1.2427460514786342,,,4.910789809225148,0.3388789927408889,0.0515913757700205,0.7380191693290735,1348
MB_img2,20.54708387629881,0.2786008446227004,-5.163875186666935,-0.8971736480496935,-4.125699510764116,-0.9271978362141334,,,-19.760729624363847,-0.4950499971521875,-12.081628013978651,-1.1528607517758316,-0.6366562223117865,-0.5008020530571575,,,5.55321571461403,0.9555068998147171,0.006569069069069,0.9591836734693876,1057
MB_img20,37.44400571538453,0.5546477807535962,-21.609992623080032,-1.3090831114650634,-6.876207215948767,-0.7456421595517707,-9.051557440201464,-0.7140667216596971,-31.32543545646209,-1.0935689433810984,-17.57113055506012,-1.1718619221078337,5.887355833171092,0.9380078462657788,2.658079758013216,0.4300353662039843,11.49687363920146,0.5931373060616749,0.0831090174966352,0.5735140771637122,1430
MB_img200,21.0822070625208,0.1664923169385837,-7.513137199959867,-0.4597731888643619,-5.831537099701359,-0.5139959793670125,,,-21.222909435989788,-0.5364742431934807,-7.77493067564324,-0.391867333217941,4.967507954912706,1.4606343657189544,,,5.457650164868303,0.5718896848475535,0.03081876724931,0.8869565217391304,1497
MB_img202,21.75877325179648,0.1052870781704209,-19.319104172507927,-0.3531996166349046,-9.49400506031752,-0.381374658243285,-7.042193807118725,-0.5426084878175189,-12.640641856323706,-0.4321462805346717,-8.559389859484755,-0.7445036215708397,6.593490385091059,0.6925907764960496,5.385491974714197,0.914528456568752,7.929247597214873,0.7060910962924917,0.1447549559471365,0.7835845896147404,2399
MB_img203,18.69139581134908,0.2071947009525307,-0.6259756599838956,-0.0927873383022124,-3.6774666877092064,-0.5086236772081782,,,-14.96279068828107,-0.2719105113925023,-13.930700002324729,-0.8722049339934377,-0.9444216594913176,-0.8073549220576042,,,0.4667655994180759,0.1101659549454905,0.0106877323420074,0.9813084112149532,1785
MB_img204,21.38177589402637,0.4431939573980573,-0.3870245352604511,-0.0525505220537096,-2.177312156200614,-0.3770111602574382,,,-17.995732983109928,-0.6862165956541522,-14.080640833086484,-1.284929900953008,1.1290428763425062,0.6187166274962165,,,0.0165494749096866,0.003410391033309,0.0304144385026737,0.92,668
MB_img205,26.366959075562008,0.3004441067685005,-11.209657799980038,-0.5991414358909178,-4.208445352539485,-0.3929767898107539,,,-23.268065166286007,-0.444279168974582,-18.138656541265902,-1.2510304553418636,4.240361756042847,1.1141710199193111,,,7.185870944576321,0.4236122350168535,0.0377782534246575,0.86892177589852,2005
MB_img208,1.1399951474784151,0.0013524924532311,,,,,,,-0.5684532610491393,-0.0244244568082968,,,,,,,,,0.0018104015799868,1.0,1546
MB_img209,22.10191829631672,0.2615540678605314,-10.767039036765304,-1.1505209937573206,-8.021781597411104,-0.5547530737758043,,,-21.48128157988711,-0.7140640599887613,-10.424089951091531,-0.8576078360857309,4.63584522705577,1.182376742488569,,,8.29747692867128,1.0063827522288544,0.030184659090909,0.8287671232876712,1011
MB_img210,15.228640360479144,0.1616677496631865,-7.985094217615573,-0.6544052404013831,-8.178696810721595,-0.6662080833217928,,,-14.600363463619995,-0.4718791282652316,-8.873121247245956,-0.5500380334143393,6.950568369794454,1.7131188522118383,,,5.515448406007756,0.8290202486003194,0.0301490514905149,0.8280701754385965,1003
MB_img211,25.97626399414397,0.2682160049003816,-3.0120775442419148,-0.3688106698941304,1.0999930128376592,0.0850582379283812,,,-26.879851106680167,-0.672491900760965,-21.0689511187261,-1.6147582423542433,-0.6399554432399732,-0.5410191531335592,,,1.204783893802515,0.2431901857055027,0.0229334677419354,0.9598214285714286,1496
MB_img212,25.64897843253172,0.6259701915991438,-9.508030350924296,-0.605741602199348,-6.23131573905591,-0.6637301018391231,-5.7934339053971655,-0.8864213081516479,-16.486471796304276,-0.4461092675453296,-6.222397133088244,-0.756852503263176,2.6077702330953727,0.4029668628628027,-0.8844257893419541,-0.23025648711653,0.8527228292962714,0.0446090309661522,0.1016905737704918,0.6503401360544218,1287
MB_img215,46.255093385542274,0.2239119373390979,,,-47.21813850229575,-1.868174508796418,,,-46.11259387865383,-2.289281178481988,-12.59258516080851,-2.713970692436053,,,,,,,0.0279273216689098,0.4698375870069605,1811
MB_img216,15.095928528233207,0.294409161588206,-7.377034138333149,-1.5895352305109802,,,,,-14.449113671285476,-0.5697913373879269,-11.755242453166847,-1.1926797576948258,,,,,4.071420419007152,0.7905812941277071,0.0046033994334277,0.8387096774193549,541
MB_img217,19.890023727372824,0.2296710462079041,-9.470813425558791,-0.4861163647150355,-7.265674035060955,-0.256228307313635,-11.261284919013024,-0.5987600479986991,-11.914746003207616,-0.3440908491537153,-5.321168020542127,-0.5433055165928918,-0.2408689367363732,-0.0315296318196736,9.345008444921325,1.091153390338104,-0.0956917237450913,-0.0101371515445855,0.1735248447204969,0.7055630936227951,1666
MB_img219,6.220322564260684,0.0376976683868848,-4.359159368784947,-0.2747510073068614,-4.337081881674876,-0.1904054249124917,1.5657061818490088,0.1612916055899029,-5.785941283489872,-0.1456528487384275,-4.324436935184994,-0.2954291667039612,3.3233797435714907,0.9095030986600272,-0.2750533110472065,-0.2078928516413328,4.500427959648053,0.8834343668054002,0.0508193091231178,0.9369676320272572,1396
MB_img222,56.73350877135248,0.6535791838981636,-23.045579030174117,-2.630631166169476,-17.19402946208868,-1.34729750915166,-6.87990818992038,-2.81414021730582,-58.83189641033578,-1.657095045192536,-18.828333015419183,-2.5235368654902963,8.700668931518573,1.3079696372974423,7.165634359437222,2.0236363642672384,11.74759427349495,0.7285003913619499,0.0247689938398357,0.4803493449781659,1770
MB_img223,47.647066961828834,0.9705559164404884,-5.114772460667347,-0.7500599736987966,-6.425537859876368,-1.049755218450655,,,-20.706377530124257,-1.075391132014426,-43.06977070996987,-2.024845093588379,1.8972481310928235,0.8447217745220891,,,4.800681274751788,0.7230071365762863,0.0186274509803921,0.8333333333333334,1223
MB_img224,5.957871290835835,0.0238969793201521,,,,,,,-6.9104423729126365,-0.2293778919907885,-2.570685004029191,-0.1524220506517468,,,,,,,0.0036382536382536,1.0,1054
MB_img226,25.282088631532964,0.354123821807039,,,-1.4156413638062728,-0.2570106182060239,,,-24.45245132536092,-0.9171746093291596,-17.31425771139489,-1.7347816374355232,,,,,,,0.0076013513513513,0.9230769230769232,670
MB_img227,42.19502879270008,0.686613062503844,-5.907174018415412,-0.7456532617891626,-7.751485514992478,-1.0452009958005648,,,-36.26656721911784,-1.2045099991116968,-24.87774529519692,-1.385636464444845,3.565177467106978,1.124913818327279,,,2.8431594039502985,0.3373547335202112,0.0262883008356545,0.806930693069307,1501
MB_img230,17.445285890459925,0.3421803522035668,-9.17318072121707,-0.9420670886692284,-1.4156233203969564,-0.1506288092414169,,,-12.177047675937784,-0.5758704166174922,-19.017900475432704,-1.5809201047109305,2.0124306882444145,0.7361071025961613,,,3.185239663612695,0.5329931118962162,0.0432692307692307,0.817351598173516,614
MB_img231,0.7835150907762926,0.0001797470495602,,,,,,,,,,,,,,,,,0.0,,1419
MB_img232,61.55191267386406,0.6048992534086391,-49.2381422282415,-1.8421769911419223,-28.12349633739477,-1.323718609267322,,,-32.62902540285518,-1.564554703327944,-33.40103205616822,-3.032251393861281,20.3086259611383,1.057677440250447,,,1.870732594876864,0.1227021184141933,0.0855408388520971,0.3518961393918688,2398
MB_img234,28.976225239181705,0.6521359304586943,-5.000475823599264,-0.9168381121378096,-4.231404870780164,-1.24096846448021,,,-30.25255512342961,-1.1216977739453526,-6.401948984219477,-0.6329442582285094,0.7401569162469797,0.4507415609605224,,,4.257744190093495,0.5436958888626147,0.0106100795755968,0.9322033898305084,766
MB_img235,19.82205275763726,0.7216502879807623,-6.6708657819236326,-1.5927016562904734,,,-5.6835753169569045,-3.702380501615525,-11.864178278918107,-0.4520227962785672,-10.156126288372716,-1.07076063018167,,,4.471380034182585,1.6388555087163583,2.168893174033544,0.2431564837831539,0.0078781512605042,0.4561403508771929,620
MB_img236,22.186232006625644,0.1488109622877205,-9.050167805774356,-0.956541564760553,-12.33993791984904,-0.4872218218286591,,,-20.27212028542737,-0.4334037980531803,-6.366466141270738,-0.4417909742398272,8.28877780554452,1.645043104725167,,,5.010928051896554,0.8811973219277462,0.0472779369627507,0.8413524057217165,1903
MB_img238,22.422863251714595,0.0765534215988716,,,,,,,-21.95433613482077,-0.7406911767703466,-21.56233571914512,-1.000962642688337,,,,,,,0.0015782828282828,1.0,1329
MB_img239,21.810406214194263,0.1508415881894712,-8.817734759711284,-0.5539316494095288,-4.952288796375497,-0.3438420657907088,-5.2217272926750775,-0.7041730407248523,-15.4177728659982,-0.4178448033059754,-21.114347317264308,-1.338125322415164,2.7661858198669,0.8906394405957698,7.336957178041511,2.0291463456595165,6.323714479833373,0.8331448605245468,0.0384121274409044,0.8605200945626478,1289
MB_img24,23.538329243831416,0.4708659841640744,-15.314526854225573,-0.6627797430366874,-7.082990555327004,-0.4218712939700347,-2.7143946131393326,-0.6471225980016732,-11.236884897014946,-0.2671275996889738,-5.767974417957509,-0.5848843037488134,5.93555371864234,0.507269741819692,4.843552166748906,1.207665194293308,-4.198067197976534,-0.1767261745043454,0.1521084337349397,0.5734149054505006,1826
MB_img240,23.02707868890731,0.2964789706420817,-12.485892586870206,-1.2947126373691518,-11.568658931574369,-0.7458061171552768,,,-24.069487274166903,-0.8058921282890167,-7.410515188583973,-0.719231067540239,6.191330886020432,1.2708393229549009,,,11.619086917712597,1.1286596464690604,0.0404663923182441,0.7620320855614974,1108
MB_img242,14.49309524554038,0.0477362420178581,,,-6.36818013725647,-0.2581011181754706,,,-17.02156857285774,-0.3757699490942003,-10.115913308721746,-0.3963160909773394,,,,,,,0.0156707674282366,0.9734848484848484,1949
MB_img243,17.798298360034295,0.0714833653409212,-14.617113059394203,-0.807863719467529,-18.96398923649075,-0.7059660143922447,,,-7.880063177758969,-0.219907723266116,-10.482250527094628,-0.6714443530730889,11.612901797267314,1.9021606938235809,,,4.59531163761736,0.9529058395941742,0.0329451180599872,0.7956204379562044,1834
MB_img244,24.486927020306982,0.3274035198746444,-10.613253475881615,-0.5719122204551588,-9.131397725807789,-0.391171162283053,-4.813195315471816,-0.7930005876815714,-21.466305276700798,-0.5504863851183222,-3.632020393225501,-0.532400085433499,6.902175246947565,0.7295250955265176,2.7308992946506754,0.8003483168947029,4.782348248171814,0.3031159091445456,0.1183554817275747,0.737381126554499,1639
MB_img246,27.221146638614933,0.4918552722106605,-3.1853750582045364,-0.8594726668519371,-5.781978966076912,-1.0225244772865731,,,-26.24819669213193,-0.9203503591385264,-9.87287851419952,-1.0972323938332664,-0.8883887233076715,-0.8519988371124465,,,-0.4252217211914644,-0.1366835776972362,0.0047588832487309,0.9411764705882352,672
MB_img247,15.224291972129391,0.0820808001306595,,,-8.100572254252427,-1.2810750492774745,,,-20.76523258358941,-0.999076027481534,-12.238462187031724,-1.2941480871095647,,,,,,,0.004375,0.8888888888888888,884
MB_img25,24.323564537753654,0.2525547087075206,-9.063167631963726,-0.7112759193090353,-7.548223017639637,-0.3808444884711128,-4.658347670598306,-0.9868876371818496,-25.68578888164992,-0.665224711878546,-3.53322463154981,-0.2848460508699414,2.9860558634865297,0.6686328525687458,1.4275864084968632,0.7249929525001302,8.379294574262286,0.7987752786093044,0.0619824016563146,0.8578052550231839,1501
MB_img250,30.582671687722723,0.3132706675137772,-15.90154989644955,-0.9884433387034022,-21.524416138616505,-1.4995758165431483,,,-24.664070993122877,-0.6328857574271226,-11.629480189218995,-1.6959454127059406,10.55928959290836,1.436787623764587,,,6.971951072373344,0.5496470419085242,0.036771012006861,0.6224648985959438,1834
MB_img252,15.865553191906946,0.2807501923414252,-2.9101183684183374,-0.4533184949106854,,,,,-9.97798739593243,-0.3786574457677154,-9.39935130444836,-0.5335502339376458,,,,,0.4317882803679487,0.1106762311561149,0.0108695652173913,0.925925925925926,716
MB_img253,10.818293939148324,0.039008503088606,-7.50343765278611,-0.2293621947911218,-2.1766884326465528,-0.1807676438888756,-9.449445399350026,-0.3736102501711181,-6.695345485010533,-0.2395021802321674,-3.861374900066735,-0.2144337667076826,2.2833690084297933,0.9651582507876992,1.4091869306872644,0.3984863230149957,0.3410081349322271,0.086255733350419,0.0582264957264957,0.8970438328236493,1874
MB_img254,60.87684756334579,0.373940704888523,-51.79906818766881,-2.6717395748777184,-49.14103840005153,-2.968594136064964,-31.70506913068786,-4.309470422304435,-27.20319353416252,-3.873388182179799,,,27.02442240617942,1.6093646080308417,12.49707441949177,1.3279518825151324,11.986309785711075,1.4057547925535574,0.0280763528539659,0.1868713605082054,1812
MB_img255,3.154277290643785,1.0242475462466771,-1.3437773189682802,-0.1273461762342021,-2.5806040756332598,-0.7472083496939534,1.451113600224529,0.2040611220081497,-1.4654466357339446,-0.3117172491430841,-0.6207959841208917,-0.3028412556965955,-2.629903818163532,-0.1343101951083677,-6.324725003750367,-0.2562154847691717,0.1797715020878389,0.0086259050636111,0.7847222222222222,0.0821094793057409,919
MB_img256,,,,,,,,,,,,,1.4447840686946312,0.403178415410527,-0.5602296887463624,-0.2084132105435978,0.2038086883987561,0.0227106332644804,,0.0,218
MB_img26,24.61004003680277,0.1656992414594267,-7.570758154509899,-0.7065377284295901,-12.040843069352531,-0.6390468935635353,-27.24015329212142,-1.2700370753953223,-18.80026203658385,-0.5916276684856119,-10.188667677747931,-1.4316660902545857,3.720064572529854,1.1746213961070688,9.14374797132318,1.8173077024838096,2.9519651216708254,0.7123035399319371,0.0564752724224643,0.6474226804123712,1546
MB_img260,33.012290599979984,0.3808380819246751,-6.208280389273039,-0.8127244580985921,-5.129251409836161,-0.5396486074260576,,,-33.38029017256425,-1.1722635254237928,-15.65137445029998,-1.221418846256526,0.7590355679722263,0.3864683470820729,,,3.8155697349574114,0.6111675710685502,0.0193740685543964,0.9084967320261438,1016
MB_img261,33.076232835460324,0.2626757136908608,-11.80144122782043,-1.6766220411786528,-11.175044833390311,-1.308834856634373,,,-44.48525054043284,-1.3347153407754715,-13.316231092277784,-1.5091468631765894,1.5183759167524489,0.7393720918733013,,,10.884407481381942,1.506011159326334,0.008077765607886,0.84,1220
MB_img265,29.89180990378597,0.4774976814579029,,,-6.088531381875375,-1.3487674909828866,,,-25.117452969667205,-0.9312453275200696,-15.969698100460931,-1.14528926871653,,,,,,,0.0023834745762711,0.8695652173913043,794
MB_img266,18.140158430488917,0.1358741500770458,-3.102610319347351,-0.4658874214535202,-4.445654395217107,-0.3218837035877731,,,-14.993510272135088,-0.3562074152283888,-19.866586397783,-1.204389275307345,-1.0195628640765335,-0.9671686075326276,,,2.88059735868164,0.8426158308461404,0.0172413793103448,0.9502762430939228,1398
MB_img267,23.508613847245016,0.1837661570204747,,,-4.502848174471255,-0.6902101358797148,,,-21.16078275934082,-0.7327530379342077,-19.33648986798128,-0.8794891551621286,,,,,,,0.003820293398533,0.8611111111111112,1057
MB_img268,19.944184635709423,0.3064197502717364,-15.314056742227631,-0.7446923975041777,-12.396138261548929,-0.7776307978174899,-1.599271259739189,-0.2232540337620017,-10.991101639368164,-0.4512682689036066,-6.830297153601452,-0.8270160496547106,7.04453452503597,0.7296814832947331,1.8772754397263525,0.5521563556379147,3.6682704104230015,0.321614109614426,0.1154181184668989,0.6693147964250248,937
MB_img269,16.047284638705143,0.1895337617427863,0.1088513506324887,0.0162730118863344,-6.537255535515559,-0.5290914296617583,,,-16.213856519098403,-0.670642496787489,-12.515423392786788,-0.9354331859287937,0.3376856894027382,0.2147982201809461,,,-0.6999946186436928,-0.3537265602195795,0.0217817896389324,0.9292929292929292,849
MB_img270,-0.3048106486040526,-0.1911414873520081,1.9054685697447544,0.859221344217204,2.6223903004983686,0.9013524120670886,,,-1.0300793495766138,-0.1555077609075408,-1.124940095111132,-0.2298245270939315,0.7900428005672291,0.3584539709124765,,,-0.1247580271092082,-0.0216573882740327,0.1923076923076923,0.4285714285714285,316
MB_img271,21.96556926214591,0.0683145915019145,-11.656960311825516,-0.7208854317614746,-21.74144589320553,-0.5944837294253082,,,-17.11657749341045,-0.5546778218013676,-6.739352469026022,-0.6981614783610733,8.63600076967888,1.5512069018090502,,,6.859855831649904,1.4593622599660554,0.0515783540022547,0.8,2030
MB_img272,12.188663832907606,0.1220176090203483,-3.293226454463798,-0.1950930312844791,-3.920551209671291,-0.4732942720190428,-3.7152707087338905,-0.4762593972938882,-10.46662890242339,-0.2295728436970001,-6.570158232243844,-0.3994542013802618,4.17806929643267,1.5239718708320078,0.2995753939890256,0.1803318165035444,1.4182799046667267,0.17818460390035,0.0313692748091603,0.9161676646706588,1552
MB_img274,26.449754275949648,1.0457099459400043,-2.5500647076672283,-0.2872122201349591,-1.7793518499003598,-0.1956841991165542,-4.365061573271072,-1.085198013405477,-16.313747354325148,-1.0718680590951,-17.109135295122496,-2.3668217623951597,1.7912201655118705,0.3415980750274958,1.6993437964375642,0.4691682423064515,0.4634557272680994,0.045734745260963,0.1479729729729729,0.632420091324201,596
MB_img275,44.849164885010815,0.2581688376710007,-33.645622877387765,-0.8300144931592944,-6.633849378648692,-0.5730836311851768,-43.56777341207767,-2.14396986721503,-12.417855174175749,-1.132726383488063,-9.570592289909936,-3.201790667326089,6.574747253844381,1.0134439648767544,11.060039839166585,0.6918519279206297,3.4170769475188907,0.5827876612253658,0.1151580905145691,0.5163602368339046,2203
MB_img276,29.50868466373095,0.8475227126990238,-15.130306597386353,-1.8288194961430104,-5.525235465087328,-1.123985790913376,0.5040292015117561,0.1173569506381587,-25.87472669266817,-1.193413354364682,-9.828189159759578,-2.109895410901487,5.986423516644519,1.283202725615601,0.3707939662951361,0.1748928089647759,5.697120918875376,0.3836976624569296,0.0471611721611721,0.508695652173913,617
MB_img277,47.42719042267196,0.5294005681953734,-29.30120998110429,-1.0707990271870471,-6.012061767554246,-0.4732222118103479,-34.40481079556191,-2.647271546493613,-25.544538465720365,-1.4764369353142,-18.792083829340346,-3.4157666185633797,0.8795812969480206,0.1200238889139805,15.54384195552126,0.8483069658266177,2.440716128117567,0.1859132670087538,0.118875,0.4260332174584781,1712
MB_img279,17.66266857025695,0.2673708488980414,-2.6465938841429884,-0.5879364232095032,-1.9434415600494777,-0.4654933714244986,,,-17.280989348242624,-0.3859479594376987,-6.635534026398178,-0.372480557598289,-0.486246484372233,-0.3103401206121504,,,2.837319725814883,0.5708376150017648,0.0055338541666666,1.0,1369
MB_img280,19.965669632033634,0.1359136882583749,-7.567363281971413,-0.1891574052263788,-10.29017836881946,-1.2424784343858062,,,-23.30752755378542,-0.8138392776528783,-7.953095212200711,-0.4046965196575283,-1.1622026021382363,-0.4436066514756148,,,1.9592796759233373,0.1816477582550397,0.097053726169844,0.8654781199351702,1548
MB_img281,23.68622003530331,0.5928392397431527,,,-3.88939808706206,-0.7954395290588592,,,-23.31660413437144,-0.6062037227762249,-9.767124707278366,-1.4717448800761486,,,,,,,0.0073155216284987,0.8571428571428571,897
MB_img283,22.494770175971112,0.5108241909619067,-8.671870633901822,-1.944369589969274,-3.185967845308218,-0.4419984749175102,,,-20.30856134930861,-0.628069193593191,-10.77592885803129,-0.7568754891077368,3.9094876916878127,1.310497514110958,,,6.288443662098892,0.6954390370827257,0.0169660678642714,0.7837837837837838,1048
MB_img284,16.423110894173487,0.1464817782838618,-3.703737280607981,-0.3105997989685744,-5.962052986580618,-0.3690292301076778,,,-17.301412339572032,-0.3680498728674332,-4.17686510374994,-0.4073676933733653,2.471507425988044,0.9023892033735778,,,2.571488807524625,0.3911222060882896,0.0310410697230181,0.9347826086956522,1512
MB_img287,43.2475680012718,1.7366817387711166,-17.395426849938485,-0.7690369931952208,-6.479779905049364,-0.7628896153322987,-25.270138975713405,-2.64126811634989,-7.422621293119058,-0.5144427695000539,-5.47437692569277,-0.9885455804316378,2.534421857485343,0.143072878980247,2.6721231365468654,0.0776503379257048,-2.90268641119333,-0.1296939482050454,0.2927215189873418,0.1676276771004942,1765
MB_img288,12.771973254046433,0.1440132085241337,-5.3300682838413085,-0.5074492687468727,-6.821865550750544,-0.3552588921266287,-5.898032898591168,-0.5230600617952492,-9.838502131991572,-0.2651173708695601,-3.621755387007041,-0.315250034735957,5.60070805417182,1.2515387669959643,2.504183516745302,0.9346156902797916,1.8033860686101564,0.3017815217755863,0.0699582338902148,0.8264705882352941,1270
MB_img291,37.2642669200353,0.5151996384571733,-15.860848373964934,-1.8288194961430104,-26.480091810498447,-1.9975096594610235,0.556715478962771,0.0949209821412273,-29.87174025671616,-0.9309363042240952,-5.908236158498989,-1.8468832862442413,11.659502298189146,1.4049965568495066,-1.4495644219803403,-1.477677327565307,9.309330666333164,0.7730284186195573,0.0355504587155963,0.4904214559386973,1346
MB_img294,36.39265861383278,0.59778093072075,-36.56186021530097,-2.367665343067375,-14.71267670384121,-0.8793986552448856,-18.6681455914797,-2.9368263603357656,-10.42754523517416,-0.3313915355689731,-4.7805967906110425,-0.639746676464748,10.250617816965818,0.6794715608526787,17.737648337380836,1.4269741190465424,-1.401393506715031,-0.0789595893490679,0.0901162790697674,0.3157630522088353,1585
MB_img295,14.281817471981777,0.229859261832526,-5.223584073625919,-0.4373599489201724,-4.032529103117258,-0.1925476927403482,2.040862258443445,0.2043505785946749,-12.24130734819718,-0.2931659538374288,-6.753501442961471,-0.6009887570203063,2.0586594849937314,0.3716929944016745,1.6807897193030124,0.7078726826458795,3.3002458895887834,0.3282473999576398,0.1052013422818791,0.8543123543123543,1414
MB_img296,37.16450332072357,0.4931593039152079,-35.3321803836984,-1.3444198130931504,-17.58282914463939,-0.9972824071047832,-8.17312916998865,-1.23904696867299,-15.591637327292048,-0.4572233135381903,-5.451000080934599,-0.7145901397242898,10.98139358223625,0.8142252158864879,9.528313384201086,1.2397423395321172,2.5698328575444824,0.1289181865517252,0.0980066445182724,0.4610905240868184,1698
MB_img297,4.897026231917985,0.0165821877469921,-0.2272566362514972,-0.0189110715882163,-5.463452320276088,-0.2877032074193706,-5.681858139341354,-0.6541694127767611,-2.1188662986327524,-0.0539629597084837,-5.55794217249278,-0.3994445645894576,0.7760718862671825,0.4540316308947074,-0.531786190954118,-0.3673710656485295,0.3733269936650557,0.1742143725352086,0.017664872139973,0.9580152671755724,1663
MB_img298,13.060669726417716,0.0764193835581231,-7.632320382600866,-0.3472746555421876,-4.923056217474686,-0.209278007421922,,,-9.871578308939458,-0.3097737217808921,-13.578636519546851,-0.8953264138516894,4.341002985221276,0.9840131602944606,,,3.5990200546010893,0.6094674642298045,0.0618995633187772,0.8844566712517193,1406
MB_img299,25.52782150362096,0.2019410102632202,-18.59421341587124,-1.4662464401936086,-17.111296652271292,-1.344301635725949,,,-20.467213253523337,-0.7008246874284029,-22.978999543587463,-2.209286248416466,17.812974736565405,2.240627992785514,,,6.247445155394424,0.8778795089494502,0.0250563063063063,0.6239554317548747,1148
MB_img3,43.38515813393258,1.00194369947337,-29.38164431471573,-1.5039686745167105,-21.83232000278992,-1.2415909993377634,-5.43542948834857,-1.711494906650088,-7.151681646820235,-0.3533504378110151,-16.764077265250133,-1.793355700930957,13.329143338814244,0.5441070366376132,3.778847704125007,0.677673975158139,-0.7968954236319089,-0.0440959761419432,0.1610535405872193,0.2834566240753194,1648
MB_img300,26.74981216481734,0.8417730605478635,-8.203810385157558,-0.7076248021096181,-9.335328994320344,-0.8886473242899049,,,-22.886441712217145,-1.3130650795918166,-9.8078146056999,-1.983256736165424,2.606083867928052,0.3412716611249256,,,2.2409199423156085,0.1859229016870862,0.1119246861924686,0.6236786469344608,557
MB_img301,25.366411593374952,0.653614527574646,-2.126480457618571,-0.4143549820974446,-1.6371963243453644,-0.3503086471700284,,,-25.456842053987437,-0.8260508436767757,-9.362614798340546,-1.1638289818072445,0.9953181309602388,0.5318511642615935,,,2.097982110679688,0.2909069260764564,0.0147783251231527,0.9420289855072465,919
MB_img302,18.779170640853703,0.2412905629514058,-2.965442062453233,-0.4515408330178319,-6.8133070732817895,-0.808949647762601,,,-18.416669865062342,-0.479386262399551,-6.670567112662442,-0.7920951258498994,3.465833133382444,1.4441838449383602,,,2.188785181956236,0.4035948704919431,0.0146563342318059,0.9009009009009008,1145
MB_img303,28.278775050226205,0.1238986796112634,-19.89577404087082,-0.7344285360255517,-18.08868689964169,-0.8921936740789367,-24.81483996974736,-2.0156066619917623,-19.10824494193895,-0.5288834557233935,-5.330065213486182,-0.5599811941598285,9.677998333162542,1.5156170911393358,11.583717641042774,1.7576736512947932,6.4004234767906185,0.7945438653646317,0.0458761415525114,0.6772486772486772,2140
MB_img304,13.181915952525062,0.2719617776692411,-8.50581568203547,-0.9002802974876918,-7.845635327540105,-0.485889671248341,-3.746453595432437,-0.8546606368359606,-6.82113768711826,-0.2338170501380945,-7.065948100330804,-0.6256133907159598,5.538341746786759,0.947008543472443,2.199435102758115,0.9533592748812107,3.005398277067892,0.3788898550251476,0.0860066371681416,0.749003984063745,789
MB_img305,32.25488653778589,1.177674836120607,-20.16412401940564,-1.856057015761796,-4.221590790063956,-0.3276186638669419,-9.108836741152226,-2.465974464504069,-6.987861643444499,-0.3114500531296575,-10.844975698519155,-2.23485893543988,0.2188040230625263,0.0164694005049975,10.001983628054472,0.971747540821928,-3.077246866909641,-0.1384533036975225,0.1524914089347079,0.3142639206712433,1130
MB_img306,58.773069279839554,0.9331166486333932,-39.587635376675166,-1.934952801068578,-17.47588024048705,-1.6192276496639288,-27.73323691513404,-3.882536065890093,-34.43141583579984,-1.999035084776091,-9.829171078835778,-1.1399395868741324,9.15747339542668,0.6432353286208949,12.32949338779695,0.7680384222101125,14.51798542029802,0.5920370011532128,0.0845403022670025,0.2605263157894736,1766
MB_img307,41.50148405247137,0.5344216929904506,-42.95622362845902,-1.1727982165311437,-8.687792758615055,-0.6270586438536485,-11.22876989935176,-1.4590245312596375,-5.376674478477683,-0.3567135825023785,-4.6362129259472304,-1.102098187618736,5.688938865019124,0.4009359693271528,10.064377406993271,0.8580427870062212,3.894526396696691,0.2605839065989714,0.1947199533255542,0.4090035684875103,1631
MB_img308,15.305329121345189,0.246633086044663,-1.6936077938503915,-0.2807913872757591,,,,,-14.159120749363634,-0.4649689926174489,-10.933968166261575,-0.9725613745973868,,,,,0.5800855394929568,0.1447350929810109,0.0078828828828828,1.0,686
MB_img309,46.00595550999091,2.7985172934264217,-10.515300150450956,-4.149828395809083,-6.354237176321788,-3.756311682971018,-12.51850366311425,-2.784868092980307,-12.85804767758396,-1.2861108025670376,-12.071372598555318,-2.271100454753361,2.024578666178156,0.376496202881791,4.374587303493548,0.4292456448661324,1.826781163373455,0.1241397136690067,0.0284090909090909,0.0452342487883683,778
MB_img310,30.83496284603529,0.5683109073172774,-6.830435103807296,-1.5182833377701108,-10.744376767232172,-1.9743457518193568,,,-24.91413577447256,-0.6944384391294258,-13.903664890448518,-0.8083068818683827,6.311401781920576,1.919829651316017,,,3.742862496664719,0.5522826530240488,0.0099480968858131,0.6296296296296297,1208
MB_img311,14.852377414118234,0.1796761142908509,-7.929160993567894,-1.202724333663661,-7.395011455644669,-0.970538161747276,,,-13.08560023706134,-0.7321063579141796,-6.05523823812042,-1.257010618206024,3.780484359788988,1.4177881102948784,,,5.710673420738816,1.3150086809475718,0.0129166666666666,0.7887323943661971,374
MB_img312,35.10601917339884,0.4150563212547329,-24.383270255496434,-2.4586444793756743,-21.533741607082245,-1.6573699370596826,-20.11248621989777,-2.29489240224764,-18.17555749043408,-0.892117762338216,-16.51527181526835,-1.446256229889564,12.242305967566164,1.5336063649923606,14.008588130214674,1.8922708063357423,0.8931605937189321,0.1456268886458488,0.0385826771653543,0.3491827637444279,960
MB_img313,4.407799458162155,0.0056198243536659,-4.660076456945071,-0.2586898702699923,,,,,-7.173145258686938,-0.3469134841717363,,,,,,,10.500548786739436,2.584962500721156,0.006974921630094,0.9411764705882352,1630
MB_img314,15.36460789065972,0.6552465697361215,-10.306555534332322,-3.3710609523254367,-5.799742224580824,-0.8737402999966812,,,-6.572928347576316,-0.480238189771998,-10.051344541126069,-1.184763251086154,5.626271666800992,1.2465610908415792,,,5.393055967553669,0.8365012677171206,0.0432692307692307,0.4761904761904761,276
MB_img315,12.71271336835083,0.5740426731226167,-8.560778386908712,-1.0986441331992711,-3.828473903247919,-0.8081473939483836,-5.324550014921041,-1.3621692750923988,-5.439464405118434,-0.7265141934546883,-6.771578941503541,-0.7691173469549055,0.6308487740350514,0.181694778381855,3.328912965771799,0.7612131404128836,-0.0177756385220059,-0.0037182882461101,0.1215277777777777,0.4937759336099585,223
MB_img317,13.756810673191644,0.0915843639367982,-3.253612717678044,-0.3224864494221867,-6.716321833608432,-0.3667347278257887,,,-12.114939534790734,-0.4057536427299016,-18.21782463096272,-1.1838861227208466,1.3155429570519237,0.6348674065474699,,,1.3234174551218434,0.4502360616417948,0.0242400419287211,0.9362549800796812,1140
MB_img318,39.4724671073628,0.6476135865758701,-33.03292031512736,-1.3945241029461988,-13.151992403725114,-1.1891051866456588,-11.660353005328076,-1.482627949797548,-18.907596344041465,-0.6770453262538133,-11.826465999243544,-0.8656562695209139,10.908566974432365,0.7882120067873517,9.006741877928874,0.8238030181906296,8.08868282594936,0.3447354672481139,0.1224059662775616,0.3910133843212237,1669
MB_img319,37.43373201534632,1.2171741139849386,-15.774612436679543,-1.0428785076603146,-12.092504943019058,-0.9958766871540132,-6.808377820042217,-1.7334529493450015,-19.0348947464388,-0.7892131260851597,-4.275763427640243,-0.7946455669466209,5.361702400331191,0.3305476243858627,2.8510618208781944,0.4503814611075686,1.5174098130991094,0.0478362441858555,0.160427807486631,0.3472049689440993,1432
MB_img32,55.9828427380918,2.1861037006999617,-13.174338472780107,-2.4534829227892283,-8.628730794308678,-2.93630814244361,-8.06720790975478,-2.598859897023519,-27.385014191758543,-1.2633362201791103,-14.403940680681163,-2.8460319007056287,4.963450648115457,0.7028462158481873,3.5550432971841714,0.5730738269881068,3.792727219067492,0.1314752059846979,0.0259216589861751,0.1411192214111922,1291
MB_img320,19.73018954441874,0.1117516126132573,-6.455518637717219,-0.6735564239901446,-8.515806948587038,-0.3120752532848681,,,-22.434828163945248,-0.6351394837153552,-5.673988875820732,-0.5642155564096967,2.079728794733714,0.7439957962337351,,,5.7322181919507305,1.1989040684140782,0.0486883942766295,0.90521327014218,1558
MB_img321,,,,,,,,,,,,,,,,,,,0.0,,1883
MB_img324,37.87683606300479,0.7141287667634088,-7.531582541248281,-0.472495394464669,-5.77517150709459,-2.574707046415546,-13.301117022811978,-2.731364291335993,-28.49529411241652,-1.3920157025301478,-21.66231408931909,-1.3992737865504956,-1.2111760610381728,-0.8836208162856715,0.5882495356781172,0.1244268490926252,3.48466339729781,0.2689714096699097,0.0662650602409638,0.6815642458100558,1035
MB_img325,24.345195074176196,0.1002937225458784,-8.453666542213922,-0.8262450322354754,-11.50958811176459,-0.7241000820136424,-6.858854143032969,-1.1422318868710617,-27.44283989496032,-0.7528509008479964,-22.018092406244214,-1.2319522219274348,7.368473976965047,2.106108327474401,4.420988561412463,1.5670405927238935,6.53476675948902,1.4715757673342826,0.0121065375302663,0.8888888888888888,1916
MB_img326,34.402582651170256,0.1384677736203939,-27.97514302895143,-1.051012950896571,-4.328894092599524,-0.3134041780227053,-29.700993604064287,-2.8476780940179807,-28.59639748193533,-1.161964930297572,-17.378165783538165,-1.5974986697453746,4.266753909608492,1.1134922643006329,20.83660122518265,2.262427083138701,21.251778449423757,1.9058523799050968,0.0418080054274084,0.606651376146789,1753
MB_img327,36.90293503048222,0.3531591691162905,-4.789677742908308,-0.544298235047262,-5.101698183293035,-0.4222786202198312,,,-41.17017529248686,-0.8444948479142093,-9.520476918536,-1.062233478238813,1.43615336646061,0.6723126358239526,,,4.956083846066502,0.5859875061219207,0.0191943127962085,0.9047619047619048,1696
MB_img329,32.71316535588832,1.2479456743715986,-18.578072341781837,-1.0952887797821502,-13.916389439566275,-1.0049507599510452,-1.6873441467356771,-0.604071323668861,-13.928847283844451,-0.8081808985860808,-8.950019231207206,-1.9333263114556865,4.1262256244904005,0.213511906890279,0.8469786600185313,0.220740279627624,0.655635292862914,0.0250821554319074,0.1902654867256637,0.3117125524965002,1259
MB_img33,19.76271772101209,0.29455680015539,,,-6.028580598817901,-1.3965248670771055,,,-22.458205954007934,-0.8065949364324035,-5.227362451085996,-0.6906223363963114,,,,,,,0.0033557046979865,0.8333333333333334,654
MB_img332,36.39671033230825,2.478078212029613,-8.53573192144783,-0.5162680097419259,-2.1349496681755085,-0.5080663938881737,-13.91155904873474,-1.1699250014423124,-5.0863084034453685,-0.4704277770472825,-0.9091335901116632,-0.2964960487458334,1.604835567642601,0.1065495321143384,-3.751202638816223,-0.0854872505090305,-4.37113482018726,-0.1553392706344709,0.4367088607594936,0.1013824884792626,2098
MB_img334,17.224344227234525,0.2702147032581212,-11.08435640822603,-0.4167198191903231,-10.960228169973046,-0.2973149259575959,-3.724663123119136,-0.5616461760920222,-3.0060513925753365,-0.1058534523537672,-6.323574702005074,-0.3919219742623697,6.5409516967083166,0.3019139741969259,0.7424045154783492,0.2167087828328653,-2.6161016031926847,-0.246116950651834,0.2845659163987138,0.6194984646878199,1929
MB_img336,20.36195388188003,0.181319244379103,-7.922822453293883,-1.0340312071037856,-9.119527576522517,-0.3350836089528013,-4.472915746952623,-0.6536634784597842,-19.077959197054195,-0.5212845231664056,,,4.152246886239291,1.0719312121563127,1.3551949491501574,0.7249929525001302,6.298319478437243,1.197659049194865,0.0646551724137931,0.8700787401574803,1475
MB_img337,31.661273187475818,0.2204093846066009,-10.95973775796396,-0.6963471636813322,-3.963237440758941,-0.2583908292320696,,,-38.992163477021656,-0.9221615947673238,-10.986091118565165,-1.774888404481331,4.801324000267443,1.4171764100351785,,,11.595249365620434,1.0294809612335294,0.0275532696546656,0.9015544041450776,1831
MB_img338,25.14363311474337,0.1290330996749435,-8.599416423910416,-0.508581953215184,-20.12724555274735,-0.5006588002267146,,,-15.371709575437688,-0.3606590170777047,-3.993664212365236,-0.3969888625026579,7.730427858744071,0.9914341498018812,,,3.3036955749111554,0.5738247175321636,0.0831189251000571,0.8015651201788708,2282
MB_img34,27.02838358003157,0.2309245811572722,-6.681278162747812,-0.4752952547926759,-12.201948919504256,-0.5097581340171135,,,-24.307654516692608,-0.6482395653184558,-10.479718836304016,-0.5392077982233953,3.237065977669407,0.6913718708559701,,,5.705187466768635,0.6745067590457613,0.0595794392523364,0.8501971090670171,1742
MB_img340,42.21238506234824,0.712671302410343,-29.203670224910088,-1.96044512974472,-21.3968505963178,-1.5346229645077492,-5.329772425679916,-0.8335449592018779,-29.14016773101012,-1.2551692068148637,-13.463016629423112,-1.691269674011317,11.992160031794317,0.9112445659510062,6.714327070725421,1.1422921575796858,9.276171866860055,0.5108216640773657,0.0593283582089552,0.3825857519788918,1323
MB_img341,27.213448117689108,0.1506517098876631,-6.443115017004977,-0.4783470298879253,-8.277830323675047,-0.7587655957535205,-5.048659673312621,-0.8313705879675408,-29.26111456908296,-0.6083524664590243,-8.703430759217717,-0.5304563068102767,2.395726175493801,1.130786607535354,6.6295807343607525,2.0936591072142448,4.045753943053787,0.653340439118114,0.0135579937304075,0.9043478260869564,2055
MB_img344,26.833227901826454,0.7829012487752338,-9.168458317321292,-0.5348278115000922,-6.016891621462079,-0.5986887964420713,,,-18.624167436573742,-0.5779988970364885,-4.083505439772994,-0.582556003014061,3.105139502473537,0.2982426169800603,,,1.4676703027549836,0.0532899774243564,0.1662591687041564,0.5706371191135734,1293
MB_img345,15.079498404527204,0.0436711794496664,-7.794183057522302,-0.2805427310087373,-6.45818173160863,-0.2569648873227206,-3.654292001821032,-0.2750771816745944,-17.187048384183285,-0.4154669058159277,-9.582291373093062,-0.8928654071698195,2.24571427809516,0.7888045256858244,4.567636048879735,1.6141088463806723,6.384410762811501,1.0252667586104298,0.0384126617375231,0.9268897149938042,2439
MB_img346,25.337180429391005,1.0593939176682454,-8.729478658105705,-0.92875281505707,-12.961326909707884,-1.5250789694051632,-5.518741237309964,-1.2150272104535418,-10.385865105857404,-0.5094132576570887,-9.24930230358065,-1.7334059936469288,5.191560237722446,0.5711174447223097,1.907682923836858,0.415976142799846,0.6236456756560335,0.0376981541621765,0.1077981651376146,0.3759630200308166,734
MB_img348,9.101553286775305,0.0691405467532524,,,-0.6931699415922741,-0.0560840474755327,,,-6.968310884739083,-0.181178292716849,-8.701699820070813,-0.57162827441807,,,,,,,0.0146640091116173,0.9777777777777776,1095
MB_img35,23.204722947468976,0.949037718529855,-11.88172606750791,-1.441952095002985,-5.634960362365411,-0.8738454636713741,-3.410495406081828,-0.7256770096401151,-11.6993255206831,-0.4269943441252125,-9.58384496712383,-0.6675195583666733,5.723743195041359,0.9283807529881708,7.504164031574605,1.3850646545276344,0.7618578938820357,0.0460811819062679,0.0686026936026936,0.4204275534441805,1078
MB_img350,28.44257672217249,0.7286817682170336,-5.734358291154013,-1.7217932825419555,,,,,-24.60645057359605,-1.1219442254445529,-16.296706596959627,-1.3848647933028644,,,,,3.741817191852199,0.5818640360405035,0.0034829721362229,0.8181818181818182,662
MB_img351,22.679055901988452,0.2394308796326702,-15.404321969388027,-0.6686969620968292,-8.948503857124466,-0.5048280730351302,-11.1785706220268,-0.7373577943414664,-11.617508856646618,-0.327951552867034,-14.330548864913554,-0.8890158187112515,7.743500149463067,0.9444839485901324,7.635856610418929,0.9896179814728788,4.323541719957127,0.3466341975952468,0.10260663507109,0.7042660882140275,1682
MB_img352,16.32340957720545,0.2851004153998299,-9.767312125154245,-0.9522550822525468,-7.606188055615527,-0.632268215499513,,,-13.506136733410829,-0.5817665131395098,-7.873206139561402,-0.7408076604606002,7.075265077945174,1.4013625623817672,,,5.7093656416323775,0.7261076914219868,0.0509906759906759,0.7272727272727273,676
MB_img353,24.253458221820228,0.1697022032867206,-8.244211331265689,-1.005787444449871,-11.670268426172264,-0.3015699467419337,,,-28.68350782745306,-0.9562970629157592,-12.5981888678529,-1.647096662050929,-1.675349325539515,-0.6699338356689608,,,10.540600455334047,1.7688218632163342,0.0889602319801159,0.8328,1611
MB_img354,26.84831927628971,0.2631848838803163,-3.7232314466611776,-0.4838229414676519,-11.546974003580646,-0.7980505147675145,,,-20.68600415019742,-0.7154236544028137,-21.734806604440664,-0.8902905523032726,2.06340398581981,0.8973418686362612,,,4.227081508972921,0.9461935563042062,0.0272943037974683,0.8786764705882353,1392
MB_img355,18.829960672094032,0.1211432969131002,-9.483848248083191,-0.3989735118600728,-10.682450316467866,-0.4103289073792016,-18.23051101783304,-0.9922546949100528,-12.173060507152966,-0.3024964212628192,-7.694391037370274,-0.8487981812441888,7.704539981296631,1.1233047774502711,6.680362809710996,1.1832106921925372,2.767779661573728,0.3805195267742918,0.0805272108843537,0.7704359673024523,1934
MB_img356,29.819735072005525,1.1867612489441468,-5.058100603392202,-0.6075582015979988,-3.2960704700040697,-0.7074392919490841,-3.6626697554953016,-1.1933416658734806,-27.927946447577074,-1.4030908112681435,-5.726548197052575,-1.0850209239038753,1.613926241122745,0.4935447459753881,2.640931342772846,0.9422609288879236,-3.4637760598037373,-0.2736993772836327,0.0653846153846153,0.6116504854368932,623
MB_img358,12.196483711628998,0.1659233160618402,-3.922406296321866,-0.3644774681672744,-1.4638018792337189,-0.2632347662314341,-2.567526326140342,-0.3529357303705354,-10.988048630007894,-0.2580063653413421,-5.204814336542435,-0.3920320840685443,1.6189612690570687,0.8789845990386342,-0.2739245863512826,-0.1784490737488509,2.640483679673785,0.3276865714866821,0.0241286863270777,0.9245283018867924,1180
MB_img36,28.46858652568573,0.379535178132361,-4.304514886613292,-0.8927795783102819,-5.057464044378411,-0.8199017048697218,,,-34.882773758963474,-1.0692438772231356,-14.05541930302534,-0.9988316310394414,2.147551480993018,0.9761532580456324,,,2.322111035435381,0.5180122567965295,0.0073198198198198,0.913793103448276,1041
MB_img361,43.664729183334615,0.6619377528171393,-35.76079165318683,-1.1932885030780538,-16.881462557412554,-1.4138290764851986,-18.718349295642668,-1.3379254321374332,-18.657868504203226,-0.5822819553566673,-12.159776738092871,-1.3888860762884427,11.207970322438932,0.7133674549642838,10.86975031615117,0.6814495427563386,-1.0397967160991293,-0.0394527708228874,0.1346972563859981,0.3992662794252522,2283
MB_img362,17.965194931288266,0.2499282873189054,,,-8.299987451981814,-1.6965795839738038,,,-22.100234098831653,-1.3901113048968177,-8.69868613297044,-1.6922392370392314,,,,,,,0.0059726962457337,0.8285714285714286,375
MB_img363,20.48577207735057,0.2277269668176783,-14.175157908039813,-0.6741446039104899,-7.103394390801751,-0.4002847141305313,-5.203855931920059,-1.0647104350873813,-10.770795432379789,-0.2859273209140553,-15.924287996387635,-0.8975828957307344,5.5406848475565695,0.8911967885033734,2.4658314703433484,0.9037381469415964,6.56700618835185,0.5460863037691008,0.0650773195876288,0.8002481389578163,1497
MB_img364,25.96036938217984,3.5123265670694224,-8.106428792359399,-0.8017395535184181,3.289242577852252,0.679546048675048,-2.780305275707249,-0.3733852746275557,-1.171139175421578,-0.2111821455844524,-2.518080868380804,-1.5058909297299572,1.9056803337437185,0.0754485893672432,-12.088357459380342,-0.2517366759013305,-1.646678854844533,-0.0509740032284207,0.6037234042553191,0.0313368713671973,2525
MB_img366,32.50547546748704,0.3610759480145106,-26.14986753012391,-0.933750055674461,-12.697992462239217,-0.708882876717697,-13.245060178125904,-1.1688739163770985,-21.4568175765169,-0.8308689737603693,-14.148139835329124,-1.414282631187102,9.472716690504235,0.7843496392108181,7.442369273253984,0.935556067308777,9.827006528551545,0.6187714619713613,0.125619425173439,0.5808383233532934,1632
MB_img367,14.761254970477156,0.2918338562690257,-2.814658899995529,-0.2795901533674619,0.4395534451490825,0.0422684728780639,,,-10.33578123246421,-0.2632870681268908,-7.16437618110411,-0.3856196272460627,0.9417247132019788,0.4227524644068492,,,-0.6878184980892484,-0.0802312720192634,0.0422916666666666,0.9288389513108616,1278
MB_img368,41.264430681851735,0.2911378556399703,-23.199247619383662,-1.1311291466264797,-17.56543282373928,-1.0563946635978427,,,-33.441682012080065,-0.9134990832873736,-21.637298931343736,-1.316786277903605,10.331810620601448,1.4800017703696475,,,13.098479347934637,0.9375611674526496,0.0316071428571428,0.7250712250712251,1993
MB_img369,32.96641732771151,0.8151045724260373,-14.94656209401044,-1.0509166868475446,-12.257157345869018,-0.7684978362608144,-1.9734232062238477,-0.6980163776370006,-20.745847055092877,-0.7296699182358815,-6.847490314171571,-1.4937042573724393,3.531415645951645,0.3234393219161885,1.000477145292456,0.4271103315794187,4.090867006305753,0.1804260433221556,0.1057192374350086,0.5570093457943925,1540
MB_img37,28.11312456144369,0.3071120101633628,,,-5.386896626259071,-0.9914084667647888,,,-31.26665282375217,-1.2166071336047104,-18.772172852384568,-2.7151089134346504,,,,,,,0.005,0.875,660
MB_img370,10.287361633652337,0.2016632376120994,-7.435205243411951,-0.344828496997441,-3.844739632102177,-0.3256443538966636,-0.2266091510002931,-0.0177303786188345,-4.554068844329608,-0.1259088749651052,-6.934755287737403,-0.4711300667200125,6.908525511505612,0.9674583027299614,-1.9426077415746883,-0.4698859762744635,-0.94881128147831,-0.0626525874259536,0.129863813229572,0.7560975609756098,1563
MB_img371,78.98812071455086,1.3074742857870776,-19.37012554998995,-0.9127833604114028,-14.557950906385727,-1.4274962673950475,-65.34408650026793,-3.036521068765978,-16.75792676315643,-1.142495443770182,-4.752203516015096,-1.63121013328055,16.67620115749627,1.1726499665687649,-14.145927525638202,-0.5282037524856541,12.708193247626802,0.748468375076372,0.1320137157107231,0.1610662358642972,2411
MB_img372,46.72770755880472,0.6658337985946652,-36.44950367359314,-1.4607361718256344,-9.46876384760043,-0.6756588625376768,-24.753545709966208,-1.838975488465984,-21.473840109607128,-1.1770471667576508,-15.959837822694022,-1.6797922764506903,6.268695082986689,0.4771284676198924,14.192534137676418,0.7541142733386375,13.177343935673472,0.653120474777996,0.1363905325443787,0.3856707317073171,1699
MB_img373,36.15718815286159,1.175302096649272,-20.232119383216368,-2.458747174072761,-14.042283614048966,-1.1218175666984007,-5.28876129315138,-2.053111336459563,-20.64014653442609,-1.3500772839159263,-15.11799760804792,-2.396347898662103,6.3584192328878935,0.5008689036218736,1.897874258621392,0.5408182203175029,6.674061112582788,0.3939492179265432,0.0881578947368421,0.3258145363408521,809
MB_img375,7.98882368981086,0.0130133768466675,,,-7.68550125059727,-0.615170613663226,,,-10.03798433742864,-0.4855396508378478,-6.167924147416892,-0.6089443834222753,,,,,,,0.0049891146589259,0.9390243902439024,1419
MB_img377,25.259181588834107,0.2317684532480852,-15.37991074480898,-1.222877279361811,-10.451487350703546,-0.7826904789567781,,,-23.316919126019464,-0.8275427381844868,-17.728496660376678,-1.596241772334529,6.746029143624656,1.5515520854548863,,,10.39084149596002,1.1888202758903137,0.0317513368983957,0.7538461538461538,1005
MB_img378,25.431432363351504,0.3631335026844802,-9.16025945349006,-0.9492651482030964,-8.536374024500788,-0.3788323290549591,,,-24.364571745285232,-1.1549844774794713,-14.73229282492589,-1.6423638935201696,-0.7870485689588872,-0.2087253358195902,,,7.911063447806548,1.0114348950622836,0.0987068965517241,0.7955439056356488,911
MB_img38,40.68901326911555,0.8304234823091832,-15.999460938898686,-1.456660149631008,-6.65372791227446,-0.6544434423651937,,,-27.86125920217808,-1.2595365962084777,-26.58631525892111,-2.358760911703356,6.433591909940293,1.0784162473183871,,,10.768692266922615,0.6546354466889619,0.0469639468690702,0.603448275862069,1146
MB_img380,26.724180730017547,0.1640967648939625,,,-3.4448238952980774,-0.2636113684653144,,,-24.758035754376515,-0.5362568221580377,-21.869026815270185,-1.1312842411696666,,,,,,,0.0101733232856066,0.9854014598540146,1770
MB_img381,28.88163231693334,0.2591582760663975,-2.7537945284981538,-0.5179876889544034,-7.144621686007717,-0.7731417112152372,,,-28.005431290638672,-0.6752293863139519,-13.92771945854635,-1.135878504458037,-0.876318486224256,-0.7311832415722002,,,2.4625772742408163,0.6714917566889248,0.0082579185520362,0.99009900990099,1591
MB_img382,19.560608528273345,0.2857205822879488,-10.597414800990508,-0.6355441784737974,-12.964030911500092,-0.8598056475089987,,,-16.44972086836234,-0.6236188101816725,-7.675228254438076,-0.7864614612370182,6.222499372711116,0.9757894464081251,,,5.391425471612644,0.5411089964858025,0.0754237288135593,0.7361563517915309,912
MB_img383,28.9776681600273,0.3241684022601625,-31.714407992474808,-0.50949275810202,,,,,-6.80092024013491,-1.5003995340940566,-3.6123137168245143,-0.7598113808027538,,,,,1.889800521595282,0.2739761561157197,0.3090680587780355,0.556363074068347,2377
MB_img387,4.362491107655662,0.0133476498935606,,,,,,,-2.591097587330476,-0.244345862440497,-8.879838015189492,-0.4053558921589333,,,,,,,0.0068099273607748,1.0,872
MB_img389,26.79255226565437,0.1501102711419146,-29.71604570451371,-0.7937286322403436,-5.843146596547573,-0.3329696990901654,-10.137919589310156,-0.7408148189407808,-6.579199235505626,-0.280335644703216,-9.233047130324694,-0.4317480037039136,4.698471110410996,0.7088912782085135,10.1585807779231,1.389800207779821,6.002445325181785,0.6790340225480213,0.0955188679245283,0.6903807615230461,1928
MB_img39,56.34905267202633,1.0319011851504547,-16.692051683674148,-1.2671015820204752,-19.23893350871056,-1.2871157590518938,-29.150452345795458,-3.34600710218167,-41.21405948673694,-1.7518349764079892,-7.185213938461555,-4.195938100427832,7.717976337079722,0.6226840040314451,4.952866573738741,0.4798063605998719,3.82130339347272,0.2173817562639024,0.0865771812080536,0.3381136238279095,1856
MB_img390,20.80203100819225,0.103322564163099,,,-6.314458963110159,-0.7220175647096655,,,-23.48577677294051,-0.8716904620195222,-19.10051641311862,-1.5481827344514938,,,,,,,0.0053956834532374,1.0,957
MB_img391,17.654393426674066,0.1239242247420332,,,-3.50557316853793,-0.1937081077195957,,,-24.47567692057348,-0.6647528973960055,-8.343528979541956,-0.7106855657719151,,,,,,,0.0216126350789692,0.9389312977099236,1512
MB_img394,11.417772130817433,0.1026382740280899,-3.440599050589546,-0.3051489790482445,-12.893733039978798,-0.2412199822449395,,,-1.0689543819735334,-0.1291652411139782,-4.51546066085212,-0.5372167480133339,2.6158191224307483,0.3752648700599218,,,-1.1641922877398247,-1.17951105027151,0.2561677631578947,0.7372724874703245,1782
MB_img395,40.560590138363786,1.04988449403731,-15.247421333116767,-2.9382465791571737,-3.9372759086011895,-0.4655566099583326,,,-19.20211033298587,-0.8438743574654805,-23.370257138500733,-1.6570318928992795,4.081377820592165,0.860427106962601,,,1.2438566194501794,0.114133953180103,0.0319010416666666,0.4860557768924303,1073
MB_img396,37.97059727528752,0.2442274260924243,-4.148079938311385,-0.821418673144041,-16.02565221362676,-1.1515968994287575,,,-40.689647075647954,-1.0245752040967262,-23.5036092199024,-2.5741880291269807,3.979117758724407,1.552861657554132,,,3.2130427220276707,0.9235169141959276,0.0096153846153846,0.8625,1500
MB_img397,28.510198511515608,0.2219195039607878,-22.44613051062409,-0.8836129337184551,-18.15131536250848,-0.9493586135272728,-6.922905541670607,-1.087575989365443,-22.67180211200569,-0.6987213487051737,-15.870650147109346,-0.5432061062063973,14.432828011408636,1.5042442949792758,3.6419669924924594,1.1351292748806536,12.367553134092438,0.9847308135465616,0.0641544117647058,0.6741666666666667,1937
MB_img398,24.070822231567817,1.2767351726383238,-4.117018637121321,-0.574727004890573,-0.5830539295328102,-0.1165311095361186,-1.5062126927315729,-0.5227253685932172,-10.687457841213908,-0.5114143842390456,-8.106265661793152,-0.7182857665651368,1.7921549288065453,0.4563137748573628,1.9613793926763632,0.7085777875847691,1.2827690695363212,0.0839624860101066,0.079326923076923,0.603448275862069,732
MB_img4,34.31768377000552,0.6069354529183115,-6.6659223202437765,-0.880427758453655,,,,,-34.58907212469747,-0.8977794293276447,-1.3669847875690522,-0.287696460068063,,,,,3.78776102972592,0.3213304168946028,0.0158450704225352,0.8053097345132744,1348
MB_img40,14.571954600087096,0.1146203355344087,-5.808371273017163,-0.7549522681638334,-10.28438994891139,-0.8498205909034598,,,-17.303705444394296,-0.834793844262162,-2.4033771598364555,-0.2882449686310737,4.148172348088205,1.607432781524851,,,5.79244397189307,1.5038176872646372,0.0275383141762452,0.825136612021858,626
MB_img401,58.9132798011382,0.6292604860473265,-37.20324193660129,-2.037317404272554,-23.834702753805296,-1.5655097477391244,-35.94807908643989,-3.3958524306227846,-26.796632266813347,-1.2403505820517553,-20.411483084782397,-2.3156374109957225,16.80043720570633,1.2160379899699392,5.360838043910905,0.4693341742223155,13.337423033672748,0.8748131643907808,0.0602536997885835,0.2778915046059365,1658
MB_img402,19.70339985290462,0.037384280004194,-20.18118675734362,-1.201111050857392,-9.549039813317306,-1.1534450676189565,,,-24.511391646720767,-0.7462842254290969,-12.032738941245466,-1.261711328876685,12.757881112561618,2.7178567712185013,,,21.488819219334545,2.9922226494082804,0.0052127659574468,0.7542857142857143,2483
MB_img403,35.27817089016424,0.4944051910412935,-13.13146947948561,-0.8753837335179866,-20.0672667987389,-1.1811923838061444,,,-24.05164076447383,-0.6915917311080189,-15.034861046470038,-1.1353746031037244,6.799562154739985,0.7565403626223659,,,6.137005975823949,0.4454605662968049,0.0656506447831184,0.6481042654028436,1615
MB_img404,31.36138722697015,1.5928371132779409,-14.70760801378968,-1.1225519370595458,-7.095636111862479,-1.0069496726781864,-9.531987518157624,-1.2535680693477005,-10.960423805585458,-1.280475618125873,-13.378621063598835,-2.2443560904226496,2.3605415528777858,0.2084738527371616,2.5920386637996287,0.2106984690652436,2.2484739436437176,0.1462724204049836,0.2107988165680473,0.2447954055994257,749
MB_img405,48.55349126083405,0.5881627885847032,-20.450210381352026,-1.4915869141997542,-20.826863496376216,-1.4273611336621053,-6.7211714621953735,-1.4587411687361604,-36.49648061345931,-0.869204432286133,-13.05644460988312,-1.8903845963216344,13.416915943675685,1.3363641223313325,2.3841839460339616,0.8737822837965802,6.1704255813159214,0.3371564825019374,0.0429216867469879,0.5139056831922612,1912
MB_img406,46.54734093369861,1.0144285841483542,,,-49.65480087264515,-2.221212564300929,,,-2.026350288840368,-0.3187769577607902,-5.157175881059498,-2.286881147788161,,,,,,,0.1101519337016574,0.1692963752665245,855
MB_img407,42.429318919342855,0.1919848563042716,-12.494347715714971,-0.8980351922306499,-20.486063667052697,-1.4803337613503766,,,-50.15991543697272,-1.4495563851411577,-17.472807442888982,-1.8204539223323308,7.42733307154226,1.957355662591506,,,9.830494419065834,1.3610316773482172,0.0123289623717217,0.7832699619771863,2142
MB_img408,37.37146457475036,0.3314421569302343,-12.859780954008835,-0.912911104380197,-13.867098790826972,-1.229895500833894,-19.627159078832584,-1.7286008106431925,-28.90224616963959,-1.0050745337750575,-23.87097672703702,-2.655351828612554,12.206238888117008,2.170440341701726,3.222752136992773,0.8386497342956974,4.87183116724877,0.6106626427174225,0.0387676886792452,0.6177685950413223,1233
MB_img41,10.812922226785332,0.0757438147019612,,,,,,,-13.376148906889,-0.3291224614947138,-5.4316374959540665,-0.4743799569847399,,,,,,,0.0027254707631318,0.9666666666666668,1244
MB_img411,50.66793292986675,0.3270505640952356,-33.20129647180911,-1.820310577161517,,,,,-26.4167877864734,-2.1266773057473523,-56.56738158541417,-4.106343911038243,,,,,14.974455719414458,1.7705871509857798,0.0120044052863436,0.608955223880597,1479
MB_img414,14.78342369126961,0.4457251766893729,-5.345350996500756,-0.5231895996113043,-3.781649899757305,-0.4930210283257435,,,-7.862858007722092,-0.2946368633693244,-10.628893827508216,-0.7463852387778938,2.1956495235127598,0.5990573306069428,,,2.8184017422339727,0.2427435303489346,0.059090909090909,0.842809364548495,842
MB_img415,28.983653320639263,0.1643233941922122,-12.95298782733538,-1.2387405473696949,-19.22694220126471,-0.7611356498286461,,,-20.78195234216905,-0.5747036490419418,-20.961179489817336,-1.364844537736872,7.601167749994235,1.545322735813187,,,6.4729788501371806,1.1657607268723915,0.0415215877437325,0.7879616963064295,1833
MB_img416,16.10758485450006,1.4582211052437508,-2.6200302211275064,-1.5969351423872322,,,,,-9.008061889402056,-0.5645467106010595,-4.800446569236022,-1.0558401904155874,,,,,3.143348809335921,0.4194971474695435,0.0045454545454545,1.0,291
MB_img418,31.688454948395503,0.2647875488411093,-22.247005585386557,-0.8757150855861148,-10.366458187039454,-0.4212724914447018,-10.301421186191536,-1.3208128541390534,-20.24548760536865,-0.5451111846077883,-12.430004784211624,-0.6991172582858706,4.050623907902924,0.4675212347307819,8.374733241350295,1.4851062638890895,5.131103376295958,0.3999219101131454,0.1007853403141361,0.6990033222591362,1784
MB_img419,69.14263804287202,0.92142724009441,-23.605211313262668,-2.6659641774829064,-7.39291634043998,-0.5932524730648572,,,-34.84864546655538,-1.827027737371275,-64.55656131688714,-5.142195573928765,4.188340711464693,0.7310756992229535,,,21.195137010413355,1.2998729257090618,0.0263084632516703,0.502,1879
MB_img420,34.44139668459744,0.3888656832081796,-2.3789987351410264,-0.4546544783754251,-2.300871429732159,-0.2451488556203537,,,-33.510330805764085,-1.0402151803404034,-24.09325664923505,-1.1147405717861312,5.634331599250598,1.934197941604254,,,0.3239774127563062,0.105891168590738,0.0122239747634069,0.9302325581395348,1508
MB_img421,36.4414867735159,0.2505667258190872,,,,,,,-40.39722878374221,-0.9518333107757476,-14.31098721138436,-1.2475105753779616,,,,,,,0.0,,1900
MB_img422,15.77108126109979,0.2570431016122326,-3.930259691446776,-0.5277376320282061,-2.3180270982683577,-0.2088608110462166,,,-15.174405380729162,-0.3100415016690315,-11.557900364240115,-1.686547215587646,0.8440233254179551,0.4131151871478153,,,2.1687249256027155,0.2664581868317033,0.0242825607064017,0.9366515837104072,1723
MB_img423,50.948092222070535,0.7436985492128334,-14.950390200536708,-1.5982398179100743,-18.45275383127158,-2.524737587012376,,,-43.85017388877547,-2.112128516576319,-20.534285286423287,-1.646649467551196,6.446582876000953,1.180403519246577,,,6.520423018915545,0.528541314195487,0.0176186943620178,0.5127272727272727,1266
MB_img424,20.096627627658663,0.1114140712323469,-11.993021354708562,-0.6581960403888074,-10.176402611089523,-0.7003296545627036,,,-21.58661268419669,-0.499389704463525,-6.118095677181927,-0.8055096962336911,4.913481172481298,1.4595318092717964,,,9.31277813030334,1.1135148843437648,0.0229844413012729,0.8801089918256131,1756
MB_img425,26.25566503296652,2.590359863309019,-6.884938116646836,-0.4926005120348158,-3.5315345371154647,-0.8561271164675966,-6.30276764956731,-1.3768460140163203,-8.133047483847644,-0.940688804058584,-0.0028040269379731,-0.0004438378871766,-5.786303241720391,-0.3952188834614749,-7.772623156984311,-0.4170674999053386,-12.962765396697176,-0.4991175899462999,0.3839285714285714,0.1072075335023542,1260
MB_img426,38.48306489098198,1.350013567335611,-9.411625031882874,-1.2566798196855975,-9.610258930572332,-1.1772392759971448,-5.697422183286264,-1.9180926158352012,-27.517267071811727,-1.4007681676973802,-9.743891287551811,-3.211790976252541,1.7560638071793584,0.2537453446671673,2.4173356585236347,0.6523343436990295,4.559823090887558,0.2845983287996751,0.075,0.4402985074626865,758
MB_img427,19.953005061879026,0.3865613012421443,-6.570614649864371,-1.0992541446123902,-5.547105465618032,-0.7147303756914859,-8.035790793379949,-1.7002379284994051,-12.795853190756237,-0.307935040064836,-16.31537615384829,-1.240601672277837,0.2030281996443219,0.1140352432460294,5.075957037463192,1.739372091873301,0.4852043996666487,0.0596848571791757,0.0202808112324493,0.7619047619047619,1321
MB_img428,33.305565232004696,0.4559029949500769,-21.97023970950848,-0.923491232900054,-14.202676072909515,-0.7491504849759805,-21.20842728509089,-1.6505198571126407,-11.851794476961937,-0.4926160858235889,-8.138067138338814,-0.6306084613386916,6.247093352430509,0.5396482952085012,11.464620985335268,0.9329983661510302,5.973467721720192,0.4032277911541786,0.1476857490864799,0.5068235294117647,1522
MB_img429,48.11572312250382,0.719182300219866,-36.226441497795406,-1.2388431717237378,-20.112903607208203,-0.9774018190718612,-39.33963046583963,-2.355573199454257,-6.216380350634338,-0.2545051678460581,,,9.403198568095924,0.4876540481327431,14.983034870816583,0.556468432745548,1.308210102973295,0.0765567422053807,0.1537979966611018,0.3225456517808714,2567
MB_img43,29.260764579798494,0.1348087784254613,-18.481992781899667,-0.9767073118468788,-27.987013798717264,-0.933332705715936,-11.586260270059114,-0.8906253632094063,-19.216732583198592,-0.43818695994264,-9.065930263394334,-0.941618540684065,9.220892008626702,1.3970726737274473,4.804214295919737,1.4272379528843708,9.960927344390926,1.160585092941633,0.0452597402597402,0.6987012987012987,2450
MB_img430,39.90250693002987,0.7317420720884305,-16.489824406361123,-1.9219782211093792,-23.86429873730743,-1.6645440096116757,-7.312584287923788,-2.3605398616518096,-29.90275027360557,-1.1118581447424711,-16.039939190903123,-1.7034698924922431,12.833882455335797,1.3089317466110524,1.186760127293277,0.5603768624428831,5.414274733756208,0.4348056878050594,0.0442275747508305,0.397341211225997,1233
MB_img431,29.677286447493817,0.3579629864171464,-19.71093028826114,-1.4256207411683228,-8.328422432732198,-1.2936811086092013,,,-26.026245810041075,-0.6495354425558266,-8.808222683683699,-0.9213923848327584,6.234148149097001,1.6122698467168917,,,12.41158194960245,0.746556725669813,0.0203196347031963,0.6828478964401294,1810
MB_img432,8.97398441600093,0.0803781901908088,-4.697820935591315,-0.3481348467856122,-4.721564692706894,-0.2017090700861741,,,-8.596921951517954,-0.2332419118406336,-0.8476973191952979,-0.0887678572062525,3.3276852736109124,0.8751628880862256,,,2.084174797127208,0.3939995095080566,0.0579833984375,0.892018779342723,1371
MB_img433,35.022921920802645,0.1245370641369803,-28.13064886907827,-0.5637524747632778,,,,,-16.803685952971758,-0.9754263841303076,-34.02298199438271,-1.127978478857973,,,,,10.098384897248009,1.2932052110008634,0.0758024691358024,0.8066980023501763,2486
MB_img438,21.50157959376254,0.054231369483661,-3.644943727682844,-0.2263143320642905,-7.741730214853118,-0.4327490252063365,-1.7648783836000508,-0.1910211323806454,-22.67229311085381,-0.4260742053061362,-18.98504294462976,-0.5417787561790464,2.416909330679048,1.1778817252706557,1.6242935254791806,0.6838542577066435,2.0974101940346226,0.6027446544055728,0.0115697889670492,0.9662162162162162,3069
MB_img439,35.22749850956689,0.4371222691675498,-10.277764785185145,-1.9687490660155604,-19.558980575372228,-2.8594105446463645,,,-28.60132876614982,-1.341768697248383,-33.5821732682916,-2.158168399378832,-0.8649394780861143,-0.5849625007211563,,,7.65141809183698,1.302552955801834,0.0081168831168831,0.320754716981132,924
MB_img440,29.61478579092451,0.7638566084037401,-12.64291832397052,-1.9703277950159488,-8.353912606877643,-1.0446938690044287,,,-23.512069685355083,-1.590737560552567,-20.03066875711307,-2.1564300940725394,5.2824781632986335,1.0885188581628469,,,7.3969623365785795,0.8275328039952344,0.0367924528301886,0.5882352941176471,525
MB_img441,11.399319123632024,0.1865704010058636,-0.3859974135958591,-0.0656707789888682,,,,,-9.986453552061144,-0.3037102674657201,-8.84178970685667,-0.8282111049016264,,,,,-0.7175679143249049,-0.224863495376295,0.0133928571428571,0.984375,779
MB_img442,41.76853672749996,0.5391167640645086,-25.214960982903765,-1.4741082132693422,-16.143073936938624,-1.2052607961046409,-20.51685143928528,-1.7600339988544171,-19.976828724588888,-0.8572326392406828,-20.363325230193617,-1.710737017394468,9.109813529835662,0.9695951241290456,13.093113240910675,1.225244161820014,9.288376122970428,0.6523884062917418,0.0809925093632958,0.4541284403669725,1434
MB_img443,48.804041814897175,0.9677724585779622,-33.741024123001914,-1.9182669590925627,-18.700554992461235,-1.4486686424548163,-12.045031964392624,-2.7146301850569867,-25.48511121684899,-1.2896705504990518,-7.535183920454809,-0.6248766265119363,10.162186991063711,0.643883613526869,6.278794601342618,0.7159760791426963,8.892247039671767,0.38040775178401,0.0881537242472266,0.2829880043620502,1563
MB_img444,29.204675164988764,0.0912252669901206,-18.371396721277115,-0.848452230857574,-21.045106832824477,-1.22738902726713,,,-34.42592111807399,-0.7806252534083814,-15.647371107138929,-2.5191072510731485,7.330288836487506,1.8644408094835627,,,12.374917118708863,1.4698956750972556,0.0169666088464874,0.7982646420824295,2652
MB_img445,42.67062294596625,0.8624312269322688,-12.86561802418528,-1.6749856412974384,-5.035915216725602,-0.8186460828225396,,,-29.46883067691205,-1.1069598334491335,-25.216005981321423,-1.643724280197885,2.288278213804188,0.746243407754217,,,10.376923986097887,0.7255666864746397,0.0174632352941176,0.7006369426751592,1245
MB_img446,5.286684299439779,0.1081568454002713,-1.087358719173122,-0.0946611387512759,-4.082966766017239,-0.7550817914427184,,,-2.929194125818797,-0.0714850630342251,-5.679554456210615,-0.4209998741502774,3.2407379612053098,1.1627295000381086,,,1.4907183725080873,0.1497055465401247,0.0363190730837789,0.9054726368159204,1041
MB_img447,25.915907647815907,1.2333402503341195,-3.081759372705408,-0.9238622680760292,-0.1777704268549083,-0.034697620748089,,,-9.308498977394189,-0.5294539175246328,-22.830571429345397,-1.796116043014314,0.9712861244522698,0.5022599113909069,,,3.182883079735161,0.5773529671600313,0.025,0.912280701754386,615
MB_img449,23.911061426588816,0.1867573848937293,-19.935932989237667,-0.4892939772755657,-7.874777742852739,-0.4520202929893067,-9.372748725024044,-0.7093532146702266,-14.26753153723037,-0.5579027840642244,-15.087979753092434,-1.091321422320637,5.276809705275753,0.6258804187208041,8.25977731825192,0.9988411570292176,3.507845196420964,0.3171212918794659,0.1489950779327317,0.7114893617021276,1753
MB_img450,55.03147047178369,1.4273406962373971,-27.71457845617902,-1.1235789268812768,-7.164597411718616,-0.6217698096585884,-24.86773287797444,-1.7181861219730468,-14.996556150417645,-1.3876434606747905,-15.996807518808954,-2.0077587485805592,5.373040925472422,0.2857178429250834,6.894054059377748,0.2139006261807971,4.247418371486647,0.2168527349227156,0.2543352601156069,0.2249426166794185,2036
MB_img451,10.310712845151109,0.0806052605211972,-8.349432604117416,-0.2822654823908021,-4.723147581463313,-0.2086996201847179,,,-7.05055048363924,-0.1804714952635622,-2.476329199651102,-0.1533466371733367,2.8955595674626298,0.4995901435038791,,,3.737164554236621,0.3074934479298598,0.0972916666666666,0.8567941415785191,1694
MB_img452,13.993699921112697,0.049094963002676,-4.0845249872413145,-0.4283508664653362,-11.022376004653433,-0.3706466716967188,,,-11.992770121253743,-0.3261463880847061,-9.340945190984772,-0.3609011885689857,0.813333258271779,0.4639470997597903,,,4.8782573322917,1.6363616532278005,0.0250276548672566,0.9352226720647774,2063
MB_img453,35.42887629956674,0.3868457936251086,-29.157880903870804,-1.6193562793591114,-19.51275826277506,-1.504239822742777,-6.1390879320644665,-1.39780296186249,-22.395218270573395,-0.6404461299585238,-13.121357542187097,-2.274199528349745,16.321653471468025,1.5437195184892747,3.96992283296474,1.1681227588083267,7.189486512162137,0.4562447619680521,0.049750554323725,0.4682875264270613,1433
MB_img454,40.45018063529017,0.1282388217388657,-19.62518910587974,-1.467693019639961,-38.440656311630825,-1.5764606467735578,,,-40.82296846070007,-1.4100823757375205,-10.28774428416776,-0.6574201458616469,15.91124721973105,2.422980000885657,,,15.121903223556592,2.124596936104398,0.0184397163120567,0.6048387096774194,2424
MB_img455,57.97455237600976,0.6859833067076124,-35.36803058224259,-1.68350827669222,-10.75248893335668,-1.7345851341258909,-40.95511521881096,-1.716462003431658,-32.04605664476097,-1.1880442743281678,-10.595179677013933,-1.2143191208007658,4.615449008389704,0.8740520724913147,17.625021690748532,0.8035410689427219,11.490098871691066,0.5816117411302283,0.094812925170068,0.3442796610169492,2313
MB_img456,33.08325290587762,0.4348472257602942,-3.2064885660368803,-0.3824396168456296,-13.910829281113523,-0.575421037486871,,,-34.243441633946865,-1.1387958676033851,-11.390815775336344,-1.386899927570767,4.402898477004083,0.8889686876112561,,,-4.721906178770621,-1.3342186508431533,0.0846545866364665,0.7398212512413108,1506
MB_img458,22.083496609651142,0.252424262211414,-9.008387411332953,-0.8869217006318443,-8.644390592813643,-1.34824694869499,,,-18.89846553638294,-0.529814873161217,-16.381228130718828,-0.9241421246664036,5.9456180601407205,1.8266265197820049,,,7.6234122332897,0.9521824519786304,0.0142531356898517,0.7672955974842768,1306
MB_img46,27.14782654607128,0.1897762004485433,-22.96521023035206,-1.1996013065969198,-12.822783147138702,-0.8098758731948074,,,-18.661138294856777,-0.5130907609859577,-23.454016724407627,-1.526458708983646,15.131346542281223,2.0941870190482343,,,9.14917253231151,0.8926529161099322,0.0339805825242718,0.6563573883161512,1656
MB_img460,18.35283105245209,0.0978547285095188,,,-11.16768446595893,-0.5176956306425827,,,-12.734718500620096,-0.394276622792929,-23.70590361591419,-1.0033685980716285,,,,,,,0.0215217391304347,0.9094202898550724,1401
MB_img462,41.001292063662,0.948823334519292,-10.260817981184154,-1.5486558209650687,-42.015406038924624,-0.8393982864562559,,,-1.548029968542088,-0.2158679689144742,-3.4223705740396184,-1.903520373723376,0.8464733412940101,0.0459953316633762,,,8.518094734767432,2.0291463456595165,0.3691434846266471,0.3042234332425068,2136
MB_img465,22.28542002073436,0.5571065249708431,-10.427033430695577,-1.0416622217966554,-20.787699370931307,-0.8191637477067991,-3.620146141544848,-1.2564068537942452,-8.047659309959352,-0.7406521892560864,-11.272819890535445,-2.2300185137126256,6.437563101405514,0.5049171310332996,0.5524834632009088,0.3057883922321096,2.848262634938425,0.5414430070584135,0.2409029649595687,0.4562674094707521,783
MB_img466,21.194675669947504,0.3374865990322203,-10.613431284353092,-1.0590740146635638,-3.160446001709205,-0.8026757582314717,,,-15.87412178305864,-0.3915640021913655,-10.803025780207776,-0.7723947017812118,5.427438094271072,1.8053525691464565,,,5.096019762791932,0.3940316411585416,0.0181185944363103,0.7058823529411765,1264
MB_img467,39.34014549333136,0.7784112925210085,-6.337817172741274,-1.1291914143517812,,,,,-34.114926735702994,-0.7845089271879455,-13.070885882378644,-1.161775216381731,,,,,1.4542001154889,0.1546526718589993,0.0051342812006319,0.8,1550
MB_img468,43.67429189947402,0.460212032144791,-3.671149183287584,-0.4869106773597448,-5.372525487668728,-0.6574766843222828,,,-39.10959614081133,-1.1165563403085863,-17.146933901045845,-1.0524044906642311,1.2176705929987113,0.680960184437464,,,2.958617074307955,0.4711700486553553,0.0136651323360184,0.921875,1456
MB_img469,39.36189981846073,1.2578456406067968,-23.998453056746605,-2.091748339047796,-13.237516731308508,-1.0588202408909724,-12.236737336621056,-2.050128506229068,-17.68546540174213,-0.9711294567923144,-6.71582520345028,-1.171340906190736,10.606574354467362,0.5863735173961239,6.725145832637136,0.5889394409911084,-2.273168262415427,-0.1127001327493623,0.1211805555555555,0.2351611079706048,1202
MB_img47,37.31164420057835,2.046166618127562,-11.614472660563054,-2.1785154701886027,-6.832557112775794,-0.9924472047139934,-5.207591670917095,-2.0563908478931743,-15.354138825259238,-0.9211241172688788,-7.802464750144934,-1.4213763297255078,6.218674364397365,0.5383779859600805,1.1776255338939736,0.2401340037237149,-1.887866997123831,-0.0909746161075055,0.0958029197080291,0.1854599406528189,893
MB_img470,24.34360182515316,0.166163601582376,,,,,,,-23.42442888512812,-0.7156883276722559,-24.002077064746985,-1.6535585467895035,,,,,,,0.0045558086560364,0.979591836734694,1105
MB_img473,20.19998561630625,0.1529275234326975,,,-2.8945653009742163,-0.3829187247765107,,,-21.36492253924712,-0.5338242461794628,-11.645222725455582,-0.6813025878557899,,,,,,,0.006747159090909,0.948051948051948,1379
MB_img475,22.116557868293345,0.1294986356358006,,,-25.61868365186833,-0.6073049474599567,,,-18.205510177916995,-2.1226175055578675,-15.70523562484621,-1.7746067547942788,,,,,,,0.1082303618711385,0.7241157556270097,1408
MB_img476,6.510448808061466,0.0081463868819497,,,-5.714307151724204,-0.3326602010051265,,,-7.61529096926929,-0.1653067569836228,-4.09598832582243,-0.2490791150757773,,,,,,,0.0036439929328621,0.9866666666666668,2353
MB_img477,15.595307544849645,0.5839800225148617,-5.696116501201244,-0.5207254359238698,-8.111292637774968,-0.5175462190615208,-3.185394566304154,-0.7838595630234242,-10.23903659917947,-0.3014811454262058,-3.6699038987522985,-0.5617296052915193,4.87177193748303,0.5392408496003972,-0.0662923689237465,-0.0298544039885792,-0.7573813995837426,-0.0460527169267833,0.153183023872679,0.565359477124183,1245
MB_img479,27.166340798389623,0.3935131454181205,-26.657758726780635,-1.4175367802357928,-5.540531222473099,-0.5125623039852492,-11.095824831873877,-1.5892452310150076,-20.407441451556625,-0.8059224309881573,-12.69386578731862,-1.1782091643709158,4.362359157537906,0.8053525691464565,7.67632592876878,1.2722973271627618,13.792092481127003,0.7986068337137487,0.0666071428571428,0.5518102372034956,1134
MB_img48,57.87533064030688,3.115968827105098,-40.64900515172177,-1.118440827751643,,,,,-3.4937383179596964,-1.0122110839508744,-3.712616756851896,-3.0272425359737407,,,,,-6.568342918290385,-0.1941979135326467,0.3991071428571429,0.0616713295219559,2102
MB_img482,13.79432034369484,0.0373761639001782,-5.436492372213411,-0.4958957737682271,-8.67954103050729,-0.3315668559772561,,,-15.957431546466196,-0.3883043602721369,-6.755463968413097,-0.3375882327593038,3.1950928397246146,1.3584539709124763,,,8.316202166758949,2.00602378762777,0.0208447991194276,0.93646408839779,2023
MB_img483,23.880357337426585,0.1357967351960292,-4.350553551748551,-0.3741206895514281,-21.673107712382205,-0.5230109890440686,,,-18.08845548632477,-0.429029930250179,-7.854616710598395,-0.478012795912861,5.1188149717190505,1.0471627520831497,,,2.381535232436354,0.6129768768907526,0.0868157739846968,0.7932263814616756,2291
MB_img485,22.07551110146427,0.2120187540345821,,,-11.240534139212722,-0.6483402813749346,,,-24.03896808897913,-0.6057011669967808,-11.624718178815307,-1.411031743388516,,,,,,,0.0284028540065861,0.8880597014925373,1304
MB_img487,53.9616017381245,2.270139084475065,-16.900992887681706,-2.37515217419318,-11.418611967480231,-1.3159674557087389,-24.87377083384152,-3.4401972002413035,-9.177538132881155,-0.7541116510875564,-0.6904056800368833,-0.1286960385517513,1.9868206625809857,0.108986644059588,4.462943467580918,0.192599215129454,-0.6775254430077107,-0.0343629044431646,0.125,0.0746951219512195,1474
MB_img49,32.20578578701293,0.5495213387708806,-10.214995490778664,-0.843763291567189,-8.733717425252475,-0.768520589778154,-6.508835160490969,-1.7882038217126923,-31.1072953844214,-0.9716507299475255,-7.395500029347123,-0.7671562427106956,3.4984075698315547,0.6859755564874318,3.061128595968691,1.1346210152168137,7.985753974626086,0.5732879673402381,0.048735119047619,0.76905311778291,1269
MB_img491,39.17233375022409,0.2586157558290129,-13.997633099027336,-1.2910359374390816,-28.27145982576906,-1.7100427597947037,,,-40.805602782099385,-1.4241776056228594,-18.594347086944023,-1.3968901525685846,12.772504405501522,1.9482920931746768,,,9.868055124762222,1.3542564263718182,0.0164334181509754,0.6268656716417911,1536
MB_img492,16.42205870966768,0.1289371517909325,-6.7973365299622985,-0.4197700123923218,-4.699472414948951,-0.2448222989376457,,,-14.520481455051184,-0.3427337785341246,-10.24124800727963,-0.6054713595215768,4.0922807876537535,0.9818041018697542,,,2.8763668526366564,0.4194834043100357,0.0447570332480818,0.8831858407079646,1602
MB_img493,13.9571076006273,2.5563933485243853,-2.4600498006106286,-0.2803200646296133,-0.3676102845326908,-0.0858193684610038,-2.59152251300904,-1.0263172027404834,-1.8820447563023868,-0.2906466370416538,-1.1044684672965273,-0.2558028366027179,1.1984935174933953,0.074679801874041,-8.711184984317905,-0.8770386780808406,-3.9637149956970967,-0.1481568605163621,0.4571428571428571,0.0850704225352112,929
MB_img494,31.23043235204129,0.5142193976830887,-3.2891861490216208,-0.8836208162856712,-6.723652888820285,-1.3014792588610609,,,-24.826540795442718,-0.7560085531317475,-19.320954484996506,-1.145677455195635,-0.8000142297289213,-0.6507645591169021,,,0.6346049432383576,0.1640759257456253,0.005759385665529,0.9318181818181818,1084
MB_img495,29.60309154141077,0.3212417323823377,-5.580132177665094,-0.9318549394738876,-4.9039330833005526,-0.4398375849809067,-4.802712700694975,-0.9059284781731348,-24.04915462219407,-0.8216637752246362,-22.82626905381216,-2.0756752392869706,2.506317930899275,1.066427361738976,1.7831423550348742,0.9023892033735778,6.1945959485268505,1.0702931514278518,0.0201674277016742,0.9074074074074074,971
MB_img496,31.14815364086564,0.7844385923708243,-12.855581041734084,-1.3935547256340932,-9.60981930513743,-2.232953066595933,-18.580388877040004,-2.7620901883218223,-20.782331007912152,-0.7931834946376599,-7.77397036584192,-0.4774483487965196,6.220087815704373,1.1831955251671236,8.901145897789378,1.1689585708013983,1.851073972490384,0.1454522180411405,0.0359408033826638,0.3173996175908222,1187
MB_img499,20.084558563453047,0.1873509739383283,-7.17582820678902,-0.3405186709995381,-5.624635627436506,-0.3179051402874068,-3.129977407012439,-0.3831450121333999,-19.724530686614024,-0.4369425753399794,-8.211609644018427,-0.6606049679610783,1.253687186732373,0.2792272797619011,0.2453900062686415,0.116937826525138,4.969531567890164,0.426382018874013,0.0671254512635379,0.8934010152284264,1677
MB_img50,30.3630762048512,0.2000367816726634,-13.466636049477838,-0.8676519532230358,-10.40890223004678,-0.6187354157757021,-0.2566502995212743,-0.0315520365258261,-30.231548477012797,-0.5806342073806392,-17.588682421955166,-1.928353985289399,1.9504964518350527,0.588573754273535,2.535234487851537,1.2486791128567236,9.041910520191257,0.8880784098657017,0.0323982939632545,0.8589981447124304,2118
MB_img501,26.578496408178765,1.0964890530949212,-13.026648076044438,-0.907365845417826,-5.4123156533517465,-0.6018179518068818,-11.266979933902409,-2.1977572952335205,-9.154988387773257,-0.6667984065063293,-12.031612038135426,-0.8863616020646106,5.714361995598667,0.5054251795042258,3.170212454259329,0.358237236135401,0.0350090191210294,0.0022885065653551,0.1719924812030075,0.373134328358209,930
MB_img502,15.22488739276842,1.562191193062498,0.496534511250333,0.0495013208960268,-2.917055793326011,-0.4310598743606247,-2.883613300144752,-0.4509584173251137,-8.052008018168493,-0.5729801393729133,-1.4716131333415516,-0.1722236498910926,1.707327070536936,0.1462198377558392,4.517226456212644,0.3576594358609887,-1.2356920789838692,-0.0539251337667521,0.3241150442477876,0.2621283255086072,1221
MB_img503,34.58472974525436,1.2532088472559713,-7.469064311823699,-1.8136888557796549,-5.097089435064331,-4.338780943894699,-4.305031562804486,-2.5105400169375134,-20.192526146418142,-1.3098835799444712,-17.360017371351375,-1.9129148095645476,1.3836608115355835,0.7072182507721542,0.5076546796703363,0.2885050933499121,4.841607559130531,0.4723463631418541,0.015625,0.490566037735849,541
MB_img505,33.93810121203107,0.2346403105289992,-2.963430602656165,-0.5023832814158982,,,,,-40.462594226045375,-1.0385606142538175,-10.079722608389282,-0.5109619192773794,,,,,3.653383256576958,0.9040080870753971,0.002698535080956,1.0,1747
MB_img506,13.605227530854425,0.2454576142712826,-3.11355906217643,-0.6419313128502327,,,,,-11.016066288269997,-0.3061316520015089,-5.5076409463791896,-0.3490942471517689,,,,,1.9510933389268827,0.3920779327388569,0.0079941860465116,0.9565217391304348,911
MB_img507,42.56607005906349,2.232483801545728,-4.700278828036987,-1.438647714461489,-5.097061829453997,-3.628190334615213,-4.108767391543686,-1.8304291882337205,-23.35658620885682,-1.5910113582193468,-12.044859607037958,-1.4790280603229962,4.4551440741976345,1.3366553806339152,4.820171391461991,1.4869551959045535,-0.3078025768763934,-0.0279075872358296,0.0146484375,0.2359550561797752,829
MB_img509,23.62746483115115,0.4650077441608299,-12.2256520696735,-0.4731942853056484,-10.435412748498312,-0.7631317041838976,-12.73446875741406,-0.9790792086310276,-11.807965827070571,-0.7082549780040108,-13.763595941323253,-1.1133867333868737,4.196476988609596,0.4048828558571407,1.3210344291231215,0.1385336411473757,4.080022115923494,0.3283456132542298,0.2175662878787878,0.5694050991501416,1049
MB_img51,22.662363999985235,0.0560366803527211,-23.811605304802,-0.6221772151061911,-12.374353027778836,-0.6444933131378606,-16.881988815756934,-0.7221082871363106,-18.9248001086836,-0.4262212814255247,-2.9837358395160445,-0.1734957423833129,11.796434397138036,2.012600036779633,11.416245028906031,1.9338966897675172,17.244655153494993,1.6474620945544085,0.0379923318229348,0.7985197368421053,3258
MB_img510,25.760108229538695,0.2768030538632089,-7.008303136220779,-1.5260688116675878,-8.82202678966372,-0.6429574650873694,,,-24.22853668668738,-0.6423186040441545,-6.7492801345573845,-0.6807181745892124,3.8287400252714527,1.386468347082073,,,5.061946632680638,0.967613182064279,0.0172706681766704,0.9045226130653268,1330
MB_img514,41.90074265090868,1.7819712514245494,-8.285956921646193,-1.276581740238853,-6.78539752247827,-1.5221275089680315,-21.97964399289657,-1.3262958289015052,-17.24815583537487,-1.5042887637818592,-9.95140518805106,-1.733858779444452,0.1594875657180205,0.0422650980778266,1.9563675113575243,0.1262945748741037,5.282715034904176,0.3951815143480565,0.1834016393442623,0.2058270676691729,1186
MB_img515,36.48184195223175,0.4435665113982676,-25.79419916859897,-1.1196841989534512,-17.306859500374173,-1.3265406732069709,-5.028892950894573,-0.9054792703637,-26.00629517628429,-1.8717972737671644,-12.16436975286822,-1.202081833550486,8.506561680548543,0.7663401962997197,5.082547582551817,1.00212317189297,10.682350017542252,0.7967586790084638,0.1162408759124087,0.5158204562178073,1120
MB_img516,20.259881845332718,0.134537028429261,,,-6.407383150626748,-0.403672696949454,,,-24.666669773350225,-0.6812349248197357,-17.023976243038437,-1.3736037885969874,,,,,,,0.0138888888888888,0.922077922077922,1627
MB_img517,23.685542378078186,1.1725843224939574,,,-4.538896248785399,-2.1934563657495856,,,-21.905962808693594,-1.1765682750729265,-5.123498743458446,-0.8688212415919769,,,,,,,0.0044247787610619,1.0,347
MB_img520,20.00355308449556,0.8501367728906608,-3.952933228349482,-0.7762092904374231,-2.447001306520701,-0.6812508157801455,,,-15.270646066628537,-0.5427069944112157,-9.009090643009586,-0.8663368537429005,3.1762067967161225,1.2269414032552104,,,1.7529300010605957,0.1594648309983895,0.0226377952755905,0.7567567567567568,856
MB_img523,47.70450546272933,0.9975008749005392,-29.87293289745697,-1.1832674238212433,-12.75179671661448,-1.176322772640463,-16.103010953485697,-2.4401253709817703,-26.25794900274871,-1.32884270683858,-10.90131705518552,-1.6977193621354056,4.966341008911841,0.3429082912627002,-1.523184037328977,-0.1336554403375763,7.207601312467313,0.2635817387983257,0.1746031746031746,0.3335895465026902,1541
MB_img524,15.722935972756243,0.3594677194618106,-5.213340457011273,-0.1388125233186105,,,,,-19.143837585298908,-0.8090082373239267,-6.670930184528583,-1.1668099456732903,,,,,-10.048088046132635,-0.52401222537365,0.2947976878612717,0.6440191387559808,1150
MB_img526,9.67124420780532,0.3530249045333685,-6.522530512389802,-0.373131772243077,-4.78627876388229,-0.5378820949323276,-4.066967649605243,-1.1496036795614797,-2.7627688112680504,-0.1190852025942048,-6.026786540134172,-0.394412515802192,4.626929383517859,0.5598294539594084,0.8006915827861518,0.2474552798630264,2.349800074125993,0.1431807159070574,0.1806853582554517,0.6270983213429256,816
MB_img527,23.11898032350224,0.3672897263995706,-5.008380036177601,-0.5428938267380184,-6.859422554178691,-1.0612824621127095,,,-19.92887383829174,-0.5521738685061882,-9.07639049427795,-0.62571159958448,-0.2500145056544888,-0.1826922975161901,,,0.9888849325507404,0.1250661070016596,0.0181478968792401,0.8561643835616438,1331
MB_img53,36.4206691666639,0.5724176830419004,-18.93124370699269,-2.5110335508178667,-8.284244545974557,-0.611410865686246,-9.558174922167732,-3.4576818366873376,-40.85847416898211,-1.432212216862952,-9.64279430333826,-1.1774026709896688,1.1609065099807725,0.2402175341085277,7.725377475616777,1.8593522068451585,14.785103888284644,0.945183088715436,0.0429216867469879,0.594847775175644,1204
MB_img530,22.30763774567904,0.3004182209615876,-1.3716223102327354,-0.1901838404261124,-0.1157076476784206,-0.018671652091511,,,-24.45110728864005,-0.9606675715910258,-16.316658301643958,-1.6048086438031324,-0.881954712119264,-0.8032270364349277,,,4.603633914819,0.8639544804579261,0.0208773784355179,0.9777777777777776,700
MB_img532,27.832766541712324,0.6256233935342959,-7.343766612946372,-5.0,,,,,-22.44970774586929,-1.792619656390573,-20.06754838544261,-1.6259153773737594,,,,,5.157092630798526,1.1646883530761654,0.0010204081632653,0.6666666666666666,446
MB_img533,32.41174174404651,1.7579929054568486,-7.009580060071709,-1.502150856497013,-4.798214176840084,-1.97330513333458,-5.27535016253699,-3.135315964512171,-14.676976938138765,-0.8960339550570688,-8.727842349537703,-1.015429668049665,1.3049299465716144,0.417443996985939,1.650104889837004,0.5152173769221271,1.7975612235963898,0.116950382781668,0.0305343511450381,0.344,673
MB_img534,29.349602366878248,0.3076383593467619,-14.556557269540798,-0.6444603106853402,-16.221640771782187,-1.5066104045148092,-21.75212785409883,-1.427390671833506,-17.033361877355958,-0.3970073607957016,-6.794148104741885,-1.6088092426755238,6.367219610377993,0.8972002305650789,11.210089238117234,1.1087903971963868,6.948371436013199,0.4092531306931761,0.0780624499599679,0.5984900480439259,2112
MB_img535,14.544543518317036,2.9530152764435456,-2.585909959974249,-1.1984941536390832,1.1983637796990374,0.2990055058317334,1.2664002116030275,0.181481730691687,-8.405300761487197,-1.8498086788791772,-2.467413301980208,-2.8609627978581167,3.0117693549303866,0.3666152914426568,-2.267576021196074,-0.2199086808472189,0.1111369014623887,0.0081857957629128,0.5375,0.0790297339593114,640
MB_img537,22.33623865677049,0.5164373037130021,-3.869568955516119,-1.2741125377837756,,,,,-22.239719492931474,-0.6665458128387337,-3.5460637753183764,-0.7601746535678258,,,,,3.164915180887392,0.5955206924197328,0.0036764705882352,1.0,885
MB_img538,26.417551695833037,0.4842882705424866,-10.60483578939918,-0.6140278507012841,-4.506709561517311,-0.649830985051544,,,-20.665161579721545,-0.5933909337394504,-12.024730885272552,-0.7533493076145903,6.599712910805829,1.273168782967507,,,5.94565049655481,0.2977245971143004,0.0729317851959361,0.7283950617283951,1446
MB_img540,23.956366006081105,0.3586595822853293,-3.962565778504029,-0.4415602751879871,-2.630881930484849,-0.4011285928635817,,,-22.240425951731197,-0.5649645621736139,-18.042622947388736,-1.3347762766816156,0.7088379575764419,0.4409161311044494,,,3.256510536704116,0.4062203898432036,0.0173076923076923,0.9384615384615383,1240
MB_img541,15.118174150280131,0.1769962965667227,-2.187585975042721,-0.3249799835252735,0.6213357062663207,0.0962605415180533,,,-16.36899196019989,-0.3788722064912563,-5.238768198052546,-0.5947001966878134,-0.5076394800708652,-0.3103401206121504,,,2.245377344568652,0.5049651097173825,0.0084798994974874,1.0,1229
MB_img542,35.099629017938106,3.3746869977688294,-4.73873777402699,-3.4591036961354,-3.356545732897387,-0.6553518286125539,,,-8.573970398742077,-1.3624836408178964,-7.903989554806892,-1.4055592386944684,7.650297292551127,0.8941618361043123,,,-2.872128745123834,-0.3537635517361666,0.1282894736842105,0.0878243512974051,673
MB_img543,31.11330580540548,0.861445798245314,-16.088132570008135,-1.7545700425866813,-13.57435989827128,-1.6462935957990277,-10.463234157659004,-1.5687030867220468,-13.913146036460455,-0.5043169004005873,-8.792956123510733,-0.9936192343822988,5.700205078303177,0.6952942756391965,19.77863216781053,1.7719314624259,-8.457616002820362,-0.6096260369218351,0.0652597402597402,0.2750845546786922,1073
MB_img544,43.25001643943218,2.1642714791232054,-8.795982725299144,-1.179314446921444,-6.268291671078517,-1.2811542008131769,-8.367894390671086,-2.0419034056999896,-18.56633383558291,-0.7477983367046983,-7.131897778279302,-1.2242767794482483,8.382694157982591,0.8817812418830423,6.953906995279599,0.7809588524988528,-5.199312208892648,-0.1760031250048604,0.0859375,0.1773809523809524,1504
MB_img545,22.793405338484483,0.4468672763974285,-9.170308715411108,-1.0128293600197555,-5.589605984043923,-0.7321811793043028,-6.714967922215586,-1.6816741417928331,-19.28022853567966,-0.5678081326994027,-6.110744221549574,-0.8663805086282593,3.99854225276901,1.0753818118421374,3.664960399576417,1.3023879084917172,5.388344630805312,0.4085920900136615,0.0373062015503875,0.7459016393442623,1017
MB_img548,24.52406324629017,0.1343909304391703,-9.681370097246749,-1.00097776692383,-5.938331039285669,-0.4001936520398234,,,-30.306712149707053,-0.833524694567615,-15.211594705784265,-0.6477272139286534,1.292809277589258,0.6665762662748084,,,8.213780573179921,1.5466343820620567,0.0135746606334841,0.9471153846153846,1643
MB_img549,35.07743036593659,0.5340942993622351,-15.989190832967273,-0.7175113255040713,-10.048239652724265,-0.9518796643799544,-3.329008169210013,-0.6801635840081797,-26.32195188662397,-0.6349941045548754,-12.293523015359238,-1.1567155105605953,10.586930613951898,1.2283738490182143,4.246214593198102,1.1919582438228349,4.576145284079434,0.19969456199086,0.0733315392895586,0.6758349705304518,1914
MB_img55,34.2487978837085,0.1583364722844993,-20.42481793820709,-0.8986085754690858,-34.299574983337074,-0.7971372956497602,-12.62148863885094,-1.329841176530627,-19.54825477396157,-0.4797510195343092,-6.692180582084455,-0.6647288241744668,17.104810787328894,1.4738421358314806,2.812655542568624,0.9673953345680724,5.757995577662983,0.824400080839823,0.0802507447864945,0.6703246456332876,2624
MB_img550,19.454861820680694,2.267939153290397,4.248920167816732,0.4325324327331182,0.2619908157072519,0.0602203052765987,-15.143062521233777,-1.0911049851187693,-0.3622091137163894,-0.0573648417030313,-0.20101911377144,-0.057529041261525,3.160782226873713,0.3913920542469302,-8.342898077937464,-0.3411977316331144,0.9033622072828956,0.084714036057799,0.5165441176470589,0.0947609504723733,1058
MB_img551,41.24011569472125,0.2709119965607164,-12.167712454867823,-1.2526558117788318,-5.794344268844129,-1.2554000179372815,,,-39.48177343862672,-1.3477101745365587,-39.45561569136857,-2.2733412143061047,2.206093340293415,1.0,,,9.28298532396146,1.4410165658596772,0.0049555016181229,0.9113924050632912,1612
MB_img553,15.91587210513648,0.0997771334513352,,,,,,,-17.497122621601036,-0.4655358350734208,-6.894509537883143,-0.7590395921059644,,,,,,,0.0018440463645943,1.0,1151
MB_img555,30.62621396106241,0.3896551992350524,-6.15000887019569,-0.5388632979892413,-6.985890075839508,-0.3595047945576059,,,-14.383603206713396,-0.4885128865765342,-25.94532350105851,-0.7274035385667955,3.848737117697481,0.788468571295319,,,3.532703789385047,0.5052448059448904,0.0611778846153846,0.8288543140028288,1988
MB_img557,50.90265949912772,0.5475696634523671,-19.090722645653987,-1.019498290029327,-12.782394887873014,-0.903526917008096,-20.49292268981391,-1.3191237890812062,-50.68424649892906,-1.933660058959285,-6.529927816100699,-0.7186158115004282,7.994552810870043,1.0616012814170606,7.712638923994799,0.9098761772865928,10.451567083167005,0.6019470248882084,0.0725877192982456,0.5690647482014388,1970
MB_img558,39.96832898170391,2.271167573744897,-16.05601360537852,-2.350901306753737,-16.296237690756445,-1.862244734059054,-3.301507952425393,-3.486714373030702,-4.257836664144644,-0.2089487751605721,-6.2440881196084215,-2.8225602091916424,4.301212348750771,0.2036387041359754,4.05695254737058,0.8571781558840724,-11.22728137482341,-0.4658397992660976,0.1044407894736842,0.0812127774769897,1267
MB_img559,23.14429124486269,0.5810726618605689,-3.4941975122505298,-0.4980481991225064,-9.543164042547335,-1.0385644959528326,,,-21.08125446173347,-0.5159958566710477,-8.224210658278043,-0.6941501131262117,-0.0221083384157968,-0.0093471722592526,,,4.070447445807606,0.4177775209690841,0.0317757009345794,0.6929460580912863,1290
MB_img56,24.927753687765065,0.1814821836300152,-3.6158724120733776,-0.5955718585240217,-3.106441842689043,-0.2710463567745963,,,-26.145547904262745,-0.6026569489359804,-8.085268055560652,-1.2122391757014706,0.4231976756909763,0.2429767534925404,,,4.142156515114105,0.971974953048558,0.0114995400183992,0.948905109489051,1456
MB_img560,13.633414101479769,0.0344746817923777,,,,,,,-13.107497140697292,-0.3944393088467001,-18.64565156140577,-0.7508134086879098,,,,,,,0.0010718997361477,1.0,1633
MB_img565,74.68811441313446,1.3607734014908195,-32.93463917596426,-2.192737460681254,-16.081802669538295,-1.740749453053137,-33.609943769620216,-2.708111108373554,-51.39317733008148,-3.589016331451008,-10.167105573391416,-3.4496439062937534,7.699260390796796,0.6078011228605279,14.57172353099758,0.6516708005335683,7.132659127621796,0.238921176441217,0.0732288828337874,0.1773023930384336,2135
MB_img566,14.55363892421716,0.3741258189914921,,,-8.339337719358014,-1.2899655835126795,,,-13.701543762806072,-0.6156567794902015,-6.1912196888252025,-0.8090027749390863,,,,,,,0.0244661921708185,0.7560975609756098,505
MB_img567,23.40001996730714,2.336008367902671,-3.27040885319056,-0.6664157575230446,-1.5695169642197695,-0.1860985333654701,-1.717361811249848,-2.053111336459563,-9.907222814148591,-0.5227781644770142,-4.341533003621274,-0.9464290221491906,0.403821176643844,0.0371247176659597,1.070360641899368,0.5072311974885902,-0.0210858013812932,-0.0008538017471584,0.1934523809523809,0.2096354166666666,1233
MB_img568,52.59119703147389,0.85360725437605,-28.81898019454263,-3.322736651851094,-18.186022509922427,-4.029928518207915,-20.083965816720152,-3.840940210413744,-40.67168804647357,-1.7819536773663829,-15.615818202615523,-1.5191461242453244,13.682380672780557,1.4886713093870012,13.258994564459227,1.3650504595330104,12.689507420845414,0.6470263993169493,0.0154780564263322,0.1349431818181818,1290
MB_img569,25.917359905035266,0.3284169599416789,-7.078076518125525,-0.914139263346162,,,,,-26.78511012163596,-0.6510171594179811,-9.557013253178866,-0.7325640873840014,,,,,4.864246978385032,0.6515043121084322,0.0075892857142857,0.8805970149253731,1431
MB_img57,50.3585542703476,0.6035673375385914,-17.885321595750042,-1.667954037715101,-20.65562340366033,-1.3883295341723958,-42.711237024002905,-3.261742352382909,-26.28997230849589,-1.6574633208860947,-7.723303705085477,-2.0544143879173067,12.148559321894709,1.4874650121679036,9.033401385519689,0.8557790946348993,3.1728102721258025,0.4796850817349582,0.0598039215686274,0.2556026650514839,1282
MB_img570,36.94125946093042,1.8283086760911829,-9.257430895750623,-1.3140849735663331,-7.114352862674453,-0.8917002678394775,-9.32284160985698,-0.8784326248395857,-24.727856242631084,-1.0953416401642313,-5.046820550336384,-2.074462620704536,1.0525952819034985,0.1454457409137473,-0.5994861292224084,-0.046595827271592,6.367684574154413,0.2598516461884526,0.173728813559322,0.2731481481481481,1445
MB_img572,32.9269872091153,1.0697633606428036,-5.876792190997652,-1.0069450987235635,,,,,-22.2506635764782,-0.7830956566127972,-18.535900923926476,-1.6736317979375972,,,,,1.8786822430485008,0.1825208606686885,0.014026402640264,0.8846153846153846,927
MB_img573,10.158341695421957,0.0646047893143568,-5.625428261661825,-0.3244836893719773,-1.152085219712171,-0.0787747100920255,,,-11.46942643503179,-0.2732657615430723,-6.602880424672832,-0.4233733584469081,0.9778202848447264,0.4376558019408626,,,2.38041788922926,0.4051102668035271,0.0295169946332737,0.941717791411043,1397
MB_img574,51.72608611823792,2.037127788239681,-11.006197314781277,-1.3144825835172071,-9.518115634547431,-0.9716035933000028,-24.9619167590414,-2.3092564888834604,-13.939811703728283,-1.0633019892695554,-9.963959282840364,-3.8841094513592296,8.045694029026583,0.566721624108646,-6.031334604134293,-0.3287221398254256,2.854622006978629,0.1576341288737429,0.1886792452830188,0.1301391035548686,1575
MB_img576,43.39540031301472,0.6672057528332268,-14.463162659155993,-2.885861427874152,,,,,-41.834729533434285,-1.2890296143667384,-18.65470758864053,-3.922261290055131,,,,,8.880934590332057,0.8007836937228073,0.003566066066066,0.4791666666666667,1229
MB_img577,16.5473167262036,0.1410026562635867,,,,,,,-17.574486749983752,-0.4292876879575565,-8.970145542379912,-1.4777636622076769,,,,,,,0.000558659217877,1.0,1201
MB_img578,22.42047807151265,0.3755871609362629,,,-6.020145930604591,-1.0257375614136082,,,-19.84275261591336,-0.68331050416196,-11.518554815232276,-0.7679310972022604,,,,,,,0.0083174904942965,0.9411764705882352,869
MB_img579,31.820326947786604,0.9771518341371184,-6.049768829618176,-1.251275077943758,,,,,-26.2630234412684,-1.392821620164904,-19.742181745242192,-1.7856803650086768,,,,,5.521413594116689,0.6304160417619398,0.009927797833935,0.7368421052631579,684
MB_img58,22.99806849649997,0.0621291885490828,,,-8.651127749168028,-0.6978175625511683,,,-26.266781620827416,-0.5950129185754565,-17.26325669576747,-1.003634943066225,,,,,,,0.003727369542066,0.9456521739130436,2082
MB_img583,0.8383937547934089,0.0002266829980552,,,,,,,,,,,,,,,,,0.0,,2560
MB_img584,12.650398953250493,0.1783356759585793,,,-8.085997141978698,-0.1739728028219064,,,-12.024230285439458,-0.7890618483379961,-10.67254150426917,-0.8605808596881762,,,,,,,0.2804323094425484,0.7339854843799306,1488
MB_img585,20.89478412243675,0.1062930870957886,-11.632542822731873,-0.3833338911619609,,,,,-20.490161192932863,-0.4656961296416964,-13.97493900575416,-1.6501901234967753,,,,,5.929677676797639,0.5318335178030571,0.0386655948553054,0.906515580736544,1938
MB_img586,3.952680343327106,0.0133046497562227,-1.8809997387720647,-0.1437115599050883,,,,,-4.767038685305872,-0.1594824674298643,-3.792356653670786,-0.1988472706960863,,,,,3.0890083444744323,1.1725504708491357,0.0071455085374907,0.988095238095238,1447
MB_img587,44.19305039072671,0.4832195318933302,-10.779229702285257,-0.8316402325924823,,,,,-46.77547181320316,-1.0405250403524489,-13.977349478793634,-1.0948283136998824,,,,,7.671639497190768,0.5449774871733726,0.0168331885317115,0.8773584905660378,2019
MB_img589,46.65934135059287,1.965750690254399,-7.855536781607618,-0.8670607153158558,-13.244512423505997,-1.2936227256672168,-2.8319420151895014,-1.5577776713949258,-18.14408611185089,-0.703177018990578,-17.026025229421236,-3.000073107693616,2.4971959002676747,0.207267112307241,-0.727858208967378,-0.3103401206121504,0.2529866533749638,0.0105814818218471,0.1180555555555555,0.2520325203252032,1675
MB_img59,18.08235710758567,2.592325889134643,-3.2929444435198283,-2.0617761975866897,,,-3.630742287978439,-2.365505913428967,-3.83035414246158,-0.4259214008033174,-4.871476585825996,-1.1032578300217857,,,2.483009708422103,0.6193760849474249,0.4740770393822413,0.0479742742462032,0.0271739130434782,0.0909090909090909,301
MB_img592,7.669376516571607,0.0352789452212584,-4.794147388224215,-0.2383244490926575,-4.4691380310296775,-0.2153150933030267,,,-8.434863350034615,-0.1795894486860945,-0.7522677413481764,-0.0602508811018144,2.9426593430228447,0.978046558895951,,,5.701604148061398,0.8867440224967423,0.0356912144702842,0.9488188976377953,1868
MB_img594,14.165457635935736,0.113303142039837,-1.2244095030501274,-0.1453012144734898,,,,,-17.028933038827816,-0.3135195883477374,-3.09604705135567,-0.1799072559822532,,,,,0.8203744991912384,0.205704113278296,0.0049380325329202,0.9666666666666668,1838
MB_img595,11.040780000606292,0.0963949431248424,-1.7330576147926444,-0.1757423280376265,-1.495250106250083,-0.2051679115839531,,,-10.141750963054813,-0.2791425000783783,-6.411513844590014,-0.3806598304443307,-0.6793136287938016,-0.5310694927259543,,,3.4518372630778327,0.749038426466781,0.0127941176470588,0.9903846153846154,1094
MB_img596,12.726020891278194,0.144279002684391,-4.819329042746408,-0.2380483717481795,-10.178216723822397,-0.5299170269150575,-7.469700573698812,-0.488640522827844,-10.519881085223384,-0.2027779671164624,-3.8469340611036698,-0.8256785271313553,4.82908619169819,0.8665033467065884,-0.1726271692865523,-0.0496307677246006,0.0341908443828273,0.0030525598384339,0.0852272727272727,0.8117752007136485,1947
MB_img598,49.79366859145798,2.277212160885396,-6.205701791169224,-2.795455272044121,1.0309118738054837,0.3219280948873623,-6.832269716077047,-5.4239142676731,-37.24329796052824,-1.8180299332948908,-11.505703671761928,-2.5465858290081007,-1.2501195594996022,-1.4329594072761065,6.3753271732600885,1.6665762662748085,0.1063815824256874,0.0080234230136663,0.0112359550561797,0.225,1089
MB_img599,16.640554986419044,0.202191152050479,-9.491069377272188,-1.959667131321618,1.1582381326248563,0.1610696836891239,,,-20.775582926798176,-0.6274200694012009,,,-0.78570809494258,-0.8399595874895318,,,9.30959431548722,1.4179113947329542,0.0124555160142348,0.875,775
MB_img6,23.700753239077983,0.394980785135175,-1.918324730864816,-0.3950627995175775,,,,,-22.83265467667745,-0.6666643993708786,-18.41771544835288,-1.652845642971077,,,,,-0.4612143597487121,-0.131369979566831,0.0058453237410071,0.9393939393939394,944
MB_img60,23.25660525536582,0.3504839700196724,-19.72250396935268,-0.8620112106207037,-10.01431351886891,-0.4695431396916873,,,-13.00900314543216,-0.3206176943748169,-5.117766079248206,-0.4333541794884173,8.561315271497111,0.7204722833294249,,,-3.714106477178876,-0.1982729785349967,0.115679264555669,0.6168395363026236,1949
MB_img600,41.08012878040552,0.2752016190745628,-15.14849544739306,-1.2811380477912246,-8.797293406391105,-0.7562262717575845,,,-48.9848022330504,-1.3023308335761716,-8.25024914249023,-1.27667531650318,-0.70895276158442,-0.5736976746253419,,,16.002410502600682,1.4500060049338708,0.014169254658385,0.9072164948453608,1749
MB_img603,47.47886530522119,0.678283729075628,-18.497446655330812,-1.0894798275282591,-16.127709546042947,-1.1096379672458276,-8.500776355134045,-2.818353921006861,-41.87098043844236,-1.2670683523167363,-10.69308370543782,-2.264178947774735,7.27613727042772,0.7668108058165112,2.0873763685210065,0.6927657902556711,12.886075929254014,0.550970161997156,0.0690749697702539,0.6163594470046083,1706
MB_img604,38.10391690659718,0.0800240101574647,-5.336859341443824,-0.5440780260911463,-5.709393892197252,-0.685035852862402,,,-51.99966149970344,-1.362093973463909,-20.276139183546217,-0.903388906896966,-0.3324989557209995,-0.1375035237499349,,,3.877903313749219,1.3219280948873624,0.002644336712208,0.9154929577464788,2492
MB_img606,18.693495505110747,0.4286921312492877,-8.249033082551922,-0.6799813531326628,,,,,-15.675853209103222,-0.4457572215614659,-2.283268099202344,-0.1914161730458958,,,,,4.154878572258489,0.2423184913102733,0.0431260945709282,0.7466666666666667,1251
MB_img608,19.6770595259371,0.4262212377715195,2.8581448393795075,0.4284165290800436,,,,,-16.439964950471218,-0.4518567679760235,-9.51688925696896,-0.812054465458101,,,,,-2.4072658205523783,-0.5954168583583227,0.0143995098039215,1.0,824
MB_img609,19.222370972014623,0.25477195835982,-4.718715150691838,-1.0311206848027454,,,,,-20.536517880159543,-0.6926533140257365,-12.342129548132824,-0.5444889963175308,,,,,3.534199515683663,0.8585103417677984,0.0030816640986132,1.0,994
MB_img61,26.197688088122185,0.2681353696467234,,,-3.9841384353432576,-0.1579894546912727,,,-31.024067484761595,-0.7319603160489165,-4.049177115507227,-0.6234655744621674,,,,,,,0.0666110581506196,0.9101717305151916,1628
MB_img610,69.3186395100165,2.411411502932762,-14.036566367754244,-2.222255716350092,-7.610240705896368,-1.2679265605415704,-7.007467437100876,-2.046578366620329,-47.8152649793124,-3.5922915594602665,-15.922592402954397,-5.002364982057156,4.235657628972592,0.5778695399219131,4.383059668561017,0.7113808746002691,5.155792509142565,0.170823891893487,0.0526041666666666,0.2190669371196754,1453
MB_img612,26.34545491731125,0.772603400891897,-3.724761849326448,-0.9088129077395468,,,,,-21.62330593787756,-0.7319481209972087,-7.512187483516222,-0.8945193081252931,,,,,2.246594099966251,0.3089747720921726,0.0100334448160535,0.9411764705882352,766
MB_img614,31.400724986956465,0.2351369272098867,-31.369581749909965,-1.93954630521337,-20.7786850930928,-2.216481625576964,-8.804953232322141,-2.852426957707374,-17.655834603152815,-0.3947822122351627,-14.707233406433575,-0.524204454048622,23.98272917302781,2.716162870541472,13.354070640288835,2.778357225363136,3.993612506779035,0.3437247726578575,0.0170454545454545,0.3613793103448275,2367
MB_img615,53.34406768569279,0.4344074979296595,-34.85539240946272,-1.155718026114292,-22.437873187714175,-0.994601745421032,-25.08341908589826,-1.3005482718241368,-41.6335737028391,-1.549854805583479,-22.045126959963163,-2.7897002743224744,10.909803846751169,0.8107043672359971,13.894252976666577,0.9827139126591132,19.343621457514796,0.94284563057685,0.1008333333333333,0.552180128663331,2607
MB_img616,61.44922111278065,1.883622227235057,-15.672712107046904,-2.152044312714517,-7.147828701168344,-4.390254956321868,-4.6274935394422005,-4.20006486151431,-42.97844076181437,-1.6156490599772373,-14.490264072696066,-4.451334766107869,1.8327249723647343,0.4405535082444556,0.6848246926740127,0.2609374649982141,7.672534743082593,0.2400087572525769,0.0215643274853801,0.3004291845493562,1600
MB_img618,45.2056475736816,1.3377641121452912,-8.166431171760857,-5.715618859074816,,,,,-42.255145559758,-2.2820959428787893,-11.334815094184808,-4.149259365499623,,,,,3.801674522590782,0.4092437091478695,0.0,0.0,681
MB_img619,60.69158399800563,0.5126577468249498,-22.583833044833536,-4.450358983154953,-27.99493814297722,-2.597794458708332,-12.08572238920162,-6.022811650915631,-58.560688054315634,-1.7163283383676855,-24.207727084868445,-1.6853480513107857,6.40497631326206,1.2815138264414545,10.2262740237047,2.464532490330163,15.328666786726568,1.2289110791508315,0.0041028446389496,0.3037974683544304,2152
MB_img62,18.497757672331584,0.1731021135709499,-4.943200995267224,-0.529071299829111,-0.7773426146239492,-0.0586929523006512,,,-21.97809217010882,-0.5694449371227767,-8.332377554205783,-0.7034448757930798,0.2509744655725937,0.170826967736705,,,4.515036837013742,0.7666310561509709,0.0213022508038585,0.9627659574468084,1295
MB_img621,17.430792886215173,0.1232003078715766,-9.776192163226758,-0.4753804599753923,-4.115150167915385,-0.4624489796113617,-3.649860180275385,-0.7130358948619406,-16.868570719077717,-0.3193881658290573,-6.95721089961383,-0.3084393363571006,-2.1112785190493093,-2.317593504623471,3.123191797635432,1.3959286763311392,7.185185911343831,0.6855593696423811,0.0274409203980099,0.9344262295081968,2244
MB_img622,37.05846912260175,0.2160531526988826,-25.53440348005251,-1.70501522714224,-8.245340012877042,-1.056756918792739,-16.141298774317928,-3.170356512342883,-32.27024363578398,-0.7908852828674262,-25.44576349365692,-1.5993330544180635,10.077518749985028,2.4102365130150223,19.44895510468076,2.949089680048827,15.708152155780258,1.300088372618165,0.0122775214238628,0.5591715976331361,1988
MB_img623,15.85266159043103,0.0528301844263787,,,-1.0255778863648868,-0.0796300002578151,,,-18.41891192517076,-0.3484888963332926,-7.246822864778314,-0.397416628420815,,,,,,,0.0056526207605344,1.0,2237
MB_img624,70.59404653394212,1.343328323390403,-36.399795773655406,-2.654700008094153,-16.612297150866432,-1.0966816169786378,-15.375895563749024,-1.7344386661371671,-32.67235832587584,-1.7639510888073504,-5.519217950439384,-4.572889668420581,7.844059502030821,0.3805647764679751,9.930472419250174,0.596412217884321,3.479035655689694,0.1218873851620676,0.1258389261744966,0.2099712368168744,1878
MB_img625,14.077791650594,0.0986637982426646,-1.8792783437322929,-0.1457597843559788,-6.837461217486686,-0.3915394798961256,-8.653837148616258,-0.8949081729259583,-12.275442790891804,-0.28915856236854,-7.835566173930619,-0.3917310656529448,1.2692204030654617,0.6214883767462702,1.4027397122158751,0.7581598164353294,0.8249045390470418,0.1883767463055924,0.0304186228482003,0.9106699751861044,1683
MB_img627,52.714779078671455,1.3968627701395524,-21.76097458766972,-1.86202064062368,-10.475379815504494,-3.257422130937377,-18.205433002276536,-2.629526624629812,-28.56791727867267,-1.3420407568579484,-16.361744073067868,-1.8099512277125944,7.238352581944503,0.9325281554908964,3.887677578733457,0.3900393156928985,4.9121737769426765,0.2061471415371373,0.0498251748251748,0.208,1497
MB_img628,14.7143718441785,0.1528499382405093,-1.275141659624696,-0.1342209397606335,,,,,-13.982371299872463,-0.2640899444527348,-7.620778676949556,-1.1223898968590469,,,,,1.7502497411656153,0.2816544925488724,0.0061790923824959,1.0,1911
MB_img629,48.42216627424657,1.9326128696620168,-6.863191109626055,-2.5746397769290965,-8.805207282470594,-3.681898983224113,-27.135622603100717,-8.006592570252531,-10.17901710929586,-0.6768380707267957,-16.236026144717847,-1.7099178812507598,3.400326795807901,0.996797567961656,4.411240103585763,0.5566120878229452,-1.3603506784812345,-0.232660756790275,0.0080049261083743,0.0116487455197132,940
MB_img63,43.2240207198135,1.5582974922027957,-4.206736077483276,-1.6371465062531525,-8.076412356589888,-2.735612433172001,,,-30.5217285532764,-1.3359806816744408,-14.915082977512148,-1.2773450602786776,0.1074317704376789,0.0603972796439563,,,4.311487314120675,0.4715691563964771,0.0066964285714285,0.3278688524590163,1110
MB_img636,17.254480308108676,0.7030586857579355,-4.795902403185086,-0.5586758092008803,-6.769318474610037,-1.6074571385082428,-7.0593304267179535,-1.6469758248868276,-10.869930880941016,-0.5923254154403178,-4.024358802260026,-0.3064566861249224,4.124138073665878,1.0188780102056896,4.965826415341723,1.1354954538101272,-2.8383961347318607,-0.3162930387395395,0.0713414634146341,0.5697211155378487,551
MB_img637,30.78928708942797,0.4722568177144549,-19.691430240360173,-1.15417981585749,-11.481924248518617,-0.7567821579760877,-4.385027871005378,-1.1862892511569858,-22.53121599979045,-0.6524548919099697,-7.127035711396473,-0.6549642394236463,4.41418730994052,0.4942690763746695,6.86433625060068,1.7206637818371058,7.331734456588411,0.4398381783217399,0.0833899456521739,0.594758064516129,1423
MB_img638,11.195062786883112,0.0489442380623349,-5.090137523740025,-0.4292811933356578,-3.128603150464884,-0.0700004088862419,-11.54779493100473,-0.579551802454792,-12.327691349115923,-0.2989876083564839,-7.597168755987022,-0.5027808567736775,3.379553247399925,0.9117993959921414,4.73280691180933,1.567040592723894,3.811272031933429,1.016582884195604,0.1024831649831649,0.8835540838852097,2222
MB_img639,22.713940350403693,0.2237849360259616,-2.0408290846721657,-0.1687053070980943,-6.282008588074657,-0.9164766444377164,,,-22.734100898637067,-0.4689729666236281,-12.491649913771488,-1.3523938117209156,1.3917733563554675,0.7393720918733013,,,1.3025876244239227,0.1647339394586919,0.0177130044843049,0.934010152284264,1720
MB_img640,17.346807602969452,0.0629255719914182,,,,,,,-20.39344818623679,-0.4956449644667607,-10.22507295550404,-0.7617055319061601,,,,,,,0.0014220705346985,0.967741935483871,1996
MB_img641,17.890349170941278,0.1371779965532359,,,-21.519877023357008,-0.5327825577107566,,,-5.960646293459145,-0.4110284554157624,-6.739034030517008,-1.105648929890356,,,,,,,0.138663967611336,0.7170542635658915,1297
MB_img642,23.670144446745127,0.351067479004106,-4.973328949718475,-0.4655787719506044,-4.92990431162098,-0.8912937405575,,,-23.290800397296007,-0.4883061304609223,-11.197021950522531,-2.0384487241582785,0.7309810100948946,0.4035418604410144,,,2.358682261315236,0.2375033365835469,0.0246185852981969,0.8984771573604061,1295
MB_img646,34.13931906985984,0.0917391007969523,-9.73401168723585,-1.2631596343431288,-7.17938478182504,-0.6809113750431729,,,-44.65460074877299,-1.3615035426925357,-18.189760168053212,-1.51375668015862,1.5583716026428602,0.6954889581900472,,,12.892973373612246,2.4380629403775678,0.0035080183276059,0.9855072463768116,1934
MB_img648,20.56667288212799,0.501082624114743,-4.062396498705141,-0.5466971461178431,-0.7360744852905519,-0.141993242230959,,,-19.76927480586446,-0.6505619624322618,-7.407692280968828,-1.1413340725522696,1.707270773832341,0.8862995008352716,,,4.075917283610754,0.4289470189262015,0.0214617169373549,0.8952380952380953,865
MB_img649,22.70980593831468,0.7592022033227774,-4.276361211068147,-1.605553595494403,-7.866805785270721,-1.244826184630777,-4.778221082762725,-2.2684343935763835,-16.937103202541966,-0.8823579252621336,-10.13589973196508,-1.1493677695302476,-0.1553288804624645,-0.0874628412503394,1.722322813420853,0.8712666858777971,3.1480346183715624,0.579613846218476,0.0268264840182648,0.6593406593406593,523
MB_img651,16.838610543268796,0.3731014746493556,-8.885460831260996,-0.5008286041791646,-3.478368970270332,-0.4856761192897842,,,-14.700685043357554,-0.393169995466365,-1.2904522853990563,-0.138863915214138,2.9298922216492373,0.6755493953439268,,,6.002020909176804,0.2748523108431151,0.0864695340501792,0.7967914438502673,1193
MB_img652,36.35060269877033,1.201867409845287,-9.02165015669022,-1.405284448833258,-1.7728109109486143,-0.5480013569175438,,,-28.830574968889746,-1.4984586129870976,-7.159065706467668,-2.0340706760896925,2.077792275986782,0.784493964248792,,,5.907585831617462,0.3809565040357377,0.0229952830188679,0.6770833333333334,593
MB_img655,43.6215324079236,0.8014125576063407,-19.51951739661558,-0.8769113762620296,-7.049446039144246,-0.8091709980922754,-22.267922978013377,-0.718619805320228,-35.08823488809085,-1.4734376604059407,-5.67142275870589,-1.346990648081625,0.9659789962942824,0.1540655599019423,3.6080465679683065,0.1695409782428961,9.422762103813367,0.3768076267324106,0.2232343049327354,0.4567546380977267,2255
MB_img656,19.55274914758676,0.2481273940025694,-5.54176292156028,-0.5043533305118795,-2.0087014519350577,-0.1491580944953692,,,-21.62745942142827,-0.4610148661305325,-6.852114558834134,-1.10916387296345,4.678388438236511,1.4398285358468437,,,2.410012697663086,0.2789919797367701,0.033149895178197,0.8987341772151899,1558
MB_img657,27.1466521976735,0.6138287089478685,-2.53196844047502,-0.5545433759399265,-2.0320140614415854,-0.1576398528126393,,,-22.56937856534983,-0.8057905623548384,-14.00481331038978,-1.0261599938896957,-0.5195980295143396,-0.2761988650322415,,,2.8054194594915147,0.4644099470659383,0.0532094594594594,0.852112676056338,970
MB_img66,19.28033892554427,0.2011955461547757,-2.220319695555724,-0.152129918203682,-16.279158484572097,-0.4929542514217481,-3.876992119283716,-0.5868848128521846,-11.93117616368701,-0.3620669830592902,-10.57826676031566,-0.87695134251443,2.328224236021765,0.3773452092068933,0.0746944902910308,0.0538930079952022,1.2234390813223428,0.2272777185003936,0.1352756286266924,0.7515997673065736,1600
MB_img661,32.97426136483834,0.3530952992885341,-7.953332500952609,-0.8431077186460421,,,,,-37.0740025777909,-1.0148592785221775,-9.235848855737403,-0.8786569148795746,,,,,5.890516297579876,0.77337175936348,0.0084770114942528,0.9111111111111112,1297
MB_img663,29.598774903638176,0.1977322382980943,-17.52202151125491,-1.254190886668665,-9.140642219832348,-0.8018902405869018,-9.887089221232568,-1.5741432775139896,-28.882494662857276,-0.5801975951536085,-6.980174807282386,-0.3124988197387165,5.030069861684797,1.5269924320838262,19.393960133381032,3.2536220814964536,10.394845364978911,0.9820780920027375,0.0157774390243902,0.7205882352941176,2259
MB_img664,23.75958801191872,0.240076177828744,-6.813203600556961,-0.3106946564721123,-7.6352305198915795,-0.5214276985477244,-4.530748265696672,-0.6717462668632228,-22.875254769011413,-0.3924908292365704,-8.070950774265018,-0.9668171592870678,3.136432150572553,0.6059349149349725,3.743785259984009,1.1272806640338189,3.805791687584229,0.2211822562108674,0.0631169324221716,0.8484513274336283,2278
MB_img667,18.265428062595,2.324429982120644,-1.1829753173749635,-0.20387233336565,-3.5389083487238264,-1.1047313240330057,1.9674330847687609,0.4819685073978306,-7.333743050029867,-0.5782251461820576,-5.292021955167007,-0.8116399347085559,5.711806838925962,0.7391531534039701,2.8463440750813525,0.5432989689917948,-0.8851457992708736,-0.0482122472329692,0.2047413793103448,0.2444987775061124,812
MB_img669,32.22633680817525,1.688063851522786,-10.824231067634011,-0.8680301202364056,-5.216951211405343,-0.7100823000152585,-5.522654673412553,-0.6453243683249593,-7.089539093733281,-0.4140136023853396,-8.870357632804804,-1.1001195033955844,6.340824224658321,0.4816527682091569,1.5689678587446867,0.1157587230816409,2.2935931064384083,0.0933084805885459,0.2168918918918919,0.2558764271323036,1262
MB_img671,17.008554271599596,0.2577289224778182,-4.01688439984379,-0.2485386549693637,-5.60978293833338,-0.3789814071153276,,,-14.937931670785392,-0.3815148830553837,-13.213943467394497,-1.0083912702591409,2.259205828925728,0.5018114129030544,,,2.8515269678277506,0.2132618916912283,0.0720363849765258,0.8658536585365854,1520
MB_img674,30.33907880331804,0.2268993591037014,-22.12728697992562,-0.7998831389157569,-12.63073934401361,-0.8401382408104532,-18.06956756257226,-0.7938422653133673,-16.548939560752483,-0.3721161387564917,-15.310935402011683,-1.0203268011043762,7.832521771224033,0.9881431212259332,11.694829038671,1.0964271296699537,6.321497766826298,0.4607882778160641,0.0919402985074626,0.6682692307692307,2485
MB_img677,36.45328547059339,0.8007441341595091,-12.162105620865097,-1.4935107086575374,-7.649777385335703,-1.4748117228531286,,,-24.248795321371805,-0.7479453954630002,-15.439374380316496,-1.3305771461900278,8.950285679595364,1.7847187256145742,,,5.840056313953711,0.3622383168166849,0.0219216417910447,0.5645933014354066,1375
MB_img678,54.93189278228102,0.8894486536649563,-35.819848647795226,-1.5051026074574687,-22.44931177908213,-1.340330636271476,-16.24484803160057,-2.543692713622174,-32.676887920065695,-1.351391798547774,-10.823273228812534,-1.230066349221869,11.582511562180285,0.6234338024248866,8.161352929160273,0.718667241548891,10.068322301924592,0.362146041882022,0.114524348810872,0.3450405248938634,2095
MB_img682,53.65791381785501,3.006344120951572,-14.778414728737632,-4.449189923612972,-11.56626969915688,-2.7059276501963923,-13.478598942669954,-3.8377330437350654,-10.868720919079855,-0.8558644977792604,-10.102138409932277,-3.513490745588118,3.9259634709862574,0.2696070597572799,3.7413042197478266,0.2300167373954502,-8.245918320878122,-0.4022650653929652,0.0355504587155963,0.0231454005934718,1146
MB_img683,25.889946147177486,0.3172369188066684,-16.964109399273188,-0.6221463235280915,-9.57866697026013,-0.5892771579593408,-15.776179363677494,-0.8755359576665931,-19.88119449593461,-0.5798349471145732,-4.918053651425393,-0.5155764378499453,3.8235999155873808,0.4672392872915101,4.278217451910726,0.4473328727763166,6.512227911349119,0.3934521534312948,0.1374195032198712,0.6693589096415952,1854
MB_img684,14.746074795616124,0.0693930129917316,-5.5822954209018425,-0.6551387903604116,-4.160343189387711,-0.3259790891411748,,,-12.059442383039755,-0.2507670659661234,-12.6689386152491,-0.5202247705832284,0.3627679075281097,0.230228260750552,,,5.0619280205903685,1.1996848682851715,0.0100162866449511,0.9726027397260274,1868
MB_img686,68.36907825216012,1.6137932773575685,-28.441011169374253,-1.8547409994402024,-24.430400099876987,-1.6283563270789223,-18.32723400947094,-1.8926412421048016,-30.039159649019226,-1.88638428266286,-19.306070896480986,-2.8830740113708724,11.207094453616346,0.5215372746806887,6.46470999662266,0.3629907515092485,2.009685258772509,0.0757023818061822,0.1155778894472361,0.2027534418022528,2263
MB_img687,23.538071139195107,1.0945645622778697,-3.227562484107183,-0.531160253950286,-4.074133731101231,-0.3716517868360706,-2.433191055978732,-0.9623639315069502,-18.908649164528217,-0.5503236937752095,-2.6113557915956185,-1.160735829987652,2.2959417781487077,0.4639470997597901,-0.1576904435225025,-0.1088032114966266,1.0440711552689468,0.0640851125786941,0.0708333333333333,0.5047619047619047,1296
MB_img688,23.49125435706364,0.0659597091864459,,,-6.3884625903749015,-0.4735096652860129,,,-32.037589467959364,-0.8628956809709275,-12.040808356931358,-0.884996829820052,,,,,,,0.0058091853471842,0.9411764705882352,2014
MB_img69,22.98875937568877,0.1358717033606344,,,-1.733070607720091,-0.1981448750897706,,,-25.272986668990747,-0.544126959774851,-18.47434221883186,-0.6909531964093699,,,,,,,0.0029346003353828,0.9836065573770492,2338
MB_img690,15.368647488364209,0.138948324274012,-6.448688247822906,-0.4183100621335064,-15.158925734629046,-0.5713303681456086,-0.1913221405194216,-0.0158581004472168,-10.059628061632878,-0.2597263067021145,-5.533836716341252,-0.4433025669918133,6.639893127857101,1.0054691997729617,0.8437297143595969,0.3572984281667673,2.8821191533063395,0.3971155912815814,0.094807868252516,0.7926421404682275,1599
MB_img691,30.65640909888731,0.3062396781766219,-19.483909773984934,-1.0272296502234903,-17.06341727193857,-0.9952399307942577,,,-24.635882361906987,-0.5644244020495688,-6.1543702271312295,-1.0206771154059462,9.213461936719282,1.2004645824016953,,,11.309270715408166,0.701457820079813,0.0531015037593985,0.7051948051948052,1690
MB_img692,27.988381954578458,0.3134373993589056,-7.593157791075429,-1.1927465138713933,-10.909883283557644,-0.746222641036341,,,-29.340761031542147,-1.0764469159770131,-10.034336524272971,-3.0525680508041537,2.1953464008366974,0.8581312836886632,,,8.907942140675054,1.2420014652749762,0.0273997134670487,0.8565573770491803,990
MB_img693,18.987462025343344,0.1661824760717726,-2.625091147109154,-0.2808649722221815,-1.6891144481652218,-0.0968555436243762,,,-24.53417513051597,-0.5631826815710922,-4.292144964642146,-0.5660303525699519,0.5246786822337548,0.2567004721117431,,,3.5550387195253004,0.6697751479421279,0.0345188284518828,0.9571865443425076,1334
MB_img694,36.056326743673246,1.9639621768993791,-8.702613991077707,-1.173001156361357,-6.03843177814549,-1.4425862857488816,-9.581381690550725,-4.120849564414153,-16.212735275057494,-0.9631181415526128,-1.8694732679624757,-0.2414203846186862,7.494384574837124,0.8416629728328995,4.881704759367208,0.5782311421131217,-2.260073097194652,-0.1158962954161695,0.0726744186046511,0.1538461538461538,817
MB_img695,43.12672106875954,0.6216299858113307,-22.547446880686326,-1.3552900441503255,-15.503396087091748,-1.1485890506155385,,,-37.72082631491899,-0.999031089238094,-15.502326560860606,-1.7632717825025237,6.264339038386932,0.8304247852101198,,,7.264058200298312,0.3854415837192544,0.048076923076923,0.5788787483702738,1946
MB_img696,15.658889608619395,0.0768158832635307,-3.579841257320721,-0.1383796329641773,-4.616736707352209,-0.5094532747888084,,,-20.598040694612305,-0.4486071258847812,,,-0.5373341572650719,-0.3987151939769109,,,1.784895561098601,0.2432328759373748,0.0340983606557377,0.9300970873786408,1866
MB_img698,30.22951527805968,0.3204744278965818,-13.421047166041664,-0.4205207390879575,-24.14279032193017,-0.9181729672679884,-27.23338058762733,-1.885654044866359,-14.98883971054311,-0.9562919677892788,-7.408363262529728,-1.0272142968388878,5.320022065997403,0.364590709798132,-0.4414952265045666,-0.0491751702216388,4.079800017283838,0.4242573993896334,0.1898148148148148,0.5437482749102953,1909
MB_img699,39.26307659648735,1.084190494316777,-24.88652568777029,-1.4655197040515162,-9.746054051038632,-0.9117307079277456,-10.047039045808598,-3.148662997687077,-20.635319173254768,-0.8831021431853151,-6.298737721274423,-1.2980943001380856,5.267614904219009,0.3332307156531836,7.233763236177488,0.7889004454583448,6.961974623519698,0.2350493360995187,0.1328781512605042,0.3331494760066188,1420
MB_img7,17.862810997506696,0.3029166315303179,-0.2888834681113505,-0.0502642232960898,,,,,-14.5944904393194,-0.3320355129904436,-12.212722509904005,-0.9360745762999512,,,,,-0.8809975568392315,-0.2068515704406698,0.0077479338842975,0.9636363636363636,1377
MB_img70,47.68762641851716,0.2505862093022889,-7.74625867072238,-1.409843475363774,-9.656451053395674,-1.816087658600206,,,-51.3275504041477,-1.1622538104373692,-27.75432097704105,-2.078490559342581,1.296613626548679,0.6214883767462701,,,7.61322542391794,1.4648518944215505,0.0021604938271604,0.95,2115
MB_img701,14.026559450565127,0.0908760376784241,-1.96769056233022,-0.1429326320745693,-1.86328849101748,-0.1716476225913202,,,-14.553574274468511,-0.3835914900901392,,,0.1608535740361563,0.1046973786666932,,,2.467197983163387,0.5090717177771512,0.0194300518134715,0.9783549783549784,1433
MB_img702,12.098964912921806,0.2457759584326753,-4.701046244381591,-0.2900533751716693,-3.734306929874656,-0.2372296129697385,-5.083146376297079,-0.8965567918354762,-10.783505632434936,-0.3775944315624198,-2.124677856547187,-0.2313677295552647,1.9614562280244985,0.2954558835261713,2.4708930267884552,0.6819242306082441,0.8727188600260387,0.0890305084692117,0.1666666666666666,0.757396449704142,807
MB_img703,12.497803062380363,0.1385700928350885,-2.783386240461992,-0.2743237914885724,,,,,-11.511562825446946,-0.2608520623233589,-5.049470260284073,-0.464134785120026,,,,,2.839890231996972,0.4161416227992224,0.0140171503957783,0.9831932773109244,1096
MB_img705,33.451739040269366,0.9923993691061728,-15.081759270744977,-1.8444013056321384,-11.134227621520688,-2.165417251162332,-5.376251016858545,-1.903681039132628,-33.28506037643994,-2.5810793586147915,-8.743948468652677,-2.742437445376266,3.3855315171466063,0.6025255829541019,1.4269448811133163,0.514573172829758,9.605890819856183,0.6183398185281878,0.0380658436213991,0.3892857142857143,556
MB_img706,28.999100202664145,0.1415333667128487,-12.41902312658854,-0.7363677823797016,-5.25877075259378,-0.7673288391214347,-18.596559853254096,-1.780023707967321,-34.23393029296825,-0.8616432879263924,-8.580079824837082,-0.5146246967325829,4.339239117334548,1.627843871786094,5.877012192144484,1.631971220621871,13.704172538932047,1.4495947213152125,0.0188180169286578,0.8195266272189349,2057
MB_img707,46.86172305667351,0.5489993711324027,-21.36361835569381,-1.4733503099142802,-15.297335592534663,-1.0972098910812746,-8.400712708422988,-1.1753453590119962,-38.84637042898531,-1.1672161739426137,-6.787397868096219,-1.5624798853426505,5.203377782444592,0.7115711224637696,0.4457980607159916,0.1415216095767273,14.354208059378102,0.7439975290498455,0.0433518705763397,0.6059817945383615,1747
MB_img71,30.78281682420799,0.4097978301368802,-4.563339124246744,-0.7782085763980876,-2.69044856809915,-0.1971090165488894,,,-25.532539734358785,-0.5669122179774696,-21.38730426088529,-2.0612777138359584,-0.257629651505276,-0.1784490737488509,,,4.35918220013865,0.659220499426904,0.0233739837398373,0.95260663507109,1559
MB_img710,28.50537208646684,0.6299280294472046,-2.302492436780143,-0.62993940943954,,,,,-25.721758698710136,-0.6579911309491977,-8.026855713801282,-0.9371113736764478,,,,,0.589334949756791,0.105667257722306,0.0027066929133858,0.9375,1158
MB_img711,12.69997015903355,0.1258452434436952,-0.6257566417148475,-0.0444440819579247,-1.545381843665139,-0.1843455171884837,,,-13.5981325839953,-0.2432408984692489,-6.150409447432943,-0.4706354589981125,-0.1644167434596662,-0.12212049105055,,,1.322451688348544,0.1578215766025088,0.0241681654676258,0.9800796812749004,1712
MB_img714,37.5391972472822,0.2714219150510278,-18.10151544187078,-0.9414078461217144,-14.528820441552789,-1.9825507358794896,-9.380764091663352,-1.248165709678227,-31.510904250523545,-0.6093862981479802,-16.203829003228307,-0.7591496209242785,14.626536163477304,2.483209001920423,13.298996000374188,2.484825829435706,9.406365426047769,0.6989690075981165,0.0242091672046481,0.6743362831858407,2323
MB_img715,15.782064176059416,0.0822249010239537,-2.6927269546676063,-0.1795382701622857,-6.1407941454288375,-0.3871432574887706,,,-13.332544374060634,-0.3378570130571019,-13.575483841693964,-0.5502535872237381,0.3302416386811473,0.1721809753826803,,,0.2226080758603273,0.0748941677472837,0.0156453715775749,0.9757785467128028,1839
MB_img716,33.03005954717473,0.3219621705723631,-11.718457826225864,-0.6660398724342679,-12.747626305550597,-0.929887264027704,,,-28.389728733994545,-0.8105182534242193,-22.2592540694486,-2.882420737158476,3.824780804743301,0.9196524269388036,,,9.371317936336558,0.7128268973305651,0.044957310565635,0.7987679671457906,1438
MB_img717,57.620034721045386,2.179015781199099,-17.423465123385387,-1.3174471677037765,-13.897149868379678,-1.2446912548153222,-17.273044480237644,-1.7788768341155694,-17.03998739036972,-1.3571885179649217,-7.640938231929318,-2.4829404533314507,3.8589656962062864,0.1614940591327644,4.219948513335248,0.1622057276006526,1.25440484792484,0.0438479159553482,0.2280465949820788,0.132987502947418,1892
MB_img720,21.93219348107469,0.0530548760588512,,,-28.580344707863585,-0.8640057889868855,-23.544114520238267,-1.6310337107745656,-14.276758476189064,-0.5259165435174373,,,,,,,,,0.0255229083665338,0.6584699453551912,2185
MB_img721,17.863768336559712,0.3159668230838158,-4.480317363657361,-0.5161727755250876,-0.0205154248087219,-0.0031524486669219,,,-14.1848830197423,-0.3227634167001396,-9.402621886816906,-0.7380952628857297,2.295086404578992,1.0414666172953844,,,1.9018955551685528,0.2030858741314764,0.0226474719101123,0.902439024390244,1387
MB_img722,30.085557518931065,0.3142771728002141,-5.20851362960684,-0.7756358845515726,-9.972511582117065,-0.5104391089651209,,,-29.672478463696955,-0.8361761746693118,-13.80338392819947,-1.0579040731184195,-1.0536034376760393,-0.6870606883398924,,,4.578200008183153,0.8797744676819006,0.0396039603960396,0.7389705882352942,1393
MB_img723,62.605616200460425,2.4812611034577827,-18.53391729331605,-0.8297297551981263,-8.394519311764517,-0.9038155359487235,-25.54889442070728,-1.571272297129114,-7.317898055849692,-1.3025237777356442,-0.7102092841165405,-0.3010022560328143,2.232614498576313,0.0793215134508035,-9.07996538217744,-0.1834614997805621,-2.5473596974753634,-0.1398152161629753,0.3812724014336917,0.0990425203335735,2635
MB_img724,29.639791991167684,0.6965620049020809,-15.712835807416916,-1.0866350004039325,-7.644442139005203,-1.0032981699991017,-8.54042205052127,-1.8774422413565472,-17.628806286553584,-0.5515031888306184,-7.067978157181067,-1.2246829309532816,3.208310690755756,0.5902965811332618,7.61565662983841,1.218624144523229,2.803006945006084,0.1313688973106834,0.0701754385964912,0.5052631578947369,1089
MB_img729,19.449042249632328,0.1680678885091553,-0.685466046011173,-0.0755844902964233,-2.0468281732621505,-0.1315419655112181,-16.09160407371295,-1.5330466834938548,-18.672054355094364,-0.4104300310546073,-6.462476739394996,-0.3693390234197189,0.2177961907418884,0.1440103026915194,2.6583313990781567,1.1844245711374273,-0.7422082760106306,-0.2147169231698558,0.0274923896499238,0.7687074829931972,1900
MB_img73,22.20813162710755,0.1038238738951845,-8.039788374876226,-1.110685798067636,-8.407594183855837,-1.12267271882414,,,-27.43215608570137,-0.8110490964609649,-18.029325608173163,-1.0142041304621696,5.206136630517023,1.6438561897747246,,,7.536095670913844,1.7722164413492585,0.0035133136094674,0.9298245614035088,1571
MB_img733,23.6015629894358,1.2198840309969772,-5.727923019513264,-0.8782637344559254,-4.2020146716827504,-1.5010569236595146,-14.470974026094323,-2.563262745539425,-11.255259953154832,-0.5105887042740277,-1.685352066913536,-0.1987621472809806,3.8286987505610535,1.0977334309169289,4.65301361042584,0.6005088923566657,0.638761921335878,0.0423429298771043,0.0564720812182741,0.2806122448979591,866
MB_img736,26.694058583805955,0.2312877523847389,-10.017506650840325,-0.4274188006640473,-9.296252383436858,-0.6386238655128537,-2.659054059187373,-0.4158858939171647,-25.88554195206797,-0.6134521037218524,-13.030165681668194,-1.1190448600003329,1.2711172602702905,0.3140598515540231,3.428548098094128,1.2847056309311635,4.621257781658328,0.373190514169374,0.0537173202614379,0.853416149068323,1787
MB_img737,58.25165182233907,1.1684034797394822,-35.69120495786484,-1.6260718140999038,-19.38012365377926,-1.6779466657323006,-17.31422759274729,-2.162836874714244,-21.868793242511703,-1.777741155353698,-13.604111381991675,-2.241268177329375,8.780304604238344,0.421612247845691,10.693283922282538,0.6121449511859017,9.39109157838473,0.4284484694931172,0.1452402135231316,0.2489946380697051,1540
MB_img738,54.13881645934735,1.2313044415826522,-26.24120837494419,-2.5593694420237534,-14.430875302581615,-1.20484401995145,-16.07144929384389,-4.1034976397033365,-37.7690374161948,-2.347750010126421,-7.663780858810348,-1.257345933731273,4.403780244804323,0.4013295279770285,6.804125166098275,0.7799649240260984,13.213717911136497,0.5617539059985713,0.0539647577092511,0.277120315581854,1220
MB_img739,22.447549451212947,2.662764652324789,-4.267008916569876,-0.4209507189873191,-1.091237861415527,-0.2028878334701434,-5.605240983131509,-1.0974642334078386,-6.42486820533777,-0.881690041483376,-2.081229783522052,-0.8180324746580945,0.9626197005252096,0.0562175577132714,0.2825668888485493,0.0132525992639828,-8.988678545764332,-0.3763658139046099,0.4676724137931034,0.0947042906841901,1071
MB_img74,37.549024882448585,0.4569456707131894,-15.498578332607996,-1.4636499878864992,-9.838983798682074,-1.283543542372508,,,-33.97995652431513,-1.0505756030952946,-21.593171137100057,-1.0267360755888328,5.003768217303391,1.4446512659827502,,,11.094861788306172,0.8723819340024981,0.0166361416361416,0.7435897435897436,1384
MB_img741,36.98542414661738,0.1343241778402065,-7.609934560025357,-0.862967483450099,-18.853524154891684,-0.8037711591452074,,,-40.24755030791478,-0.6826569619978485,-14.556604134067284,-0.95688533167454,2.582313160554899,1.1560161559516735,,,8.167853365324723,1.4613098163801477,0.0118380855397148,0.8997772828507795,3618
MB_img743,98.47491929456126,2.4958951746453315,-37.12216228530208,-1.2524777174569692,-1.4568718283388604,-0.0627522478537518,-57.7388037338351,-2.086245762382651,-2.154342532755648,-0.0868568003099034,-10.469357412135816,-3.0653892059130325,4.5066020058103895,0.1118172640882108,-6.8512414534247705,-0.0735225215745913,-6.46705881230682,-0.1575584814368262,0.3081543967280163,0.0853746634268076,9576
MB_img745,79.75607780111375,0.6785617640717142,-37.06241725711119,-1.462015179009048,-41.5982959386749,-1.465091490917379,-14.15407254105898,-1.7327113925597837,-55.57643978263803,-0.8182177922070647,-23.600018163017065,-1.9210221827296745,16.497801474801335,0.8597251185013186,6.122970007411131,0.9400461247749128,11.813552679472457,0.3474014776921568,0.0613558352402745,0.4643281807372176,5590
MB_img746,95.60673804979172,1.9956196207753607,-40.74723684840794,-1.3738105272953502,-23.870507241766614,-1.2247998918147678,-34.29839737799167,-2.029456829812725,-22.826965210895427,-1.3776983108835612,-13.477920805407244,-1.7254963357965036,4.8413861064462775,0.1241990272470946,11.531417956612888,0.2187766824418228,-5.150902077658034,-0.1393142064595335,0.2238900100908173,0.1346584177964986,5596
MB_img748,15.910408260705951,0.0357246694059149,-4.76207412144367,-0.1542421367225954,-5.873762276386543,-0.5096710057775057,,,-19.23842008987304,-0.3048973706952368,-9.166890722090544,-0.3915789676999063,2.878917722484115,1.2653445665209948,,,4.967844056982676,0.7654515163576143,0.013616485555261,0.975206611570248,4246
MB_img749,47.26254250107827,0.1079797270192458,-9.490577325108395,-0.7737985737516847,-12.561782206041585,-1.2367069019953527,,,-60.645026260264494,-1.0297949268613549,-24.98457138853776,-0.8974010482523033,11.928542129096035,2.588573754273535,,,9.815806340115564,1.7284747212254776,0.0030983733539891,0.896,4475
MB_img75,56.42643329487243,0.8496884149706483,-21.6193832973786,-2.432942281164948,-13.730205304175865,-2.1607230264604715,-12.251187369644391,-2.2856867460381807,-40.602377953409615,-1.2931062785377037,-31.50824670196629,-2.141045081460541,9.995882428751168,1.5688227980659033,9.852801924075669,1.671623065967334,12.458946649481971,0.6927056228427081,0.0171394799054373,0.3317191283292978,1839
MB_img750,82.33573248287152,0.3546754373261037,-76.30156240024729,-1.7076876639969891,-42.34886551305883,-1.3754893558098875,-29.132543917713456,-2.269634208119186,-44.58535372425604,-0.8109196569199527,-13.121115963780747,-1.5539959865004422,27.60745657577379,1.1854963574144728,24.855171108644296,1.66492676483356,25.24362609596285,0.8719031992783383,0.0590429637252379,0.4443541835905767,5726
MB_img751,40.09423730678373,0.3908602086148677,-39.38194596257959,-1.032140431532252,-27.803517825359048,-1.2557487331716533,-36.89892534365049,-2.2357582091302164,2.4268189730972773,0.031059628858725,-21.97876802828653,-1.3966947292284078,28.550881734748742,1.1867584759375518,15.712271517109508,0.7849313788204431,-19.14935463247948,-0.6611746076158704,0.0879885993485342,0.4015901590159016,6602
MB_img753,24.94432611517672,0.0689668403152135,-12.732744283582472,-0.3501180778858453,-9.941973468124347,-0.307654149001737,-12.745151371555652,-0.5031764453799026,-23.37901361866582,-0.2790543414369854,-17.738732014453735,-0.590243631263634,4.969975449886407,1.010240688252798,3.511715458365575,0.8923121306856265,7.922383605990546,0.6637695172141738,0.0353406909788867,0.9150360453141092,6334
MB_img754,60.75998771363199,0.4944961410422541,-49.49886515446741,-1.335825316725201,-31.53319060444568,-1.10343756097667,-10.204701726105636,-1.743443158237411,-30.79884574663814,-0.689086075947519,-25.20800716799996,-1.047426000082954,18.57707523237524,0.8235350605031375,9.157827155423815,1.321234658180482,13.260520640937262,0.4311267948322417,0.0952476038338658,0.4910219463533584,4559
MB_img755,82.32742923319415,0.8475998832747185,-60.08069564743213,-1.1314348464854191,-26.943525704748406,-1.1028042720679017,-27.538196169371595,-1.2189992457893046,-32.408106874059015,-0.8711227404315275,-17.186511056294812,-1.6026839240974813,13.688066210048346,0.4041201021124944,13.571882425957831,0.4610675909253451,13.837329212354833,0.3006968394280235,0.1953342618384401,0.3634534304331161,5533
MB_img757,36.35261716148977,0.1723645356459129,-22.46504307784908,-1.0667531806506196,-18.52381581481647,-0.5475393161889266,,,-29.459959489260925,-0.3357058479816395,-13.47909127690158,-0.7915808455047013,12.208869857614456,1.483721691525222,,,10.022916374816916,0.6540075927717526,0.0340572888649811,0.8043193717277487,5475
MB_img758,82.14226405035375,0.2105406412256544,-19.472378594365143,-1.8165476421639828,-52.59942039312148,-1.5851645033021675,-12.149083780341552,-2.1582873056375376,-88.2607632690746,-1.220897112644023,-55.92209453560626,-3.379414773481986,13.664001490286644,2.408059516916272,4.514289575965499,1.5940076403241632,16.316757309292093,1.7554382542376852,0.0097692831602247,0.7309711286089239,7359
MB_img76,23.02658493813909,1.3849673210553637,-5.323279343846634,-2.66760832567372,-2.3108831091971376,-0.3775546115828893,-4.824965885027892,-2.60139939053183,-16.25037033103631,-0.6694180893093689,-6.24167616485776,-1.1614671124465357,-1.1415471642152306,-0.6304054714823233,-0.0705336798983295,-0.0473057147783568,1.658292273864528,0.1829349529969409,0.0424836601307189,0.4809160305343511,740
MB_img760,50.68243804931818,0.6464921301867718,-11.990342298380677,-2.847416759022967,-11.384565995433814,-2.2880375138266484,,,-37.09633717606387,-0.9005549451508451,-29.109285600472305,-1.2766685388253955,-0.0088711278452009,-0.0053999877425899,,,10.277313479900933,0.9882600229380468,0.0038252714708785,0.6666666666666666,1990
MB_img762,44.87693311986752,0.1592263627649099,-50.111140429433085,-2.3369944045678004,-33.13830717027776,-0.667347624275299,-23.074892853277976,-3.85295220485986,-32.651172431001164,-0.536413207608665,-4.742539610468551,-0.7534333879268805,26.466532250583292,1.6635723354175227,24.97992393934326,3.226116170116057,22.151726792937403,1.3642130673405148,0.0579268292682926,0.6345047923322684,5040
MB_img763,41.599028598293536,0.1716590128625351,-27.47738860394684,-1.3060114962787288,-28.22849659000636,-0.7995666582795514,-8.820581883771904,-2.831674601253017,-24.94796755130712,-0.4292964750257234,-37.87449830859182,-1.8778207226129244,16.311060311476524,1.6122797809569194,1.4294248699713683,0.7581598164353294,8.19421678759597,0.7592458522207999,0.0349095646842428,0.7192575406032483,4245
MB_img765,42.808784799108544,0.3177595751387596,-10.418458999464336,-1.1347959313864426,-24.22237350655382,-0.9050325555510575,,,-37.98556169993068,-0.7910070004313446,-11.685840123871108,-0.8151911371734931,4.168905920864908,0.951848377814888,,,9.405349544521885,1.029775601586485,0.0267991004497751,0.8178694158075601,2925
MB_img767,66.16814351645043,1.2427525069441814,-33.24381977751049,-1.4337146910879346,-16.030634867500932,-0.8310637285837743,-28.29077771110004,-1.066442309939797,-26.788167188536104,-0.752321985646062,-11.111896872115054,-1.0034618301117084,13.68970289132628,0.533224757243847,8.969248288003824,0.2797072262194917,-8.648350889230288,-0.2820975962581789,0.2208777686628384,0.2578158923143726,4511
MB_img768,55.52253425673274,0.1769317862872764,-14.761591553458674,-1.070682528794935,-9.655726923203352,-0.7168290171521908,,,-60.43467964014714,-0.9839305869743854,-39.5776411378994,-1.4963828561559551,1.9494539361296543,0.9742624385863916,,,12.374044144570338,1.43500591551144,0.0068278913640524,0.9483568075117372,4133
MB_img769,83.10998119239437,0.946524640687519,-30.98571404896709,-0.6103780711839459,-20.222086659366923,-0.7470247148719175,-45.58533830216458,-2.313529878660176,-48.29728312753684,-1.215997594923915,-6.0084761975819525,-1.4742590363149364,0.8835306800404822,0.0338392923048131,12.399116951489068,0.3922881476082376,-8.186796510990227,-0.1741859847435834,0.2167329279700655,0.3962122632664541,6078
MB_img77,16.711717945070824,0.2464291406822844,-5.951540493120558,-0.3297285222613135,-11.872818164764595,-0.3674632042715149,-5.100580253310433,-0.5471767664861771,-13.443102662111627,-0.3205164869000674,-2.9539770863440635,-0.2595890841972791,1.2320642516685514,0.1402365447619112,1.0948601541309138,0.3456663048389385,2.149860235953541,0.1691973192703539,0.1576520438683948,0.7326478149100257,1914
MB_img770,28.53558066429145,0.4616154099716993,-4.715963535895082,-0.4337438765762225,-2.372026964061136,-0.4079125396942891,-1.9287225440959117,-0.4302852729777809,-19.133290075427485,-0.4128244319520922,-20.149061113047647,-1.185537931895896,-0.2348018869629714,-0.1440463696167068,-0.4772501551226364,-0.3812833725037835,0.8424910537526699,0.0846703239869905,0.0277777777777777,0.9110169491525424,1756
MB_img771,38.868304596169786,0.3145547498372929,-5.247873305899823,-0.6321457404333594,-5.588778723362522,-0.7354337579025901,-1.172401799040222,-0.1169983791890744,-40.40516190364512,-0.565569471722633,-18.70826859622741,-1.1396306866386805,-0.9726475776781616,-0.8836208162856712,-0.0053319212012815,-0.0036022366801955,4.346935520164866,0.5025178490703869,0.010475161987041,0.9578059071729956,3920
MB_img772,50.05880970990265,0.4476495724855032,-19.91193775545847,-2.4724601174687257,-15.513292871986907,-1.08194953273165,,,-48.24032555345479,-1.2040664461585178,-21.715192714343637,-1.027168498318506,14.467849303202309,2.22562595658823,,,8.898906199181958,0.836293521292845,0.0152747650036153,0.610126582278481,2216
MB_img774,68.50920740883103,2.2189829700171493,-9.279599689002415,-1.800668341893484,-5.083173726367038,-1.421263700854267,-22.765423340112093,-4.21491879909559,-17.222547470378085,-0.7380062543719694,-25.176734629530184,-1.6214945952459756,9.15307930485902,1.4876213919244543,12.056966385380305,0.9582472765594274,3.293728575105165,0.2220528438273154,0.016554054054054,0.0665597433841218,2519
MB_img775,50.36339855585113,0.109934083981049,-12.92976391712985,-1.291684445046651,-10.33044769989155,-0.4383547525527428,,,-66.63595631149069,-1.0413583146801977,-16.177964238797813,-0.8607561372702914,5.136800644647026,1.823677227359537,,,12.714446313930836,1.985443536411032,0.0079151031894934,0.9415204678362572,4954
MB_img776,71.23797833162254,0.518116720880327,0.253738796950457,0.047779404543092,,,,,-78.4384922645726,-1.0821296340152706,-12.763998818586105,-1.0980012613023082,,,,,0.1377818398980676,0.0317986302116596,0.0017103205629397,1.0,4589
MB_img777,19.99350029268856,0.1414186670024951,-10.992897463442745,-2.33706231078854,-3.451229444823292,-0.3943769449570547,,,-21.45905377161799,-0.53691490041467,-13.374817380417376,-0.6246468235091983,-0.6559498992074562,-0.4854268271702417,,,6.051736485583809,1.309458742925146,0.0040566037735849,0.9661016949152542,1737
MB_img779,56.42749947100575,0.1644896913423505,-13.32592877389892,-0.8960530478994535,-33.92916265038839,-1.1619894515831963,,,-63.645919647649656,-0.9285534668945084,-33.440399199869155,-1.240495703447271,12.844917943794597,2.3354113242509844,,,12.277740637427735,1.4588099013077491,0.0129583746283448,0.7974193548387096,6282
MB_img78,46.34881331814008,1.1490878959747126,-29.89271541979172,-1.6343099259382392,-12.703675200809291,-1.2222397471164113,-13.939730404467868,-2.1275153691344237,-19.20456656911732,-0.8478168585016901,-9.112358241876835,-2.3250646661209533,9.68912168367766,0.5367570285847979,7.785886572610073,0.5109742953908629,4.788475825557586,0.1703653475249583,0.139910536779324,0.2542717656631407,1559
MB_img780,81.05084353371304,0.9335181845101682,-29.400617558724964,-1.2972266748738928,-35.87819713639364,-1.7017367739957592,-16.55594131065692,-4.160957411496157,-63.17302850707745,-1.4133615832493716,-21.811790615095656,-2.893622238588608,19.61007529831199,0.9060440549157932,4.175375423656571,0.642741900479425,-4.649065047785932,-0.1589740136641805,0.0733477011494252,0.3618581907090464,4192
MB_img781,66.19388630859056,0.7239455170434119,-34.64664830903729,-2.574880930660838,-35.12621889854737,-1.1435881893696198,-7.96928511851506,-1.6184064791332335,-36.79169465431624,-0.8247678531432937,-35.69479009313635,-1.7395005806422856,17.318590548884803,0.969989245469873,8.32037159828444,1.556923848637327,3.8864528824319975,0.1970328256155672,0.0695968184311574,0.4157580021104467,3918
MB_img784,,,,,,,,,,,,,4.660965010531218,0.2152928261847243,1.8870727874599948,0.1227477176741418,-2.776053406445891,-0.0843287920397556,,0.0,2508
MB_img785,63.06048284199924,0.5481472736015243,-14.132767411881956,-1.1073474236962857,-13.898849708375144,-0.6940981912672655,-5.02721863644608,-0.7896344152185691,-62.18350752396699,-0.866928366134474,-19.535924839589462,-1.2256597371195808,5.750566668646686,1.128762908170161,5.1541190421832255,1.6665762662748085,7.94088124466072,0.4353685229267849,0.025169363944298,0.8372670807453416,5193
MB_img787,71.32669078544062,1.2077374105687613,-28.759951113566103,-1.4990824310818525,-12.714159074320625,-0.996252061115468,-7.50203693706923,-2.23996197982875,-44.386083426502594,-0.8998034242189175,-23.705439102750265,-2.152151598526334,7.806527335629329,0.5570136448821807,3.270852770550176,0.737598493953013,6.795172676455249,0.1597059402253319,0.064647577092511,0.4273451870018394,3924
MB_img788,36.08357755508563,0.1945302420906679,-0.0615581414711819,-0.0065801484237127,-7.207331784230365,-0.9234949639339411,,,-31.894359592544905,-0.4724770555279672,-31.169269976801097,-1.0007664691931684,-0.6398144808330009,-0.4168397419128291,,,-0.5146868492342739,-0.1315035951380151,0.0041638049450549,0.991150442477876,4188
MB_img789,38.10995924492965,0.3437542673893962,-5.448449514636091,-0.6592268842213371,-12.83417353768424,-0.5627267422557366,,,-30.993383189301834,-0.4495365187215044,-19.35683629686171,-0.563575035741006,8.307661585386818,1.8514109493844615,,,1.9319636297106892,0.2593194731645519,0.0261654478976234,0.8101604278074866,4074
MB_img790,40.8418092705107,0.2734248959473549,-14.369591719648533,-0.8729674535400769,-8.777596158776165,-0.6202546365653921,-8.2036140196163,-1.2199952228500055,-38.1013767942022,-0.550040844753088,-19.36523121311562,-0.8623573862000082,4.871015349119904,1.2086324223809826,4.755738921470677,1.6283339176606726,10.267574237203462,0.7384391833000628,0.0210537452391028,0.8528925619834711,3598
MB_img791,73.0128940978213,1.9271758824915997,-19.15746685629343,-2.112054874537389,-13.044660904529676,-1.503805866026372,-26.44190438329203,-3.02615822708231,-32.51510069168599,-1.2755661096360569,-26.976866374429207,-1.9920946265408412,7.178090490581083,0.6341754751998325,15.16599509491369,0.8651828240027868,-2.015729625876304,-0.091341507604122,0.048780487804878,0.1321716957076073,2563
MB_img792,66.3533912814061,0.219138020828826,-16.333834104328083,-0.711708644067686,-37.84887582733151,-0.7202841515041338,-7.233291783155556,-0.890704765231545,-67.39610273329245,-0.8744581909685196,-26.0680607832589,-0.7490533508210439,14.044457932078576,1.3464107800867058,2.9657086648352804,1.2638590386318325,6.214474002483765,0.5199728910910819,0.052461822011585,0.7774725274725275,7860
MB_img794,51.752973276416334,0.3228609645776083,-28.4913303420524,-0.9944849887080548,-20.69568619645584,-0.7418285341590022,-1.9793811044963576,-0.3926758118107584,-44.802972574857584,-0.7461755472946083,-21.773873264073437,-1.16369295961181,12.0158673659264,1.112258124642603,5.083693489116787,1.6935433138750775,12.036966218322087,0.557850371076326,0.0516399162595952,0.7165748622934401,4460
MB_img795,77.68748124557236,1.3147864635444804,-33.3245673396285,-2.878231630461353,-25.71824196620956,-1.9095828855724883,-23.96147689498236,-2.8374683978018598,-55.02500974525925,-2.4319459377073387,-19.45006808284752,-1.980244079816411,16.8581070771745,0.998765344348361,8.560902144767146,0.6178705370640222,5.064586402246956,0.200454599327096,0.0485744456177402,0.1829268292682926,2689
MB_img797,75.00753311068314,1.1677853428633092,-38.431772941264434,-1.8060458814746008,-27.007516820774526,-1.5416938675226444,-35.558885152156016,-2.415296809982141,-19.066384190138272,-0.5583478873069445,-16.98436941197662,-0.8544673439465715,16.810262045457435,0.6797403808322391,15.745915809904028,0.6193459770197248,-3.25971523071234,-0.1290235992160763,0.1023009950248756,0.2089389534883721,3758
MB_img8,36.27559398015042,1.0583158019876049,-16.475236588077717,-0.9352603462685938,-10.887279554061717,-0.93479699056157,-17.582653439808816,-1.9569949437395484,-17.39571820082661,-0.7944342152959429,-13.67542549194341,-1.5480991126952306,7.481077910342158,0.512405336147048,8.142313907881672,0.5982548951798354,-0.8424934756180167,-0.0385271348835902,0.1658163265306122,0.3369813041495668,1535
MB_img80,21.42120611189821,0.2610788902172239,-7.692209620272085,-0.6926503700355297,-7.86156273860728,-0.5438326247613016,,,-19.73237288581901,-0.5874954465009268,-14.42911393139492,-1.0061638701080902,7.102745076564686,1.6259342817774622,,,3.07256008634368,0.4307969861254855,0.0372611464968152,0.824773413897281,1190
MB_img81,18.487676392952476,0.1495894278032125,-1.9699773982967992,-0.301696026202899,-8.18298625472045,-1.4059923596758368,,,-21.965464992512857,-0.444166445701989,-8.719568189272678,-3.2831809789455697,-0.5576857816131139,-0.4005379295837287,,,1.2229054330908595,0.3395048681114862,0.0074110671936758,0.9558823529411764,1411
MB_img82,33.03270861790381,0.2114058776877761,-5.073987023653438,-1.0003434579330324,-11.899654828462298,-0.8465418433545631,,,-37.439762838334886,-0.949769320457903,-13.763314684952038,-0.8062263583191226,4.228188519851161,1.6141088463806723,,,5.217014351733426,1.235678112086673,0.0098366740905716,0.9166666666666666,1772
MB_img83,52.49649616337699,1.5549544540800375,-26.201904851906317,-1.2051021930176706,-6.542773658328748,-0.7308626387148454,-21.009776893922947,-1.3519067431220226,-15.091638202877984,-0.9317770726300868,-15.893772949863434,-2.296517586111982,2.2939333847631147,0.1653584354228391,7.492784175705685,0.2173586221620891,2.2195876792072253,0.0801636558858371,0.2530241935483871,0.2155413503795445,2231
MB_img84,11.35752918378191,0.1171731092819509,-0.3345266339128585,-0.0393168679643255,-4.303768507603795,-0.4505910319251888,,,-7.087442164819062,-0.1593242167251815,-9.597759974153488,-0.5261931520697383,0.7103071769650366,0.4540316308947074,,,0.9975251252648812,0.2318339315238525,0.0162224797219003,0.9705882352941176,1302
MB_img85,30.819781644106065,0.4657990613659613,-14.725926856099273,-0.811295867526708,-10.473541510446395,-0.5297952449290707,-3.7502240500484434,-0.8429788317883256,-26.51608247788578,-0.5817828799216436,-11.949558582624984,-1.314611232266514,6.914502298424297,0.6879888038640778,1.339542870875934,0.5753764518919582,6.734209135012339,0.3604687892109648,0.0958850931677018,0.7125,1987
MB_img86,44.14275668459634,0.5671239994403964,-3.246999396617309,-0.7970129778361451,-2.9990087654501187,-0.5797067752696607,,,-44.26513291059964,-1.5315618192784195,-22.903935380219785,-1.357964588335968,1.2055165563426389,0.5831602580871709,,,4.282371497222881,0.8675497039763505,0.0044037940379403,0.9545454545454546,1265
MB_img87,45.24817354969553,0.3918468985721832,-7.3778179725855075,-1.2915629135815223,-8.090704757497756,-1.1435702887503374,,,-40.40012211670574,-0.9234919362463514,-29.14658856925349,-2.1855679689898566,3.1077564699817595,1.3364276645824773,,,5.480150014765093,0.871415793938587,0.0061728395061728,0.92,2018
MB_img88,44.95863901667565,0.7615059869696352,-35.34776388993623,-1.5136291833995128,-15.505592123774706,-1.021773485522076,-13.72823182191107,-1.3435980724712298,-20.58783305171701,-0.8482204360879784,-9.159312544208024,-0.9843059561079656,9.908458679798128,0.5928034191084814,8.891730891915627,0.746232056933088,5.325178301122072,0.2553790546567922,0.1200192802056555,0.3807280513918629,1713
MB_img89,43.997743475314685,1.657410111410506,-21.612746816898948,-1.2667719273512947,-10.910422671458637,-0.7935899221547786,-17.93489460128102,-1.9034810972350973,-12.346225052835711,-0.6386976667784934,-5.8300606899824015,-0.8987051438247264,7.226822925076701,0.2970534262483331,6.559352405284769,0.2526805913855149,-10.825555926584611,-0.3790165778182323,0.2330562659846547,0.1786995515695067,2091
MB_img90,50.59307565040466,1.087218807191727,-25.51449168656369,-1.574337562839795,-7.940441818786141,-0.5500585953513188,-24.32549970502148,-2.2215021725049358,-30.911193600685404,-1.587890002784225,-6.579581695206809,-0.6966814742941471,6.86644473226659,0.4629968120708775,8.302408591872894,0.4913727281143621,8.100349089399927,0.3568884173485302,0.1401384083044982,0.3217800599058622,1612
MB_img92,11.470492618311082,0.0797667175025709,,,-9.139310481102696,-0.5280004766189006,,,-8.760648590924719,-0.2573282874885776,-9.332371497104251,-1.0041451900820555,,,,,,,0.0206124852767962,0.9278846153846154,1040
MB_img93,27.28128965014914,0.5969225607992952,-6.744445999848273,-1.1451979155399357,,,,,-21.80969437021494,-1.0741504922660472,-20.059278824424847,-2.1612321253109346,,,,,5.235738581066592,0.7593618697355422,0.0111882716049382,0.902439024390244,586
MB_img94,22.72793370991208,0.6381319353338831,,,,,,,-21.81326942224246,-0.6408272028895021,-5.5552684043743765,-1.1657109924849305,,,,,,,0.001937984496124,1.0,943
MB_img95,7.366831604681159,0.0366903280103653,0.4376755903266516,0.0282328941978563,-2.6913364301684632,-0.159974100779674,,,-6.713941931488494,-0.1742055521321711,-8.198834576604114,-0.299612704418129,0.2141585593849715,0.1105264574688908,,,-0.9299695794443452,-0.3831282513240999,0.0255355776587605,0.9681528662420382,1553
MB_img96,21.93646085696633,0.3875790462726047,-6.536494255298832,-1.1088634757060336,-6.148146008610604,-0.6456584324087101,,,-18.086524016039288,-0.4665151658072013,-14.686856553079542,-0.6708555663134027,1.829777646653744,0.7263183499666975,,,3.609619571128774,0.526231378014133,0.0216284987277353,0.9010989010989012,1536
MB_img97,38.05444444261159,4.014990867176754,-2.7004212072299807,-0.8847064473406547,-4.121921090017524,-3.992315251861196,-4.633544212252884,-1.994579724215747,-5.929379056058465,-1.0454250480817515,-9.137625806579075,-5.869254527115469,2.2348626299937933,0.3403480339538204,2.287510148710095,0.2651502510730763,1.442790119440151,0.0935935687287066,0.0597826086956521,0.0560975609756097,549
