,time,event_os,event_dss,vital_known,age,tumor_size,grade,pN,ER,PR,HER2,pheno_B_cells,pheno_Basal,pheno_CD15,pheno_CD38_lymphocytes,pheno_CD4_T_cells,pheno_CD4_T_cells_APCs,pheno_CD57,pheno_CD8_T_cells,pheno_CK8_18_ER_hi,pheno_CK8_18_hi_CXCL12_hi,pheno_CK8_18_hi_ER_lo,pheno_CK_CXCL12,pheno_CK_lo_ER_lo,pheno_CK_lo_ER_med,pheno_CK_med_ER_lo,pheno_ER_hi_CXCL12,pheno_Endothelial,pheno_Ep_CD57,pheno_Ep_Ki67,pheno_Fibroblasts,pheno_Fibroblasts_FSP1,pheno_Granulocytes,pheno_HER2,pheno_Ki67,pheno_MHC_I_II_hi,pheno_MHC_I_hi_CD57,pheno_MHC_hi_CD15,pheno_Macrophages,pheno_Macrophages_granulocytes,pheno_Myofibroblasts,pheno_Myofibroblasts_PDPN,pheno_T_Reg_T_Ex,coarse_B,coarse_T,coarse_Macrophage,coarse_Endothelial,coarse_Stroma,coarse_Tumor,enrich_Tumor__Tumor,enrich_Tumor__T,enrich_Tumor__Macrophage,enrich_Tumor__B,enrich_Tumor__Stroma,enrich_Tumor__Endothelial,enrich_T__Macrophage,enrich_T__B,enrich_Stroma__T,tumor_immune_nbr_frac,tumor_immune_mixing,logoe_Tumor__Tumor,logoe_Tumor__T,logoe_Tumor__Macrophage,logoe_Tumor__B,logoe_Tumor__Stroma,logoe_Tumor__Endothelial,logoe_T__Macrophage,logoe_T__B,logoe_Stroma__T,cel_logoe_Tumor__Tumor,cel_logoe_Tumor__T,cel_logoe_Tumor__Macrophage,cel_logoe_Tumor__B,cel_logoe_Tumor__Stroma,cel_logoe_Tumor__Endothelial,cel_logoe_T__Macrophage,cel_logoe_T__B,cel_logoe_Stroma__T,cel_tumor_immune_nbr_frac,cel_tumor_immune_mixing
MB-0002,84.6333333333333,False,False,True,43.19,10.0,3.0,0.0,1.0,1.0,0.0,0,0,1,0,2,0,0,7,0,892,0,559,34,0,92,30,77,0,12,107,2,0,0,0,0,0,0,8,0,287,5,0,0,9,8,77,401,1620,47.68762641851716,-7.74625867072238,-9.656451053395674,,-51.3275504041477,-27.75432097704105,1.296613626548679,,7.61322542391794,0.0021604938271604,0.95,0.2505862093022889,-1.409843475363774,-1.816087658600206,,-1.1622538104373692,-2.078490559342581,0.6214883767462701,,1.4648518944215505,0.2125498969987091,-1.9883906383651082,-1.5667499312417956,,-1.5663635850906614,-2.0788446292352343,2.0016038857025897,,1.885330110547908,0.0115248226950354,0.6947674418604651
MB-0005,163.7,True,True,True,48.87,15.0,2.0,1.0,1.0,1.0,0.0,1,0,706,0,0,0,0,11,1,19,0,35,48,2,40,5,86,0,2,63,33,27,3,0,0,0,0,8,3,460,6,0,1,11,38,86,562,861,30.78281682420799,-4.563339124246744,-2.69044856809915,,-25.532539734358785,-21.38730426088529,-0.257629651505276,,4.35918220013865,0.0233739837398373,0.95260663507109,0.4097978301368802,-0.7782085763980876,-0.1971090165488894,,-0.5669122179774696,-2.0612777138359584,-0.1784490737488509,,0.659220499426904,0.4127796401123503,-1.2749242458216028,-0.9989438230263481,-1.12990828617521,-1.012423613610822,-3.5382277397359996,0.7230071365762866,1.5260688116675876,0.9117180107951217,0.0615847280334728,0.6540816326530612
MB-0006,164.933333333333,False,False,True,47.68,25.0,2.0,1.0,1.0,1.0,0.0,1,17,0,5,4,0,0,4,0,94,1,32,44,1,61,21,99,2,1,328,2,0,0,0,0,0,0,7,0,86,0,0,6,8,7,99,416,274,36.26609229561977,-4.618185310286663,-3.807343692043194,-3.027085552817708,-31.97376941990832,-13.6756501841078,-0.8331515923965328,3.4004190771812755,4.183466345725958,0.0077554744525547,0.7037037037037037,1.1247503472642946,-2.1160319934471103,-1.5307574574612166,-1.294620748891627,-1.2238384616220028,-1.374599023477615,-0.7311832415722003,1.4198545155766193,0.588573754273535,1.0333183175850498,0.4425682848133318,-1.9579145986329851,-0.6078629028312349,-0.1134338026040485,-1.171082521040166,-1.1695241971500028,-0.038436181656108,-1.2253520607761017,0.0659340659340659,0.630901287553648
MB-0010,7.8,True,True,True,78.77,31.0,3.0,0.0,1.0,1.0,0.0,1,0,2,6,13,5,0,8,1018,0,0,0,74,18,2,0,20,0,7,50,0,2,0,3,7,1,0,50,0,63,45,1,7,27,52,20,161,1129,6.220322564260684,-4.359159368784947,-4.337081881674876,1.565706181849009,-5.785941283489872,-4.324436935184994,3.3233797435714907,-0.2750533110472065,4.500427959648053,0.05081930912311781,0.9369676320272573,0.0376976683868848,-0.2747510073068614,-0.1904054249124917,0.1612916055899029,-0.1456528487384275,-0.2954291667039612,0.9095030986600273,-0.20789285164133278,0.8834343668054002,3.0560340349143282,-0.2679685250318571,0.371120382748637,-1.4711874603869852,0.3612825335242479,-1.0276044613946016,-0.3038458388524365,-0.3481618616693911,-0.46943473205743314,0.4886363636363636,0.0361702127659574
MB-0014,164.333333333333,False,False,True,56.45,10.0,2.0,1.0,1.0,1.0,0.0,3,0,8,0,4,1,0,24,0,54,0,93,136,14,367,44,202,0,2,371,7,0,0,0,0,0,0,37,0,130,4,0,3,29,37,202,512,718,42.19502879270008,-5.907174018415412,-7.751485514992478,,-36.26656721911784,-24.877745295196917,3.565177467106978,,2.8431594039502985,0.0262883008356545,0.8069306930693071,0.686613062503844,-0.7456532617891626,-1.0452009958005648,,-1.2045099991116968,-1.385636464444845,1.124913818327279,,0.3373547335202112,0.5349476147398599,-0.9721674646861644,-1.1373070814328463,,-1.1156787729766484,-1.5681735440750155,0.323606623338359,,0.6251923455096888,0.1014727011494252,0.5291445874337622
MB-0022,99.5333333333333,True,False,True,89.08,29.0,2.0,1.0,1.0,0.0,0.0,1,0,0,0,13,2,0,12,36,107,4,26,23,0,62,125,68,0,7,87,2,1,0,0,0,0,0,16,0,18,4,0,1,27,17,68,111,390,17.445285890459925,-9.17318072121707,-1.4156233203969564,,-12.177047675937784,-19.017900475432704,2.0124306882444145,,3.185239663612695,0.0432692307692307,0.817351598173516,0.3421803522035668,-0.9420670886692284,-0.1506288092414169,,-0.5758704166174922,-1.5809201047109305,0.7361071025961613,,0.5329931118962162,0.339212432518615,-0.49486080077044525,-0.6823367317914382,,-0.8884550496960879,-1.7743515156197411,0.4510968826890323,,-0.3367710555073029,0.1471428571428571,0.6588541666666666
MB-0028,36.5666666666667,True,False,True,86.41,16.0,3.0,1.0,1.0,0.0,0.0,0,0,1,0,0,0,0,0,12,6,0,19,256,248,135,690,0,0,18,1,0,0,1,0,31,1,0,0,0,0,0,0,0,0,0,0,1,1418,0.7835150907762924,,,,,,,,,0.0,,0.0001797470495602,,,,,,,,,0.800465416974516,-0.5722314958506532,-0.7467510630408167,-0.8731328933836296,-0.5202297993777726,-0.63531982395516,-1.0160881610813468,-0.1998645044391101,-0.203049556984691,0.3493520518358531,0.38076823923691666
MB-0035,36.2666666666667,True,True,True,84.22,28.0,2.0,0.0,1.0,0.0,0.0,0,0,1131,0,0,0,2,0,0,0,0,0,1,0,0,0,18,0,1,7,0,226,0,0,0,0,0,6,5,11,0,0,0,2,237,18,18,1133,22.116557868293345,,-25.61868365186833,,-18.205510177916995,-15.70523562484621,,,,0.10823036187113849,0.7241157556270097,0.1294986356358006,,-0.6073049474599567,,-2.1226175055578675,-1.7746067547942788,,,,0.0603112706978177,-0.3254213049254589,-1.0945767365367889,-0.6075186252873297,-1.6332132202208565,-0.8080036073032053,0.7391531534039704,1.6989977439671855,-0.11769504266975458,0.0310304449648711,0.7153996101364523
MB-0036,132.033333333333,True,True,True,85.49,22.0,2.0,0.0,1.0,1.0,0.0,1,0,0,0,5,13,0,0,64,4,5,25,23,4,238,1122,57,0,16,31,2,0,2,3,0,0,0,31,1,88,27,0,1,18,32,57,151,1503,23.77951618116241,-4.315660543407684,-9.499851697354323,,-28.593682669615912,-15.68419466157382,1.1445930793425008,,4.01689830639092,0.0196274118429807,0.9577922077922078,0.0994783877158956,-0.3074285251922473,-0.4754659860352063,,-0.8950349189111976,-0.7051196360080636,0.5940076403241631,,0.9772954698664476,2.0566764835246367,-0.3038068364591423,-0.7040814899196252,-0.47793266859291944,-0.0037307217887892,-0.3369050857798131,-0.6591704271020353,-0.05649824674108439,-1.6788346671620695,0.36637931034482757,0.15797979797979786
MB-0045,164.9,False,False,True,45.27,19.0,3.0,1.0,0.0,1.0,0.0,14,113,167,15,9,1,0,87,19,1,2,10,432,23,120,2,35,0,46,228,7,164,0,1,31,0,37,97,6,215,32,0,29,97,267,35,483,1003,16.711717945070824,-5.951540493120558,-11.872818164764595,-5.100580253310433,-13.443102662111627,-2.9539770863440635,1.2320642516685514,1.0948601541309138,2.149860235953541,0.1576520438683948,0.7326478149100257,0.2464291406822844,-0.3297285222613135,-0.3674632042715149,-0.5471767664861771,-0.3205164869000674,-0.2595890841972791,0.1402365447619112,0.3456663048389385,0.1691973192703539,0.5868565801125135,-0.48620902906159974,-0.5431249820583567,-0.6650137030030073,-0.4512151829237019,-0.9180454215556535,-0.2376797503676453,0.7473075383876652,-0.0277529173569563,0.2349624060150376,0.5318435754189944
MB-0046,14.1333333333333,True,False,True,83.02,36.0,3.0,3.0,1.0,1.0,1.0,26,2,0,6,15,42,0,36,0,16,0,0,7,1,36,20,66,0,0,25,0,0,876,5,2,0,0,65,6,151,74,5,32,98,71,66,255,960,23.60769635318296,-15.418612203824836,-12.170111899118401,-16.307499321646034,-15.85912964347561,-7.941351551152196,10.007527759772165,10.548525644028404,1.9706166670285736,0.0686197916666666,0.6082051282051282,0.2609580758106904,-0.8386659326887993,-0.7562248829155863,-2.696953141168395,-0.4229624946372744,-0.4500955596751319,1.2859691032736136,1.648955344432392,0.2063405356940989,0.7455812803585218,-0.4633931015590594,-0.829299905352408,-1.224972611907189,-0.1939912694129671,-0.6719697207973935,-0.4680073484800745,-0.1124927628337141,-0.8544871908212581,0.2921717171717172,0.4090079123554473
MB-0050,75.3333333333333,False,False,True,44.64,33.0,2.0,1.0,1.0,1.0,0.0,8,10,0,3,4,2,0,20,1,127,0,317,73,63,120,7,41,3,25,165,13,0,0,0,0,0,0,6,0,152,20,0,11,26,6,41,350,746,12.196483711628998,-3.922406296321866,-1.4638018792337189,-2.567526326140342,-10.988048630007894,-5.204814336542435,1.6189612690570687,-0.2739245863512826,2.640483679673785,0.0241286863270777,0.9245283018867924,0.1659233160618402,-0.3644774681672744,-0.2632347662314341,-0.3529357303705354,-0.2580063653413421,-0.3920320840685443,0.8789845990386342,-0.1784490737488509,0.3276865714866821,0.1130658335304337,-0.3389994181952435,-0.3677797137721277,-0.4164910964203425,-0.2511766924542003,-0.2934623460282445,0.7448014335803105,-0.1906148602094972,0.029795964450630097,0.0577873918417799,0.8597662771285476
MB-0056,62.8666666666667,False,False,True,62.62,29.0,2.0,0.0,1.0,1.0,0.0,0,0,3,0,1,0,0,8,0,12,0,48,37,14,200,752,30,0,5,117,3,0,0,0,0,0,0,12,0,65,26,0,0,9,12,30,211,1071,23.554639502808087,-6.336617964069342,-4.4628825294833465,,-29.69212594255257,-14.147712226762183,-0.9952160481875373,,5.0077865360761455,0.0096872082166199,1.0,0.1551456186984083,-0.7265042853452787,-0.4315612476195948,,-0.8572691289937288,-1.0771115041467074,-0.933572638261024,,1.1243467505421845,0.129677322416693,-0.4607992060373239,-0.653842338502689,,-0.98650125937096,-0.504438795696045,-1.656600374809813,,-2.1802539689833496,0.0914161008729388,0.765625
MB-0059,160.9,False,False,True,75.58,17.0,3.0,,1.0,1.0,0.0,0,0,2,1,1,0,0,3,0,289,0,5,2,0,1,270,24,0,1,34,5,0,0,1,0,0,0,17,0,128,26,0,1,4,17,24,194,570,16.79114676402284,,-8.962520386832841,,-18.409821015422093,-8.697437788316277,,,,0.0135964912280701,0.927710843373494,0.2140011510773073,,-1.1795760438537215,,-0.5666088386482732,-0.8139910225083516,,,,0.308102955827149,-0.789305534232661,-0.3450833418731582,,0.0940434899151379,-0.6231471899389499,-2.771322190812848,,-2.48971418557334,0.2154535864978903,0.5452920143027413
MB-0060,140.866666666667,False,False,True,45.43,23.0,3.0,0.0,1.0,1.0,0.0,13,0,0,61,51,322,0,52,0,0,0,0,27,0,201,0,48,0,1,45,1,0,0,53,10,327,1,68,29,96,86,49,74,474,97,48,281,567,47.70450546272934,-29.87293289745697,-12.751796716614482,-16.103010953485697,-26.25794900274871,-10.90131705518552,4.966341008911841,-1.523184037328977,7.207601312467313,0.1746031746031746,0.3335895465026902,0.9975008749005393,-1.1832674238212433,-1.176322772640463,-2.4401253709817703,-1.32884270683858,-1.6977193621354056,0.3429082912627002,-0.1336554403375763,0.2635817387983257,1.3563779602655663,-3.206912130627094,-1.921927602672864,-0.1114776217630344,-3.213347281733441,-5.254178286216762,-0.23847160008295973,-0.7583031771319013,1.698941310434706,0.24288154897494302,0.18887083671811533
MB-0064,108.933333333333,False,False,True,69.13,18.0,2.0,0.0,1.0,1.0,0.0,0,1,0,0,10,15,0,3,42,1,144,70,193,18,81,583,49,0,25,123,3,0,0,2,21,0,0,80,0,70,2,0,0,28,80,49,200,1179,39.17233375022409,-13.997633099027334,-28.27145982576906,,-40.805602782099385,-18.594347086944023,12.772504405501522,,9.868055124762222,0.0164334181509754,0.6268656716417911,0.2586157558290129,-1.2910359374390816,-1.7100427597947039,,-1.4241776056228594,-1.3968901525685846,1.9482920931746766,,1.3542564263718182,0.2936791286277662,-0.36985271698411526,-1.4485638283977724,-0.164207332712275,-1.646961620244534,-0.7732681862805538,-0.7063463591078141,1.5520220515007028,-1.079591448648193,0.11056231003039509,0.5961435457953936
MB-0066,157.433333333333,False,False,True,61.49,16.0,2.0,1.0,1.0,1.0,0.0,67,0,0,26,34,122,0,64,0,340,0,8,10,0,90,148,58,0,0,44,5,0,1,3,3,4,0,54,10,65,45,42,93,262,64,58,162,604,41.57957592500112,-29.101698873692253,-16.760532656333755,-19.652075246237303,-25.459569613031142,-15.351991999207696,7.037110637613431,9.494557213048433,6.944557502219923,0.1115480132450331,0.3680276020701553,0.7618778212064791,-1.4178556109607792,-1.6762217596996074,-1.811558109306089,-1.771104520059725,-1.5232831474677038,0.6198538592474492,0.7199666257996261,0.4338009392015798,1.8052348701832348,-0.23902457223577,-0.9216606231440194,0.1452318617049718,-1.9763636357327619,-0.8032270364349277,-0.5863779485078771,0.0818562804981141,0.1078947411551527,0.6807065217391305,0.12228838792003402
MB-0068,103.133333333333,False,False,True,51.01,12.0,1.0,1.0,1.0,1.0,0.0,2,1,0,0,4,0,0,9,6,170,2,47,13,0,14,258,92,0,2,185,17,0,0,0,0,0,0,15,0,242,54,0,2,13,15,92,498,513,32.755053845336164,-3.8751836615314876,-4.160766186307447,,-29.79501231682253,-16.37985648520341,-0.5211802941020279,,1.982061375672969,0.0151072124756335,0.9,0.6910884427061381,-0.6788672897000297,-0.8416856435768437,,-0.8660152199270729,-1.5946433308792425,-0.4005379295837285,,0.2712631566339786,0.5333114766923757,0.0960163365622232,-0.9475287497674708,-0.6232058584242871,-1.048599903057025,-1.266411766036114,-0.2942531364445139,-0.1616573854587118,-0.2294069638139939,0.0908886894075404,0.7097661623108665
MB-0079,28.5,True,True,True,50.42,40.0,3.0,2.0,0.0,0.0,0.0,0,67,0,0,0,0,0,2,0,7,0,29,150,8,86,2,48,0,33,48,6,0,10,0,0,0,0,6,0,232,8,0,0,2,6,48,294,392,20.073893746974925,,-1.2398057176931012,,-15.12118485700002,-13.317161320811534,,,,0.0089285714285714,0.9705882352941175,0.4184765832456149,,-0.2671162618804045,,-0.474994452322681,-1.25591267672161,,,,0.5628154093293888,-0.9089329672445378,-0.1315407083784084,,-0.48337326795454744,-1.065700159087249,-0.0688618581448041,,-0.5228541059368879,0.0679967426710097,0.8739130434782608
MB-0081,69.5,False,False,True,49.61,24.0,2.0,0.0,1.0,1.0,0.0,163,59,0,63,180,92,0,642,3,500,0,99,239,4,509,93,85,4,8,329,11,1,2,10,39,1,0,228,3,310,134,31,226,945,232,85,794,1560,44.753872120909236,-33.379654004081424,-15.186207354668024,-16.77928972996294,-18.87970668306868,-10.923200622631965,10.591654594216958,9.618385512356124,1.3251894610072785,0.13681269213123368,0.34043066074874734,0.8596126807668157,-1.3722454000689515,-1.336086295515407,-1.6583238474883726,-0.6900302411461234,-1.7687669772642065,0.6417027868941072,0.612274396831618,0.04568685606526759,1.0072528968082624,-1.4532042379194026,-1.2712856772232066,-1.8111807382589795,-0.504865106823221,-0.7862724241271619,0.16898189112918277,0.059804544456609696,-0.22626740378103155,0.180411449772102,0.2711785776364667
MB-0083,86.0666666666667,True,True,True,64.85,13.0,2.0,0.0,1.0,1.0,0.0,2,0,2,0,2,1,0,5,12,373,1,53,6,1,27,323,71,7,1,157,28,0,0,0,0,0,0,19,0,91,41,0,2,8,19,71,317,806,34.95617344195424,-5.254791681045062,-10.317377072115054,,-34.83251845602448,-24.107995660930875,-0.0771502696263162,,2.709458549859624,0.007909429280397,0.925,0.3858613696447279,-0.9316830570598058,-1.3718995555097104,,-1.0302476894052712,-1.7363112003494765,-0.0600473836699388,,0.6232794322722582,0.4678776856950671,-0.3449751174447742,-0.5656693810063078,-0.329892418607064,-1.0676235706385842,-0.353442579666311,-0.6718533823774802,-0.44095219802963675,-2.013828699264571,0.204646017699115,0.6382369776760161
MB-0095,49.7666666666667,True,False,True,80.5,55.0,2.0,1.0,1.0,1.0,0.0,0,7,0,0,0,0,352,1,0,0,1,0,1,0,0,1,18,508,0,6,0,0,0,0,0,1,0,0,0,245,4,5,0,358,0,18,255,519,15.722935972756243,-5.213340457011273,,,-19.143837585298908,-6.670930184528583,,,-10.048088046132635,0.2947976878612717,0.6440191387559808,0.3594677194618106,-0.1388125233186105,,,-0.8090082373239267,-1.1668099456732903,,,-0.52401222537365,1.3834937170779618,-0.1861214581327123,-0.8081041794314372,-0.1508845713050255,-0.5873827722410796,-0.5696378266049869,-1.0585369058029834,0.14383318710098458,-0.9670148594597064,0.48702830188679247,0.21963470319634704
MB-0097,98.7,False,False,True,78.19,30.0,3.0,1.0,1.0,1.0,0.0,4,0,0,2,4,0,0,4,538,319,40,36,6,1,92,315,35,0,0,23,4,0,0,1,0,0,0,22,1,85,25,0,6,8,23,35,138,1347,14.209439409155141,-5.758143875508095,-6.57787673560642,-6.322029776332588,-15.964419071983372,-7.419367402507836,3.19481250648261,7.89356413951324,1.9261828309545315,0.0159613956941351,0.8893805309734514,0.0603850422262326,-0.6193843791633649,-0.3915493974940415,-0.8084231894450952,-0.42215174268979133,-0.3807241212787741,1.38458370273713,2.040971781056306,0.7900268379176199,0.17860113306358857,-0.44211685624535496,-0.7383748122003656,-0.34907024890558547,-0.2855205889838187,-0.7165113385390383,-0.7199865398901841,-0.670400891759709,-1.0539801681876513,0.19059523809523807,0.6982758620689655
MB-0099,132.1,True,True,True,51.58,21.0,2.0,,1.0,1.0,0.0,1,0,216,0,1,0,0,8,6,227,3,113,41,0,50,2,39,0,8,119,8,4,0,0,0,0,0,1,1,202,7,0,1,9,6,39,336,666,20.54708387629881,-5.163875186666935,-4.125699510764116,,-19.760729624363847,-12.081628013978651,-0.6366562223117865,,5.55321571461403,0.006569069069069,0.9591836734693876,0.2786008446227004,-0.8971736480496935,-0.9271978362141334,,-0.4950499971521875,-1.1528607517758316,-0.5008020530571575,,0.9555068998147171,0.2077468105302645,,-0.6342484972549922,-0.4714476163773914,-0.7517233507898076,-1.6651328494051396,,,,0.0287049399198931,0.9176470588235294
MB-0100,8.06666666666667,True,True,True,68.68,39.0,3.0,0.0,0.0,0.0,0.0,46,12,0,154,43,185,0,56,0,0,0,0,9,0,3,0,6,0,3,24,0,1,0,8,10,0,0,69,5,42,46,19,200,303,75,6,120,37,29.7126810320062,-5.0335901153802505,-4.485298768458397,-9.144040805936257,-2.7643480087927386,-1.57934997708371,-0.7604290769198633,-1.2961009889469512,-0.9462696197005928,0.3344594594594595,0.0501098901098901,3.3203435861713704,-0.6526950748210674,-1.6949814665376692,-2.353950549886208,-0.6311042823658769,-1.881664619320345,-0.0531370871452487,-0.0497761611197561,-0.0527733160979932,3.923212900910452,-1.4214252960575524,-0.1707408406437782,-3.4304525516655318,-0.9043235219047204,-3.3088850574117634,-0.3350218452604026,-0.3881689708568626,0.0464513278220319,0.3522727272727273,0.0368753032508491
MB-0101,148.033333333333,False,False,True,46.89,34.0,2.0,0.0,1.0,1.0,0.0,22,0,9,41,46,11,0,85,8,326,69,53,14,0,196,25,59,0,4,261,6,2,1,6,0,0,0,134,1,108,56,0,63,142,137,59,437,705,6.477258463472886,-3.816768703633204,-0.7443563772616966,-5.680875952196637,-4.433606646335652,-3.0494868353899784,0.4816790650820647,2.534726486223544,0.6645625742493446,0.1987588652482269,0.7548192771084338,0.1364903636386263,-0.1851631317375827,-0.0352790164338417,-0.4437732604690699,-0.1102693841526643,-0.23136151027815138,0.05807306134186,0.3986824375048588,0.0443022616736739,0.1547692040935955,-0.8373971577066628,-0.6262022148001588,-0.691866741867742,-0.6197169289223935,-0.5181061179760844,0.8050545840083756,1.680960184437464,0.9830655482866324,0.08830789946140032,0.7171875
MB-0102,140.766666666667,True,True,True,51.38,40.0,2.0,3.0,1.0,1.0,0.0,2,0,828,15,5,5,0,20,0,2,0,4,2,0,31,1,6,0,1,33,0,54,8,2,0,0,0,23,19,229,11,1,17,31,96,6,275,877,22.23560431944328,-7.977518180603038,-4.752970064052272,-5.698562917412854,-26.532587325608777,-2.686943009861879,0.8668744878575952,2.7571431051596766,6.405177050226001,0.0815279361459521,0.8654088050314465,0.2492177283475801,-0.7270207087305245,-0.1982485759850119,-0.7003009907943927,-0.858345482607982,-0.473738816168531,0.22243866230316237,1.107803289534515,0.8032266961767034,0.4969228874696054,-0.4175272774322734,-0.5778705490447581,-0.47817855340968485,-0.570824939695123,-0.400969097431218,-0.4578485740513935,0.2842673127561075,-0.5896465796439719,0.1576086956521739,0.6426256077795786
MB-0107,158.033333333333,False,False,True,65.59,18.0,3.0,0.0,1.0,1.0,0.0,1,0,0,5,11,12,0,23,362,38,117,67,54,20,59,14,6,0,31,138,2,0,0,1,0,1,0,123,0,183,78,0,6,46,123,6,402,763,37.2642669200353,-15.860848373964934,-26.480091810498447,0.556715478962771,-29.87174025671616,-5.908236158498989,11.659502298189146,-1.4495644219803403,9.309330666333164,0.0355504587155963,0.4904214559386973,0.5151996384571733,-1.8288194961430102,-1.9975096594610235,0.0949209821412273,-0.9309363042240953,-1.8468832862442413,1.4049965568495066,-1.477677327565307,0.7730284186195574,0.5308481587552661,-0.2043017625314334,-1.7360313365184383,-1.6611062103172731,-1.7843453456466156,-0.6047967246274265,-0.6190928267517797,0.618439745230538,-0.41906620948831513,0.1183127572016461,0.5381991814461119
MB-0109,112.4,True,False,True,82.53,45.0,3.0,0.0,1.0,1.0,0.0,10,0,3,165,1,252,0,44,0,4,0,2,9,0,1583,1,7,0,1,8,0,0,4,7,4,2,0,21,2,4,7,62,175,359,23,7,26,1613,44.849164885010815,-33.645622877387765,-6.633849378648692,-43.56777341207767,-12.417855174175749,-9.570592289909936,6.574747253844381,11.060039839166585,3.4170769475188907,0.1151580905145691,0.5163602368339046,0.2581688376710007,-0.8300144931592944,-0.5730836311851768,-2.14396986721503,-1.132726383488063,-3.201790667326089,1.0134439648767544,0.6918519279206297,0.5827876612253658,0.5922670555952466,-0.1731656666038021,-1.016115925037952,-0.5276069487683926,,-0.1298698833020352,-0.865126995080695,-0.4472718043922978,,0.3922087745839637,0.4133430021754894
MB-0111,127.1,False,False,True,54.23,27.0,1.0,0.0,1.0,1.0,0.0,2,12,0,2,7,3,0,12,0,172,2,36,38,3,28,204,379,7,5,64,10,2,0,0,3,0,0,26,2,181,23,0,4,22,30,379,278,510,47.647066961828834,-5.114772460667347,-6.425537859876368,,-20.706377530124257,-43.06977070996987,1.8972481310928235,,4.800681274751788,0.0186274509803921,0.8333333333333334,0.9705559164404886,-0.7500599736987966,-1.049755218450655,,-1.075391132014426,-2.024845093588379,0.8447217745220891,,0.7230071365762863,1.0621184284590637,0.4032648718559475,-0.9155387154307624,-1.921177867413889,-1.3191029708593975,-1.6824555359369433,-0.7661586144984887,0.1500007405339021,-1.084612964084211,0.1300761421319796,0.6449934980494149
MB-0112,39.1666666666667,True,True,True,83.89,150.0,3.0,3.0,1.0,0.0,0.0,0,0,49,0,0,0,1,0,1,322,29,335,29,0,167,0,18,3,27,41,1,1,0,0,0,0,0,1,0,26,2,1,0,2,2,18,70,962,5.957871290835835,,,,-6.9104423729126365,-2.570685004029191,,,,0.0036382536382536,1.0,0.0238969793201521,,,,-0.2293778919907885,-0.1524220506517468,,,,0.0032710035310622,,-0.3314482506821846,,,,,,,0.007623426911907,0.927710843373494
MB-0114,13.4,False,False,True,48.59,30.0,2.0,0.0,1.0,1.0,0.0,1,18,0,0,5,0,0,23,3,310,15,237,36,2,142,2,58,0,20,203,4,1,0,0,0,0,0,40,0,39,31,0,1,28,41,58,277,785,21.42120611189821,-7.692209620272086,-7.8615627386072795,,-19.73237288581901,-14.429113931394921,7.102745076564685,,3.07256008634368,0.0372611464968152,0.824773413897281,0.2610788902172239,-0.6926503700355297,-0.5438326247613016,,-0.5874954465009268,-1.0061638701080902,1.6259342817774622,,0.43079698612548545,0.2049646190675827,-1.0217166037004326,-0.5511701414501731,,-0.9732257138283041,-0.8117577631236228,0.3925428614917575,,0.8402631865133198,0.0848161328588374,0.7614213197969543
MB-0115,66.7333333333333,True,True,True,39.84,25.0,3.0,0.0,0.0,0.0,0.0,0,241,0,3,1,1,0,3,0,0,0,1,166,533,23,0,6,0,41,19,0,1,0,0,7,0,0,8,0,56,301,0,3,5,9,6,376,1012,18.487676392952476,-1.9699773982967992,-8.18298625472045,,-21.965464992512857,-8.719568189272678,-0.5576857816131139,,1.2229054330908595,0.0074110671936758,0.9558823529411765,0.1495894278032125,-0.301696026202899,-1.4059923596758368,,-0.44416644570198904,-3.2831809789455693,-0.4005379295837287,,0.3395048681114862,0.6994529578110629,-0.6569529918710874,-0.5293020018430176,-0.38855823246690635,-0.45307525934829646,-0.8605904093748559,-0.6561149574538806,0.3472499665757258,0.0420272722317212,0.097380410022779,0.6550522648083623
MB-0116,122.266666666667,False,False,True,42.55,60.0,2.0,1.0,1.0,1.0,0.0,0,0,0,0,1,0,0,5,0,184,0,212,40,2,209,118,81,0,3,57,1,0,0,0,0,0,0,5,0,449,2,0,0,6,5,81,509,768,17.66266857025695,-2.6465938841429884,-1.9434415600494777,,-17.280989348242624,-6.635534026398179,-0.486246484372233,,2.837319725814883,0.0055338541666666,1.0,0.2673708488980414,-0.5879364232095032,-0.4654933714244986,,-0.3859479594376987,-0.372480557598289,-0.3103401206121504,,0.5708376150017648,0.1755798358836201,-0.2414185640862465,-0.3746030205237774,,-0.4285410048696417,-0.2766569943558617,0.2441967916547964,,-0.6305966328766521,0.0351955307262569,0.9041533546325877
MB-0117,2.4,False,False,True,60.07,23.0,2.0,1.0,1.0,0.0,0.0,3,164,0,9,6,0,0,31,0,332,0,181,32,1,125,202,49,5,5,231,13,1,0,0,1,0,0,12,0,110,39,0,12,37,13,49,393,1048,12.188663832907606,-3.293226454463798,-3.920551209671291,-3.71527070873389,-10.46662890242339,-6.570158232243844,4.17806929643267,0.2995753939890256,1.4182799046667267,0.0313692748091603,0.9161676646706588,0.1220176090203483,-0.1950930312844791,-0.4732942720190428,-0.4762593972938882,-0.2295728436970001,-0.3994542013802617,1.5239718708320078,0.1803318165035444,0.17818460390035,0.0852232121221327,-0.3074285251922473,-0.3877848960595701,-0.4918258110590635,-0.4156301976446163,-0.4639185177824597,0.7612131404128833,0.2962348212065903,0.042881371064937494,0.055405965202982604,0.8711484593837535
MB-0119,95.8666666666667,True,True,True,82.73,23.0,2.0,1.0,1.0,0.0,0.0,2,18,0,0,16,2,0,24,0,105,0,64,41,1,335,605,52,0,4,190,30,0,0,0,0,0,0,50,0,39,24,0,2,42,50,52,283,1173,16.42205870966768,-6.797336529962299,-4.699472414948951,,-14.520481455051184,-10.24124800727963,4.0922807876537535,,2.8763668526366564,0.0447570332480818,0.8831858407079646,0.1289371517909325,-0.4197700123923218,-0.2448222989376457,,-0.3427337785341246,-0.6054713595215768,0.9818041018697543,,0.4194834043100357,0.1149368239857662,-0.0895985855943305,-0.47440412557345757,-0.243773094863966,-0.6253413434395303,-0.8535798729319266,-0.4112176281220397,0.3361674616706188,-1.9316830570598056,0.1158789386401326,0.7980437284234753
MB-0120,29.0666666666667,True,True,True,72.1,26.0,3.0,1.0,1.0,0.0,1.0,1,0,0,16,19,7,0,25,18,39,10,42,14,0,16,44,99,0,1,152,3,0,0,3,1,0,0,50,1,19,15,1,17,52,51,99,192,185,26.449754275949648,-2.5500647076672283,-1.7793518499003596,-4.365061573271072,-16.313747354325148,-17.109135295122496,1.7912201655118702,1.6993437964375642,0.4634557272680994,0.1479729729729729,0.632420091324201,1.0457099459400043,-0.2872122201349591,-0.1956841991165542,-1.085198013405477,-1.0718680590951,-2.3668217623951597,0.3415980750274958,0.4691682423064515,0.045734745260963,2.0701760756905627,-0.189033824390017,-0.5813014422175733,-0.0868582009290447,-1.529820946528695,-1.2658962918633887,-0.5264749186487039,0.2097558610940489,0.3224027436960159,0.4151785714285714,0.1928807947019867
MB-0121,152.2,False,False,True,78.73,30.0,2.0,2.0,1.0,0.0,0.0,1,22,1,4,16,0,0,41,12,41,0,16,46,5,56,68,26,0,5,190,2,0,0,0,1,0,0,15,0,34,15,0,5,57,15,26,241,273,29.508684663730946,-15.130306597386353,-5.525235465087328,0.5040292015117561,-25.87472669266817,-9.828189159759578,5.986423516644519,0.3707939662951361,5.697120918875376,0.0471611721611721,0.508695652173913,0.8475227126990238,-1.8288194961430104,-1.123985790913376,0.1173569506381587,-1.193413354364682,-2.109895410901487,1.283202725615601,0.1748928089647759,0.3836976624569296,0.8986121106895381,-1.3070889276997386,-0.9616818107867687,-2.2472765267253627,-0.9118371213338176,-2.563841478880328,0.2000552228511915,-0.470629825242161,0.1907895213639139,0.0892094017094017,0.4741784037558685
MB-0122,138.9,False,False,True,58.95,20.0,1.0,1.0,1.0,1.0,0.0,0,130,33,0,6,1,0,13,2,106,2,43,39,3,56,70,100,13,1,100,6,5,0,2,1,0,2,14,1,272,27,0,0,20,20,100,407,501,22.494770175971112,-8.671870633901822,-3.185967845308218,,-20.30856134930861,-10.77592885803129,3.9094876916878127,,6.288443662098892,0.0169660678642714,0.7837837837837838,0.5108241909619067,-1.944369589969274,-0.4419984749175102,,-0.628069193593191,-0.7568754891077368,1.310497514110958,,0.6954390370827257,0.4683653239688063,-0.7641600963867597,-1.15767255073502,-0.8463930208523603,-0.6580562546738156,-1.0988050100554845,1.0040829537497769,0.7886416289385288,-0.1066575567971757,0.0558659217877094,0.6596244131455399
MB-0123,114.233333333333,True,False,True,76.89,25.0,3.0,0.0,1.0,1.0,0.0,0,0,6,1,4,9,0,9,61,77,120,189,153,30,226,55,19,1,97,26,2,0,0,4,32,0,0,37,0,325,29,0,1,22,37,19,386,1047,16.423110894173487,-3.703737280607981,-5.962052986580618,,-17.301412339572032,-4.17686510374994,2.471507425988044,,2.571488807524625,0.0310410697230181,0.9347826086956522,0.1464817782838618,-0.3105997989685744,-0.3690292301076778,,-0.3680498728674332,-0.4073676933733653,0.9023892033735778,,0.3911222060882896,0.18039998813053,-0.2555917348225509,-0.4778642311011483,-0.2836440193709234,-0.5661479499556014,-0.6453818472253346,0.0391535190148977,-0.1953475983222191,0.1918041015030249,0.09215591915303172,0.798941798941799
MB-0126,127.633333333333,False,False,True,61.95,35.0,2.0,0.0,1.0,1.0,0.0,7,18,1,0,39,3,0,50,7,103,1,930,968,15,2428,338,162,1,36,781,10,0,0,0,0,1,0,94,0,226,24,2,7,94,94,162,1041,4847,49.946867608906196,-13.332427287953283,-13.87468495115021,-6.87990818992038,-60.131136775176614,-23.239728807205513,11.013676547076482,7.165634359437222,10.363326699135824,0.009240406702259472,0.7781934892892479,0.2626172031882905,-1.3000745847331885,-1.268051237410351,-2.81414021730582,-1.2075885552754766,-1.3582914239946966,2.225616302384394,2.0236363642672384,1.4450552554354945,0.16435550858840514,-2.665365324632172,-1.1312219265637413,-2.787989597190673,-1.0857974476644496,-1.0775876195025453,0.5216122843544914,2.098391131609973,0.42330511526244424,0.025616464829640275,0.6109256287587466
MB-0128,137.8,False,False,True,57.4,14.0,2.0,0.0,1.0,1.0,0.0,458,0,0,0,42,2,0,46,7,89,11,67,32,1,21,12,76,0,0,180,7,3,0,0,3,0,1,38,1,69,20,0,458,90,42,76,276,244,41.90074265090868,-8.285956921646193,-6.78539752247827,-21.97964399289657,-17.24815583537487,-9.95140518805106,0.1594875657180205,1.9563675113575245,5.282715034904176,0.1834016393442623,0.2058270676691729,1.7819712514245492,-1.276581740238853,-1.5221275089680315,-1.3262958289015052,-1.5042887637818592,-1.733858779444452,0.0422650980778266,0.1262945748741037,0.3951815143480565,1.8453581109177464,-1.3442603949854188,-1.5914046018380643,-1.4514925016413232,-1.838591660357734,-2.071002588279331,0.5837193338705242,-0.1777515228062076,0.24257975430432,0.2259389671361502,0.1547732318426895
MB-0129,38.5666666666667,True,False,True,63.53,24.0,3.0,2.0,0.0,0.0,1.0,20,37,384,3,129,10,1,282,0,0,2,10,199,1,133,1,258,4,23,1069,38,19,337,3,3,0,1,201,1,712,40,3,23,425,221,258,1862,1135,71.32669078544062,-28.759951113566103,-12.714159074320625,-7.50203693706923,-44.386083426502594,-23.705439102750265,7.806527335629329,3.270852770550176,6.795172676455249,0.064647577092511,0.42734518700183943,1.2077374105687613,-1.4990824310818525,-0.996252061115468,-2.23996197982875,-0.8998034242189175,-2.152151598526334,0.5570136448821807,0.737598493953013,0.1597059402253319,1.1106493965310185,-1.6001543978905937,-1.2214982554385965,-1.9296395257208847,-0.790329000811075,-1.991016900455955,0.33578255363370946,0.9198925426188403,0.0509188780733964,0.0996323529411764,0.3443054641211322
MB-0130,153.566666666667,False,False,True,56.75,17.0,1.0,0.0,1.0,0.0,1.0,0,0,0,0,2,0,0,0,0,0,0,17,5,1,12,19,42,0,1,89,1,0,388,0,1,0,0,6,0,76,10,0,0,2,6,42,176,444,25.282088631532968,,-1.4156413638062728,,-24.45245132536092,-17.31425771139489,,,,0.0076013513513513,0.9230769230769232,0.354123821807039,,-0.2570106182060239,,-0.9171746093291595,-1.7347816374355232,,,,0.3348522208350229,-0.5762566573720375,-0.3946427933162774,,-1.1761258622532365,-0.5332594501995932,-2.481298941547565,,-2.9312628138174257,0.0845588235294117,0.7372549019607844
MB-0131,66.6333333333333,True,True,True,69.16,39.0,3.0,0.0,1.0,0.0,0.0,3,0,0,0,50,166,0,133,58,3,3,44,163,47,361,514,133,1,42,57,1,0,27,20,91,5,0,186,27,144,41,78,3,427,213,133,263,1359,61.55191267386406,-49.2381422282415,-28.123496337394766,,-32.62902540285518,-33.40103205616822,20.3086259611383,,1.8707325948768638,0.0855408388520971,0.3518961393918688,0.6048992534086391,-1.8421769911419226,-1.323718609267322,,-1.564554703327944,-3.032251393861281,1.057677440250447,,0.12270211841419329,1.382450913253226,-0.2202947736312238,-0.9728140912771767,-0.0052120433427803,-1.600399517555524,-1.1885150745944568,-0.4801969820123725,-0.0244238171634167,-0.2914222124152307,0.5109126984126984,0.2286050772049201
MB-0134,12.9333333333333,True,True,True,73.11,22.0,3.0,1.0,1.0,0.0,0.0,0,4,1,1,0,0,0,0,669,15,114,290,310,30,197,13,47,1,21,51,1,0,0,0,42,0,0,38,0,99,5,0,1,0,38,47,156,1707,14.49309524554038,,-6.36818013725647,,-17.02156857285774,-10.115913308721746,,,,0.0156707674282366,0.9734848484848484,0.04773624201785811,,-0.2581011181754706,,-0.3757699490942003,-0.3963160909773394,,,,0.1834570314084767,-0.3371133033512668,-0.3332672337477223,-0.4885279163432461,-0.33414437447835776,-0.3888607938071898,-1.0434012603224407,-0.4291827165306225,-0.9442506540385904,0.1276970954356846,0.781787895613548
MB-0135,116.633333333333,False,False,True,74.09,35.0,3.0,1.0,1.0,1.0,0.0,1,41,1098,7,61,37,2,62,2,7,0,63,812,22,346,458,149,160,1805,410,28,4,3,2,8,2,2,292,3,145,46,1,8,163,299,149,631,4829,34.4184825780653,-23.59751603465756,-25.433446995279,-8.820581883771904,-19.798677105331247,-29.610411710258894,14.89365239651359,1.4294248699713683,7.108447410221276,0.034316902221850173,0.7422957958665024,0.14143658523387248,-1.1557231227515468,-0.7713278721487206,-2.831674601253017,-0.36612507006978984,-1.5138637787510956,1.699735216751862,0.7581598164353294,0.8176719777089999,0.2638726848484914,-1.0874050382524647,-0.8302515942722378,-0.9022064792270902,-1.0813936599227665,-0.844563124337797,0.7640486594603315,-0.3030555184896675,0.7373807210878286,0.12395059827881162,0.6095742576868035
MB-0136,88.2,False,False,True,72.3,13.0,2.0,0.0,1.0,1.0,0.0,10,37,0,5,50,16,0,55,2,300,1,87,61,1,298,108,13,4,4,167,4,0,0,8,0,0,0,150,0,212,46,0,15,121,150,13,437,903,24.486927020306986,-10.613253475881615,-9.131397725807789,-4.813195315471816,-21.466305276700798,-3.632020393225501,6.902175246947565,2.7308992946506754,4.782348248171814,0.11835548172757471,0.737381126554499,0.3274035198746444,-0.5719122204551588,-0.391171162283053,-0.7930005876815714,-0.5504863851183222,-0.532400085433499,0.7295250955265176,0.8003483168947029,0.3031159091445456,0.265015622181917,-0.8208321534561389,-0.6500593376463866,-0.2306129281414163,-0.8915348507412396,-0.5481704693515204,0.447536128501542,0.22263289054958718,0.8826319631208235,0.1101834430856067,0.7036797934151066
MB-0138,150.566666666667,False,False,True,51.33,18.0,2.0,0.0,1.0,1.0,0.0,1,0,3,0,2,0,0,18,0,216,0,239,44,5,94,153,76,0,17,273,9,1,0,0,0,0,0,18,0,227,42,0,1,20,19,76,551,771,28.156049425843126,-4.152250709311881,-4.956012514757504,,-28.381255494895502,-8.023968903653822,-0.020888055784122977,,2.069320620981191,0.007875723573055852,0.9363966514919774,0.5772342598448704,-0.8900303379847454,-1.1388861561393726,,-1.0276049625752641,-0.8499134008755168,-0.15804950128220013,,0.2257438711100279,0.520082579177824,-0.04751304632042072,-0.8443076921355737,-1.1695339741893729,-1.137282309583102,-0.7317721834662032,-0.31528853694375825,0.6214883767462702,-0.8492442404603067,0.07878935069675849,0.7080544099206091
MB-0139,109.2,False,False,True,47.62,30.0,2.0,1.0,1.0,1.0,0.0,7,0,0,0,2,0,0,16,0,119,0,55,19,0,40,2,64,0,3,207,2,2,0,0,0,0,0,2,0,79,1,0,7,18,4,64,289,238,19.82205275763726,-6.6708657819236326,,-5.6835753169569045,-11.864178278918107,-10.156126288372716,,4.471380034182585,2.168893174033544,0.0078781512605042,0.4561403508771929,0.7216502879807623,-1.5927016562904734,,-3.7023805016155245,-0.4520227962785672,-1.07076063018167,,1.6388555087163583,0.24315648378315388,0.4824383879209271,,-0.5245986512318952,-2.3353307994898507,-0.4384476682680287,-2.20698371491227,,,,0.0267509727626459,0.7863247863247863
MB-0140,147.933333333333,False,False,True,74.07,27.0,2.0,1.0,1.0,0.0,0.0,3,2,6,0,2,13,0,5,0,0,0,212,467,55,275,353,31,0,9,227,1,0,4,0,13,0,0,120,0,72,33,0,3,20,120,31,333,1396,22.186232006625644,-9.050167805774356,-12.33993791984904,,-20.27212028542737,-6.366466141270738,8.28877780554452,,5.010928051896554,0.0472779369627507,0.8413524057217165,0.1488109622877205,-0.956541564760553,-0.4872218218286591,,-0.4334037980531803,-0.4417909742398272,1.645043104725167,,0.8811973219277462,0.9034439569259444,-0.629398255699326,-0.4587478992918027,-0.5765106207305501,-0.5750433468065628,0.0205779472360054,-0.6043660579935471,0.4853265829613433,0.4234778620794967,0.4896816037735849,0.2957350413997813
MB-0142,12.4,False,False,True,57.99,16.0,2.0,0.0,1.0,1.0,0.0,0,0,1,0,0,0,0,0,128,200,53,175,77,29,352,167,51,0,6,54,0,0,0,0,0,0,0,3,0,27,6,0,0,0,3,51,87,1188,22.422863251714595,,,,-21.95433613482077,-21.56233571914512,,,,0.0015782828282828,1.0,0.0765534215988716,,,,-0.7406911767703466,-1.000962642688337,,,,0.0471240514746136,0.12155490231271221,-0.5586054424143336,,-0.9493378827389906,-0.7629865648805765,-0.5160151470036646,,-0.6915341649192001,0.0102357320099255,0.9677419354838711
MB-0143,54.3333333333333,True,False,True,85.39,22.0,3.0,1.0,1.0,0.0,0.0,6,1,0,3,10,0,0,30,12,1,0,22,297,351,211,37,58,0,34,96,1,0,2,0,5,0,0,27,0,55,30,0,9,40,27,58,182,973,21.810406214194263,-8.817734759711284,-4.952288796375497,-5.2217272926750775,-15.417772865998202,-21.114347317264308,2.7661858198669,7.33695717804151,6.323714479833373,0.0384121274409044,0.8605200945626478,0.1508415881894712,-0.5539316494095288,-0.3438420657907088,-0.7041730407248523,-0.41784480330597545,-1.338125322415164,0.8906394405957699,2.0291463456595165,0.8331448605245468,0.2265301154509146,-0.3488533463974558,-0.5177692912746357,-0.6196050868024529,-0.6653752777861497,-0.6976423431144703,0.3262577295565133,0.8611165669713688,-0.0012017452097532,0.1088811630847029,0.7789373814041746
MB-0144,152.066666666667,True,True,True,79.73,26.0,3.0,2.0,1.0,1.0,0.0,0,0,3,0,4,4,0,31,0,1,0,28,43,3,629,3,25,0,16,149,5,0,2,1,1,0,0,53,0,99,8,0,0,39,53,25,262,729,23.02707868890731,-12.485892586870206,-11.568658931574369,,-24.069487274166903,-7.410515188583972,6.191330886020432,,11.619086917712597,0.0404663923182441,0.7620320855614974,0.2964789706420817,-1.2947126373691518,-0.7458061171552768,,-0.8058921282890167,-0.719231067540239,1.2708393229549009,,1.1286596464690604,0.2412494205091161,-1.008139611797748,-1.0164512105370944,,-0.7895368103336601,-0.5504081932172797,1.2265816545611898,,1.0169303959498772,0.0924342105263157,0.5665878644602049
MB-0145,147.666666666667,False,False,True,62.4,20.0,2.0,0.0,1.0,1.0,0.0,312,185,2,3,51,1,0,78,3,302,0,290,110,6,75,56,920,11,12,781,39,11,0,0,1,0,0,41,1,360,126,6,315,136,53,920,1306,1053,52.70017539245546,-9.725267977800526,-4.440739720560138,-22.765423340112093,-16.772002910829638,-20.37409968754141,7.90824438807785,12.056966385380305,3.8959215598358212,0.017076808228828507,0.2801742764214248,1.5903254461141756,-1.5528821326366458,-1.214577166496558,-4.21491879909559,-0.6222507675212469,-1.3377879430283013,1.5937837519584512,0.9582472765594274,0.27951549247301194,1.4599522668741372,-1.0838036489307112,-0.5617940344350603,-1.742765366354696,-0.7374568047298449,-1.1759706425421672,0.6230771383950665,-0.5562680510146385,-0.17630347169381744,0.08342978820804245,0.3220570985517071
MB-0148,1.76666666666667,False,False,True,53.16,19.0,3.0,0.0,0.0,0.0,1.0,998,1,20,149,321,668,0,624,0,1,0,3,93,0,146,0,203,0,7,375,2,21,559,37,139,3,19,649,36,148,167,207,1147,1820,706,203,729,991,95.60673804979172,-40.74723684840794,-23.870507241766614,-34.29839737799167,-22.826965210895427,-13.477920805407244,4.8413861064462775,11.531417956612888,-5.150902077658034,0.2238900100908173,0.1346584177964986,1.9956196207753607,-1.3738105272953502,-1.2247998918147678,-2.029456829812725,-1.3776983108835612,-1.7254963357965036,0.12419902724709461,0.2187766824418228,-0.1393142064595335,2.8771571076955578,-2.882359057379909,-0.8917359254181473,-1.227786024447166,-1.1283229516154143,-3.669799872564672,-0.3094586905956712,-0.4515627580137715,0.4049055953387491,0.3370535714285714,0.0717862252197016
MB-0149,51.7,True,False,True,77.13,39.0,3.0,0.0,0.0,0.0,0.0,4,4380,50,4,14,0,4,11,0,0,0,1,1234,5,174,0,173,19,9,795,24,30,0,0,0,1,0,175,0,245,7,0,8,29,205,173,1071,5873,82.14226405035375,-19.472378594365143,-52.59942039312148,-12.149083780341552,-88.2607632690746,-55.92209453560626,13.664001490286644,4.514289575965499,16.316757309292093,0.0097692831602247,0.7309711286089239,0.2105406412256544,-1.8165476421639828,-1.5851645033021675,-2.1582873056375376,-1.220897112644023,-3.379414773481986,2.408059516916272,1.5940076403241632,1.755438254237685,0.2550555461379091,-0.9840183807121261,-1.5375921458394963,-0.249104743244434,-3.8474518295095415,-2.267702472710006,1.4783908365231122,1.1898997012035786,2.133266530863464,0.0329202366381068,0.5597041211694258
MB-0150,111.2,False,False,True,70.22,20.0,2.0,0.0,1.0,0.0,0.0,15,14,0,53,2,146,0,44,0,0,0,0,40,0,1268,0,2,0,1,15,0,0,0,1,26,0,0,152,0,23,9,1,68,193,152,2,48,1349,60.87684756334579,-51.79906818766881,-49.14103840005153,-31.70506913068786,-27.20319353416252,,27.02442240617942,12.49707441949177,11.986309785711075,0.0280763528539659,0.1868713605082054,0.373940704888523,-2.6717395748777184,-2.968594136064964,-4.309470422304435,-3.8733881821797995,,1.6093646080308417,1.3279518825151324,1.4057547925535574,0.9123960923347404,-0.9628837024234128,-1.438446408731823,-0.61635028679927,,-0.5406913907272394,0.3109642907277543,0.0352818158380312,,0.2475834797891037,0.3442976543542734
MB-0151,49.2333333333333,True,True,True,67.7,50.0,3.0,2.0,1.0,1.0,0.0,195,9,72,75,156,313,2,254,0,0,0,0,49,0,32,0,131,0,1,732,13,13,1599,28,14,0,0,526,4,520,248,125,270,850,543,131,1541,1776,67.04439775453467,-24.355766026669322,-29.891014975791254,-13.318124158807956,-52.077495785542595,-18.0014748127349,15.611143424306707,2.287370670616662,-3.7808003658579348,0.2012587136451991,0.3115570625972018,0.9498320728756253,-1.0868725018647212,-1.5301046820502768,-3.3760910385181764,-1.2152768360289299,-2.4277784265600895,0.7189797708672305,0.48110194018917646,-0.12883816445446802,0.8149743440207811,-2.08303799553915,-1.8987940018362677,-1.0893027937259698,-1.675916673432852,-1.993647192096616,0.5474921465064223,0.25284403545809475,-0.06266573710757511,0.20618159174719305,0.23195803497088685
MB-0152,63.0333333333333,False,False,True,63.77,12.0,3.0,0.0,0.0,0.0,1.0,731,153,2,161,174,152,0,537,3,73,311,23,264,0,340,0,227,1,5,873,18,13,8,11,35,0,1,428,3,123,38,21,892,884,444,227,1063,1219,66.16814351645043,-33.24381977751049,-16.030634867500932,-28.29077771110004,-26.788167188536104,-11.111896872115054,13.125229999946772,8.529953257567888,-8.240279248730577,0.2208777686628384,0.2459309558532744,1.2427525069441814,-1.4337146910879346,-0.8310637285837743,-1.066442309939797,-0.752321985646062,-1.0034618301117084,0.527229810633641,0.2572055862925825,-0.2680463816174642,0.985206120186336,-2.330244795702082,-0.2132039656035559,-2.483377237295656,-0.62801573632296,-0.5855705344171077,-0.38447200490352673,0.04105517194465117,-0.13808332305280696,0.1475673194614443,0.2165155512889224
MB-0154,114.766666666667,False,False,True,62.46,12.0,2.0,0.0,1.0,0.0,0.0,1,24,0,0,2,0,0,7,13,160,1,36,27,2,23,34,77,0,3,188,2,2,0,0,0,0,0,0,0,57,3,0,1,9,2,77,250,323,28.442576722172493,-5.734358291154013,,,-24.60645057359605,-16.296706596959627,,,3.741817191852199,0.0034829721362229006,0.8181818181818181,0.7286817682170336,-1.7217932825419557,,,-1.1219442254445529,-1.3848647933028644,,,0.5818640360405035,0.3700312907971523,0.0151819725008837,-1.0034386936271509,,-0.5249787939228047,-0.9563045168646731,-1.3903925458542679,,-2.0297473433940523,0.1342054263565891,0.7455357142857143
MB-0158,180.0,False,False,True,50.43,22.0,3.0,,0.0,0.0,0.0,153,36,456,32,141,41,0,160,30,148,143,188,477,3,168,0,156,32,61,752,5,21,0,2,4,0,1,232,2,109,19,1,185,343,255,156,887,1747,62.2333924356861,-33.3245673396285,-21.35943423450788,-23.96147689498236,-46.54875925241958,-17.665836453432135,16.8581070771745,8.560902144767146,5.064586402246956,0.03763901042991979,0.3575897065995568,1.0098013511857293,-2.878231630461353,-1.754083045862219,-2.8374683978018598,-2.0774379610379823,-1.8104962887296905,0.998765344348361,0.6178705370640222,0.20045459932709603,0.8612809768730666,-2.785365423431411,-1.858889487087758,-2.893651373538429,-2.067694867605522,-2.4104385008815057,0.532177682645838,0.4370961741299212,0.7061138452679692,0.0484587426540533,0.3481372480661701
MB-0163,98.1,True,False,True,84.73,27.0,3.0,1.0,0.0,0.0,0.0,0,2,0,1,35,10,0,28,3,0,0,0,938,83,60,0,26,0,75,159,0,0,0,0,3,2,0,91,0,208,110,0,1,73,91,26,477,1166,30.582671687722723,-15.90154989644955,-21.524416138616505,,-24.664070993122877,-11.629480189218995,10.55928959290836,,6.971951072373344,0.036771012006861,0.6224648985959439,0.3132706675137772,-0.9884433387034022,-1.4995758165431483,,-0.6328857574271226,-1.6959454127059406,1.4367876237645867,,0.5496470419085242,0.3906996481558634,-0.5148286274588711,-1.637628602365241,0.1255773090590641,-0.7051114870029078,-1.032121592263333,0.3543142405515524,0.4209684224966245,-0.1815535524402513,0.0796979865771812,0.5799557848194546
MB-0165,47.6333333333333,True,True,True,53.75,52.0,3.0,3.0,1.0,0.0,1.0,32,0,13,32,46,29,1,51,4,5,2,15,146,20,178,294,168,0,14,153,2,1,581,1,23,5,0,75,4,178,48,7,64,134,80,168,382,1300,23.75920390260727,-13.714938656900724,-8.948503857124466,-11.1785706220268,-13.887791142639717,-15.532946320813911,7.743500149463067,7.635856610418929,4.498242709729338,0.08131553676240116,0.6963857583220524,0.3203716038808493,-1.5764794597024747,-0.5048280730351302,-0.7373577943414664,-0.6349261647897307,-1.0434599931301791,0.9444839485901323,0.9896179814728789,0.5180872771744243,0.34632508994753924,-0.9189551746495552,-0.625816367609905,-0.5471480570197322,-0.4760510213874761,-0.8037604791541154,-0.27703980421417407,0.08482998694307686,0.015987583582651368,0.13442970092660358,0.6573063216446686
MB-0166,104.4,False,False,True,44.98,24.0,3.0,1.0,1.0,1.0,0.0,0,0,0,0,3,0,1,6,0,0,0,15,118,101,167,1,95,0,23,84,0,0,12,0,0,0,0,3,0,86,1,0,0,10,3,95,171,437,15.865553191906946,-2.9101183684183374,,,-9.97798739593243,-9.39935130444836,,,0.4317882803679487,0.0108695652173913,0.925925925925926,0.2807501923414252,-0.4533184949106854,,,-0.3786574457677154,-0.5335502339376458,,,0.1106762311561149,0.2398573537046034,,-0.6891127537857274,,-0.4856992884847972,-0.3642955925350831,,,,0.019752358490566,0.9245283018867924
MB-0167,43.1,True,True,True,76.4,38.0,3.0,1.0,1.0,1.0,0.0,18,1,49,110,20,75,0,99,0,238,5,188,327,4,2007,53,129,16,3922,408,36,3,28,13,2,8,0,106,5,205,122,11,128,205,114,129,784,6848,21.719157462901233,-11.538821205352406,-8.169051421768915,-11.992696085016503,-19.569901279183608,-14.570339320452609,4.356586016249748,3.0316790961739137,6.191450658529132,0.04056583694587248,0.9109281741875105,0.06212693729831992,-0.3225478384950666,-0.2786842037554526,-0.47359468979739017,-0.27002403562584637,-0.504441037918379,0.9999477438315508,0.7795648641682336,0.5319151274772492,0.2451628794068112,-0.3344310525827918,-0.5633603526696487,-0.496322713475807,-0.3107243327012402,-0.5330472335721913,0.992236200348963,1.4046052956356476,1.4774715460376608,0.11239386112475283,0.7342829824172693
MB-0168,122.766666666667,False,False,True,60.26,17.0,3.0,0.0,1.0,0.0,0.0,2,0,1,0,8,4,0,19,4,10,0,15,25,1,92,281,28,0,0,96,4,1,0,0,0,0,0,34,0,41,10,0,2,31,35,28,151,429,16.32340957720545,-9.767312125154245,-7.606188055615527,,-13.506136733410827,-7.873206139561402,7.075265077945173,,5.7093656416323775,0.05099067599067591,0.7272727272727273,0.2851004153998299,-0.9522550822525468,-0.632268215499513,,-0.5817665131395098,-0.7408076604606002,1.4013625623817672,,0.7261076914219868,0.1626722331911864,-0.3104659705758156,-0.4607425637896443,,-0.6409577659495773,,-0.0314179644665706,,0.1100938652494913,0.1633720930232558,0.7469342251950948
MB-0170,93.3666666666667,True,False,True,83.35,26.0,1.0,1.0,1.0,0.0,0.0,7,1,0,54,65,12,0,304,0,0,0,0,16,0,17,0,117,0,0,157,3,5,0,0,1,0,0,81,5,50,29,5,61,386,91,117,239,35,13.9571076006273,-2.4600498006106286,-0.3676102845326908,-2.59152251300904,-1.8820447563023868,-1.1044684672965273,1.1984935174933953,-8.711184984317905,-3.9637149956970967,0.4571428571428571,0.0850704225352112,2.5563933485243853,-0.2803200646296133,-0.0858193684610038,-1.0263172027404834,-0.2906466370416538,-0.2558028366027179,0.074679801874041,-0.8770386780808406,-0.1481568605163621,0.597467626475402,-0.3508366648108815,-0.5088533171382742,0.1803318165035444,-0.450978063411402,-1.5014211520677732,0.0244026634628109,0.5402598164934079,-0.3527440409504922,0.2862537764350453,0.5270516717325228
MB-0174,78.7666666666667,False,False,True,59.18,24.0,3.0,0.0,0.0,0.0,0.0,0,4,835,0,2,3,0,9,0,0,0,0,25,0,2,0,17,0,156,5,2,147,0,6,1,0,184,1,33,114,64,1,0,15,181,17,191,1207,24.253458221820228,-8.244211331265689,-11.670268426172264,,-28.68350782745306,-12.5981888678529,-1.6753493255395149,,10.540600455334047,0.0889602319801159,0.8328,0.1697022032867206,-1.005787444449871,-0.3015699467419337,,-0.9562970629157592,-1.647096662050929,-0.6699338356689608,,1.7688218632163342,0.2065158317549742,-0.9238101459787016,-0.7179343848639512,-0.822998431541925,-0.7683434239525361,-1.8362430781342567,0.45315137220714985,0.9118584031309824,1.0870120694794827,0.0868025751072961,0.6978873239436619
MB-0175,72.3666666666667,False,False,True,69.51,20.0,1.0,0.0,1.0,0.0,0.0,3,21,1,2,9,1,0,21,1,401,1,714,74,11,115,87,391,0,59,666,52,6,0,0,0,0,0,18,7,98,25,0,5,31,31,391,841,1485,44.75292700493866,-11.990342298380677,-9.874130836250838,,-33.67994563156712,-25.361860142494926,-0.0088711278452009,,10.277313479900933,0.00341406933929866,0.7245335665500582,0.5982947191628056,-2.847416759022967,-2.0201566236908914,,-0.9093078774788496,-1.2391990199796918,-0.0053999877425899,,0.9882600229380468,0.40375873763442155,-0.9566410163322919,-1.487082015681757,-0.9516430503746489,-0.7185839206974924,-1.061736404604243,0.467623576876588,-0.870529119907312,0.02824878669312669,0.04695253333151753,0.592949833557873
MB-0176,113.433333333333,False,False,True,38.78,36.0,3.0,2.0,1.0,1.0,0.0,2,0,7,1,1,0,0,5,0,172,3,455,57,0,340,9,68,1,0,202,1,0,0,0,0,0,0,24,0,50,0,0,3,6,24,68,253,1044,18.140158430488917,-3.102610319347351,-4.445654395217107,,-14.993510272135088,-19.866586397783,-1.0195628640765335,,2.88059735868164,0.0172413793103448,0.9502762430939229,0.1358741500770458,-0.4658874214535202,-0.3218837035877731,,-0.3562074152283888,-1.204389275307345,-0.9671686075326276,,0.8426158308461404,0.0335279521144641,0.0603256445467003,,,-0.975501637507752,-0.7253632205153897,,,-1.1538053360790357,0.0102554179566563,0.9830508474576272
MB-0177,45.6,True,False,True,85.94,44.0,2.0,1.0,1.0,1.0,0.0,0,31,0,0,2,0,2,10,12,946,1,1742,113,0,359,476,331,2,48,759,18,0,0,0,0,0,0,19,0,335,39,0,0,14,19,331,1151,3730,33.54940469728057,-0.06155814147118191,-6.662310015781293,,-29.731272707378707,-28.78466586335543,-0.6398144808330009,,-0.5146868492342739,0.004094578690589,0.9649442321338015,0.1923610070250446,-0.0065801484237127,-0.8764821778036614,,-0.5249292411148874,-0.9763260266896775,-0.4168397419128291,,-0.1315035951380151,0.08084338418437519,-0.343245642946173,-0.5095468363274833,,-0.773625367523967,-1.0720688884703027,-3.782932704820837,,-3.3750394313469245,0.040755062519514614,0.8782276138298315
MB-0178,104.466666666667,True,True,True,74.63,21.0,3.0,0.0,1.0,1.0,0.0,2,0,0,9,25,78,0,10,3,0,0,0,180,0,339,1,25,0,13,64,1,0,0,11,37,0,1,70,0,32,35,1,11,114,70,25,143,574,19.944184635709423,-15.314056742227631,-12.396138261548929,-1.599271259739189,-10.991101639368164,-6.830297153601452,7.04453452503597,1.8772754397263525,3.6682704104230015,0.1154181184668989,0.6693147964250248,0.3064197502717364,-0.7446923975041777,-0.7776307978174899,-0.2232540337620017,-0.4512682689036066,-0.8270160496547106,0.7296814832947331,0.5521563556379147,0.321614109614426,0.9152948113041348,-0.56653658133071,-0.6383393690593874,-1.3120531346246642,-0.5216883258704379,-0.2726917534369265,-0.5650582443807284,-0.3110337624892091,-0.35988311194764,0.2777777777777778,0.3668981481481481
MB-0180,62.3333333333333,False,False,True,51.69,18.0,2.0,0.0,1.0,1.0,0.0,2,0,329,0,6,4,0,7,0,105,0,47,12,0,45,133,62,0,0,158,5,3,0,0,0,0,0,13,2,74,9,0,2,17,18,62,246,671,33.012290599979984,-6.208280389273039,-5.129251409836161,,-33.38029017256425,-15.65137445029998,0.7590355679722263,,3.8155697349574114,0.0193740685543964,0.9084967320261438,0.3808380819246751,-0.8127244580985921,-0.5396486074260576,,-1.1722635254237928,-1.2214188462565259,0.3864683470820729,,0.6111675710685502,0.3549988807105819,-0.455787910104274,-0.7829967269600929,-0.501522223391074,-0.6932535880588537,-0.8144940833721807,-0.7600181284798976,1.331256810912096,-2.140520362873523,0.19429097605893184,0.6063132817153067
MB-0181,85.9666666666667,False,False,True,68.45,21.0,2.0,1.0,1.0,1.0,0.0,0,11,2,0,5,1,0,6,0,164,0,152,10,0,56,515,25,0,1,182,14,0,1,0,1,0,0,21,0,42,10,1,0,13,21,25,248,913,33.076232835460324,-11.80144122782043,-11.175044833390311,,-44.48525054043284,-13.316231092277784,1.5183759167524489,,10.884407481381942,0.008077765607886,0.84,0.2626757136908608,-1.6766220411786528,-1.308834856634373,,-1.3347153407754715,-1.5091468631765894,0.7393720918733013,,1.506011159326334,0.3927134341880562,-0.5049561949893898,-0.6219741004438011,-0.8079169015651539,-1.1234432973095432,-0.5123973590708062,-2.463510360786708,0.0767511924598116,-3.578561389947287,0.2276570048309179,0.5948625506985128
MB-0184,109.033333333333,False,False,True,68.41,25.0,2.0,0.0,1.0,1.0,0.0,1,0,0,2,4,0,1,13,1084,149,129,86,37,5,111,308,207,32,5,523,1,9,0,0,0,1,0,36,3,127,37,1,3,19,48,207,688,1947,25.006073939120903,-1.5393442301215643,-4.052750742227661,,-29.113743603050143,-9.818115016273069,0.46038512899757006,,1.9741557628588398,0.028838018873322286,0.9173757789829219,0.1752850536437337,-0.2034113532862087,-0.14109121164775348,,-0.8354674880909272,-0.6042094087887397,0.25376407188151573,,0.43686282410704036,0.213721990406052,-0.17369562236432867,-0.5800265890879371,-0.9316045403208515,-0.9069659194558252,-0.4250662737904223,-0.8284713490351199,0.23670439770139454,-1.587912342670231,0.13550820628908675,0.7214011147056083
MB-0185,43.8333333333333,True,True,True,76.84,50.0,3.0,,1.0,1.0,0.0,16,0,43,142,15,190,0,79,3,150,1,43,44,0,667,10,34,0,15,51,1,0,16,5,7,1,0,48,0,55,48,28,158,312,48,34,160,1000,47.42719042267196,-29.30120998110429,-6.012061767554246,-34.40481079556191,-25.54453846572037,-18.792083829340346,0.8795812969480206,15.54384195552126,2.440716128117567,0.118875,0.4260332174584781,0.5294005681953734,-1.0707990271870471,-0.4732222118103479,-2.6472715464936134,-1.4764369353142002,-3.4157666185633797,0.1200238889139805,0.8483069658266177,0.1859132670087538,1.0994865094812925,-0.7121830512092303,-1.3173708664994357,-1.7796137377511925,-1.795351365166559,-0.5263116146819707,-0.3089685083417411,0.0152181200167194,0.1846978347126149,0.2011078998073217,0.2618918918918919
MB-0188,31.3,True,True,True,82.65,45.0,2.0,1.0,0.0,0.0,0.0,1,158,4,0,6,2,114,44,0,11,0,36,106,0,76,4,97,4491,33,183,9,0,1,2,1,6,0,22,2,273,45,67,1,233,24,97,512,4927,16.993864353701333,-5.511571467059298,-7.053709137119397,,-20.325575484097474,-8.842597410162782,1.7992397344766244,,4.164037073572276,0.035908658228953526,0.9458901281302927,0.062492463880131,-0.1635705515731057,-0.7054573191164165,,-0.44087287500494154,-0.395083622589516,0.8087590495277688,,0.609474951369215,0.027865425941925592,-0.12611991082071072,-0.3988837523584403,-0.8255106241203529,-0.3996795095612307,-0.16105164867436922,0.474934517473798,1.3364276645824773,0.8444050984245953,0.03097810095473283,0.8904975565373984
MB-0189,9.06666666666667,True,True,True,57.79,48.0,3.0,2.0,1.0,0.0,0.0,1,25,1,1,0,0,0,2,0,27,0,156,54,24,57,24,38,5,20,75,4,0,0,0,0,0,0,14,0,355,14,0,2,2,14,38,448,393,23.68622003530331,,-3.8893980870620606,,-23.31660413437144,-9.767124707278366,,,,0.0073155216284987,0.8571428571428571,0.5928392397431527,,-0.7954395290588592,,-0.6062037227762249,-1.4717448800761486,,,,0.4511041121135523,,-0.903432535734924,,-0.7693526883786417,-1.0789951184590754,,,,0.045,0.7046783625730995
MB-0191,15.3,True,False,True,81.02,25.0,3.0,0.0,0.0,0.0,0.0,1,13,4,1,7,14,0,3,1,0,0,0,112,4,1,0,8,0,41,12,0,101,0,12,16,0,1582,11,31,39,15,1,2,25,143,8,78,1774,21.96556926214591,-11.656960311825516,-21.74144589320553,,-17.11657749341045,-6.739352469026022,8.63600076967888,,6.859855831649904,0.0515783540022547,0.8,0.0683145915019145,-0.7208854317614746,-0.5944837294253082,,-0.5546778218013676,-0.6981614783610733,1.5512069018090502,,1.4593622599660554,0.5344731578239357,-0.6789115859037587,-0.8816244872947321,-0.8560124965872346,-0.5959216119245693,-0.9573917295166938,-0.1994848892873131,0.207429855419732,0.3261258098465526,0.21307471264367814,0.48354503464203236
MB-0192,144.633333333333,False,False,True,62.55,13.0,1.0,0.0,1.0,0.0,0.0,2,18,0,0,3,0,0,4,20,4,5,90,150,10,204,4,57,0,11,251,8,0,0,0,0,0,0,4,0,57,9,0,2,7,4,57,325,516,13.605227530854425,-3.11355906217643,,,-11.016066288269995,-5.5076409463791896,,,1.9510933389268827,0.0079941860465116,0.9565217391304348,0.2454576142712826,-0.6419313128502327,,,-0.30613165200150894,-0.3490942471517689,,,0.3920779327388569,0.1195069007277495,-0.5481077678355143,-0.2410880249929092,-0.8439838440483266,-0.3453136331559676,-0.442627600283444,0.48903808072262067,1.5228407888133586,1.2612321631998085,0.0719696969696969,0.8624229979466119
MB-0193,19.0,False,False,True,51.54,19.0,3.0,2.0,1.0,1.0,0.0,75,1,18,3,88,66,0,192,16,26,41,222,171,9,195,4,57,0,48,249,5,3,0,5,26,0,1,122,0,46,16,8,78,354,125,57,321,778,44.958639016675654,-35.34776388993623,-15.505592123774706,-13.72823182191107,-20.58783305171701,-9.159312544208024,9.908458679798128,8.891730891915627,5.325178301122073,0.1200192802056555,0.3807280513918629,0.7615059869696352,-1.513629183399513,-1.021773485522076,-1.3435980724712298,-0.8482204360879784,-0.9843059561079656,0.5928034191084814,0.746232056933088,0.2553790546567922,0.8142995394227343,-1.9581230437986488,-0.8317168588097499,-2.1187932949034747,-0.7363471637612704,-1.28613337321848,0.1936229087420367,0.6541537664694811,-0.0306497730007733,0.1568413391557496,0.3155773106824071
MB-0194,91.6,False,False,True,56.45,21.0,2.0,2.0,1.0,1.0,0.0,2,34,439,2,6,3,0,1,0,213,0,97,36,1,71,7,147,9,37,29,8,5,0,1,1,0,3,47,0,186,7,0,4,10,52,147,231,948,26.84831927628971,-3.7232314466611776,-11.546974003580646,,-20.68600415019742,-21.734806604440664,2.06340398581981,,4.227081508972921,0.027294303797468295,0.8786764705882352,0.2631848838803163,-0.4838229414676519,-0.7980505147675145,,-0.7154236544028137,-0.8902905523032727,0.8973418686362611,,0.9461935563042062,0.2477000661526201,-0.592875582364421,-1.07694529701922,-0.5968159064649451,-0.9711594072378636,-0.43140415037746094,0.4744083489257776,-0.5849625007211563,0.38228358695898607,0.0887216189536031,0.5921985815602837
MB-0195,146.0,False,False,True,75.18,28.0,3.0,3.0,1.0,0.0,0.0,317,70,0,42,75,37,0,136,53,37,0,53,187,24,426,484,478,8,20,818,42,40,1,5,1,0,7,209,9,121,126,7,359,255,258,478,1112,1371,53.05307946917688,-14.57599120092839,-10.982842459630252,-19.635038537852402,-25.001591646339808,-19.238543662708324,6.655451384335384,10.970717060926251,-0.7503299566882518,0.055797377324413026,0.3622159413403133,1.3363549599925957,-1.5803958295715774,-1.1232541684389277,-2.196798803676475,-0.9407709366035886,-1.4365004101066636,0.8387284051714181,0.8881882349529032,0.03891318775518652,1.2238548977289514,-1.722410213419596,-1.0422705995129995,-1.9570574821965188,-0.5604248113885535,-1.2676557010000522,-0.767731724025373,0.5347032640793775,-0.8665907731302143,0.14042542781713616,0.32805120219796724
MB-0198,144.766666666667,False,False,True,43.37,18.0,3.0,2.0,1.0,1.0,0.0,1,1,260,0,6,2,0,9,1,13,0,37,215,6,165,1,204,0,82,115,13,3,0,0,1,0,4,40,0,355,2,0,1,17,43,204,485,786,21.93646085696633,-6.536494255298831,-6.148146008610605,,-18.086524016039288,-14.686856553079542,1.829777646653744,,3.6096195711287735,0.0216284987277353,0.9010989010989011,0.3875790462726047,-1.1088634757060336,-0.6456584324087101,,-0.4665151658072013,-0.6708555663134027,0.7263183499666975,,0.526231378014133,0.4379609200917546,-0.662048309084613,-0.8069974468339292,,-0.4640873549598037,-0.8373633106049735,0.6706713443603678,,0.09410716813092221,0.10655737704918031,0.6159305993690851
MB-0200,130.866666666667,True,True,True,69.86,38.0,3.0,0.0,0.0,0.0,0.0,77,84,19,16,96,98,0,202,3,1,0,0,1099,1,87,0,25,0,3240,310,6,123,0,14,42,1,92,423,17,38,486,25,93,421,563,25,854,4669,42.84711046446147,-46.86953904990111,-28.730061994534072,-22.020599357436428,-27.334274452829725,-4.751644611302641,22.586951212502736,23.24724366325112,16.516753860869613,0.06562800329626808,0.5582473345065112,0.26414847449472223,-2.344332281929585,-0.7180798331940604,-3.6337734179057932,-0.4873627396565273,-0.7262343784676382,1.4281308670876693,2.7956799209167844,1.0189408166457241,0.5606798224756895,-1.4755815529818603,-1.2023223930938447,-1.0325030993464541,0.09792393710457316,-0.5654797015585259,0.559644333129929,0.8863120460753268,-0.8254325405996276,0.1776495189302903,0.38480419947469263
MB-0201,125.7,False,False,True,49.5,20.0,3.0,0.0,0.0,0.0,1.0,0,0,8,0,1,0,0,4,0,20,1,167,118,0,165,0,61,0,66,254,10,3,11,0,0,0,0,1,0,50,4,0,0,5,4,61,318,556,23.700753239077983,-1.918324730864816,,,-22.83265467667745,-18.41771544835288,,,-0.4612143597487121,0.0058453237410071,0.9393939393939394,0.394980785135175,-0.3950627995175775,,,-0.6666643993708786,-1.652845642971077,,,-0.131369979566831,0.1873012930909234,,-0.6374797126521096,,-0.8194617568708993,-1.634327737677807,,,,0.0342607973421926,0.8821428571428571
MB-0202,128.366666666667,False,False,True,46.0,30.0,3.0,1.0,1.0,1.0,0.0,5,21,42,13,4,2,0,33,3,8,49,96,149,1,352,13,42,4,6,291,3,10,0,0,1,0,0,108,2,125,31,0,18,39,120,42,450,745,14.281817471981778,-5.223584073625919,-4.032529103117258,2.040862258443445,-12.24130734819718,-6.753501442961471,2.0586594849937314,1.6807897193030124,3.300245889588783,0.10520134228187912,0.8543123543123543,0.229859261832526,-0.4373599489201723,-0.1925476927403482,0.20435057859467493,-0.2931659538374288,-0.6009887570203063,0.37169299440167447,0.7078726826458795,0.3282473999576398,0.2543974171948595,-0.3112653064151209,-0.4284762870805757,-0.515238878466836,-0.9128907700703215,-0.5670008569319123,0.0686506555075224,0.3666979650073846,0.7337907389462228,0.113150289017341,0.785
MB-0203,58.7666666666667,True,False,True,86.24,25.0,3.0,1.0,1.0,1.0,0.0,22,8,0,1,49,24,0,232,63,2343,39,327,41,0,768,255,61,2,1,496,5,2,0,2,2,0,0,195,0,328,49,1,23,306,197,61,880,3849,37.04262437943008,-16.46478283101799,-18.44764753197814,-8.17312916998865,-32.372128893110904,-11.648154983913166,5.265089412626932,9.528313384201086,6.379772322771892,0.03936145144370103,0.7596549885729003,0.24894081517567535,-1.0167496609771685,-0.8655811852993383,-1.23904696867299,-0.6106505031783415,-0.8794930751035234,1.046843654779611,1.2397423395321172,1.0357264854078638,0.21234304069576768,-0.5318693544521402,-0.8933275013542322,-1.020865422508307,-0.7358941376787065,-0.8291673588760796,1.2435991693616533,0.8075300170321364,0.6266669725785016,0.06862980888390158,0.7164078873292151
MB-0206,141.166666666667,False,False,True,55.02,35.0,3.0,1.0,0.0,0.0,0.0,164,0,0,558,120,435,0,377,0,0,0,0,7,0,24,0,360,0,2,947,3,7,0,67,261,22,0,616,3,154,115,31,722,963,626,360,1286,316,43.2475680012718,-17.395426849938485,-6.479779905049364,-25.270138975713405,-7.422621293119058,-5.47437692569277,3.782577773197736,2.2113446962215972,-2.8283602759472317,0.29272151898734183,0.06924007724839042,1.7366817387711166,-0.7690369931952208,-0.7628896153322987,-2.64126811634989,-0.5144427695000539,-0.9885455804316378,0.18546174572230856,0.10411985077594585,-0.10306726632754791,2.8714894099293224,-1.11447996491142,-1.2002941476852933,-1.4333850481460355,-0.4081683707081063,0.1052615926124408,-0.17369811111081732,-0.29594058295938436,0.08699446534022187,0.337,0.027381396875833852
MB-0207,173.633333333333,False,False,True,48.13,28.0,2.0,1.0,1.0,1.0,0.0,1,16,0,0,5,1,0,9,0,263,0,51,33,0,9,491,116,2,2,142,7,0,0,0,2,0,0,16,0,253,37,0,1,15,16,116,439,869,43.67429189947402,-3.671149183287584,-5.372525487668728,,-39.10959614081133,-17.146933901045845,1.2176705929987113,,2.958617074307955,0.013665132336018402,0.921875,0.460212032144791,-0.4869106773597448,-0.6574766843222828,,-1.1165563403085863,-1.0524044906642311,0.680960184437464,,0.47117004865535533,0.4067329217858828,-0.2392797684855836,-1.4817947931403594,,-1.3985118490606148,-0.6845664659120867,0.222141975186893,,-0.1574992357219353,0.0399137001078748,0.7587628865979381
MB-0211,44.8,True,True,True,42.95,40.0,3.0,3.0,0.0,0.0,0.0,32,1,0,13,35,35,0,63,0,141,67,71,23,1,37,0,141,0,12,247,22,2,0,4,1,0,0,110,5,239,69,2,45,135,117,141,581,354,28.430149496469436,-15.823711969791775,-11.978835959432843,-10.624693813440928,-6.644066220716395,-17.541281722664007,12.488835022975453,8.550018509680836,-2.2624113274932,0.057909604519774,0.21860465116279074,1.1515486627680305,-2.2332791184736287,-1.4366217357292117,-2.2869483358212808,-0.21701645634836,-2.5156889643403617,1.0508506253232337,1.2137117981056726,-0.11075585748749868,0.4114596267541116,-1.5840491135169277,-1.217801359148151,-1.32666656231684,-0.4105610357501895,-0.6437336193257068,0.1574782235112012,1.77431375293851,-0.5259495363138024,0.0903141361256544,0.4550641940085592
MB-0220,39.8333333333333,True,True,True,37.24,20.0,3.0,2.0,0.0,0.0,0.0,0,1,2,1,1,0,0,1,0,0,0,1,7,0,7,0,14,0,2,46,5,0,829,0,0,0,0,35,0,83,5,0,1,2,35,14,139,849,11.470492618311082,,-9.139310481102696,,-8.760648590924719,-9.332371497104251,,,,0.0206124852767962,0.9278846153846154,0.0797667175025709,,-0.5280004766189006,,-0.2573282874885776,-1.0041451900820555,,,,0.0751481710339521,,-0.5814838772316463,,-0.2401885987971463,-0.6119592330991734,,,,0.0460680751173708,0.8136531365313653
MB-0221,20.2,True,True,True,77.72,20.0,3.0,2.0,0.0,0.0,0.0,3,99,19,0,3,0,0,11,0,0,0,63,55,0,72,1,77,6,8,130,2,0,0,0,0,1,0,3,0,30,3,0,3,14,3,77,165,324,27.28128965014914,-6.744445999848273,,,-21.80969437021494,-20.059278824424847,,,5.235738581066592,0.0111882716049382,0.9024390243902439,0.5969225607992952,-1.1451979155399357,,,-1.0741504922660472,-2.1612321253109346,,,0.7593618697355422,0.4763131652601076,-0.6076262208454872,-1.0186487065218977,,-1.2749907590206084,-2.077039116581075,0.6018928966710334,,0.9153172164278228,0.031640625,0.7818181818181819
MB-0222,180.0,False,False,True,50.31,20.0,,0.0,1.0,1.0,0.0,1724,2,2,11,30,87,0,157,0,146,67,39,126,0,149,7,124,0,1,95,1,2,0,3,40,0,1,91,0,101,56,55,1735,329,93,124,256,580,73.83966149048247,-10.306223558409316,3.423881296854273,-65.0560098985341,7.973922296980361,-9.3146978037814,10.164634072871047,-19.05060849612826,7.373488620046547,0.19612068965517238,0.1099425349669305,1.9008700318980096,-0.651985719772771,0.3239594944979437,-2.5740611298293805,0.38328879608178756,-1.314555060694941,1.0380063225797451,-0.5256096960496313,0.5206143564728529,2.178758132300862,-1.3133887121689156,0.5856756367051783,-2.855643895307584,-0.858573970432037,-1.841835921928276,0.0077494996049346,-0.7093994184794365,0.1453134366283637,0.1658366533864541,0.1066951566951567
MB-0223,81.3333333333333,True,True,True,50.45,20.0,3.0,3.0,1.0,0.0,0.0,0,4,0,0,1,0,0,3,0,0,0,0,345,0,38,0,19,0,0,425,0,1,0,0,0,0,0,0,0,107,0,0,0,4,1,19,532,387,22.72793370991208,,,,-21.81326942224246,-5.555268404374377,,,,0.001937984496124,1.0,0.6381319353338831,,,,-0.6408272028895021,-1.1657109924849305,,,,0.3297910549233413,,-0.7501465666913208,,-1.4964258261194987,-1.0055301725522223,,,,0.0825140449438202,0.7024608501118568
MB-0224,176.766666666667,False,False,True,44.01,25.0,3.0,0.0,1.0,1.0,0.0,0,0,0,0,0,0,0,16,0,282,0,149,40,0,17,2,124,0,0,298,5,0,0,0,0,0,0,12,0,117,1,0,0,16,12,124,421,490,31.40406754897785,-6.189164474949099,-5.59415549600152,,-21.853821865891504,-21.39989519716779,0.8201247995153796,,4.089883784856054,0.0068877551020408,0.8545454545454545,0.7019370622077395,-1.2714050677830029,-1.4233092372423868,,-0.7105184966451323,-1.8854138985132352,0.4966512648324958,,0.549573194623912,0.4947853483764263,-0.805535251804733,-2.2081224448816106,-0.2373754506623268,-1.0508678838691077,-1.4809728760959897,0.3596104399450546,-0.6040713236688607,0.7483254563307541,0.023351648351648303,0.3711538461538461
MB-0225,180.0,False,False,True,59.15,19.0,2.0,0.0,1.0,0.0,1.0,0,0,1193,0,0,0,19,0,2,0,0,7,11,0,8,1,71,48,3,39,10,0,34,0,0,0,0,24,0,76,7,0,0,19,24,71,132,1307,7.366831604681159,0.43767559032665154,-2.6913364301684632,,-6.713941931488494,-8.198834576604114,0.2141585593849715,,-0.9299695794443452,0.0255355776587605,0.9681528662420382,0.0366903280103653,0.0282328941978563,-0.159974100779674,,-0.1742055521321711,-0.299612704418129,0.1105264574688908,,-0.3831282513240999,0.0110764628250147,-0.0057471940511601,-0.42340278509878654,-0.3685311699143947,,-0.1863596900916915,1.4236122350168536,-0.7048719644563528,,0.025827143821742,0.8936708860759494
MB-0226,57.6333333333333,False,False,True,58.21,20.0,1.0,1.0,1.0,1.0,0.0,5,0,0,0,6,0,0,22,0,45,0,139,61,1,76,1,81,0,3,622,2,2,0,0,0,0,0,24,0,144,0,0,5,28,26,81,768,326,51.90042576494595,-9.40674544797838,-8.179197247883346,-0.9466933039653216,-44.615401555686944,-17.010965199254514,-0.0493280296790295,-0.0556555846468862,5.9446216567929495,0.0072852760736196,0.5217391304347826,1.6531349393757042,-3.3104439975636937,-2.6718594682474768,-0.3555801473773594,-1.832137791989487,-6.040417589563266,-0.026209879322848698,-0.0426443374084936,0.4019854336455458,1.4514878237320576,-2.572081209424424,-1.5034867987152327,-2.622800231863413,-1.9489606682592897,-2.891136917355988,0.2230290448847158,1.012072832300575,-0.12432813500220172,0.0377725856697819,0.4221556886227545
MB-0227,111.866666666667,False,False,True,52.95,24.0,2.0,0.0,1.0,1.0,0.0,6,0,36,0,3,0,0,20,1,450,0,830,80,0,167,21,35,0,10,133,0,0,0,0,0,0,0,17,0,236,10,0,6,23,17,35,379,1595,27.213448117689108,-6.443115017004977,-8.277830323675047,-5.048659673312621,-29.26111456908296,-8.703430759217717,2.395726175493801,6.6295807343607525,4.045753943053787,0.0135579937304075,0.9043478260869564,0.1506517098876631,-0.4783470298879253,-0.7587655957535205,-0.8313705879675408,-0.6083524664590243,-0.5304563068102767,1.130786607535354,2.0936591072142448,0.653340439118114,0.0758197451822411,-0.2765283429387841,-0.7116592695145083,,-0.7044612977225606,-0.7329203821082574,1.2009126939259966,,1.510940703329836,0.0131542316258351,0.935361216730038
MB-0229,71.5,False,False,True,45.5,19.0,2.0,0.0,1.0,1.0,0.0,1,1,0,0,9,2,0,31,11,71,15,548,192,4,252,8,37,0,29,215,7,0,0,0,2,0,0,41,0,94,12,1,1,43,41,37,328,1133,14.117166008445434,-3.54925278685762,1.0831404615620157,,-15.70919982985978,-9.3483203881525,-1.1308339539749015,,4.555279757244993,0.0486540158870255,0.9596330275229358,0.1267736543946032,-0.20380053509892906,0.0587038161454453,,-0.3691265609924199,-0.6063522649200991,-0.5952308361749832,,0.5200854934259406,0.0421658444270862,-0.43586706141778486,-0.1861022880499614,,-0.22976885897226643,-0.443767370580208,0.7740276883877513,,0.5428184910585785,0.0673843700159489,0.9223744292237442
MB-0232,180.0,False,False,True,44.73,14.0,2.0,0.0,1.0,1.0,0.0,0,0,2,0,2,1,0,3,1,948,7,276,31,0,73,7,48,0,2,154,12,0,0,0,0,0,0,32,0,159,14,0,0,6,32,48,339,1347,33.03270861790381,-5.073987023653438,-11.899654828462298,,-37.439762838334886,-13.763314684952038,4.228188519851161,,5.217014351733426,0.009836674090571602,0.9166666666666666,0.2114058776877761,-1.0003434579330324,-0.8465418433545632,,-0.949769320457903,-0.8062263583191226,1.6141088463806723,,1.235678112086673,0.16155533821098647,,-1.0079967288365124,,-1.0074213518559223,-0.9968225744589755,,,,0.0353723404255319,0.7088948787061995
MB-0235,142.566666666667,True,True,True,52.55,20.0,2.0,1.0,1.0,1.0,0.0,0,0,0,0,0,0,0,0,862,0,19,2,24,1,3,0,23,0,0,78,20,0,0,1,0,0,0,59,0,167,45,0,0,0,59,23,311,911,22.07551110146427,,-11.240534139212722,,-24.03896808897913,-11.624718178815307,,,,0.028402854006586098,0.8880597014925373,0.2120187540345821,,-0.6483402813749346,,-0.6057011669967808,-1.411031743388516,,,,0.44083406675228326,0.019191265019837,-1.1032282115369751,-0.7379270704036514,-0.4869334153785278,-1.275684337330106,-0.2455632696073878,-1.0840642647884746,1.0689473537174914,0.1730245231607629,0.46528861154446166
MB-0236,180.0,False,False,True,43.63,27.0,3.0,0.0,1.0,1.0,1.0,38,0,0,12,33,2,0,99,0,0,0,6,24,2,7,0,115,0,5,499,9,4,173,0,0,0,0,45,0,176,42,0,50,134,49,115,726,217,55.982842738091804,-13.174338472780107,-8.628730794308678,-8.06720790975478,-27.385014191758543,-14.403940680681163,4.963450648115457,3.5550432971841714,3.7927272190674923,0.025921658986175104,0.1411192214111922,2.1861037006999617,-2.4534829227892283,-2.93630814244361,-2.598859897023519,-1.2633362201791103,-2.8460319007056287,0.7028462158481873,0.5730738269881068,0.1314752059846979,1.7815455455886249,-2.5841243283510544,-2.240065056956098,-3.8118135100663735,-1.0455955935903265,-2.062611977299679,-0.0917336799577612,0.5567591897944804,0.0222939301124366,0.029228855721393,0.15342960288808657
MB-0238,180.0,False,False,True,52.19,35.0,3.0,2.0,0.0,0.0,0.0,300,24,3,59,116,33,0,136,0,0,0,2,100,2,32,0,48,3,50,216,10,4,0,0,3,0,0,239,1,75,14,4,359,289,244,48,315,219,53.9616017381245,-16.900992887681706,-11.418611967480231,-24.87377083384152,-9.177538132881155,-0.6904056800368833,1.9868206625809857,4.462943467580918,-0.6775254430077107,0.125,0.0746951219512195,2.270139084475065,-2.37515217419318,-1.3159674557087389,-3.440197200241304,-0.7541116510875563,-0.1286960385517513,0.108986644059588,0.192599215129454,-0.0343629044431646,2.469736433441072,-3.30449076086667,-1.2220007795286991,-3.4841207085058232,-0.0329038825009426,-0.8580915422362341,-0.6633562621628586,-0.12319139212657011,0.21102523328808037,0.1578212290502793,0.0618556701030927
MB-0245,164.7,False,False,True,54.76,14.0,,0.0,1.0,0.0,0.0,35,0,714,61,25,28,0,48,0,68,0,22,16,0,88,50,25,0,4,77,4,122,0,2,1,0,3,55,17,159,41,1,96,102,194,25,283,966,19.890023727372824,-9.470813425558791,-7.265674035060956,-11.261284919013024,-11.914746003207616,-5.321168020542127,-0.2408689367363732,9.345008444921325,-0.0956917237450913,0.1735248447204969,0.7055630936227951,0.2296710462079041,-0.48611636471503555,-0.256228307313635,-0.5987600479986991,-0.3440908491537153,-0.5433055165928918,-0.0315296318196736,1.091153390338104,-0.0101371515445855,0.1141563204179262,-0.4202359815739703,-0.5804176043070032,-0.4136817298125618,-0.5344089072327354,-0.4401860423565457,0.09495723690908292,-1.2240402742179302,0.7763398325003507,0.0936526479750778,0.7739541160593792
MB-0247,180.0,False,False,True,66.75,15.0,2.0,1.0,1.0,1.0,0.0,0,2,68,2,1,0,0,6,0,361,0,112,57,0,87,36,73,0,3,169,9,3,0,0,0,0,0,1,0,366,21,0,2,7,4,73,565,726,17.862810997506696,-0.2888834681113505,,,-14.594490439319403,-12.212722509904003,,,-0.8809975568392315,0.0077479338842975,0.9636363636363637,0.3029166315303179,-0.050264223296089795,,,-0.3320355129904436,-0.9360745762999512,,,-0.20685157044066982,0.1934610574816598,,-0.3892807330306977,-0.3966292437983843,-0.5721488802692056,-0.8368618964006356,,,,0.014171122994652398,0.9863945578231292
MB-0249,180.0,False,False,True,53.45,11.0,3.0,0.0,0.0,0.0,0.0,0,0,34,1,0,0,0,2,0,69,0,226,32,0,84,1,12,0,1,88,2,2,0,0,0,0,0,4,0,96,0,0,1,2,6,12,186,447,19.76271772101209,,-6.028580598817901,,-22.458205954007934,-5.227362451085996,,,,0.0033557046979865003,0.8333333333333334,0.29455680015539,,-1.3965248670771055,,-0.8065949364324035,-0.6906223363963114,,,,0.170503163658609,,-0.8426513337240997,,-0.700158737510953,-2.0652276227756188,,,,0.026821862348178103,0.8
MB-0256,180.0,False,False,True,53.1,17.0,1.0,0.0,1.0,1.0,0.0,0,0,0,0,1,0,0,22,0,228,2,235,41,1,95,2,45,0,1,189,3,0,0,0,1,0,0,8,0,221,12,0,0,23,8,45,425,606,29.94759336900052,-5.600995539947057,-0.9651522852147163,,-27.28686592831953,-15.024409059389578,-0.5718398215893112,,5.480532128891631,0.0150577557755775,0.9473684210526315,0.5406884929200049,-0.7506660502074105,-0.1685744794238315,,-0.8448960025327941,-1.5166227766470188,-0.4462562298895641,,0.5990417659585602,0.372373123743458,-0.8757800630684879,-0.7381394031792041,-1.870309915312058,-0.8873157028878454,-1.4779239842663503,-0.859969548221026,-0.4114262457264649,1.0802265586766873,0.0059347181008902,0.9487179487179488
MB-0258,86.1333333333333,False,False,True,62.7,11.0,3.0,0.0,1.0,1.0,0.0,5,1,1,0,73,3,0,138,0,6,8,17,66,0,449,3,18,0,1,604,0,0,0,0,1,1,1,98,0,14,0,0,5,214,98,18,618,555,28.138815770986355,-17.59281355424866,-9.41537006090422,-2.364797939731214,-17.354237966755317,-1.3859800075247017,8.254328420547044,5.961790369956999,0.9371616946218589,0.0959459459459459,0.48109640831758027,0.7596787894013532,-1.2091577115514631,-0.7295416725010193,-0.818441575764165,-0.5386723803050232,-0.2460801579683182,0.7784205936418949,1.5249151170512174,0.0372741239885098,0.0049937229676809,-0.2526372525718641,-0.2552209513108199,,-0.2204446137344452,,2.1725504708491354,,2.6316125940199777,0.0181451612903225,0.9128630705394193
MB-0260,169.833333333333,True,False,True,78.26,12.0,,0.0,1.0,1.0,0.0,58,1,254,20,78,47,0,98,18,31,0,54,93,5,473,918,131,0,8,321,13,6,1,7,5,0,30,120,24,149,57,19,78,242,150,131,547,1891,24.234836667763336,-9.974388798953036,-10.707267632498166,-12.73446875741406,-18.684904705993493,-12.710040369148333,3.2010808339605,1.3210344291231215,5.986518674182105,0.10212335023692928,0.7632798314180609,0.29384180419119127,-0.5363475091245636,-0.6368231448027613,-0.9790792086310276,-0.5658770637631086,-0.9514149659397494,0.6056546907579472,0.1385336411473757,0.5860598831324161,0.10858082015595634,-0.23576147977825165,-0.5672644626520836,-0.7990500238246299,-0.47131298876975153,-0.5530644329337092,-0.1932178814890998,0.36308973022386354,0.1664770270952358,0.08423362918946277,0.7823614876361813
MB-0261,90.2333333333333,True,True,True,63.93,26.0,1.0,2.0,1.0,1.0,0.0,0,0,126,0,4,0,0,6,1,27,10,281,156,0,592,3,31,0,1,358,3,48,0,0,0,0,0,6,0,32,0,0,0,10,54,31,393,1197,26.927385450386893,-7.40636119343511,-5.941841747420241,,-28.098219353708853,-15.084943117677565,-1.1207165191029047,,8.348265383823936,0.0262113617376775,0.8793103448275862,0.2195949812258308,-1.171692739498848,-0.31822093581709443,,-0.6902285803383355,-1.4833500277157396,-1.0161397026552528,,1.3714924242385833,0.052596680428326305,,-0.5380438078142683,,-0.6961950538747526,-0.9851218695467725,,,,0.0252954209748892,0.8565656565656565
MB-0262,180.0,False,False,True,55.44,26.0,3.0,0.0,1.0,0.0,0.0,4,2,13,0,19,6,0,51,427,24,26,136,160,165,256,24,71,0,29,82,9,1,0,2,4,0,0,40,2,47,51,1,4,77,43,71,191,1266,10.106257714963338,-8.913160682546662,-5.309982305869604,,-4.599456538040652,-7.728847529744745,4.354591740484484,,5.290610485083618,0.0579581358609794,0.8608247422680413,0.0678646092674224,-0.3563474896120774,-0.3089276951938723,,-0.1194178669086536,-0.3252240296291373,0.9848727995455054,,0.5896499239318574,0.0628840916145924,-0.4395867077040548,-0.412832674176164,,-0.1669375335810749,-0.3233798734754852,0.6408757559434582,,-0.8196681834964555,0.0882132132132132,0.7941386704789135
MB-0263,176.033333333333,True,False,True,76.49,27.0,,0.0,1.0,1.0,0.0,0,0,0,0,0,0,0,4,0,1,0,0,29,149,6,8,234,0,0,103,1,0,0,0,0,0,0,2,0,78,87,0,0,4,2,234,269,193,17.438921836284795,,,,5.021504284070515,-22.28785302395611,,,,0.0019430051813471,1.0,0.885480545097498,,,,0.1906889792118128,-2.024005463010789,,,,1.6548128169589702,0.2413983357082645,0.8013209684160376,-0.7336642310759551,-0.8554165272621232,-0.4464119360082072,0.3731007468768776,-0.7090584111689909,-1.212546248082489,0.3830645161290322,0.2954545454545454
MB-0264,43.1,True,True,True,83.93,31.0,3.0,1.0,1.0,0.0,0.0,0,0,0,0,9,2,0,14,2,62,2,572,790,22,320,2,24,0,94,152,6,0,0,1,0,0,0,60,0,101,53,0,0,25,60,24,313,1866,10.341893394873948,-3.3875378694657017,-6.623754321922788,,-9.405987951430731,-4.428208910116808,1.796696717512537,,2.3789602207271567,0.028871918542336495,0.9541284403669724,0.0457994636443125,-0.1992404531092134,-0.2835943967338902,,-0.1718350294993251,-0.2905871031285907,0.6738810668980416,,0.47233818157915197,0.0580274269599316,-0.3519386671426749,-0.5557134332584563,,-0.3799805645021762,-0.3104600603421019,0.9086256469792662,,0.6214883767462702,0.0552801189885969,0.7962830593280915
MB-0266,90.6666666666667,True,False,True,84.88,30.0,,0.0,1.0,1.0,0.0,1,0,3,0,1,0,0,14,0,44,0,413,295,3,189,0,27,0,78,430,3,0,0,0,0,0,0,2,0,41,8,0,1,15,2,27,482,1025,9.540396610419709,1.5337185569565366,,,-9.98162889543858,-5.200769596572182,,,-0.455956229883177,0.011951219512195101,0.9913793103448276,0.096997206779797,0.1558172266405341,,,-0.1841011426515564,-0.4243224781732866,,,-0.0950804919014146,0.026796208494598604,,-0.2362626035838546,,-0.2508610991417427,-0.3331100020634379,,,,0.048817161186848396,0.9051851851851851
MB-0269,22.2333333333333,False,False,True,45.39,26.0,3.0,1.0,0.0,0.0,0.0,3723,13,414,91,567,900,0,1053,0,3,1,21,188,1,277,0,155,5,20,771,16,99,445,21,89,0,26,769,114,885,221,168,3814,2688,982,155,1914,1503,90.78537978871364,-33.333390280311356,-2.8384867356948504,-51.289881529024576,-6.867026688781448,-9.47114515758212,4.890542728977408,-5.6756593416442485,-5.017330553061106,0.27047333300779225,0.13284621716489775,2.2928704079200464,-1.3091382906965643,-0.2576860746193718,-2.1064505884550506,-0.21739416362360905,-2.79690409062527,0.30202500812481303,0.04179754226406749,-0.09634367289631474,2.7707676875062925,-1.99969694309841,-0.4335244311312173,-2.5237829082482395,0.2575322765744479,-1.271356955118209,-0.5002463722475502,-0.38390610684271004,-0.25582565994278195,0.28186801159034264,0.08799396606859321
MB-0270,180.0,False,False,True,29.98,14.0,3.0,0.0,1.0,1.0,0.0,2,0,1,0,0,0,0,8,0,70,3,902,126,1,165,0,49,0,84,118,4,1,0,0,0,0,0,5,0,25,7,0,2,8,6,49,154,1352,22.20813162710755,-8.039788374876226,-8.407594183855837,,-27.43215608570137,-18.029325608173163,5.206136630517023,,7.536095670913844,0.0035133136094674,0.9298245614035088,0.1038238738951845,-1.110685798067636,-1.12267271882414,,-0.8110490964609648,-1.0142041304621696,1.6438561897747246,,1.7722164413492585,0.0285435562214931,,-0.3667496161274452,-0.4365172266892954,-0.8740153242808855,-0.9960120538318648,,,,0.004700557103064,0.9381443298969072
MB-0272,122.0,True,True,True,55.36,28.0,3.0,2.0,1.0,0.0,0.0,1,1,0,8,17,13,0,5,3,0,118,212,389,54,209,0,33,0,36,162,8,0,0,0,12,0,0,263,0,49,7,0,9,35,263,33,226,1034,19.28033892554427,-2.220319695555724,-16.279158484572097,-3.876992119283716,-11.93117616368701,-10.57826676031566,2.328224236021765,0.0746944902910308,1.2234390813223428,0.1352756286266924,0.7515997673065736,0.2011955461547757,-0.152129918203682,-0.4929542514217481,-0.5868848128521846,-0.3620669830592902,-0.87695134251443,0.3773452092068933,0.053893007995202205,0.2272777185003936,0.283990529972648,-0.020088581926541,-0.6655424640841736,-0.8395462078188272,-0.4481620548212222,-0.6364174707061346,-0.0202947622178474,-0.5993177936982262,-0.0356239097307212,0.1987725450901803,0.596441947565543
MB-0278,5.83333333333333,True,True,True,34.3,53.0,3.0,1.0,0.0,0.0,0.0,1,101,4,0,0,0,0,3,0,0,0,1,160,64,130,0,105,0,1329,120,5,1,0,0,0,0,0,8,0,35,271,0,1,3,9,105,431,1789,22.98875937568877,,-1.733070607720091,,-25.272986668990747,-18.47434221883186,,,,0.0029346003353828,0.983606557377049,0.1358717033606344,,-0.1981448750897706,,-0.544126959774851,-0.6909531964093699,,,,0.1058163404874744,-0.2943590184335446,-0.9005999117168786,-0.3311150157337529,-1.1969790585652882,-1.0723897877417052,-1.3267290811511836,1.7070813142203085,0.847035430317505,0.0490583232077764,0.858359957401491
MB-0279,180.0,False,False,True,69.52,21.0,1.0,0.0,1.0,1.0,0.0,3,1,1,0,11,0,0,32,38,93,4,61,85,44,355,385,56,0,13,152,5,0,0,0,7,0,0,17,0,115,18,1,3,44,17,56,290,1087,21.0822070625208,-7.513137199959868,-5.831537099701358,,-21.222909435989788,-7.77493067564324,4.967507954912706,,5.457650164868303,0.03081876724931,0.8869565217391304,0.1664923169385837,-0.4597731888643619,-0.5139959793670125,,-0.5364742431934807,-0.391867333217941,1.4606343657189542,,0.5718896848475535,0.1297476134354679,-0.2149090814864336,-0.7327963699844962,-0.4861086122320521,-0.6140760636420227,-0.46249687089677494,0.44254906284741496,1.2279519466783486,0.0335695326937017,0.0680129990714949,0.8245614035087719
MB-0280,172.9,True,True,True,47.64,21.0,2.0,0.0,1.0,1.0,0.0,64,0,0,3,38,2,0,41,1,1,0,3,7,0,11,0,143,0,0,155,3,0,0,0,0,0,0,37,0,30,10,0,67,81,37,143,198,23,38.05444444261159,-2.7004212072299807,-4.121921090017524,-4.633544212252884,-5.929379056058465,-9.137625806579075,2.2348626299937933,2.287510148710095,1.442790119440151,0.0597826086956521,0.0560975609756097,4.014990867176754,-0.8847064473406547,-3.992315251861196,-1.994579724215747,-1.0454250480817515,-5.869254527115469,0.3403480339538204,0.2651502510730763,0.0935935687287066,3.799507060234919,-1.5737711072999254,-4.579843886211581,-1.771251751878142,0.4280198798122701,-2.1550398596678013,0.3303185905037549,-0.0874628412503394,-0.563439769259903,0.0738636363636363,0.037037037037037
MB-0282,180.0,False,False,True,51.81,18.0,3.0,2.0,1.0,1.0,0.0,1,2,6,5,16,101,2,26,1,273,4,85,35,1,174,417,77,0,3,78,1,0,2,5,7,0,0,71,3,181,37,10,6,155,74,77,302,1010,23.889530946522296,-19.266290055109728,-10.369724446042316,-4.180069104692569,-15.051844029763645,-16.80991936487011,8.056886295525805,9.045506315859305,2.0518353430557843,0.0841584158415841,0.6503378378378377,0.2687307121425695,-0.8832083372139835,-0.5758463208702728,-0.9404800052969648,-0.3957562545159543,-1.277619104114319,0.9603602350920311,2.0588936890535687,0.1592125936704211,0.19461032798737377,-0.5296737082737966,-0.9657963982022456,-0.5367753175089903,-0.7183678822013223,-0.6656833224352604,-0.5452080554956588,1.23009179052003,-1.2554000179372815,0.1319742489270386,0.6255069851284363
MB-0283,22.0333333333333,True,True,True,60.3,33.0,3.0,,1.0,0.0,0.0,3,2,11,20,37,148,0,66,163,375,12,385,147,17,421,198,22,4,63,7,2,0,1,10,12,5,0,67,4,29,61,107,23,358,71,22,109,1816,21.75877325179648,-19.319104172507927,-9.49400506031752,-7.042193807118726,-12.640641856323706,-8.559389859484755,6.593490385091059,5.385491974714197,7.929247597214873,0.1447549559471365,0.7835845896147404,0.1052870781704209,-0.3531996166349046,-0.381374658243285,-0.5426084878175189,-0.4321462805346717,-0.7445036215708397,0.6925907764960496,0.914528456568752,0.7060910962924917,0.1500846388131783,-0.11164812952857729,-0.6080499701803246,-0.5381042440030605,0.0330484533330327,-0.1611710823170154,-0.1865869922880481,-0.347287690608243,0.7210240502971847,0.1716841186736474,0.6783625730994152
MB-0285,3.36666666666667,False,False,True,48.07,28.0,2.0,3.0,1.0,1.0,0.0,0,61,1,0,2,0,0,6,0,690,0,167,42,5,93,7,81,0,9,258,39,0,0,1,1,0,0,17,0,270,35,0,0,8,17,81,603,1076,18.69139581134908,-0.6259756599838957,-3.6774666877092064,,-14.96279068828107,-13.930700002324729,-0.9444216594913176,,0.4667655994180759,0.0106877323420074,0.9813084112149532,0.2071947009525307,-0.09278733830221242,-0.5086236772081782,,-0.2719105113925023,-0.8722049339934377,-0.8073549220576042,,0.1101659549454905,0.1973280510844869,-0.4260559775233078,-0.6382836817418703,-0.9733951818975152,-0.652242418144367,-1.118270267192515,0.7567740752463865,0.1098776177723733,0.7612131404128833,0.0545650470219435,0.7822120866590649
MB-0286,180.0,False,False,True,62.92,23.0,3.0,0.0,1.0,0.0,0.0,4,0,4,0,1,0,1,10,0,234,0,46,4,0,6,77,65,0,1,55,21,0,2,0,0,0,0,9,0,112,16,0,4,12,9,65,204,374,21.38177589402637,-0.38702453526045105,-2.177312156200614,,-17.995732983109928,-14.080640833086482,1.1290428763425062,,0.0165494749096866,0.0304144385026737,0.92,0.4431939573980572,-0.0525505220537096,-0.3770111602574382,,-0.6862165956541522,-1.284929900953008,0.6187166274962165,,0.003410391033309,0.3523670552797636,-0.061909097503037205,-0.5399828405916961,-0.6861171336686598,-0.8485511497584202,-0.7796349434078309,-1.5573488175248031,-0.3233700690612689,-1.676012242921231,0.11397058823529412,0.7889087656529516
MB-0287,94.7333333333333,True,False,True,77.54,19.0,2.0,1.0,1.0,0.0,0.0,2,128,0,0,8,0,0,6,0,687,0,77,27,2,54,14,74,0,2,219,16,0,1,1,0,0,0,22,0,124,32,0,2,14,22,74,392,992,25.97626399414397,-3.0120775442419148,1.0999930128376592,,-26.87985110668017,-21.0689511187261,-0.6399554432399732,,1.204783893802515,0.0229334677419354,0.9598214285714286,0.2682160049003816,-0.36881066989413047,0.0850582379283812,,-0.672491900760965,-1.6147582423542433,-0.5410191531335592,,0.24319018570550271,0.1748283020950034,-0.0253883574608668,-0.211446241932774,-0.2114332093465815,-1.2270088477332386,-0.3779761107385198,-0.21501289097085027,1.8949179539424421,-1.2605275502232192,0.050505050505050504,0.925217391304348
MB-0288,63.8,True,True,True,55.22,30.0,2.0,3.0,1.0,0.0,1.0,0,0,1,0,0,0,0,10,0,4,0,30,8,0,28,60,38,0,3,115,2,0,219,0,0,0,0,1,0,11,11,0,0,10,1,38,139,353,15.095928528233207,-7.377034138333149,,,-14.449113671285476,-11.755242453166847,,,4.071420419007152,0.0046033994334277,0.8387096774193549,0.294409161588206,-1.5895352305109802,,,-0.5697913373879269,-1.1926797576948258,,,0.7905812941277071,0.2164991900051977,,-0.2994701106009711,,-0.7373567804595164,-1.1287405484140822,,,,0.0173333333333333,0.9620253164556962
MB-0289,71.6,True,False,True,75.91,20.0,3.0,0.0,0.0,0.0,0.0,0,17,0,2,12,0,0,12,650,3,144,8,12,0,40,3,97,0,0,167,6,0,0,1,0,0,0,16,0,96,19,1,2,25,16,97,289,877,22.083496609651142,-9.008387411332953,-8.644390592813643,,-18.89846553638294,-16.381228130718828,5.9456180601407205,,7.623412233289699,0.0142531356898517,0.7672955974842768,0.252424262211414,-0.8869217006318444,-1.34824694869499,,-0.529814873161217,-0.9241421246664036,1.8266265197820049,,0.9521824519786304,0.2046610123282424,-0.3241434758835502,-0.351963294286755,,-0.4605849814833632,-1.1270746330522052,-0.3732797225393049,,-0.9328436194592015,0.0892231308411214,0.8004613610149942
MB-0290,180.0,False,False,True,49.92,25.0,1.0,0.0,1.0,1.0,0.0,0,1,0,0,16,1,4,41,10,284,4,53,45,5,56,21,262,0,4,162,8,0,0,0,4,0,0,35,0,296,36,0,0,62,35,262,502,487,36.05464005733583,-4.699581254787,-3.5707728861859507,,-17.500413942630228,-30.39735443985043,5.701493662668825,,4.910789809225148,0.0515913757700205,0.7380191693290735,0.913690238635918,-0.4427577576347712,-0.4762723635008854,,-0.6117265670879666,-2.3117436180873345,1.2427460514786342,,0.3388789927408889,0.9273224955133321,-0.0355676083378718,-0.41946072631677295,-3.028358659624156,-0.7664269927323016,-1.6960342922008496,0.11981621938614949,-1.676841811213285,-0.1671991941302709,0.1362293144208037,0.6017699115044248
MB-0291,39.2,True,True,True,51.19,26.0,3.0,1.0,1.0,1.0,1.0,3,62,0,0,8,0,0,4,0,3,0,10,105,9,72,0,119,0,40,209,1,0,995,1,0,0,0,18,0,349,10,0,3,12,18,119,570,1296,45.24817354969553,-7.3778179725855075,-8.090704757497756,,-40.40012211670574,-29.14658856925349,3.1077564699817595,,5.480150014765093,0.0061728395061728,0.92,0.3918468985721832,-1.2915629135815223,-1.1435702887503374,,-0.9234919362463514,-2.1855679689898566,1.3364276645824773,,0.871415793938587,0.44052172522351224,-1.5357910443467804,-0.9732351488556369,-1.0662122295641443,-1.0861152537539365,-2.033363470907931,0.914235446221686,2.191729371760661,0.8597720839240014,0.0123152709359605,0.8076923076923077
MB-0292,49.4333333333333,True,False,True,80.34,55.0,3.0,1.0,0.0,0.0,0.0,0,1,1463,0,0,3,0,0,0,0,0,0,4,0,5,0,7,0,8,15,0,114,0,0,0,0,5,31,53,101,1,0,0,3,198,7,117,1486,46.255093385542274,,-47.21813850229575,,-46.11259387865383,-12.59258516080851,,,,0.0279273216689098,0.4698375870069605,0.2239119373390979,,-1.868174508796418,,-2.289281178481988,-2.713970692436053,,,,0.2032402418804062,-0.6543839016786355,-1.8896151324461714,-1.4225755266834772,-2.196988966315036,-1.4097594430971616,1.005255725451495,1.5116318975176355,1.266501035553573,0.0280784844384303,0.5135483870967742
MB-0294,72.9,False,False,True,46.17,14.0,2.0,0.0,0.0,0.0,0.0,1,1,36,11,3,0,0,10,0,34,1,16,35,1,26,1,53,0,0,380,20,30,2,0,0,0,0,9,0,61,9,0,12,13,39,53,470,153,23.02658493813909,-5.323279343846634,-2.3108831091971376,-4.824965885027892,-16.25037033103631,-6.241676164857761,-1.1415471642152306,-0.0705336798983295,1.658292273864528,0.0424836601307189,0.48091603053435106,1.3849673210553637,-2.66760832567372,-0.3775546115828893,-2.60139939053183,-0.6694180893093689,-1.1614671124465357,-0.6304054714823233,-0.0473057147783568,0.18293495299694087,0.5065654354098467,0.1232375092184449,-0.4924317605745795,-0.287081563853065,-0.5839147454620308,-1.4189667664582044,-0.9240998856407416,0.5145731728297582,-0.0881415968690177,0.0693462897526501,0.8041666666666667
MB-0301,122.7,True,False,True,82.46,23.0,3.0,1.0,1.0,1.0,0.0,4,8,25,1,10,0,2,39,69,29,3,225,431,57,1014,87,25,24,68,126,4,0,2,0,10,3,0,44,0,189,44,1,5,52,44,25,363,2055,17.673118287187865,-9.608026813494998,-7.669843334990804,-2.5627904697926787,-18.73415467375678,-6.821060120718826,3.8081708897279296,-0.9359661365111731,5.4827865397228095,0.0299878345498783,0.8926829268292683,0.0763222724449809,-0.42739394507027345,-0.3649954312371271,-0.3463945161915209,-0.3570522113023466,-0.4386930665841791,1.1587683815323475,-0.9259994185562234,0.660424039293213,0.0488083619134074,-0.7660388033322538,-0.660183146896305,,-0.7203226274681305,-0.8376327845967609,1.3538373428421062,,1.5226104918951766,0.0276016615653694,0.8048090523338048
MB-0302,84.2,True,True,True,81.53,29.0,3.0,2.0,1.0,0.0,0.0,531,1,0,0,17,13,1,36,0,87,0,182,75,0,112,0,48,0,12,143,2,0,0,0,1,0,0,33,1,57,23,0,531,67,34,48,225,470,54.234618930159264,-14.507000643197802,-11.893035037439011,-52.081556314765486,-6.818063809230696,-4.634390590873854,8.420689784393483,1.6125107871496553,8.224280679233763,0.0204787234042553,0.033186725309876,1.2941305349397914,-2.6954719106186285,-3.909704539873828,-5.125647584741655,-0.3465231496215016,-0.5984429912211611,1.478035586665149,0.1173454436448395,0.8090764040131033,1.2849952958960615,-3.089598025151926,-1.0379370335882625,-5.61623165229581,0.1665556075346363,-1.30578023784579,1.3357052334001864,-0.6688612808752568,0.2599359411531411,0.0360169491525423,0.0535073409461663
MB-0304,111.533333333333,True,True,True,84.85,14.0,3.0,1.0,1.0,1.0,0.0,2,4,0,0,7,0,0,7,962,1,13,398,161,76,81,22,10,1,137,134,5,0,0,0,4,0,0,8,0,51,13,0,2,14,8,10,203,1860,15.73605042160231,-3.5993389835108287,-3.374880131344651,,-19.314714304491638,-8.478284157792235,-0.6703638197181881,,2.678465700814136,0.0086021505376344,0.9935064935064936,0.0474349513879987,-0.2613707665372272,-0.3000960891153472,,-0.3639879559612406,-0.8430011730019579,-0.5558161550616397,,0.7358730571651942,0.0489103435446905,-0.2596282623463729,-0.2949053768909594,-0.3782294519112605,-0.3041093543200873,-0.340150780371484,-0.6891814327590187,0.709484857744099,-1.1191717009776776,0.0835522475189725,0.8511326860841424
MB-0305,63.5,True,True,True,60.62,35.0,3.0,2.0,1.0,1.0,0.0,5,0,0,4,39,8,0,52,5,12,267,38,92,2,134,4,22,0,2,381,1,0,0,0,18,0,0,100,0,126,14,0,9,99,100,22,522,574,44.39252805132634,-14.071921387489649,-9.412553436033097,-6.6990547176359145,-41.23546485096774,-6.965434861842168,5.1884448957597336,3.18836214137192,8.610695395549634,0.0831881533101045,0.627906976744186,0.8414754642300916,-1.1522668764216752,-0.6245275625660992,-2.857781988983262,-1.589159823035014,-1.1119494024633925,0.6144243389738802,1.015540850895778,0.44769028385405923,0.723873277018301,-1.587777919521134,-0.7819911359758603,-0.2997749526488121,-1.6684724924950871,-1.6912428388910394,0.1860962921134578,1.0209908969159731,0.7557273884881068,0.155265748031496,0.5288184438040345
MB-0307,177.333333333333,False,False,True,41.63,10.0,3.0,2.0,1.0,0.0,1.0,111,0,0,54,107,33,0,175,1,15,3,3,38,0,31,3,27,0,0,694,5,1,26,2,5,0,0,160,0,48,18,3,165,318,161,27,767,125,14.4501329078274,-4.071333132929498,-4.1589839241648034,-3.4726870293059267,-3.637842866546072,-1.9076942063724565,6.630417786665968,2.7575531363347645,-8.310891532765341,0.305,0.1826923076923076,1.544229439866286,-0.37576542446622196,-0.6526978190924803,-0.4603155327102181,-0.165742807515337,-0.6877498190149917,0.38593516452494325,0.18841153875577007,-0.248618899036083,1.3262055664339811,-0.5252465289203976,0.0012177877672416,-0.5719903430167447,0.0494218042388296,-0.537521982381139,-0.1837295547125849,-0.0451856118300732,-0.3375939781114581,0.5137362637362637,0.17934119560797068
MB-0309,42.3333333333333,True,False,True,89.43,21.0,1.0,1.0,1.0,1.0,0.0,0,0,292,0,0,1,0,2,0,547,0,108,9,0,46,1,49,0,0,120,2,5,1,0,0,0,0,9,0,142,1,0,0,3,14,49,265,1004,33.679207109758785,,-4.388253111848243,,-38.42249219021949,-21.561376902029597,,,,0.0075946215139442,0.9770114942528736,0.257315360532784,,-0.39684079506876313,,-1.2324836556945409,-1.631527639434688,,,,0.1455210365846916,,-1.145379437469701,,-1.1672659465816644,-1.3967123702982545,,,,0.0061262959472196,0.8560606060606061
MB-0311,151.166666666667,True,False,True,77.94,47.0,1.0,0.0,1.0,0.0,0.0,0,3,49,0,9,0,0,16,0,0,0,92,44,0,104,21,50,16,2,218,14,0,0,0,0,0,0,10,0,205,1,0,0,25,10,50,438,331,37.921911498165606,-10.299027788550438,-6.569908972368716,,-31.67322919185652,-12.630597197830513,5.581667204767146,,5.85001422173494,0.002643504531722,0.3142857142857143,0.955406518885646,-3.910332923727157,-2.4001475372011845,,-1.134648328027768,-1.7853493474600446,1.6495027529158668,,0.5046681451191981,0.8285944434818123,-2.791206309874216,-1.666167444760773,,-1.092218810930066,-2.152784341689895,1.36276181239594,,0.4123320662906132,0.0248493975903614,0.4619289340101523
MB-0312,169.6,True,True,True,70.49,33.0,2.0,0.0,1.0,1.0,0.0,0,3,53,0,0,0,0,0,0,0,0,97,1936,17,125,10,8,10,9,22,13,2,0,0,3,1,0,8,1,27,8,0,0,0,11,8,70,2264,6.510448808061466,,-5.714307151724204,,-7.61529096926929,-4.09598832582243,,,,0.0036439929328621,0.9866666666666668,0.0081463868819497,,-0.3326602010051265,,-0.1653067569836228,-0.24907911507577726,,,,0.0037778788729313003,-0.0651526795252508,-0.0724540080876397,-0.3317870970880848,,-0.4051703697435432,-0.7570232465074596,0.5510990488548722,,0.0130921338548457,0.95
MB-0314,4.43333333333333,True,True,True,73.48,50.0,3.0,2.0,0.0,0.0,1.0,63,1,0,0,48,29,0,165,0,0,0,3,19,0,45,1,35,0,0,230,1,0,287,2,4,0,0,167,0,87,13,2,63,244,167,35,333,360,39.36189981846073,-23.998453056746605,-13.237516731308508,-12.236737336621056,-17.68546540174213,-6.71582520345028,10.606574354467362,6.725145832637136,-2.273168262415427,0.1211805555555555,0.2351611079706048,1.2578456406067968,-2.091748339047796,-1.0588202408909724,-2.050128506229068,-0.9711294567923144,-1.171340906190736,0.5863735173961239,0.5889394409911084,-0.1127001327493623,1.3408345380312958,-1.9448470211896007,-1.619799804627848,-4.327720021698507,-1.7530325069606518,-0.8648058100789762,0.2480126750393346,0.5615909173402582,-0.0574852419465001,0.1106366459627329,0.1768292682926829
MB-0316,180.0,False,False,True,50.82,30.0,3.0,0.0,0.0,0.0,0.0,289,25,0,137,103,96,0,469,0,4,0,2,92,5,210,3,148,0,25,86,6,2,0,20,128,1,1,94,5,109,121,50,426,718,101,148,342,496,52.49649616337699,-26.201904851906317,-6.542773658328748,-21.009776893922947,-15.091638202877986,-15.893772949863434,2.2939333847631147,7.492784175705685,2.2195876792072253,0.2530241935483871,0.2155413503795445,1.5549544540800375,-1.2051021930176706,-0.7308626387148454,-1.3519067431220226,-0.9317770726300867,-2.296517586111982,0.1653584354228391,0.2173586221620891,0.0801636558858371,2.148723307909984,-1.7747683014290074,-0.4778548896553127,-0.7926420779085729,-1.3951999313118817,-2.1144780826512117,-1.139507791457894,-0.1544293997292544,-0.0440139124671006,0.3927238805970149,0.1226176196188191
MB-0317,151.666666666667,True,False,True,76.68,39.0,3.0,0.0,1.0,1.0,0.0,12,1,0,6,47,47,1,60,44,122,5935,270,177,3,284,4,308,0,23,936,20,3,0,12,11,0,0,705,0,507,64,0,18,155,708,308,1539,6874,59.21902725143376,-14.582662218238431,-33.195996565361604,-7.233291783155556,-59.578973302619985,-23.240015410253754,12.08377507594644,2.9657086648352804,6.122078965489831,0.05375310395632453,0.7906662601467204,0.2212763449375693,-0.6688183999396847,-0.6820904082774738,-0.890704765231545,-0.8334174863359003,-0.7109830579002874,1.2275732691639873,1.2638590386318325,0.5480085084600729,0.1569533783152072,-0.6486190208363842,-0.8187859178591433,-0.8145869395815897,-1.0079716542993893,-0.7372837281719683,0.9389289955366927,0.6468633508705413,1.548838332993747,0.06263674235565722,0.7160261236399612
MB-0319,40.7,True,True,True,92.14,32.0,2.0,3.0,1.0,0.0,0.0,2,1,1,0,7,1,3,36,11,2,0,22,60,17,173,528,125,3,1,286,2,2,0,0,0,0,0,19,0,76,5,1,2,48,21,125,369,819,37.549024882448585,-15.498578332607996,-9.838983798682074,,-33.97995652431513,-21.593171137100057,5.003768217303391,,11.094861788306172,0.0166361416361416,0.7435897435897435,0.4569456707131894,-1.4636499878864992,-1.283543542372508,,-1.0505756030952946,-1.0267360755888328,1.4446512659827502,,0.8723819340024981,0.2934486752423429,-0.2909270829031415,-1.0333156445219092,-1.0699460355109278,-0.6788201091164595,-1.6270879763938326,-0.5427493807122685,-1.4173799759730228,-1.0907580298862989,0.126850605652759,0.6955871353777113
MB-0320,63.7333333333333,False,False,True,50.98,17.0,1.0,0.0,1.0,1.0,0.0,0,0,299,0,3,0,0,13,0,16,0,7,21,0,8,1,115,0,0,139,5,19,0,0,0,0,1,1,0,42,20,0,0,16,20,115,206,353,11.973134600896786,-6.4141706535173535,2.108619627896966,,-9.754627749390808,-10.465807413862684,-1.6777164898518626,,1.8727389886142556,0.0432011331444759,0.935897435897436,0.3331689912834411,-0.977424547332516,0.2183541604622606,,-0.3807937474895788,-0.5989814995785749,-1.4462562298895638,,0.2985114304561943,0.2136177539685973,-0.7472731150102084,-0.5181519457762533,,-0.6398097845237636,-0.7508663211508936,1.541318028062287,,0.2039868375159452,0.036890243902439,0.861878453038674
MB-0321,174.633333333333,False,False,True,46.86,30.0,3.0,1.0,1.0,1.0,0.0,3,154,13,1,8,0,0,10,0,1593,4,454,136,12,332,19,133,3,57,416,5,2,1,0,0,0,0,38,0,232,8,1,4,19,40,133,661,2778,28.95247247707793,-5.972742328474488,-8.038220719454603,,-27.539206548353572,-13.47533234228541,2.1244577912854994,,4.211976460985365,0.009567502478675598,0.9200662846992819,0.22847724140880313,-1.0933535243066002,-0.893752538732657,,-0.8109918458417913,-0.9978919372100062,0.9478891220224592,,0.904929844933523,0.15105569718438724,-2.149882577468341,-0.6608431135839277,-3.5029246002119607,-0.7376419957132387,-1.136674380250212,1.7420365837136282,0.6723126358239528,0.7583050663766442,0.013309937552044999,0.8476121033587048
MB-0322,50.5333333333333,True,False,True,86.28,25.0,2.0,1.0,1.0,0.0,0.0,0,0,2,1,18,1,0,25,0,711,0,473,146,0,193,102,82,0,28,350,11,0,0,1,0,0,0,64,0,245,17,0,1,44,64,82,624,1655,23.72513862846318,-6.175077365729606,-6.6518965054824655,,-26.884870472069725,-11.237709967394201,-0.8888808941773241,,7.391458678438889,0.02798362928912652,0.9256023468709028,0.26651521782094795,-0.7818092731562823,-0.7171924781346308,,-0.718891950873866,-0.8728354497001205,-0.39033791818423613,,0.9876804620967484,0.1849473066495786,-1.0039405273944049,-0.881999529238817,-0.5983255004884015,-0.9939207360126843,-1.231213139534895,1.0477986420756238,-0.4329594072761062,1.7265284615296708,0.04700674308751206,0.7630254012923997
MB-0324,144.966666666667,True,True,True,47.64,32.0,3.0,2.0,1.0,1.0,0.0,0,0,2,0,1,0,0,16,0,2,2,634,72,0,785,0,35,0,0,195,0,1,0,0,1,0,0,35,0,49,0,0,0,17,36,35,244,1498,16.408887610389048,-5.021664104055182,-9.893510479329429,,-16.641659072863003,-12.766852069789264,3.803555062509415,,3.854958202933607,0.0195260347129506,0.9105960264900662,0.0806009898141657,-0.4150185163244704,-0.5428430925362319,,-0.3505576905573762,-0.8096524307164915,1.5164480204501951,,0.8257490731548975,0.0164052226515203,-0.4842584582096831,-0.4376502052682104,,-0.183521035714693,-0.7155719860417339,2.5658536777734517,,1.3255393484397413,0.0077536231884057,0.9097222222222222
MB-0325,177.533333333333,False,False,True,79.34,45.0,3.0,0.0,1.0,1.0,0.0,84,16,0,336,159,607,0,216,78,0,0,2,295,2266,161,6,200,0,603,561,20,6,0,58,102,1,0,436,6,284,1482,30,420,1012,448,200,2405,3530,38.19087229616929,-36.108557991570514,-25.984488217223127,-33.456116317904176,0.6589698042710416,-20.188790252332154,27.207708177781104,14.905295616707384,-16.805759388546715,0.07731521390152987,0.35593179002963904,0.47554399415002013,-1.2401916636998556,-1.4625728867242453,-2.5861432187961886,-0.012643522508542981,-1.7271620687358402,1.249052787153148,0.8327962495191746,-0.5954660811793113,1.6069727909927907,-0.2639944599310139,-1.93913916067888,-0.683215993080937,0.6746352186765289,-0.10749816190578823,-0.3520513152439635,-0.3528176278489088,-0.21631208050827214,0.304009737121008,0.15760951618666816
MB-0328,125.6,True,True,True,69.62,34.0,3.0,1.0,1.0,1.0,0.0,0,1,470,1,12,2,0,13,7,991,37,262,39,0,176,16,61,0,2,506,4,36,0,2,0,0,0,148,0,136,3,0,1,27,184,61,651,2001,42.808784799108544,-10.418458999464336,-24.22237350655382,,-37.98556169993068,-11.685840123871108,4.168905920864908,,9.405349544521885,0.026799100449775102,0.8178694158075601,0.3177595751387596,-1.1347959313864426,-0.9050325555510575,,-0.7910070004313445,-0.8151911371734931,0.951848377814888,,1.029775601586485,0.2397769978582959,-1.066069159842622,-0.8443634281970666,-0.2442881819705224,-1.0104929721392186,-0.9185073929633948,1.1553234517366613,0.071471755133038,1.0436517467698505,0.0486778846153846,0.7620099392600773
MB-0336,170.633333333333,True,True,True,74.76,22.0,3.0,1.0,1.0,1.0,0.0,0,0,7,1,3,0,0,9,5,175,2,630,215,18,665,438,117,0,48,400,4,0,0,0,0,0,0,13,0,78,14,0,1,12,13,117,496,2203,21.6848663002091,-10.992897463442745,-3.451229444823292,,-22.223212638763908,-17.50680962221337,-0.6559498992074562,,6.051736485583809,0.00425069997172315,0.971346806354551,0.15103976225610818,-2.33706231078854,-0.3943769449570547,,-0.6064239212167926,-1.024698707472864,-0.4854268271702417,,1.309458742925146,0.05552683729934014,,-0.4093069402981053,-0.5080060086029846,-0.6680996124153942,-1.4022275554726744,,,,0.013401545618393419,0.9378090301073451
MB-0339,26.7333333333333,True,False,True,90.43,24.0,2.0,0.0,1.0,1.0,0.0,1,0,3,1,0,3,0,1,773,68,55,22,17,11,161,35,83,0,4,61,0,5,0,3,1,0,0,36,1,40,16,0,2,4,42,83,120,1150,18.35283105245209,,-11.16768446595893,,-12.734718500620096,-23.70590361591419,,,,0.0215217391304347,0.9094202898550724,0.09785472850951879,,-0.5176956306425827,,-0.394276622792929,-1.0033685980716285,,,,0.1302059733443716,-0.19693998517860267,-0.9031965905565156,-0.0766483183630802,-0.9446756410631373,-0.8386462277409894,0.0659831138398877,0.855953630383293,-1.3441183345214285,0.0771448339483394,0.8173076923076923
MB-0340,164.733333333333,False,False,True,79.97,16.0,3.0,1.0,0.0,0.0,0.0,1,0,13,1,4,30,0,10,0,1,16,0,6,0,111,3,5,0,65,4,0,76,0,3,2,2,464,6,1285,6,20,2,2,46,1367,5,33,683,41.001292063662,-10.260817981184154,-42.015406038924624,,-1.548029968542088,-3.4223705740396184,0.8464733412940101,,8.518094734767432,0.3691434846266471,0.3042234332425068,0.948823334519292,-1.5486558209650687,-0.8393982864562559,,-0.2158679689144742,-1.903520373723376,0.0459953316633762,,2.0291463456595165,2.030809394882161,-1.7718855785153658,-1.1044029085989209,1.4361541401644515,,,0.0544477840223765,0.5272234296090796,,0.5973557692307693,0.12176108915239349
MB-0343,91.1333333333333,True,True,True,70.51,30.0,2.0,1.0,1.0,1.0,0.0,8,4,24,2,121,17,0,128,2,4,0,122,198,2,300,82,50,0,6,511,11,1,1,0,1,1,0,140,0,81,7,2,10,268,141,50,610,747,23.538329243831416,-15.314526854225573,-7.082990555327004,-2.7143946131393326,-11.236884897014946,-5.767974417957509,5.935553718642339,4.843552166748906,-4.198067197976534,0.1521084337349397,0.5734149054505006,0.4708659841640744,-0.6627797430366874,-0.4218712939700347,-0.6471225980016732,-0.2671275996889738,-0.5848843037488134,0.507269741819692,1.207665194293308,-0.1767261745043454,0.3570469325009166,-1.3153404626535423,-0.6838984635035303,-2.544979883255804,-0.2841020818195554,-0.6466178198515422,0.5422457618269477,1.5057672754544174,0.1580268810728199,0.1594456404736275,0.5183900069396252
MB-0345,72.6666666666667,False,False,True,37.3,28.0,2.0,1.0,1.0,1.0,0.0,21,0,9,1,42,0,0,49,0,67,0,54,130,0,34,1,162,0,1,322,7,6,0,0,1,0,0,38,0,119,14,0,22,91,44,162,462,297,23.204722947468976,-11.88172606750791,-5.634960362365411,-3.410495406081828,-11.6993255206831,-9.58384496712383,5.723743195041359,7.504164031574605,0.7618578938820357,0.0686026936026936,0.4204275534441805,0.949037718529855,-1.441952095002985,-0.8738454636713741,-0.7256770096401151,-0.4269943441252125,-0.6675195583666733,0.9283807529881708,1.3850646545276344,0.0460811819062679,1.41269947866447,-3.060669995363795,-1.203283598388743,-1.5895315486589954,-0.4427602017138955,-1.9503617611567357,0.2663890786715204,1.2138879190899463,-0.5838538317362829,0.0591216216216216,0.2216494845360824
MB-0347,180.0,False,False,True,52.24,40.0,3.0,,1.0,0.0,0.0,8,0,0,2,61,41,0,89,2,52,1,110,216,2,227,8,35,0,28,68,2,0,0,0,39,0,0,79,0,32,11,7,10,198,79,35,113,685,36.48184195223175,-25.79419916859897,-17.306859500374173,-5.028892950894573,-26.00629517628429,-12.16436975286822,8.506561680548543,5.082547582551817,10.682350017542252,0.1162408759124087,0.5158204562178073,0.4435665113982676,-1.1196841989534512,-1.3265406732069709,-0.9054792703637,-1.8717972737671646,-1.202081833550486,0.7663401962997197,1.00212317189297,0.7967586790084638,0.4823125821205796,-1.2198442398540472,-1.363004542159479,-1.4633608858166578,-3.39637308524529,-1.3010185200897777,0.4713632287389704,0.7268767765426224,1.144682686290775,0.1244140625,0.4300423985463356
MB-0348,122.7,True,False,True,81.88,22.0,1.0,0.0,1.0,1.0,0.0,0,40,62,0,0,0,1,2,636,6,161,20,161,44,114,4,33,52,3,155,1,16,0,0,2,0,0,20,0,92,2,0,0,3,36,33,250,1305,20.259881845332718,,-6.407383150626747,,-24.666669773350225,-17.023976243038437,,,,0.0138888888888888,0.922077922077922,0.134537028429261,,-0.403672696949454,,-0.6812349248197357,-1.3736037885969874,,,,0.11713354802264798,-0.4550834198187908,-0.5610529672936022,-0.3751526111638152,-1.2760456455787932,-0.7012115223809194,1.0291463456595165,1.3219280948873624,1.3739503072356445,0.0335481425322213,0.865748709122203
MB-0349,146.033333333333,True,False,True,72.26,30.0,3.0,1.0,1.0,0.0,0.0,13,0,1,13,56,12,0,59,34,11,1,4,22,2,38,21,83,0,0,362,1,0,0,0,2,0,1,111,0,40,5,1,26,128,111,83,408,137,37.31164420057835,-11.614472660563054,-6.832557112775793,-5.207591670917095,-15.354138825259238,-7.802464750144934,6.218674364397365,1.1776255338939736,-1.887866997123831,0.09580291970802908,0.1854599406528189,2.046166618127562,-2.1785154701886027,-0.9924472047139933,-2.0563908478931743,-0.9211241172688788,-1.4213763297255078,0.5383779859600805,0.2401340037237149,-0.0909746161075055,2.235584779074129,-0.43420150381506867,-0.6942719973649709,-0.4262647547020979,-1.703712453529233,-2.024674280411624,-0.23769226830135537,1.560412799994502,0.1312568011453853,0.4016666666666666,0.1574025974025974
MB-0350,46.0666666666667,True,True,True,49.05,80.0,3.0,0.0,0.0,0.0,0.0,0,116,1,0,0,0,1868,0,0,0,0,0,2,0,0,0,26,18,2,4,0,2,0,0,0,0,1,0,0,30,32,0,0,1868,2,26,66,140,57.87533064030688,-40.64900515172177,,,-3.4937383179596964,-3.712616756851896,,,-6.568342918290385,0.3991071428571429,0.061671329521955906,3.115968827105098,-1.118440827751643,,,-1.0122110839508744,-3.0272425359737407,,,-0.1941979135326467,2.2142857680643395,-2.0516791778953496,-3.441616269406558,-1.716442236843321,-2.088053081635329,-1.4200508183182179,0.6641677598040865,-0.2064508774674263,0.2913021308565989,0.028125,0.2666666666666666
MB-0351,180.0,False,False,True,69.53,,,,1.0,0.0,0.0,0,0,0,0,1,0,0,5,1,195,13,211,75,1,167,0,69,0,3,201,1,0,0,0,0,0,0,10,0,87,1,0,0,6,10,69,290,666,28.46858652568573,-4.304514886613292,-5.057464044378411,,-34.882773758963474,-14.05541930302534,2.147551480993018,,2.322111035435381,0.0073198198198198,0.913793103448276,0.379535178132361,-0.8927795783102819,-0.8199017048697218,,-1.0692438772231356,-0.9988316310394415,0.9761532580456324,,0.5180122567965295,0.2765806553564479,,-0.9684334503925688,,-1.2965676259625012,-1.218030126137997,,,,0.0367751060820367,0.6885964912280702
MB-0352,55.2,True,True,True,61.32,13.0,3.0,0.0,0.0,0.0,0.0,16,3,1,106,35,235,0,101,0,66,0,1,18,0,255,14,10,0,1,21,0,1,0,16,7,3,0,72,5,27,45,53,122,424,78,10,109,369,37.91279149295359,-28.91823043933067,-7.527258411545943,-18.988641374131653,-11.03227889555632,0.7614840405784642,4.264495022516572,6.931896450927479,1.3337166006110237,0.2249322493224932,0.2601935038009675,1.0995702253966066,-1.2785953783713195,-0.8004685364723643,-1.9521765938655575,-0.9409970911629809,0.1655777103654853,0.2651690487341389,0.3427935339486895,0.0802058125889818,1.633747736300436,-0.8401446208770523,-1.0979640231949594,-1.1073680261925358,0.0057823525940058,0.1468326256309016,-0.4432462480161113,-0.5262823094798599,-0.0883631622133149,0.3476123595505618,0.1646757679180887
MB-0353,41.8333333333333,True,False,True,86.26,40.0,2.0,2.0,1.0,0.0,0.0,7,2,6,0,72,8,2,241,0,153,0,2715,116,0,356,4,285,26,13,978,74,1,0,1,2,0,0,243,1,287,12,1,7,324,245,285,1352,3393,49.49123617895527,-25.937694534700608,-17.825175280709878,-1.9793811044963578,-41.33968261319317,-22.75765109605621,10.874717228116896,5.083693489116787,11.777700797647132,0.050684036680297716,0.6934490920382936,0.42661883923340294,-1.0889646059784266,-0.7239649388690086,-0.3926758118107584,-0.8511187799123917,-1.407993329411473,1.1053400384111454,1.6935433138750775,0.5776355470756269,0.2520147347582956,-1.289123019568168,-1.0815701812936906,-0.4311370974460468,-1.019139832193252,-1.250526971448819,1.55122197105733,-0.4354307165456369,1.2574986858454713,0.05618812391678819,0.5937848767531693
MB-0354,11.6,True,True,True,73.01,17.0,3.0,1.0,0.0,0.0,0.0,48,0,3,699,191,1040,0,277,0,5,2,2,107,0,2670,1,29,9,2,564,3,2,1,33,69,10,2,713,1,571,809,71,747,1579,716,29,1980,2883,76.84979927484923,-27.64199872882798,-19.99209771966208,-41.740726714690275,-46.64030517476086,-6.283750365350107,2.482312018516009,10.657216182506891,-5.3777426387085,0.18628560430100902,0.38262125308269573,0.9664967690620095,-0.7640053507544775,-0.8733681706316901,-2.5550571948759426,-1.3413459917016366,-2.1109412070980893,0.17158768970393445,0.4127612763342867,-0.08258657368864343,1.2021368057231965,-1.9511549932239325,-1.3405054412375608,-0.4889671172623939,-1.6202712136967028,-1.9213115398782974,-0.09075627914524449,-0.5012384127445993,0.4271421146901134,0.21772028165532858,0.2694302422844574
MB-0356,180.0,False,False,True,58.16,16.0,2.0,0.0,1.0,1.0,0.0,0,8,15,0,0,0,1,3,174,8,3,17,60,225,386,101,15,0,12,137,13,0,0,0,0,0,0,2,0,49,15,0,0,4,2,15,214,1009,10.812922226785332,,,,-13.376148906889,-5.4316374959540665,,,,0.0027254707631318,0.9666666666666668,0.0757438147019612,,,,-0.3291224614947138,-0.47437995698473984,,,,0.030690804412553497,-0.4038969416736434,0.0135992919492771,,-0.3538095154714205,-0.7679310972022604,0.0740005814437767,,0.7912152194023512,0.0230263157894736,0.9829059829059827
MB-0358,32.8666666666667,False,False,True,57.87,26.0,3.0,1.0,1.0,1.0,0.0,8,0,0,1,14,1,0,45,0,113,0,236,71,0,240,2,35,0,10,356,16,0,0,0,0,0,0,55,0,63,3,0,9,60,55,35,438,672,32.20578578701293,-10.214995490778664,-8.733717425252475,-6.508835160490969,-31.1072953844214,-7.395500029347123,3.498407569831554,3.061128595968691,7.985753974626086,0.048735119047619,0.76905311778291,0.5495213387708806,-0.8437632915671891,-0.768520589778154,-1.788203821712692,-0.9716507299475255,-0.7671562427106956,0.6859755564874318,1.1346210152168137,0.5732879673402381,0.3334119977581282,-0.6734495880269085,-0.9412201554949924,-1.582118026374119,-0.6047639613704309,-1.8009583327903904,0.5491409209153308,1.3553745779805044,0.1143326754789951,0.0962837837837837,0.6059113300492611
MB-0359,21.6,False,False,True,44.21,22.0,2.0,0.0,1.0,1.0,0.0,39,7,0,10,36,18,1,107,3,689,6,1543,285,5,362,81,242,1,60,915,93,2,0,1,0,0,0,112,0,241,100,0,49,162,114,242,1350,3042,35.707912913141506,-12.86219933716254,-9.160682771417601,-7.963698212255578,-31.86931426593948,-15.465383412147581,5.620444523324643,4.700997176132055,8.47446078516686,0.030284477353575076,0.7770143035940759,0.4258435786400156,-0.9334758115319622,-0.6485045696097704,-1.3014851808659953,-0.5554484547108801,-0.8056599246961282,1.220550356069039,1.527821110880056,0.639242880828399,0.24364048742403582,-0.7376707699109928,-0.5809078181298276,-0.9063442449461213,-0.7052035355229926,-0.7959475828817827,0.9066921150826935,1.4820614539985428,0.8075230561171056,0.0647571396870739,0.7686251219292928
MB-0360,132.566666666667,True,True,True,83.58,50.0,1.0,1.0,1.0,1.0,0.0,2,0,0,0,25,14,0,176,126,462,73,53,64,0,198,1,61,0,0,412,4,0,0,0,2,0,0,145,0,126,5,0,2,215,145,61,547,979,23.25660525536582,-19.72250396935268,-10.01431351886891,,-13.00900314543216,-5.117766079248206,8.561315271497111,,-3.714106477178876,0.115679264555669,0.6168395363026234,0.3504839700196724,-0.8620112106207037,-0.4695431396916873,,-0.3206176943748169,-0.4333541794884173,0.7204722833294249,,-0.1982729785349967,0.258722300442731,-1.2732521758796058,-0.5362513668008382,,-0.6531371897650772,-0.9869716674718413,0.5639230892124558,,-0.077332962143969,0.1062098070739549,0.6239141543178334
MB-0361,15.0666666666667,True,False,True,40.5,24.0,3.0,3.0,0.0,0.0,1.0,0,17,86,8,0,2,0,4,0,0,0,0,36,0,11,2,37,0,0,144,3,244,1703,0,2,0,0,21,7,486,38,0,8,6,272,37,671,1857,21.41510117316725,,-6.131336791431941,-6.032069971139955,-22.780044541019883,-6.334401266099215,,,,0.07944745137051122,0.8642397861718966,0.2309486374745986,,-0.2250891164853698,-1.2055116750481394,-0.5811658862268145,-0.733550011530203,,,,0.6051307105916433,-0.4618115719917179,-0.3288296840749277,-0.3587558641621716,-0.4818742226765511,-0.7355353669980205,0.3207910204301917,-0.2018705431553982,-0.031077954534183595,0.08163702953076625,0.7378967796163228
MB-0362,47.0333333333333,True,True,True,52.79,18.0,2.0,1.0,1.0,1.0,0.0,1,0,9,0,1,0,0,13,0,779,0,63,12,0,68,2,30,0,0,199,4,3,0,0,0,0,0,15,0,92,4,0,1,14,18,30,299,933,18.497757672331584,-4.943200995267224,-0.7773426146239492,,-21.97809217010882,-8.332377554205783,0.2509744655725937,,4.515036837013742,0.0213022508038585,0.9627659574468084,0.1731021135709499,-0.529071299829111,-0.0586929523006512,,-0.5694449371227767,-0.7034448757930798,0.170826967736705,,0.7666310561509709,0.0859771831187848,,-0.5281621146207444,,-0.7180875839605169,-0.6121256278049081,,,,0.0229474169741697,0.882943143812709
MB-0363,89.9,True,True,True,73.24,67.0,2.0,2.0,1.0,0.0,0.0,41,1,0,6,33,17,0,64,50,34,5,104,205,490,1592,33,24,0,337,59,2,1,0,3,18,0,0,32,0,49,54,4,47,118,33,24,167,2869,22.662363999985235,-23.811605304802,-12.374353027778836,-16.881988815756934,-18.9248001086836,-2.9837358395160445,11.796434397138034,11.416245028906031,17.244655153494993,0.0379923318229348,0.7985197368421053,0.0560366803527211,-0.6221772151061911,-0.6444933131378606,-0.7221082871363106,-0.4262212814255246,-0.1734957423833129,2.012600036779633,1.9338966897675172,1.6474620945544085,0.0474405831626482,-0.8932882387314562,-0.80873994586968,-0.6763076320430179,-0.6444247922765524,-0.3393762071173935,2.465440315391684,1.94973577670391,2.4905655504692144,0.0318143100511073,0.7231160033869602
MB-0366,64.2333333333333,False,False,True,51.74,22.0,2.0,0.0,1.0,1.0,0.0,0,0,0,0,0,0,0,7,17,1263,4,141,17,1,91,26,54,0,3,96,0,1,0,0,0,0,0,1,0,59,2,0,0,7,2,54,157,1563,24.16486753495994,-6.990025130082821,,,-31.84614773951825,-18.693920389196844,,,7.388581371570744,0.0020793346129238,0.9743589743589745,0.0997309974730787,-1.0114189629567087,,,-0.8971537138610551,-1.0105109018805387,,,1.8451143980218287,0.0735819385574065,-1.0001060766178844,-0.744806933844669,,-1.3470346978839058,-0.8070686446400778,0.7652943172247004,,2.800581693462178,0.007452366318377301,0.9230769230769232
MB-0367,142.433333333333,False,False,True,70.98,9.0,2.0,0.0,1.0,0.0,0.0,0,20,0,1,7,1,0,17,0,104,0,24,60,1,35,6,96,0,4,198,1,0,0,0,0,0,0,10,0,256,15,0,1,25,10,96,470,254,20.00355308449556,-3.952933228349482,-2.447001306520701,,-15.270646066628537,-9.009090643009586,3.1762067967161225,,1.7529300010605957,0.0226377952755905,0.7567567567567568,0.8501367728906608,-0.7762092904374231,-0.6812508157801455,,-0.5427069944112157,-0.8663368537429005,1.2269414032552104,,0.1594648309983895,0.8259852543881606,-1.041659151637215,-0.6690267655096307,-0.0255350921071376,-0.4990596193381696,-0.659629980547166,-0.0772429989324604,1.086201035049304,-0.0295701548672077,0.0787444933920704,0.6555555555555556
MB-0368,61.9,True,True,True,74.79,31.0,3.0,3.0,1.0,1.0,0.0,1,0,2,5,3,0,0,6,9,99,2,37,15,4,72,1235,14,0,11,30,0,2,0,0,0,0,0,21,0,36,59,0,6,9,23,14,125,1486,4.897026231917985,-0.2272566362514972,-5.463452320276088,-5.681858139341354,-2.1188662986327524,-5.55794217249278,0.7760718862671825,-0.531786190954118,0.3733269936650557,0.017664872139973,0.9580152671755724,0.0165821877469921,-0.0189110715882163,-0.2877032074193706,-0.6541694127767611,-0.05396295970848369,-0.3994445645894576,0.4540316308947074,-0.3673710656485295,0.1742143725352086,0.44824658136600637,-0.5968626702081579,-0.4227114271642649,-0.4923415452880464,-0.593093905525609,-0.6947839136413004,-0.4705931009605497,0.2236131274638326,-1.2548531555026412,0.3199423815620998,0.4964601769911504
MB-0369,144.333333333333,False,False,True,65.47,27.0,3.0,2.0,1.0,0.0,0.0,2,0,1,5,1,0,0,8,1,3,0,167,78,12,694,99,130,0,4,167,15,1,0,0,0,0,0,9,0,54,15,0,7,9,10,130,251,1059,18.368682947801027,-3.8670394415469596,-2.1467433850085955,-3.488450453523628,-14.349204005669163,-13.204973621400422,-0.7797628976500548,-0.6184895201011684,0.3236307187293307,0.012865911237016001,0.9770992366412212,0.1470730930156908,-0.4955733493896579,-0.2625971592655465,-0.4580422594407323,-0.3612968105164794,-0.4946495003751465,-0.6825732973475785,-0.46466826700344416,0.09310940439148141,0.0325941928800649,-0.1656013007409262,-0.2572656540113293,-0.3556536811086574,-0.1404031983855204,-0.3451972746485095,0.3232167908559348,0.6463630453852995,-1.698218478224414,0.046652139461172706,0.8888888888888888
MB-0370,93.5,True,False,True,64.01,47.0,3.0,3.0,1.0,0.0,0.0,1,1,7,2,16,3,1,26,7,10,1,87,39,1,317,648,41,3,3,59,4,0,16,0,1,4,0,53,0,43,8,4,3,50,53,41,114,1145,13.060669726417716,-7.632320382600866,-4.923056217474686,,-9.871578308939458,-13.578636519546853,4.341002985221276,,3.599020054601089,0.061899563318777204,0.8844566712517193,0.0764193835581231,-0.3472746555421876,-0.209278007421922,,-0.3097737217808921,-0.8953264138516894,0.9840131602944606,,0.6094674642298045,0.1188058466779871,-0.49213213152889995,-0.3288769444562824,-0.3252468451585265,-0.6683039120293448,-0.6586652989535089,0.1414362155124977,0.4426350578428737,-0.09835966507868402,0.13934034416826,0.7548906789413119
MB-0371,131.133333333333,False,False,True,78.41,22.0,3.0,2.0,1.0,0.0,1.0,4,0,0,2,5,21,0,11,1,2,3,9,28,4,39,5,44,0,2,25,2,0,351,6,8,0,0,67,1,140,9,0,6,37,68,44,182,452,13.181915952525062,-8.50581568203547,-7.845635327540105,-3.746453595432437,-6.82113768711826,-7.065948100330805,5.538341746786759,2.199435102758115,3.005398277067892,0.0860066371681416,0.7490039840637451,0.2719617776692411,-0.9002802974876917,-0.48588967124834104,-0.8546606368359606,-0.2338170501380945,-0.6256133907159598,0.9470085434724429,0.9533592748812107,0.3788898550251476,0.531196049945596,-0.9394146613007178,-0.8457594848320297,-0.8103549617550176,-0.3469998548634578,0.148645885176019,0.0239654300822565,0.8212853588245568,0.7249929525001302,0.19209809264305172,0.475253807106599
MB-0372,62.7666666666667,True,True,True,39.86,18.0,3.0,0.0,0.0,0.0,0.0,37,8,0,0,26,51,1,111,0,0,0,0,90,6,3,0,60,0,13,137,3,31,0,3,75,3,93,84,19,187,51,38,37,227,134,60,381,291,32.25488653778589,-20.16412401940564,-4.221590790063956,-9.108836741152226,-6.987861643444499,-10.844975698519155,0.2188040230625263,10.001983628054472,-3.077246866909641,0.1524914089347079,0.3142639206712433,1.177674836120607,-1.856057015761796,-0.3276186638669419,-2.465974464504069,-0.3114500531296575,-2.23485893543988,0.0164694005049975,0.971747540821928,-0.1384533036975225,1.9102932617187804,-1.8889118110125505,-0.4343121016051725,0.2250114499247577,0.2314177929840017,0.1912168300603314,-0.270547656010265,-0.5617815764496653,-1.2074184369573835,0.3895348837209302,0.1176027139087825
MB-0373,27.0,True,True,True,63.31,24.0,3.0,1.0,1.0,1.0,1.0,61,39,10,150,157,882,0,32,1,42,9,87,322,7,3240,23,71,7,212,313,15,6,601,227,64,6,11,358,68,170,260,41,211,1112,432,71,985,4681,76.78158629806714,-67.64742530419439,-36.485852700543916,-28.802701930719962,-42.19188678471871,-12.345144972481652,23.25846160827606,21.90264216376757,22.715398462056804,0.06505314790366239,0.4010226279930396,0.4910245002156757,-1.7612581701460046,-1.4329428831652313,-2.6498243683999414,-1.090979967330249,-1.4563953989750735,1.0576756183795744,1.4535139494207185,0.8059336709963079,0.6240116765895442,-1.6205750636955756,-1.9035910038273591,-1.7960112401995139,-4.094236069845766,-0.1214299089489579,0.7800286757699928,1.3024297737725485,0.8401863145249766,0.11100630479500914,0.2826224112932356
MB-0375,143.166666666667,False,False,True,72.69,23.0,3.0,1.0,1.0,1.0,0.0,19,0,0,15,25,260,0,195,0,0,0,0,25,0,27,0,8,1,3,14,0,0,0,19,732,64,5,75,1,32,8,103,34,583,76,8,73,857,41.50148405247137,-42.95622362845903,-8.687792758615055,-11.22876989935176,-5.376674478477683,-4.6362129259472304,5.688938865019124,10.064377406993273,3.894526396696691,0.1947199533255542,0.4090035684875103,0.5344216929904506,-1.1727982165311437,-0.6270586438536485,-1.4590245312596375,-0.35671358250237845,-1.102098187618736,0.4009359693271528,0.8580427870062212,0.2605839065989714,0.8310957104742509,-1.3816498763072649,-1.0869949230939109,-1.3834087870497007,-1.2604717928156917,-0.728587101207726,0.1290099811412342,0.1909524456672755,0.6489822062600699,0.2056021341463414,0.3088310362429811
MB-0377,134.366666666667,False,False,True,63.25,12.0,2.0,0.0,1.0,1.0,0.0,5,40,1,9,9,0,0,43,9,13,7,4,27,0,11,14,115,2,3,196,10,2,0,0,0,0,0,17,0,116,20,0,14,52,19,115,342,131,32.41174174404651,-7.00958006007171,-4.798214176840084,-5.27535016253699,-14.676976938138765,-8.727842349537703,1.3049299465716144,1.6501048898370043,1.7975612235963898,0.0305343511450381,0.344,1.7579929054568486,-1.502150856497013,-1.97330513333458,-3.135315964512171,-0.8960339550570688,-1.015429668049665,0.417443996985939,0.5152173769221271,0.116950382781668,1.4637751412507498,-0.4983785340064618,-1.1128555146491217,-2.97865326490861,-0.7231523426847352,-2.585220101836186,-0.1121081916213139,-0.1741933330791158,0.3364088854815276,0.1269841269841269,0.3226837060702875
MB-0378,97.3,True,True,True,57.15,28.0,3.0,1.0,0.0,0.0,1.0,1,818,0,2,6,17,0,15,0,0,0,0,49,0,15,1,37,0,0,13,1,2,0,0,3,0,2,43,0,88,35,0,3,38,45,37,137,888,25.52782150362096,-18.59421341587124,-17.111296652271292,,-20.467213253523337,-22.978999543587463,17.812974736565405,,6.247445155394424,0.0250563063063063,0.6239554317548747,0.2019410102632202,-1.4662464401936086,-1.344301635725949,,-0.7008246874284029,-2.209286248416466,2.240627992785514,,0.8778795089494502,0.2036242228043981,-0.7245673860122054,-1.1445255304704005,,-0.6244692776139071,-0.9345374693145452,0.9464715590107009,,0.8487906071151063,0.0670838183934807,0.5696078431372549
MB-0379,135.666666666667,False,False,True,48.22,29.0,2.0,1.0,1.0,0.0,0.0,0,5,1,1,2,0,0,3,1,231,3,267,22,0,32,16,125,1,7,63,9,0,0,0,0,0,0,13,0,280,2,0,1,5,13,125,354,586,31.23043235204129,-3.2891861490216208,-6.723652888820285,,-24.826540795442718,-19.320954484996506,-0.8000142297289213,,0.6346049432383576,0.005759385665529,0.9318181818181818,0.5142193976830887,-0.8836208162856712,-1.3014792588610609,,-0.7560085531317475,-1.145677455195635,-0.6507645591169021,,0.1640759257456253,0.447092468781294,-1.629491130828939,-0.7861137744834339,-0.7838879993836866,-1.0525074701459265,-1.446347507928308,0.3723931618703503,-0.6959938131099002,0.8644651302388106,0.0526729559748427,0.7544910179640718
MB-0381,130.2,False,False,True,33.65,21.0,3.0,0.0,1.0,0.0,1.0,1,55,0,2,6,0,0,15,0,2,0,16,63,7,27,0,64,0,3,255,16,1,563,0,1,0,0,16,0,211,7,0,3,21,17,64,489,737,23.11898032350224,-5.008380036177601,-6.85942255417869,,-19.92887383829174,-9.07639049427795,-0.2500145056544888,,0.9888849325507405,0.0181478968792401,0.8561643835616437,0.3672897263995706,-0.5428938267380184,-1.0612824621127095,,-0.5521738685061882,-0.62571159958448,-0.1826922975161901,,0.1250661070016596,0.4178973933298757,-0.8787616653937699,-0.9234973987348895,-1.0145653381169748,-0.828279091722633,-1.090585400599058,0.8703872618695303,0.753085259529483,0.403223841032499,0.0399671052631578,0.7302904564315352
MB-0382,136.466666666667,False,False,True,59.05,22.0,2.0,1.0,1.0,0.0,0.0,1,0,0,1,23,15,0,26,3,14,22,70,7,0,74,39,25,0,9,49,0,0,0,0,1,0,0,59,1,110,8,0,2,64,60,25,167,239,26.74981216481734,-8.203810385157558,-9.335328994320344,,-22.886441712217145,-9.8078146056999,2.606083867928052,,2.2409199423156085,0.1119246861924686,0.6236786469344608,0.8417730605478635,-0.7076248021096181,-0.8886473242899049,,-1.3130650795918166,-1.983256736165424,0.3412716611249256,,0.1859229016870862,0.7796700451204445,-1.2102873667817158,-1.2320895620719798,,-1.30549818932984,-0.5542151172312632,0.1226151899664529,,0.8268164469028475,0.1109958506224066,0.4306930693069307
MB-0383,85.7333333333333,True,True,True,65.02,19.0,3.0,0.0,1.0,0.0,0.0,0,0,8,0,1,0,0,11,1,131,1,89,39,1,31,76,43,8,21,104,17,0,0,0,0,0,0,9,0,317,11,0,0,12,9,43,449,406,25.366411593374952,-2.126480457618571,-1.6371963243453644,,-25.456842053987437,-9.362614798340546,0.9953181309602388,,2.097982110679688,0.0147783251231527,0.9420289855072465,0.653614527574646,-0.4143549820974446,-0.3503086471700284,,-0.8260508436767757,-1.1638289818072445,0.5318511642615935,,0.2909069260764564,0.4526250014168414,-0.0248656398358902,-0.7500489259770432,,-0.6458661252663506,-1.065129525538774,-0.9799807017243976,,-0.6667216382199265,0.1499399038461538,0.6684782608695651
MB-0384,61.1,True,True,True,74.58,43.0,3.0,3.0,1.0,1.0,0.0,1,7,71,0,24,34,1,63,54,1526,31,1519,316,28,587,87,93,2,232,993,107,2,0,8,0,0,0,229,1,471,133,0,1,122,232,93,1712,4460,33.313101109204524,-19.0923779475427,-16.498357731877313,,-27.549904108640472,-12.30148400076052,10.696667886429312,,8.667919363362916,0.030701685684469678,0.8210241830424405,0.18428603130524662,-0.9603456069286345,-0.5927530366801437,,-0.36055691663851397,-0.7916697958060989,1.4768831969116332,,0.6106960267580996,0.145128238053706,-0.748815949478741,-0.6914117749802762,-0.7544936188269948,-0.43060769668619026,-0.8239637695117393,0.9778460679421637,1.0481543815960273,0.8862604693672718,0.09281832912268552,0.7019950280159171
MB-0385,36.4333333333333,True,True,True,66.58,31.0,3.0,3.0,1.0,0.0,0.0,4,0,0,44,24,34,0,33,883,36,1,5,60,12,235,494,12,0,19,69,2,1,0,2,7,0,0,64,0,29,64,6,48,97,65,12,166,1752,28.278775050226205,-19.89577404087082,-18.08868689964169,-24.81483996974736,-19.10824494193895,-5.330065213486182,9.677998333162542,11.583717641042774,6.4004234767906185,0.0458761415525114,0.6772486772486772,0.12389867961126341,-0.7344285360255517,-0.8921936740789367,-2.0156066619917623,-0.5288834557233935,-0.5599811941598285,1.5156170911393358,1.7576736512947932,0.7945438653646317,0.2850793219682328,-0.5060676331462954,-0.9852914879038696,-0.9780648500921238,-1.188945938243306,-1.0663417788366172,-0.5469296686109215,-0.1916956241135313,-0.1071298747064161,0.2060785060975609,0.6290280324862457
MB-0386,138.133333333333,False,False,True,66.83,15.0,3.0,2.0,1.0,1.0,0.0,0,1,16,0,2,0,0,5,0,33,0,115,66,6,68,25,36,82,32,123,2,0,0,0,0,0,0,1,0,71,2,0,0,7,1,36,198,444,15.305329121345189,-1.6936077938503915,,,-14.159120749363634,-10.933968166261575,,,0.5800855394929568,0.0078828828828828,1.0,0.24663308604466297,-0.2807913872757591,,,-0.46496899261744895,-0.9725613745973868,,,0.1447350929810109,0.2167318871780565,-0.0424692424339612,-0.3228895711248075,,-0.7043474666946232,-0.8426313144534616,0.49410907027004264,,-0.4550531781267229,0.0500541125541125,0.927007299270073
MB-0388,97.5666666666667,False,False,True,46.63,28.0,3.0,1.0,1.0,0.0,1.0,142,0,0,6,32,3,0,47,4,0,0,0,6,33,2,34,153,0,0,191,6,2,9,0,0,0,0,34,1,50,23,0,148,82,37,153,270,88,46.005955509990905,-10.515300150450956,-6.354237176321788,-12.51850366311425,-12.85804767758396,-12.071372598555318,2.024578666178156,4.374587303493548,1.826781163373455,0.028409090909090898,0.0452342487883683,2.7985172934264217,-4.149828395809083,-3.756311682971018,-2.784868092980307,-1.2861108025670376,-2.271100454753361,0.376496202881791,0.4292456448661324,0.12413971366900668,3.750771393691237,-0.2311251578790499,-1.745595899309646,-3.239550796613645,0.0947591416105744,-0.4445583421557669,0.0710739184515177,-0.4281545754395705,-0.6917202590879057,0.1375,0.027027027027027
MB-0389,96.9666666666667,False,False,True,46.87,50.0,3.0,3.0,1.0,1.0,1.0,6,27,2,66,17,13,0,38,0,0,0,8,26,1,143,1,13,0,5,103,2,0,1254,0,3,0,0,104,0,71,31,0,72,68,104,13,207,1470,18.829960672094032,-9.483848248083191,-10.682450316467866,-18.23051101783304,-12.173060507152966,-7.694391037370274,7.704539981296631,6.680362809710996,2.767779661573728,0.08052721088435372,0.7704359673024523,0.1211432969131002,-0.3989735118600728,-0.4103289073792016,-0.9922546949100528,-0.3024964212628192,-0.8487981812441889,1.1233047774502711,1.1832106921925372,0.3805195267742918,0.0754046267609303,-0.5386040857695419,-0.4989534387378431,-0.5910562586338306,-0.4354849943379776,-0.9443130325217872,1.3740508259634945,1.7063772743327832,1.336167461670619,0.0482832618025751,0.8284153005464481
MB-0390,72.2,True,True,True,40.68,17.0,3.0,,0.0,0.0,1.0,1,8,174,1,2,0,2,2,0,2,1,57,17,0,32,0,44,4,10,29,5,6,649,1,0,0,0,20,2,36,31,4,2,10,28,44,102,954,13.756810673191644,-3.253612717678044,-6.716321833608432,,-12.114939534790734,-18.21782463096272,1.3155429570519237,,1.3234174551218434,0.0242400419287211,0.9362549800796812,0.0915843639367982,-0.3224864494221867,-0.3667347278257887,,-0.4057536427299016,-1.1838861227208466,0.6348674065474699,,0.45023606164179486,0.0749007372659506,,-0.5143405700661314,-0.3103401206121504,-1.306898512313072,-1.1306393514999926,,,,0.0271144278606965,0.886039886039886
MB-0391,142.466666666667,False,False,True,61.23,50.0,3.0,3.0,0.0,0.0,1.0,33,0,7,22,54,151,0,121,0,11,0,19,20,2,50,1,86,0,6,18,3,4,651,41,4,0,0,50,19,145,94,57,55,383,73,86,301,771,39.472467107362796,-33.03292031512736,-13.151992403725114,-11.660353005328076,-18.907596344041465,-11.826465999243544,10.908566974432365,9.006741877928874,8.08868282594936,0.1224059662775616,0.3910133843212237,0.6476135865758701,-1.3945241029461988,-1.1891051866456588,-1.4826279497975479,-0.6770453262538133,-0.8656562695209139,0.7882120067873516,0.8238030181906296,0.3447354672481139,0.8848092020848541,-0.9998170379408158,-1.4314401592582893,-1.6539771786363369,-0.7220175647096655,-0.0606040096640688,-0.0324227227361043,0.1343251930662783,0.3052789660118134,0.2267857142857142,0.2656755009696186
MB-0393,20.8333333333333,True,True,True,68.74,53.0,3.0,3.0,1.0,1.0,0.0,26,1,0,4,93,33,0,138,2,28,15,74,129,13,88,4,31,0,7,364,7,0,0,5,12,1,0,186,1,141,24,5,30,269,187,31,541,374,37.43373201534632,-15.774612436679543,-12.09250494301906,-6.808377820042217,-19.0348947464388,-4.275763427640243,5.361702400331191,2.8510618208781944,1.5174098130991094,0.160427807486631,0.3472049689440993,1.2171741139849386,-1.0428785076603146,-0.9958766871540132,-1.7334529493450013,-0.7892131260851597,-0.7946455669466209,0.3305476243858627,0.4503814611075686,0.0478362441858555,1.5238644515221118,-1.495113688656708,-1.0707796146625834,-2.729008870337863,-0.3505965002946496,-0.3526363843720861,-0.0838483487181721,0.8017916134294729,-0.1572185504828101,0.309115523465704,0.1877588587206626
MB-0394,64.2333333333333,False,False,True,56.48,20.0,2.0,0.0,1.0,1.0,0.0,1,26,2,3,40,32,1,33,0,1184,4,290,22,0,90,50,90,15,5,182,7,1,4,3,1,0,0,73,0,169,40,0,4,106,74,90,401,1693,37.57472907439341,-23.199247619383662,-16.098143121708432,,-31.645633461628982,-19.58832097552026,10.331810620601448,,13.098479347934637,0.027547633786501574,0.7414616711491713,0.28461184714318,-1.1311291466264797,-1.157775299214813,,-0.9889761031790719,-1.3762435666180728,1.4800017703696475,,0.9375611674526496,0.14272882747176016,-0.47948737238058725,-0.3675254509078304,-0.4457787965468658,-0.7778986165188543,-0.4279158686935639,-0.8938895102939167,0.918296790126558,-0.40064949324429366,0.09614812534587783,0.8097555610250793
MB-0395,29.0,True,True,True,80.38,50.0,3.0,1.0,0.0,0.0,1.0,1,66,766,0,4,0,0,8,0,0,0,69,20,0,196,0,12,1,7,24,1,76,128,0,5,0,0,12,0,145,17,0,1,12,88,12,187,1258,19.73018954441874,-6.455518637717218,-8.515806948587038,,-22.434828163945248,-5.673988875820733,2.079728794733714,,5.7322181919507305,0.0486883942766295,0.90521327014218,0.1117516126132573,-0.6735564239901445,-0.3120752532848681,,-0.6351394837153552,-0.5642155564096967,0.7439957962337352,,1.1989040684140782,0.0652923415821251,-0.4457890106786294,-0.7209445953389068,,-0.7230103954075578,-1.0036022366801958,1.7249929525001302,,1.7342964073902218,0.015,0.9035087719298246
MB-0396,60.6666666666667,False,False,True,56.45,27.0,3.0,0.0,0.0,0.0,0.0,0,871,0,0,0,0,0,0,0,0,0,0,101,2,4,0,0,0,17,0,0,0,0,0,874,6,8,0,0,0,0,0,0,0,0,0,0,1883,,,,,,,,,,0.0,,,,,,,,,,,0.3063308609813812,-0.5363770649513565,-0.7821887815006353,-0.4979237365617671,-0.1678172410350291,-0.7069404470585292,-0.4041299162467599,0.0616989472346814,0.2143218698411913,0.2348484848484848,0.571078431372549
MB-0397,57.2333333333333,False,False,True,58.56,11.0,1.0,0.0,1.0,1.0,0.0,0,98,1,4,5,0,0,7,9,170,1,46,31,2,25,147,122,30,17,245,2,1,0,0,1,0,0,26,0,199,18,1,4,13,27,122,464,578,30.83496284603529,-6.830435103807297,-10.744376767232172,,-24.91413577447256,-13.903664890448518,6.311401781920576,,3.7428624966647193,0.0099480968858131,0.6296296296296297,0.5683109073172774,-1.5182833377701108,-1.9743457518193568,,-0.6944384391294258,-0.8083068818683827,1.919829651316017,,0.5522826530240488,0.5999232439892995,-0.0339241930843585,-1.2821896845063,,-0.3862719020221173,-1.2679886487088463,-0.28471153285335,,-0.4440309111583926,0.1068840579710145,0.5049900199600799
MB-0398,43.2,True,True,True,56.41,42.0,3.0,3.0,1.0,0.0,0.0,10,229,117,53,54,28,0,290,6,25,0,433,353,15,1527,194,138,0,18,1169,14,5,4,1,0,1,0,603,0,640,35,2,63,374,608,138,1859,2922,75.6859933033377,-35.23548267586283,-39.453421962039535,-14.15407254105898,-52.911856618646475,-22.499792191871634,15.700303721445431,6.122970007411131,11.430843617975746,0.058318234796523774,0.4846714362531865,0.6472768490787493,-1.4457551561788713,-1.4340782539774697,-1.7327113925597837,-0.8128177793925879,-1.8793822891797338,0.894721020401183,0.9400461247749128,0.408079729539495,0.5607373157030696,-1.491281190278981,-1.5216354028428138,-1.8994278572431635,-1.1722949622746837,-1.8249473862119923,0.7108468016973479,0.3334499647825819,0.5830736233278317,0.059751547353004086,0.46619186775515664
MB-0399,137.1,True,False,True,68.47,45.0,3.0,3.0,0.0,0.0,0.0,16,31,1480,41,70,50,0,175,0,1,0,225,134,0,325,3,362,14,236,410,194,157,1,9,2,0,6,386,27,427,69,27,57,322,570,362,1109,2458,60.075732874850495,-32.626795309570454,-32.45119261732422,-10.359090993325925,-33.128002223539916,-31.920223150382498,16.319567753053338,9.439823806290391,3.2973670691551336,0.063493174393607,0.40265586417863486,0.6631555154121836,-2.5520053682922943,-1.2447014484476149,-1.7515402401397588,-0.8380224478188012,-1.6817895153034967,1.0809102038014817,1.6229207898817875,0.186916036052031,0.7019992448979377,-1.6830941943060196,-1.8650423727355707,-1.723801941619998,-0.5789272077567165,-0.8440117518251732,0.5603806869023693,1.6304568201466947,0.5854262273434149,0.12041473346384698,0.26818201792644186
MB-0400,22.4666666666667,True,True,True,55.28,16.0,3.0,0.0,0.0,0.0,0.0,5,254,0,0,37,62,0,50,0,0,0,0,156,3,20,0,22,0,127,38,2,1,0,11,14,3,0,145,9,446,113,22,5,171,155,22,610,577,32.96641732771151,-14.94656209401044,-12.257157345869018,-1.9734232062238475,-20.745847055092877,-6.847490314171571,3.531415645951645,1.000477145292456,4.090867006305753,0.1057192374350086,0.5570093457943925,0.8151045724260374,-1.0509166868475446,-0.7684978362608142,-0.6980163776370006,-0.7296699182358813,-1.4937042573724393,0.3234393219161885,0.4271103315794187,0.1804260433221556,1.3329703528270125,-1.371572395638316,-1.1201964094405408,-1.2226500224514776,-0.7666275638991332,-0.5309058105110193,0.0040023868178598,0.2528605215922097,0.2035656454524935,0.24753086419753081,0.24345485686322477
MB-0401,26.2666666666667,True,True,True,48.58,20.0,3.0,0.0,0.0,0.0,0.0,0,772,14,0,0,0,13,0,0,0,0,0,11,0,11,2,1,779,3,2,0,0,0,0,0,2,1,0,0,19,0,0,0,13,0,1,21,1595,4.407799458162155,-4.660076456945071,,,-7.173145258686938,,,,10.500548786739436,0.006974921630094001,0.9411764705882353,0.005619824353665901,-0.2586898702699923,,,-0.3469134841717363,,,,2.584962500721156,0.0195088212986957,-0.19037173667658472,-0.3123507238969732,-0.7262687079929507,-0.1790969724091172,,1.260151897300673,1.257275136545109,-1.1634987322828796,0.0469804318488529,0.8429752066115702
MB-0404,63.5,False,False,True,60.71,15.0,3.0,1.0,1.0,1.0,0.0,2,2,54,0,9,9,1,17,1,264,0,966,361,13,425,11,423,0,221,631,50,8,0,0,0,0,0,173,1,685,20,3,2,39,182,423,1386,2318,36.666805917624245,-5.756687965540956,-12.387850999197678,,-29.443947433826835,-18.76641888891159,8.137532018138614,,2.1515639711462438,0.02725065343154607,0.7889706101876487,0.36351791691760216,-0.8312880802665626,-0.5824600162641277,,-0.45148448681574266,-0.6029883569904912,1.8130342687044994,,0.2959406628878873,0.29109919762603004,-0.6758698875050542,-0.7310544454361,-0.7631260067901304,-0.558803430035114,-0.7532746250839284,0.7304968451218781,-0.5728749478069805,0.4284473415418199,0.11886132588201874,0.6274928590815679
MB-0405,59.0666666666667,True,False,True,72.85,16.0,2.0,,1.0,1.0,0.0,1,0,7,0,1,1,0,6,2,35,1,192,107,0,102,16,36,0,10,117,9,1,1,0,0,0,0,5,0,31,19,0,1,8,6,36,176,473,22.30763774567904,-1.3716223102327354,-0.11570764767842061,,-24.45110728864005,-16.316658301643958,-0.8819547121192641,,4.603633914819,0.0208773784355179,0.9777777777777776,0.3004182209615876,-0.19018384042611236,-0.018671652091511,,-0.9606675715910258,-1.6048086438031324,-0.8032270364349277,,0.8639544804579261,0.0951387058659119,,-0.6934958358685163,-1.2516108999447002,-1.1378267546724778,-1.3973380179747712,,,,0.0284090909090909,0.8218623481781375
MB-0406,96.9,True,True,True,69.32,180.0,3.0,3.0,1.0,0.0,0.0,369,0,9,53,177,112,0,373,1,904,0,211,34,1,112,36,387,0,1,633,19,6,0,6,5,0,0,383,1,92,35,21,422,683,390,387,785,1314,71.51802173099459,-36.758517029277165,-25.709117782691525,-33.865276326332506,-18.303057610871903,-16.41228896110611,15.903954796141386,15.05036403039097,-3.0781144949528714,0.10337800395577164,0.2248944035177903,1.1345262081353074,-1.7664200111240864,-1.5006034722433024,-2.3563047375680712,-0.5677679039537536,-0.8496863719975282,0.6518418203332601,0.6272928188777188,-0.12200448734812794,1.0163946391344543,-2.1600488121066523,-1.0819917380366444,-3.014407991733839,-0.8240820084630526,-1.959612504844461,-0.061784191515751014,0.18778090102125347,-0.0739348035746246,0.1157833980031086,0.23132589556232744
MB-0408,101.833333333333,False,False,True,51.01,47.0,2.0,,1.0,1.0,0.0,2,1,245,8,9,64,0,34,0,8,0,5,5,0,7,4,77,5,1,28,4,14,0,7,2,0,2,78,31,130,30,8,10,115,123,77,199,285,36.15718815286159,-20.232119383216368,-14.042283614048966,-5.28876129315138,-20.64014653442609,-15.11799760804792,6.358419232887894,1.897874258621392,6.674061112582787,0.0881578947368421,0.3258145363408521,1.175302096649272,-2.458747174072761,-1.1218175666984007,-2.053111336459563,-1.3500772839159263,-2.396347898662103,0.5008689036218736,0.5408182203175029,0.3939492179265432,2.1136366536480007,0.054376188030158604,-1.5757836393926343,-0.3783553097977138,0.8040797900247432,0.6182906767872207,-0.6629340200148611,0.9748068907811793,-1.4019034716079584,0.38671875,0.1107954545454545
MB-0410,63.0,False,False,True,57.41,20.0,2.0,0.0,1.0,1.0,0.0,12,21,0,30,52,5,0,101,0,253,1,32,16,1,34,398,84,7,4,233,26,1,0,2,4,0,0,50,0,89,105,2,42,160,51,84,455,771,10.287361633652337,-7.435205243411951,-3.8447396321021765,-0.22660915100029308,-4.554068844329608,-6.934755287737403,6.908525511505612,-1.9426077415746883,-0.94881128147831,0.129863813229572,0.7560975609756098,0.20166323761209937,-0.34482849699744095,-0.3256443538966636,-0.0177303786188345,-0.1259088749651052,-0.4711300667200125,0.9674583027299615,-0.4698859762744635,-0.0626525874259536,0.1686208526424918,-0.6070269150132813,-0.5983243395118638,-0.2806618862706694,-0.38666575500217126,-0.6617850146679833,0.5304530643819015,0.40800150863171425,-0.0120117332659993,0.133189262966333,0.6930591259640102
MB-0411,139.166666666667,False,False,True,54.6,18.0,2.0,1.0,1.0,0.0,0.0,7,0,0,0,3,0,0,7,11,51,41,270,21,10,241,1,65,1,9,148,7,0,0,0,1,0,0,20,0,35,22,0,7,10,20,65,212,657,29.60309154141077,-5.580132177665093,-4.9039330833005526,-4.802712700694975,-24.04915462219407,-22.82626905381216,2.506317930899275,1.7831423550348742,6.1945959485268505,0.0201674277016742,0.9074074074074074,0.3212417323823377,-0.9318549394738876,-0.4398375849809067,-0.9059284781731348,-0.8216637752246362,-2.0756752392869706,1.066427361738976,0.9023892033735778,1.0702931514278518,0.2906561342476614,-1.233507284636707,-0.7380932757635644,,-1.6861678983310249,-1.5561401741625838,1.5805480990521852,,1.2504311315934653,0.0531295487627365,0.7396551724137931
MB-0412,136.166666666667,False,False,True,54.06,19.0,3.0,1.0,1.0,0.0,0.0,13,3,6,12,97,292,0,292,0,1735,12,527,118,9,287,199,272,3,190,210,61,1,1,60,3,1,0,399,58,441,144,25,25,706,458,272,916,3094,53.89216943232198,-43.014105015119775,-28.437764971112404,-10.204701726105636,-28.40688780677568,-22.2853432365124,16.517602890204945,9.157827155423815,11.948765057968142,0.09194302075608851,0.531885148283465,0.4596938545162211,-1.219090460559001,-1.0628248201463801,-1.743443158237411,-0.6781728706142249,-1.0039239603411347,0.8489154297126693,1.321234658180482,0.44946051223455347,0.48302705967491405,-1.2159872872694755,-1.512183987655412,-0.9038734961557129,-0.8317301728096288,-0.4353465102618214,0.4819488078968224,0.2173401306953587,0.5689680420659636,0.14290027953291573,0.3770372270482246
MB-0413,140.066666666667,False,False,True,56.58,47.0,3.0,2.0,1.0,1.0,0.0,914,1,0,45,101,74,0,138,2,0,2,4,229,5,511,8,11,0,9,124,0,1,0,3,28,3,0,109,0,24,41,24,959,337,110,11,192,802,78.98812071455086,-19.37012554998995,-14.557950906385727,-65.34408650026793,-16.75792676315643,-4.752203516015096,16.67620115749627,-14.145927525638202,12.708193247626802,0.1320137157107231,0.1610662358642972,1.3074742857870776,-0.912783360411403,-1.4274962673950475,-3.036521068765978,-1.142495443770182,-1.63121013328055,1.1726499665687649,-0.5282037524856541,0.748468375076372,1.4263464602386136,-1.929521488157728,0.12082837638212542,-3.1652212451828183,-2.2624462309092013,-0.9774276573632259,0.6037335614445409,-0.6400056117178656,0.5308582564172478,0.1331908831908831,0.1400542351252193
MB-0414,76.6333333333333,False,False,True,72.16,21.0,3.0,0.0,0.0,0.0,0.0,0,3,0,0,0,1,24,0,0,0,0,0,0,0,5,0,9,2,0,0,0,0,0,0,1,1282,0,0,0,7,4,1039,0,1064,0,9,11,1293,28.977668160027296,-31.71440799247481,,,-6.80092024013491,-3.612313716824514,,,1.889800521595282,0.3090680587780355,0.556363074068347,0.3241684022601625,-0.50949275810202,,,-1.5003995340940566,-0.7598113808027538,,,0.2739761561157197,1.10143983500624,-0.3430797755216502,-1.0018174804334157,-0.5945826174706714,-0.1818408653268077,-0.4088929789809427,-0.2053383712065123,-0.2017083113214312,-0.43349363984688,0.424625468164794,0.2692460580363058
MB-0418,102.066666666667,False,False,True,58.72,31.0,3.0,1.0,1.0,0.0,0.0,0,0,435,0,0,1,0,0,0,98,5,31,55,0,128,2,35,1,68,0,0,4,0,0,2,0,1,0,0,5,1,0,0,1,4,35,6,826,4.362491107655662,,,,-2.591097587330476,-8.879838015189492,,,,0.0068099273607748,1.0,0.0133476498935606,,,,-0.244345862440497,-0.4053558921589333,,,,0.4529526196103259,-0.0853136519599429,-0.6699942867402184,-0.6603486548207025,,-0.3944565359653242,0.06140054466414321,0.209473255863132,,0.30769230769230776,0.4774023694602896
MB-0419,104.3,True,False,True,77.92,21.0,2.0,1.0,1.0,1.0,0.0,1,0,251,1,2,0,0,1,0,489,0,125,67,2,129,294,6,0,1,8,1,1,14,0,2,2,2,7,0,13,0,0,2,3,8,6,22,1378,7.98882368981086,,-7.6855012505972695,,-10.03798433742864,-6.167924147416892,,,,0.0049891146589259,0.9390243902439025,0.0130133768466675,,-0.615170613663226,,-0.4855396508378478,-0.6089443834222753,,,,0.4929465517146723,-1.1025042993139618,-0.4735618111196439,-0.8936534387783629,,-0.6839394968993443,-1.463986302896731,0.684950828179788,,0.1682942708333333,0.4583171772004653
MB-0421,93.0,True,False,True,73.53,24.0,3.0,0.0,1.0,1.0,1.0,0,0,0,2,4,32,0,2,0,3,0,0,4,0,18,0,38,0,0,32,0,0,722,3,1,0,0,29,1,37,74,3,2,41,30,38,146,748,25.259181588834107,-15.37991074480898,-10.451487350703546,,-23.316919126019464,-17.728496660376678,6.746029143624656,,10.39084149596002,0.0317513368983957,0.7538461538461538,0.2317684532480852,-1.222877279361811,-0.7826904789567781,,-0.8275427381844868,-1.596241772334529,1.5515520854548863,,1.1888202758903137,0.3743076762712879,-0.268924582771279,-0.9685770003375596,-0.6645604136505262,-0.5414157158190932,-0.17635477031256613,-1.4625036828901214,-0.23186668556159257,-0.408611230119411,0.2763736263736264,0.5497478220999541
MB-0422,33.8,True,False,True,66.72,16.0,2.0,2.0,1.0,1.0,0.0,0,8,549,0,10,12,0,7,0,6,0,1,3,0,7,1,34,4,0,49,1,67,0,0,0,0,1,29,17,64,41,0,0,29,113,34,155,580,25.431432363351504,-9.16025945349006,-8.536374024500788,,-24.364571745285232,-14.73229282492589,-0.7870485689588872,,7.911063447806548,0.0987068965517241,0.7955439056356488,0.3631335026844802,-0.9492651482030964,-0.3788323290549591,,-1.1549844774794713,-1.6423638935201696,-0.2087253358195902,,1.0114348950622836,0.4541377604019869,-0.4551272904424067,-1.1316735792057864,-0.3499942591801838,-0.9508190206975076,-0.5232696116987847,-0.7210574682698461,0.15250411621129012,-1.358396261956654,0.1694386694386694,0.5507246376811594
MB-0425,24.4,True,False,True,83.17,22.0,2.0,2.0,1.0,1.0,0.0,0,0,0,0,1,0,0,1,865,2,282,18,46,1,110,2,75,1,0,91,0,0,0,0,0,0,0,22,0,253,0,0,0,2,22,75,344,1327,26.724180730017547,,-3.4448238952980774,,-24.758035754376515,-21.869026815270185,,,,0.0101733232856066,0.9854014598540146,0.1640967648939625,,-0.2636113684653144,,-0.5362568221580377,-1.1312842411696666,,,,0.1155643834219181,-0.0606182891975907,-0.184923579328105,,-0.740719511506572,-0.36875395100808067,-1.039138393906958,,-1.994579724215747,0.0365549215406562,0.9255533199195172
MB-0426,131.1,False,False,True,50.48,42.0,2.0,1.0,1.0,1.0,0.0,0,77,43,0,1,0,0,4,0,27,1,740,57,0,155,4,37,0,1,64,0,2,0,0,0,0,0,19,0,359,0,0,0,5,21,37,423,1105,28.88163231693334,-2.7537945284981538,-7.144621686007718,,-28.005431290638672,-13.92771945854635,-0.876318486224256,,2.4625772742408163,0.0082579185520362,0.99009900990099,0.2591582760663975,-0.5179876889544034,-0.7731417112152372,,-0.6752293863139519,-1.135878504458037,-0.7311832415722002,,0.6714917566889247,0.19048186388213142,-0.6614583614820908,-0.697018756093426,,-1.0476242637688835,-0.6752040988463054,0.0193653248669312,,0.8055249701911916,0.0225891410048622,0.8913043478260869
MB-0428,55.9333333333333,False,False,True,85.21,20.0,3.0,2.0,1.0,0.0,0.0,14,0,0,18,23,168,0,41,0,1405,0,4,5,0,23,46,54,0,0,16,0,0,0,10,1,0,0,40,1,25,11,23,32,255,41,54,62,1484,26.79255226565437,-29.71604570451371,-5.843146596547573,-10.137919589310156,-6.579199235505626,-9.233047130324694,4.698471110410996,10.1585807779231,6.002445325181785,0.0955188679245283,0.6903807615230461,0.1501102711419146,-0.7937286322403436,-0.3329696990901654,-0.7408148189407808,-0.280335644703216,-0.4317480037039136,0.7088912782085135,1.389800207779821,0.6790340225480213,0.0960698009307721,-0.2997555768836867,-0.8055595291779301,-0.5778084984663225,,-0.3649315349836811,0.0886279873040449,0.3899085753451617,,0.1403294194390084,0.7547600913937548
MB-0429,74.4666666666667,True,False,True,78.86,40.0,3.0,2.0,1.0,1.0,0.0,7,0,2,3,39,35,0,61,6,23,0,53,190,20,968,36,147,1,22,28,3,0,17,11,13,9,0,72,16,78,66,11,10,146,88,147,186,1360,28.510198511515608,-22.44613051062409,-18.15131536250848,-6.922905541670607,-22.67180211200569,-15.870650147109346,14.432828011408636,3.6419669924924594,12.367553134092438,0.0641544117647058,0.6741666666666667,0.2219195039607878,-0.8836129337184551,-0.9493586135272728,-1.087575989365443,-0.6987213487051737,-0.5432061062063973,1.5042442949792758,1.1351292748806536,0.9847308135465614,0.4799701566962396,-0.5636715648740572,-1.08131663521077,-0.556858000234838,-0.7746211389108436,-0.46534065966963306,-0.1219613083564337,0.2480426788195096,0.4054514504496459,0.2158360128617363,0.4889236382590565
MB-0431,85.1333333333333,False,False,True,63.61,57.0,2.0,1.0,1.0,0.0,0.0,8,12,1688,0,21,3,9,57,4,475,19,649,148,8,361,3,285,3,62,729,116,15,0,1,0,0,1,34,0,93,61,0,8,90,49,285,1000,3433,50.79023144020227,-13.15998263778366,-8.290629979448607,-1.5062126927315729,-52.949588919321,-34.84237970963428,1.9257863362611,1.9613793926763632,10.70522331108115,0.01773627599176489,0.8964610119993924,0.3424109391770948,-0.9960598271509489,-0.626506700939454,-0.5227253685932172,-0.9128346238906714,-1.379308432809505,0.8963305944240794,0.7085777875847691,1.2317245608567686,0.08526445796270538,-0.9112815494521403,-1.0565678987220402,-1.3912925257929631,-0.8326482032971007,-1.8053900203968225,2.5637190720837175,1.1536324669191835,1.7996909802524903,0.02887651045032884,0.6545031581029725
MB-0434,45.5,True,True,True,69.79,20.0,3.0,1.0,1.0,0.0,1.0,121,1,20,40,33,68,1,54,0,0,0,0,20,2,12,1,55,0,9,28,16,5,869,10,10,1,1,66,57,53,67,38,161,194,128,55,174,946,58.9132798011382,-37.20324193660129,-23.834702753805292,-35.94807908643989,-26.796632266813347,-20.411483084782397,16.80043720570633,5.3608380439109045,13.337423033672748,0.0602536997885835,0.2778915046059365,0.6292604860473265,-2.037317404272554,-1.5655097477391244,-3.3958524306227846,-1.2403505820517553,-2.3156374109957225,1.2160379899699392,0.4693341742223155,0.8748131643907808,0.9045096052773568,-7.292758746891398,-1.5506860762045134,-3.636964567537364,,-2.453047170968189,0.1631114031912645,0.5670405927238937,,0.130880376344086,0.2150462962962963
MB-0436,75.5,True,False,True,88.29,13.0,3.0,0.0,0.0,0.0,0.0,2,0,129,3,6,40,0,1,0,1,0,0,5,0,24,1,26,0,109,5,0,98,0,1,0,0,102,37,143,35,13,2,5,49,278,26,54,371,22.28542002073436,-10.427033430695577,-20.787699370931307,-3.620146141544848,-8.047659309959352,-11.272819890535445,6.437563101405514,0.5524834632009088,2.8482626349384246,0.2409029649595687,0.4562674094707521,0.5571065249708431,-1.0416622217966554,-0.8191637477067991,-1.2564068537942452,-0.7406521892560866,-2.2300185137126256,0.5049171310332996,0.3057883922321096,0.5414430070584135,1.2233290899061111,,-0.766912228604205,-1.1906148602094972,,,,,,0.4671052631578947,0.2249230769230769
MB-0437,90.5666666666667,False,False,True,82.17,15.0,2.0,1.0,1.0,1.0,0.0,1,15,0,2,4,1,3,6,28,99,77,4,22,0,38,1832,7,222,4,28,0,0,0,0,6,3,0,7,0,59,3,12,3,26,7,7,90,2350,19.70339985290462,-20.18118675734362,-9.549039813317306,,-24.511391646720767,-12.032738941245466,12.757881112561618,,21.488819219334545,0.0052127659574468,0.7542857142857143,0.037384280004194,-1.201111050857392,-1.1534450676189565,,-0.7462842254290969,-1.261711328876685,2.7178567712185013,,2.9922226494082804,0.1084856596012689,-0.4360081195313222,-0.7179912051081269,-0.46595437811236573,-0.9366681363849305,-0.4450724575158453,-0.2695379256714539,1.1882872107698264,-0.7245047580870834,0.1307642487046632,0.7405475880052151
MB-0438,135.166666666667,False,False,True,57.41,25.0,3.0,1.0,0.0,0.0,1.0,349,4,1,148,466,606,1,835,0,20,1,21,58,0,381,0,213,0,3,438,30,0,2498,155,10,2,0,477,38,199,196,82,497,1990,515,213,1018,2999,73.96405435421356,-54.529064679020564,-22.83821315008933,-26.884003535172237,-29.839340387222215,-16.898331047460776,11.945047467670339,13.717690951705878,13.68228012702828,0.18148672366495971,0.36867289874960774,0.8048979228389593,-1.2087969803008263,-1.0024558137172586,-1.3646490848805213,-0.9429929838397249,-1.6207988426052389,0.4212718185114254,0.5299124904580033,0.3834910535402473,0.9486992745651004,-1.8563468270617267,-1.6291189735833354,-1.3365615131118829,-1.1090031851909798,-0.8162340206658247,-0.10403114802257155,0.3383851035975119,1.1865831613339486,0.19488751556047346,0.24147010253534398
MB-0439,112.133333333333,False,False,True,50.32,15.0,2.0,0.0,1.0,1.0,0.0,0,0,0,0,0,0,0,1,8,555,7,84,10,0,155,15,25,0,0,54,0,0,0,0,0,0,0,8,0,34,1,0,0,1,8,25,89,834,20.80203100819225,,-6.314458963110159,,-23.48577677294051,-19.10051641311862,,,,0.005395683453237399,1.0,0.103322564163099,,-0.7220175647096655,,-0.8716904620195223,-1.5481827344514938,,,,0.0589759833276797,,-1.1513005577282278,,-0.8264755355344492,-1.2373937555403751,,,,0.0064359267734553,0.8349514563106796
MB-0440,100.833333333333,False,False,True,56.73,26.0,3.0,1.0,1.0,0.0,0.0,1,3,146,2,1,0,0,1,0,0,0,5,778,50,191,0,22,0,22,67,5,19,0,0,8,0,0,16,0,169,6,0,3,2,35,22,247,1203,17.654393426674066,,-3.50557316853793,,-24.47567692057348,-8.343528979541956,,,,0.021612635078969204,0.9389312977099235,0.1239242247420332,,-0.1937081077195957,,-0.6647528973960055,-0.7106855657719151,,,,0.3414800915484398,-0.0447207665685578,-0.972021939226246,-0.7251443594826138,-1.0964113408523617,-0.0868851409315434,-0.6406209280356976,-0.8648528024399305,0.3383092364708185,0.11851851851851848,0.6241947029348605
MB-0442,103.466666666667,True,True,True,71.58,17.0,2.0,1.0,1.0,0.0,0.0,1,23,3,2,18,16,0,5,14,341,24,123,679,3122,201,16,250,2,923,492,33,3,0,10,121,0,1,158,1,931,118,0,3,39,162,250,1584,5593,50.57833649186093,-11.335633237677637,-27.86779684600628,,-56.00659428448587,-29.173849462103192,10.45824899867472,,10.525106570991829,0.012562819100242185,0.8237610444180208,0.2398348448696526,-0.8395429618485954,-0.9452018851982272,,-0.8552242753709502,-1.1458087130267824,1.8367465796215472,,1.270836868613612,0.25952057404910317,-0.4410577115492826,-1.1992614337758267,-0.2283221001806109,-1.443475268130336,-0.9149987457498553,0.8400548541819145,0.543193850769526,0.8360425302226433,0.04772624790692277,0.6795178137940807
MB-0443,45.0333333333333,False,False,True,61.67,26.0,2.0,0.0,1.0,1.0,0.0,3,0,0,4,40,10,0,49,507,52,67,37,32,8,141,125,93,0,1,232,8,0,0,0,0,0,0,58,0,25,4,1,7,100,58,93,269,970,20.48577207735057,-14.175157908039813,-7.103394390801752,-5.203855931920059,-10.770795432379789,-15.924287996387633,5.54068484755657,2.4658314703433484,6.56700618835185,0.0650773195876288,0.8002481389578163,0.2277269668176783,-0.6741446039104899,-0.4002847141305313,-1.0647104350873813,-0.2859273209140553,-0.8975828957307344,0.8911967885033734,0.9037381469415964,0.5460863037691008,0.1795057961152729,-0.3610538655883744,-0.23015300073112518,-0.3143618842102685,-0.5255449499372793,-0.856906787157509,-0.0331207966788717,0.025470687516118196,0.1884018541750564,0.1519088016967126,0.7952622673434857
MB-0445,132.533333333333,False,False,True,40.07,23.0,2.0,1.0,1.0,1.0,0.0,7,4,0,3,10,8,0,52,0,914,0,201,14,0,48,38,47,4,3,232,13,1,0,3,0,0,0,47,2,127,15,0,10,70,50,47,390,1226,50.35425989484164,-23.1272391273137,-13.350666112673972,-10.762087722506386,-49.09853980486796,-21.65914521402295,5.945171832840522,4.776399583653856,18.086239668955653,0.0212071778140293,0.7169811320754716,0.3855330540864256,-1.6979879315778128,-0.9488776766299414,-2.6609514282601165,-1.4054218247709165,-1.865405647785135,1.1745456620961383,1.608860768418521,1.2642983846156834,0.22445191199833567,-2.040325181503719,-1.342009410671545,,-1.3120930649577978,-2.013340439714939,1.756053565303757,,2.018967504640809,0.0312031484257871,0.5530839231547017
MB-0446,72.2666666666667,False,False,True,56.96,24.0,3.0,0.0,0.0,0.0,0.0,0,0,1208,2,0,22,0,0,0,0,0,1,0,0,2,0,11,2,0,2,0,187,0,0,1,0,2,2,330,3,5,2,2,24,519,11,10,1216,11.417772130817433,-3.440599050589546,-12.893733039978798,,-1.0689543819735334,-4.51546066085212,2.6158191224307483,,-1.1641922877398247,0.2561677631578947,0.7372724874703245,0.1026382740280899,-0.3051489790482445,-0.2412199822449395,,-0.1291652411139782,-0.5372167480133339,0.3752648700599219,,-1.1795110502715098,0.0713177482577455,-0.2975058776505948,-0.4658324931896092,-0.4222575812519605,,,0.7026455209823299,0.5327205195400176,,0.1075,0.7817418677859391
MB-0448,29.2333333333333,True,True,True,59.45,13.0,3.0,,1.0,1.0,0.0,0,1,157,2,20,2,15,16,0,32,1,6,17,0,20,150,254,0,0,209,12,10,0,0,0,0,0,31,0,81,35,2,2,55,41,254,337,384,40.560590138363786,-15.247421333116767,-3.9372759086011895,,-19.20211033298587,-23.370257138500733,4.081377820592165,,1.2438566194501794,0.0319010416666666,0.48605577689243024,1.04988449403731,-2.9382465791571737,-0.4655566099583326,,-0.8438743574654805,-1.6570318928992795,0.860427106962601,,0.114133953180103,0.7963914634068879,0.0676673482502398,-0.9600679055328852,-0.5684515050593831,-0.5010884213942872,-1.8620173768698849,-0.6355282717977242,-0.3414165244787223,-0.7959267553792735,0.2146974063400576,0.6080357142857142
MB-0449,112.566666666667,False,False,True,54.38,35.0,1.0,1.0,1.0,1.0,0.0,0,1,388,0,0,0,0,4,1,0,1,478,46,0,172,5,35,41,9,95,0,3,0,0,0,2,0,34,0,183,1,1,0,5,37,35,279,1144,37.97059727528752,-4.148079938311385,-16.02565221362676,,-40.689647075647954,-23.503609219902398,3.979117758724407,,3.2130427220276707,0.0096153846153846,0.8625,0.2442274260924243,-0.821418673144041,-1.1515968994287575,,-1.0245752040967262,-2.5741880291269807,1.552861657554132,,0.9235169141959275,0.2193290706006296,-0.4131242256908423,-0.974755898377594,-0.492494151679431,-1.6697510045145842,-0.8895400224534835,1.1588009837049509,1.8537792591489561,-0.4604804700400109,0.0351357267950963,0.772795216741405
MB-0451,50.0666666666667,False,False,True,63.2,16.0,1.0,0.0,1.0,0.0,0.0,5,23,2,12,8,2,0,18,0,29,0,34,27,0,11,0,181,0,2,403,12,0,0,0,0,0,0,17,0,36,7,0,17,28,17,181,458,128,42.56607005906349,-4.700278828036987,-5.097061829453997,-4.108767391543686,-23.356586208856818,-12.04485960703796,4.4551440741976345,4.820171391461991,-0.3078025768763934,0.0146484375,0.23595505617977522,2.232483801545728,-1.438647714461489,-3.628190334615213,-1.8304291882337205,-1.5910113582193468,-1.4790280603229962,1.3366553806339152,1.4869551959045535,-0.0279075872358296,2.0473057147783567,-3.2887276795145657,-1.6021321905436439,-4.152589069287126,-0.6587913225313129,-2.0022250517145936,0.3361109020296868,0.8019549343150142,-0.0858081245933176,0.0455508474576271,0.24031007751937983
MB-0453,43.1333333333333,True,True,True,61.11,100.0,3.0,2.0,0.0,0.0,0.0,0,0,49,0,16,50,0,29,0,160,4,294,100,0,205,13,77,0,18,54,1,1,7,2,2,0,1,141,1,349,41,0,0,95,143,77,447,853,35.27817089016424,-13.13146947948561,-20.0672667987389,,-24.051640764473827,-15.034861046470038,6.799562154739986,,6.137005975823949,0.0656506447831184,0.6481042654028435,0.4944051910412935,-0.8753837335179866,-1.1811923838061444,,-0.6915917311080189,-1.1353746031037244,0.7565403626223659,,0.4454605662968049,0.46177378531817564,-0.6721513676743267,-1.0001832904167385,-0.8685645527681283,-0.8090644951892473,-0.2897616165084929,0.1711196184889413,-0.1541866987671903,0.4038261073222195,0.1383981154299175,0.5291647223518432
MB-0454,46.8333333333333,True,False,True,90.02,20.0,2.0,0.0,1.0,1.0,0.0,0,3,2,0,0,2,29,0,2,18,1,3,2,2,14,984,186,85,1,0,0,1,0,0,1,17,0,1,0,58,1,66,0,97,2,186,59,1135,50.66793292986675,-33.20129647180911,,,-26.4167877864734,-56.56738158541417,,,14.974455719414456,0.012004405286343603,0.608955223880597,0.3270505640952356,-1.820310577161517,,,-2.1266773057473523,-4.106343911038243,,,1.7705871509857798,1.5220330718324817,-0.5610997722338453,-1.5415524795657602,-0.1648558424926896,-3.8157461923167446,-1.6522257276258343,-1.2780347401974377,0.11444322335772769,-3.3885339790917985,0.4101711026615969,0.24235065565808642
MB-0455,99.3333333333333,False,False,True,56.84,18.0,2.0,0.0,1.0,1.0,0.0,611,1,0,89,169,163,0,702,0,3,0,0,13,2,10,0,60,0,0,53,7,0,0,37,16,2,0,145,24,85,192,141,700,1175,169,60,374,47,25.960369382179845,-8.106428792359399,3.289242577852252,-2.780305275707249,-1.171139175421578,-2.518080868380804,1.9056803337437185,-12.088357459380342,-1.646678854844533,0.6037234042553191,0.0313368713671973,3.512326567069423,-0.8017395535184181,0.679546048675048,-0.3733852746275557,-0.2111821455844524,-1.5058909297299572,0.0754485893672432,-0.2517366759013305,-0.0509740032284207,2.6057210608879537,-1.6780719051126376,1.1460782594879446,-0.7799600577846186,-0.8639384504239713,2.1869489725529743,-0.3848780857690682,-0.693131276354056,0.0674383790519753,0.6944444444444444,0.0049664037394098
MB-0458,134.5,False,False,True,49.28,50.0,2.0,1.0,1.0,1.0,0.0,1,0,1,1,22,4,0,25,4,101,0,65,43,6,78,81,104,0,5,160,1,0,0,0,1,0,0,29,0,59,51,0,2,51,29,104,271,385,14.78342369126961,-5.345350996500756,-3.781649899757305,,-7.8628580077220915,-10.628893827508216,2.1956495235127598,,2.8184017422339727,0.059090909090909,0.842809364548495,0.4457251766893729,-0.5231895996113043,-0.4930210283257435,,-0.2946368633693244,-0.7463852387778936,0.5990573306069428,,0.2427435303489346,0.5838581124294863,-0.3031573094419906,-0.4850288972157429,-0.2823734126406924,-0.2959503233550324,-0.6813160982452914,-0.0732790535263173,0.1379123452639699,-0.0548484769956198,0.20278776978417257,0.6
MB-0459,35.6,True,False,True,85.09,34.0,3.0,1.0,1.0,0.0,0.0,0,1,40,0,1,13,1,4,0,178,0,24,7,0,21,1161,64,1,1,9,4,0,0,25,0,2,0,77,46,83,67,3,0,22,123,64,188,1436,28.983653320639263,-12.95298782733538,-19.226942201264706,,-20.78195234216905,-20.961179489817336,7.601167749994235,,6.4729788501371806,0.0415215877437325,0.7879616963064295,0.16432339419221217,-1.2387405473696949,-0.7611356498286461,,-0.5747036490419418,-1.364844537736872,1.545322735813187,,1.1657607268723915,1.2394137687617697,-0.6682387602729613,-0.7978749840382285,-0.6720022797520088,-0.8223902504188838,-0.8447371440606841,-1.537555580684009,-0.2505180903779977,-0.4158997223057727,0.4942196531791907,0.22647503782148262
MB-0460,114.0,True,True,True,81.44,22.0,2.0,0.0,1.0,1.0,0.0,2,5,0,19,5,0,4,17,0,2068,1,136,34,0,119,2,165,3,2,983,57,0,0,0,0,0,0,16,0,557,14,2,21,28,16,165,1611,2370,37.29543130126932,-5.066276930295752,-5.588778723362522,-1.172401799040222,-38.23547391880904,-17.74717236971245,-0.9726475776781616,-0.0053319212012815,4.263761990634772,0.010065391180700064,0.9607217183847406,0.39358749964096884,-0.6988172474313591,-0.7354337579025901,-0.1169983791890744,-0.5654987940958512,-1.1338403673793789,-0.8836208162856712,-0.0036022366801955,0.4967807262573151,0.186400750869579,-0.325170512376046,-0.7674825690246999,-2.538360786726539,-0.7562471495357734,-1.2089503721520127,0.2336168589987023,,-0.0591963867474353,0.024936640317050663,0.8012697097618391
MB-0462,132.766666666667,False,False,True,60.5,16.0,3.0,0.0,0.0,0.0,1.0,87,0,0,4,29,80,0,77,0,0,0,0,13,0,27,1,97,0,1,25,4,2,110,9,13,0,4,53,15,34,50,14,91,200,70,97,122,169,31.36138722697015,-14.707608013789681,-7.095636111862478,-9.531987518157624,-10.960423805585458,-13.378621063598837,2.3605415528777858,2.5920386637996287,2.2484739436437176,0.21079881656804728,0.2447954055994257,1.5928371132779409,-1.1225519370595458,-1.0069496726781864,-1.2535680693477005,-1.280475618125873,-2.2443560904226496,0.2084738527371616,0.2106984690652436,0.1462724204049836,2.5348176781039307,-2.487398769973721,-1.131479736122165,-0.6181446658862526,-0.8549930167569998,-0.8614591663615125,-0.7297588404022762,-0.5822576375944624,-0.49978212014731177,0.2927215189873418,0.0850159404888416
MB-0463,120.566666666667,True,True,True,60.48,21.0,2.0,0.0,1.0,1.0,0.0,8,0,31,3,42,20,0,65,0,627,1,33,23,1,51,225,37,1,0,118,0,1,0,4,3,0,0,112,0,449,57,0,11,127,113,37,628,996,48.55349126083405,-20.450210381352026,-20.826863496376216,-6.7211714621953735,-36.49648061345931,-13.05644460988312,13.416915943675685,2.3841839460339616,6.1704255813159214,0.0429216867469879,0.5139056831922612,0.5881627885847032,-1.491586914199754,-1.4273611336621053,-1.4587411687361604,-0.869204432286133,-1.8903845963216344,1.3363641223313325,0.8737822837965802,0.3371564825019374,0.3343020290605069,-0.2567216469964636,-1.235679643473785,-1.681574201018945,-1.060174049059893,-0.9588601803853662,-0.1204945278851072,0.4577419502330821,-0.19885365467400562,0.1183149405772495,0.7103524229074891
MB-0464,39.3,True,True,True,58.98,13.0,3.0,3.0,0.0,0.0,0.0,0,0,279,0,0,0,0,0,0,2,0,14,5,0,14,1,6,26,9,14,0,469,11,0,0,0,1,0,1,1,2,0,0,0,470,6,17,362,46.54734093369861,,-49.65480087264515,,-2.026350288840368,-5.157175881059497,,,,0.1101519337016574,0.1692963752665245,1.0144285841483542,,-2.221212564300929,,-0.3187769577607902,-2.286881147788161,,,,0.2722658585696674,-0.1498872482057672,-0.5791068050478587,-1.1244331766885771,,-0.9219886164370594,0.2446850959549016,-0.1243281350022014,,0.0622783687943262,0.7706855791962175
MB-0465,28.6,True,True,True,87.18,26.0,3.0,1.0,1.0,0.0,1.0,0,0,15,0,6,13,0,5,0,0,0,3,5,0,5,1,25,0,0,19,1,0,1723,0,2,0,0,43,0,267,9,0,0,24,43,25,296,1754,42.429318919342855,-12.494347715714971,-20.486063667052697,,-50.15991543697272,-17.472807442888982,7.42733307154226,,9.830494419065834,0.0123289623717217,0.7832699619771863,0.1919848563042716,-0.8980351922306499,-1.4803337613503766,,-1.4495563851411577,-1.8204539223323308,1.957355662591506,,1.3610316773482172,0.1784265888178948,-0.2074682337809849,-1.364186601632234,-0.4030611005895402,-1.5257523964802486,-0.3488069374653786,-0.1932805515600032,1.6767147130643918,-0.0268770215501771,0.0757598784194528,0.703030303030303
MB-0467,105.6,True,True,True,58.35,13.0,3.0,0.0,0.0,0.0,1.0,0,0,257,43,5,32,0,1,0,0,0,9,14,0,94,6,54,8,5,14,1,0,455,3,0,0,0,31,3,162,34,2,43,40,34,54,214,848,37.37146457475036,-12.859780954008835,-13.867098790826972,-19.627159078832584,-28.902246169639593,-23.87097672703702,12.206238888117008,3.222752136992773,4.87183116724877,0.0387676886792452,0.6177685950413223,0.3314421569302343,-0.912911104380197,-1.229895500833894,-1.7286008106431925,-1.0050745337750575,-2.655351828612554,2.170440341701726,0.8386497342956976,0.6106626427174225,0.2135539059051579,-1.5085054835818497,-1.2963464474463309,-1.4635243732711802,-1.2085103996457207,-2.206755625151876,1.3107430426568123,1.2584251525812042,1.9117540075275583,0.0440876656472986,0.5803571428571429
MB-0469,131.266666666667,False,False,True,67.94,39.0,3.0,1.0,1.0,1.0,0.0,48,2,1,0,71,25,0,156,5,16,0,58,47,10,235,618,44,1,12,98,4,0,0,6,3,1,0,88,1,46,32,4,48,256,89,44,186,1009,32.50547546748704,-26.14986753012391,-12.697992462239217,-13.245060178125904,-21.4568175765169,-14.148139835329124,9.472716690504235,7.442369273253985,9.827006528551545,0.125619425173439,0.5808383233532934,0.3610759480145106,-0.933750055674461,-0.708882876717697,-1.1688739163770985,-0.8308689737603693,-1.414282631187102,0.7843496392108181,0.935556067308777,0.6187714619713613,0.7153650751193172,-0.7343544584690108,-0.8146010349679398,-0.8558848159852627,-1.4037726731830296,-0.7078861623092986,-0.1777442022527909,0.1113184994097448,0.0349184162032282,0.3294141914191419,0.383651673855001
MB-0470,88.2333333333333,False,False,True,61.78,15.0,1.0,0.0,0.0,0.0,0.0,68,3,1,1,21,8,2,49,216,49,63,50,34,0,45,5,139,2,5,192,0,2,0,0,0,0,0,25,0,189,18,0,69,80,27,139,399,473,31.14815364086564,-12.855581041734084,-9.60981930513743,-18.580388877040004,-20.782331007912152,-7.77397036584192,6.220087815704373,8.901145897789378,1.851073972490384,0.0359408033826638,0.3173996175908222,0.7844385923708243,-1.3935547256340932,-2.232953066595933,-2.7620901883218223,-0.7931834946376599,-0.47744834879651954,1.1831955251671236,1.1689585708013983,0.1454522180411405,0.6133256668158724,-2.181762339180702,-1.217230716220669,-4.15133118212514,-0.7870065859914633,-2.3849107288171445,0.546101255031531,1.3130336393623143,-0.1770442172934889,0.0365546218487395,0.24719101123595502
MB-0474,111.1,True,True,True,54.29,80.0,3.0,1.0,1.0,1.0,0.0,10,2,746,9,23,31,0,94,3,26,4,34,43,1,197,50,63,0,9,71,2,16,7,3,10,0,14,98,8,176,28,6,19,154,122,63,280,1146,31.688454948395503,-22.247005585386553,-10.366458187039454,-10.301421186191535,-20.24548760536865,-12.430004784211624,4.050623907902924,8.374733241350295,5.131103376295958,0.1007853403141361,0.6990033222591362,0.2647875488411093,-0.8757150855861148,-0.4212724914447018,-1.3208128541390534,-0.5451111846077883,-0.6991172582858705,0.4675212347307819,1.4851062638890895,0.3999219101131454,0.4162088268244485,-0.7441994892856293,-0.7897358957136057,-0.1566402806105551,-0.7622582304825031,-0.33013579361842343,0.0688709256168781,0.1563210512053997,-0.0528015273325441,0.2291196388261851,0.5354691075514875
MB-0475,130.7,False,False,True,54.15,20.0,3.0,0.0,1.0,1.0,0.0,1,2,0,3,17,17,0,6,3,1171,58,118,6,1,27,17,9,9,2,38,1,1,0,0,0,0,0,26,0,108,115,0,4,40,27,9,262,1414,20.096627627658666,-11.993021354708562,-10.176402611089525,,-21.58661268419669,-6.118095677181927,4.913481172481297,,9.31277813030334,0.022984441301272897,0.8801089918256131,0.1114140712323469,-0.6581960403888074,-0.7003296545627036,,-0.499389704463525,-0.8055096962336911,1.4595318092717964,,1.1135148843437648,0.0499629333793343,-0.6069948789872028,-0.7812578856551554,-0.8910397549178242,-0.7133999239313082,-0.38236652211612215,1.6492333672291744,2.5145731728297585,0.918412465503738,0.0249532127261384,0.7775590551181102
MB-0476,130.433333333333,False,False,True,54.62,25.0,3.0,0.0,1.0,0.0,0.0,35,5,30,110,43,21,4,113,0,0,0,0,20,0,2,0,103,2,1,83,3,0,0,5,3,21,0,73,9,119,98,357,145,538,82,103,308,84,26.255665032966515,-6.884938116646836,-3.5315345371154647,-6.30276764956731,-8.133047483847644,-0.0028040269379731,-5.786303241720391,-7.772623156984311,-12.962765396697176,0.3839285714285714,0.1072075335023542,2.590359863309019,-0.49260051203481575,-0.8561271164675966,-1.3768460140163203,-0.9406888040585841,-0.0004438378871766,-0.3952188834614749,-0.41706749990533853,-0.4991175899462999,4.395928676331139,-2.746939733083548,-0.6798586207888937,-0.1544535926798726,-0.9274224287398712,-2.6207167293211127,-0.3854359854625151,-0.3263964668312231,-0.2856981259581249,0.3189655172413793,0.0275403608736942
MB-0479,132.766666666667,False,False,True,33.83,22.0,3.0,0.0,0.0,0.0,1.0,6,0,41,12,9,13,0,41,0,1,0,0,10,0,3,0,30,1,0,39,1,5,163,3,1,0,0,72,1,277,28,1,18,64,78,30,348,220,38.48306489098198,-9.411625031882874,-9.610258930572332,-5.697422183286264,-27.517267071811727,-9.743891287551811,1.7560638071793584,2.4173356585236347,4.559823090887558,0.075,0.4402985074626865,1.350013567335611,-1.2566798196855975,-1.1772392759971448,-1.918092615835201,-1.40076816769738,-3.211790976252541,0.2537453446671673,0.6523343436990295,0.2845983287996751,1.4157965128651469,-0.6414146588290179,-0.9585608780599285,0.4748026441371575,-1.765910869378088,-0.8327531944917395,0.1294899400397226,-0.0053999877425898,0.0492231730322745,0.2042151162790697,0.399276236429433
MB-0481,36.4,True,True,True,54.22,19.0,3.0,0.0,0.0,0.0,0.0,0,28,6,0,0,0,0,0,1,0,0,0,282,547,1,0,1,0,45,16,1,14,0,0,2,0,4,0,0,30,21,0,0,0,14,1,68,916,8.46459335811955,,-13.350153365460327,,-7.725056432834252,,,,,0.005867903930131,0.6419753086419753,0.029486963625106,,-1.1371941648893331,,-0.2458519563898615,,,,,1.2077436491162796,-0.1164857424808517,0.2488891885820151,-0.7441610955704102,-0.2747217058193713,0.4694297960974715,-0.2251275638365868,0.9380909024969628,-0.0215686995917542,0.1931818181818181,0.4154727793696275
MB-0482,24.8666666666667,True,True,True,39.53,16.0,3.0,1.0,0.0,0.0,1.0,298,25,2,2,151,145,0,213,2,0,0,2,78,12,42,0,82,0,3,270,15,2,189,27,34,0,2,308,4,117,62,4,300,513,314,82,491,391,43.997743475314685,-21.612746816898948,-10.910422671458637,-17.93489460128102,-12.346225052835711,-5.8300606899824015,7.226822925076701,6.559352405284769,-10.825555926584611,0.2330562659846547,0.1786995515695067,1.657410111410506,-1.2667719273512947,-0.7935899221547786,-1.9034810972350973,-0.6386976667784934,-0.8987051438247264,0.2970534262483331,0.2526805913855149,-0.3790165778182323,2.064526940191159,-1.4489383416786572,-1.2939179290391467,-2.47445881449794,-0.3079558209454435,-1.3483055337254457,-0.1626934322112364,-0.3354813207326161,-0.3509231702848027,0.2109375,0.1036808633648101
MB-0483,74.4666666666667,True,True,True,49.61,21.0,3.0,1.0,1.0,1.0,0.0,172,113,0,18,97,16,0,172,8,27,6,41,161,3,167,4,61,1,16,242,5,0,1,2,30,0,0,140,0,64,42,3,190,288,140,61,355,578,50.59307565040465,-25.51449168656369,-7.940441818786142,-24.32549970502148,-30.911193600685404,-6.579581695206808,6.866444732266589,8.302408591872894,8.100349089399927,0.1401384083044982,0.3217800599058622,1.087218807191727,-1.574337562839795,-0.5500585953513188,-2.2215021725049358,-1.587890002784225,-0.6966814742941471,0.4629968120708775,0.49137272811436206,0.3568884173485302,1.281003062861259,-1.7438111457514298,-0.7072041737740165,-2.1779593778095307,-0.8446534634805797,-2.708053433239107,-0.2617142638711076,0.3044416338181758,0.3336021833582828,0.205607476635514,0.24445102101213367
MB-0484,82.6333333333333,False,False,True,38.72,22.0,3.0,1.0,1.0,1.0,1.0,1,0,4,15,4,1,0,15,1,566,6,16,10,3,11,17,92,0,0,97,17,3,7,0,0,0,0,21,1,298,115,0,16,20,25,92,527,641,19.953005061879026,-6.570614649864371,-5.547105465618032,-8.035790793379949,-12.795853190756237,-16.31537615384829,0.2030281996443219,5.075957037463192,0.4852043996666487,0.0202808112324493,0.7619047619047619,0.3865613012421443,-1.0992541446123902,-0.7147303756914859,-1.700237928499405,-0.307935040064836,-1.240601672277837,0.1140352432460294,1.7393720918733013,0.0596848571791757,0.2365062697653385,-0.5004996057945168,-0.6554399025444451,-1.1377084374696016,-0.6607494112240451,-1.4046204411867884,-0.6514207770226391,-0.2524762141352174,0.0267464338470711,0.0440934065934065,0.858139534883721
MB-0485,36.7666666666667,True,True,True,60.78,50.0,3.0,2.0,1.0,0.0,0.0,93,11,45,16,76,46,0,85,16,75,7,19,213,39,243,81,64,3,41,70,0,0,0,3,26,1,1,121,1,54,63,9,109,216,122,64,190,821,33.305565232004696,-21.97023970950848,-14.202676072909517,-21.20842728509089,-11.851794476961937,-8.138067138338814,6.247093352430509,11.464620985335268,5.973467721720192,0.1476857490864799,0.5068235294117647,0.4559029949500769,-0.9234912329000541,-0.7491504849759805,-1.6505198571126407,-0.4926160858235889,-0.6306084613386916,0.5396482952085012,0.9329983661510302,0.40322779115417856,0.5714718211979167,-1.1060356331274654,-0.3424120213581594,-2.110431777500112,-0.19102936992310188,-0.7139462392565706,-0.0541643985799592,0.4108239179979206,-0.04912685747117539,0.18240343347639476,0.42934782608695654
MB-0486,89.9666666666667,False,False,True,57.57,32.0,3.0,0.0,1.0,1.0,0.0,0,1,145,0,4,3,36,30,0,4,0,17,146,13,68,460,488,24,2,77,1,5,4,0,9,5,0,56,0,228,15,38,0,111,61,488,321,898,69.14263804287202,-23.605211313262668,-7.39291634043998,,-34.84864546655538,-64.55656131688714,4.188340711464693,,21.195137010413355,0.026308463251670303,0.502,0.92142724009441,-2.6659641774829064,-0.5932524730648572,,-1.827027737371275,-5.142195573928765,0.7310756992229535,,1.2998729257090618,1.449116693414102,-0.0035074247969369,-0.9218019094147807,-1.065565869567188,-2.278012289897505,-1.3978756386623483,-1.6051518855826477,-0.9000935966408294,-1.9534323986420443,0.3233618233618233,0.3588117489986648
MB-0487,86.9,False,False,True,57.36,15.0,2.0,0.0,1.0,1.0,0.0,0,16,124,3,8,1,0,19,0,363,0,30,7,0,24,33,111,0,3,286,6,12,0,0,0,0,0,20,0,199,13,0,3,28,32,111,504,600,14.761254970477157,-2.814658899995529,0.4395534451490825,,-10.33578123246421,-7.164376181104111,0.9417247132019788,,-0.6878184980892484,0.0422916666666666,0.9288389513108617,0.2918338562690257,-0.2795901533674619,0.0422684728780639,,-0.2632870681268908,-0.3856196272460627,0.4227524644068492,,-0.0802312720192634,0.1822327803654959,-0.0177856421641093,-0.6387145613453088,,-0.5018726352170985,-0.9227273627888921,0.4898052676808161,,-0.5434958834257718,0.0773741418764302,0.8171355498721228
MB-0488,112.933333333333,False,False,True,50.64,25.0,1.0,0.0,1.0,1.0,0.0,1,3,7,0,2,1,0,2,0,123,0,69,64,2,547,103,164,2,7,95,4,0,23,2,0,1,0,19,0,247,20,0,1,5,19,164,368,951,34.44139668459744,-2.3789987351410264,-2.300871429732159,,-33.510330805764085,-24.09325664923505,5.634331599250598,,0.3239774127563062,0.0122239747634069,0.9302325581395348,0.3888656832081796,-0.4546544783754251,-0.2451488556203537,,-1.0402151803404034,-1.1147405717861312,1.9341979416042538,,0.10589116859073801,0.5792176572727942,-0.0930192331335447,-0.8295531429874851,-0.3502465709193725,-1.0804516376339304,-0.7272512614481368,-0.633114122906268,1.125751790102648,-1.7197177027283046,0.1420196671709531,0.6936370777690495
MB-0490,101.966666666667,False,False,True,81.9,30.0,2.0,3.0,1.0,1.0,0.0,0,54,11,0,0,0,1,5,33,104,848,56,748,5,2049,0,104,38,16,2245,2,1,0,0,0,0,0,0,0,166,3,0,0,6,1,104,2416,3962,61.04945406588012,0.253738796950457,,,-67.29988837898503,-13.21696197875203,,,0.1377818398980676,0.00120953321980741,1.0,0.4397772247150695,0.047779404543092,,,-1.043978452915703,-1.1417780677044875,,,0.0317986302116596,0.056838644239180704,,-0.48601966490044496,,-1.149807789725452,-0.7610447776340178,,,,0.017291608935992797,0.8782610891161432
MB-0491,125.8,False,False,True,43.4,30.0,2.0,0.0,1.0,1.0,0.0,1,18,410,2,2,2,0,8,0,52,1,167,75,0,148,1,32,5,21,44,1,2,1,0,5,0,2,28,1,659,30,5,3,17,31,32,734,906,15.77108126109979,-3.930259691446776,-2.3180270982683577,,-15.174405380729162,-11.557900364240115,0.8440233254179551,,2.1687249256027155,0.0242825607064017,0.9366515837104072,0.2570431016122326,-0.5277376320282061,-0.2088608110462166,,-0.3100415016690315,-1.6865472155876462,0.4131151871478153,,0.2664581868317033,0.2700695335916812,-0.5976678913945331,-0.4369078263986863,-0.1540710502414752,-0.5825130481290445,-0.8293760238506507,0.3025226957147691,0.2203900684253,0.5099201477004588,0.0784715525554484,0.8237837837837838
MB-0492,81.1333333333333,True,False,True,85.21,28.0,3.0,0.0,1.0,1.0,0.0,1,5,1,0,17,5,3,25,16,21,10,14,19,1,17,493,92,38,4,118,4,6,0,1,0,35,0,48,3,231,29,9,1,59,57,92,383,674,50.948092222070535,-14.950390200536708,-18.45275383127158,,-43.85017388877547,-20.534285286423287,6.446582876000953,,6.520423018915545,0.0176186943620178,0.5127272727272727,0.7436985492128334,-1.5982398179100743,-2.524737587012376,,-2.112128516576319,-1.6466494675511958,1.180403519246577,,0.528541314195487,1.1770533567725148,-0.2656782295691702,-1.7900401608211247,-0.2800247163875051,-2.2734841461893285,-0.9168587646997544,-1.743992201278378,0.886689805204382,-1.326935534362882,0.2525,0.3519163763066202
MB-0494,36.6333333333333,True,True,True,77.22,40.0,3.0,3.0,0.0,0.0,0.0,17,1,0,332,32,327,0,146,0,0,0,0,479,0,705,1,1,0,3,105,0,0,0,1,8,0,1,248,0,41,71,48,349,553,248,1,218,1198,48.11572312250382,-36.226441497795406,-20.112903607208203,-39.33963046583963,-6.216380350634338,,9.403198568095924,14.983034870816583,1.308210102973295,0.1537979966611018,0.3225456517808714,0.719182300219866,-1.2388431717237378,-0.9774018190718612,-2.355573199454257,-0.2545051678460581,,0.4876540481327431,0.556468432745548,0.0765567422053807,0.7788001131183347,-1.1481422787665196,-1.563460606732234,-1.46231196365954,-0.8076671599207187,-1.899415209753615,0.10766559010494181,0.325193980186325,0.43076532637969595,0.1602508650519031,0.3238880918220947
MB-0495,71.8,True,True,True,63.19,19.0,3.0,2.0,0.0,0.0,0.0,4,9,18,5,37,12,1,16,0,0,0,37,380,7,69,52,65,9,13,125,4,3,2,0,6,0,0,127,1,195,36,0,9,66,131,65,360,602,39.90250693002987,-16.489824406361123,-23.86429873730743,-7.312584287923787,-29.902750273605566,-16.039939190903123,12.833882455335797,1.186760127293277,5.414274733756208,0.0442275747508305,0.397341211225997,0.7317420720884305,-1.9219782211093792,-1.6645440096116757,-2.3605398616518096,-1.1118581447424711,-1.7034698924922431,1.3089317466110524,0.5603768624428831,0.4348056878050594,0.8010849664190276,-1.1008679829426702,-1.7499844022895183,-1.8641035846358949,-1.186695865767729,-1.5868329658861582,-0.3479639803386111,1.4474589769712212,0.790182271434175,0.0768551236749116,0.3543123543123543
MB-0501,71.5,False,False,True,48.93,21.0,3.0,0.0,1.0,1.0,0.0,3,0,3,2,6,8,0,2,36,117,142,115,22,2,349,1906,98,2,5,53,2,0,1,2,0,1,0,17,5,105,62,3,5,19,22,98,224,2701,21.50157959376254,-3.644943727682844,-7.741730214853118,-1.7648783836000508,-22.67229311085381,-18.98504294462976,2.416909330679048,1.6242935254791806,2.0974101940346226,0.0115697889670492,0.9662162162162162,0.054231369483661,-0.2263143320642905,-0.4327490252063365,-0.19102113238064541,-0.42607420530613627,-0.5417787561790464,1.1778817252706557,0.6838542577066435,0.6027446544055728,0.1859986575641721,-0.4160018902028737,-0.2748459155355666,-0.280368676898899,-0.2778171528360229,-0.34163625110168916,-0.8099288657214303,0.3902349803137384,-2.259957202304785,0.17463427377220483,0.7342319430315362
MB-0502,82.1,False,False,True,56.41,30.0,3.0,2.0,0.0,0.0,0.0,0,0,0,0,5,0,0,7,10,257,6,32,71,0,82,145,115,0,13,43,8,12,0,0,0,0,0,9,16,91,1,1,0,13,37,115,143,616,35.22749850956689,-10.277764785185147,-19.558980575372228,,-28.60132876614982,-33.5821732682916,-0.8649394780861143,,7.65141809183698,0.0081168831168831,0.320754716981132,0.4371222691675498,-1.9687490660155604,-2.8594105446463645,,-1.341768697248383,-2.158168399378832,-0.5849625007211562,,1.302552955801834,0.4510173857749121,-0.3737958285873125,-0.9295015469394976,-0.3867662133605151,-1.0891293896078158,-1.9512852949739072,0.3167847916114027,0.6249365938619905,0.0137327904897733,0.1403882575757575,0.6235849056603774
MB-0503,101.233333333333,False,False,True,60.77,23.0,2.0,0.0,1.0,1.0,0.0,0,0,0,1,18,3,0,13,0,128,2,37,3,0,52,43,81,0,0,76,14,0,0,1,0,0,0,30,0,13,10,0,1,34,30,81,114,265,29.61478579092451,-12.64291832397052,-8.353912606877643,,-23.512069685355083,-20.03066875711307,5.2824781632986335,,7.3969623365785795,0.0367924528301886,0.5882352941176471,0.7638566084037401,-1.970327795015949,-1.0446938690044287,,-1.590737560552567,-2.1564300940725394,1.0885188581628469,,0.8275328039952344,0.1873108693038883,-0.4023134438280686,-0.7905645782276296,-0.9163642368611364,,-0.9192606191916888,0.3681896133637642,0.437981503497927,,0.1625683060109289,0.608092485549133
MB-0504,130.466666666667,False,False,True,68.16,21.0,3.0,0.0,1.0,1.0,0.0,1,19,0,0,2,1,0,3,0,118,0,26,18,1,45,270,34,0,7,87,4,0,0,0,0,0,0,4,0,130,9,0,1,6,4,34,230,504,11.399319123632024,-0.3859974135958591,,,-9.986453552061144,-8.84178970685667,,,-0.7175679143249049,0.0133928571428571,0.984375,0.1865704010058636,-0.0656707789888682,,,-0.3037102674657201,-0.8282111049016264,,,-0.224863495376295,0.1661045286186603,-0.3026394371700938,-0.2939631967631225,-0.24063813026445777,-0.5253586491915748,-0.8292060409700309,-2.0714818648924096,-0.009586048829198,-1.3579887511313835,0.1362763915547025,0.7841981132075472
MB-0505,60.7,False,False,True,56.38,12.0,1.0,1.0,1.0,1.0,0.0,5,9,0,0,6,0,0,21,0,24,0,9,11,0,27,86,109,6,12,167,12,1,0,0,0,0,0,2,3,26,5,0,5,27,6,109,210,184,34.58472974525436,-7.469064311823699,-5.097089435064331,-4.305031562804486,-20.192526146418142,-17.360017371351375,1.3836608115355835,0.5076546796703363,4.841607559130531,0.015625,0.490566037735849,1.2532088472559713,-1.8136888557796549,-4.338780943894699,-2.5105400169375134,-1.3098835799444712,-1.9129148095645474,0.7072182507721542,0.2885050933499121,0.4723463631418541,1.31387356066693,0.1003527618395365,-1.4059283096396042,-3.998421188729135,-0.4802095193704374,-1.4403949991477552,-0.5524010652246427,-1.7832470973781165,-1.0572139391436648,0.2107438016528925,0.3652430044182621
MB-0508,114.333333333333,False,False,True,42.68,11.0,2.0,0.0,1.0,0.0,0.0,4,9,6,0,18,0,0,67,0,0,0,366,470,0,238,0,36,1,5,394,2,0,0,0,0,0,0,16,0,178,0,0,4,85,16,36,574,1095,29.677286447493817,-19.71093028826114,-8.328422432732198,,-26.026245810041075,-8.808222683683699,6.234148149097001,,12.41158194960245,0.0203196347031963,0.6828478964401294,0.35796298641714647,-1.4256207411683228,-1.2936811086092015,,-0.6495354425558266,-0.9213923848327584,1.6122698467168917,,0.746556725669813,0.2246428751438115,-1.2616597558575764,-0.6689867581043117,-0.8430905343969435,-0.8227120158988784,-0.8709400387744521,1.084264489422302,2.439285045525521,0.641427223799601,0.0610604606525911,0.7372421281216069
MB-0510,128.4,False,False,True,71.84,60.0,3.0,1.0,1.0,1.0,0.0,1,0,5,0,5,12,0,11,13,13,0,29,85,84,214,553,12,0,16,90,4,0,3,0,7,2,0,69,1,89,53,0,1,28,70,12,236,1024,8.97398441600093,-4.697820935591315,-4.721564692706894,,-8.596921951517954,-0.847697319195298,3.3276852736109124,,2.084174797127208,0.0579833984375,0.8920187793427231,0.0803781901908088,-0.3481348467856122,-0.2017090700861741,,-0.2332419118406336,-0.0887678572062525,0.8751628880862256,,0.39399950950805657,0.1658609902175937,-0.4693663213846445,-0.4017167716292948,-0.4469178648660257,-0.3125009603613711,-0.24444489544481604,-0.640330731770579,-0.3238504070183908,-0.759155833800272,0.1980835240274599,0.6876606683804627
MB-0511,61.7,False,False,True,59.84,31.0,2.0,0.0,1.0,1.0,0.0,5,42,286,0,1,0,0,5,122,7,32,24,23,1,60,0,74,0,4,156,9,3,0,0,0,0,0,3,0,104,0,0,5,6,6,74,269,601,19.365652194860008,-5.071359586533646,-2.466304812424477,-7.081581461792275,-15.067744568843343,-15.025322065360625,-0.5507236005778381,7.910715231104331,2.316000682873712,0.0062396006655574,0.7924528301886793,0.2923725422670204,-1.2722223050700443,-0.5133896775968414,-2.5897634869849777,-0.4494039386468663,-1.0064909867377063,-0.3673710656485295,1.9885043611621709,0.6007742078790622,0.2367567311857012,-2.3107367014661317,-0.6210093697824686,-0.485587833257222,-0.6977068298022379,-0.9266320408162564,2.062237132127939,1.4150374992788437,1.2234976110214408,0.0221417069243156,0.859375
MB-0512,121.533333333333,False,False,True,56.74,24.0,1.0,0.0,1.0,1.0,0.0,4,1,2,0,2,0,0,19,0,419,0,76,55,1,28,47,103,0,4,296,24,0,0,0,0,0,0,4,0,451,14,0,4,21,4,103,785,633,39.34014549333136,-6.337817172741274,,,-34.114926735702994,-13.070885882378644,,,1.4542001154888997,0.0051342812006319,0.8,0.7784112925210085,-1.1291914143517812,,,-0.7845089271879455,-1.161775216381731,,,0.1546526718589993,0.6993192556640638,-0.5437708134010465,-0.9730314316916026,-1.1291693025095888,-0.978420678856028,-1.524235867698893,-0.2071119612077134,0.6457359229929475,-0.1944653316379966,0.0372180451127819,0.7303664921465969
MB-0513,117.033333333333,False,False,True,73.39,32.0,2.0,1.0,1.0,1.0,0.0,0,0,0,1,0,24,2,0,0,0,0,0,4,3,47,0,140,1,1,1,0,3,0,1,3,1963,3,1,0,20,15,253,1,279,4,140,37,2025,35.022921920802645,-28.130648869078275,,,-16.803685952971758,-34.02298199438271,,,10.098384897248009,0.0758024691358024,0.8066980023501763,0.12453706413698029,-0.5637524747632778,,,-0.9754263841303076,-1.127978478857973,,,1.2932052110008634,0.2718852353893438,-0.1614344824653772,-1.2152131957321424,-0.6119633952017274,,-0.3130031529822794,-0.3594274615489362,-0.076185278725091,,0.1552954847277556,0.5996038483305037
MB-0519,110.966666666667,False,False,True,61.99,65.0,3.0,3.0,1.0,0.0,0.0,41,1,0,46,79,36,0,43,29,36,1,16,33,7,176,493,80,1,5,128,1,1,0,5,2,1,0,76,0,45,49,3,87,161,77,80,228,801,41.76853672749996,-25.214960982903765,-16.143073936938624,-20.51685143928528,-19.976828724588888,-20.363325230193617,9.109813529835662,13.093113240910677,9.288376122970428,0.0809925093632958,0.4541284403669725,0.5391167640645086,-1.4741082132693422,-1.2052607961046409,-1.7600339988544171,-0.8572326392406828,-1.7107370173944683,0.9695951241290456,1.225244161820014,0.6523884062917418,0.5355247942866775,-0.6767450508220811,-1.1264830934179155,-1.853124140426696,-0.8028034295091921,-1.4271935615847815,-0.0808200649934956,0.3646947765727877,-0.11877951449058148,0.2337289433384379,0.4642737336464274
MB-0521,180.0,False,False,True,52.2,30.0,2.0,1.0,1.0,1.0,0.0,19,565,3,39,24,1,0,130,0,0,1,6,118,0,35,0,126,8,1,167,2,1,0,0,6,0,0,32,0,120,26,0,58,155,33,126,315,743,37.44400571538453,-21.609992623080032,-6.876207215948767,-9.051557440201464,-31.32543545646209,-17.57113055506012,5.887355833171092,2.658079758013216,11.496873639201459,0.0831090174966352,0.5735140771637122,0.5546477807535962,-1.3090831114650634,-0.7456421595517707,-0.7140667216596971,-1.0935689433810984,-1.1718619221078337,0.9380078462657789,0.43003536620398425,0.5931373060616749,0.7025949165749357,-0.9614755560890657,-1.2424266211325554,-2.1901500295063463,-0.9363077921150949,-1.463377090710101,0.6597802961112836,0.0032825839893015,-0.2829510001931146,0.0812992125984252,0.5531914893617021
MB-0525,65.8666666666667,False,False,True,48.47,25.0,3.0,0.0,0.0,0.0,0.0,4,144,32,12,36,18,1,30,0,0,0,2,107,0,69,0,28,0,8,107,6,22,0,0,10,0,5,141,6,426,28,3,16,88,169,28,567,377,15.595307544849645,-5.696116501201244,-8.111292637774968,-3.185394566304154,-10.23903659917947,-3.669903898752298,4.87177193748303,-0.0662923689237465,-0.7573813995837426,0.153183023872679,0.565359477124183,0.5839800225148617,-0.5207254359238698,-0.5175462190615208,-0.7838595630234242,-0.3014811454262058,-0.5617296052915193,0.5392408496003972,-0.0298544039885792,-0.0460527169267833,1.0754020913192828,-0.7559476178334491,-0.606323595646671,-0.4661376560704315,-0.3431973920069472,-0.5631038825304634,-0.204789050888394,0.6780719051126377,-0.1893537242488736,0.3832644628099173,0.284375
MB-0526,139.633333333333,True,False,True,72.18,15.0,3.0,0.0,1.0,1.0,0.0,0,0,1,0,2,2,0,4,0,0,0,110,306,34,1294,0,24,0,52,69,2,0,0,1,20,0,0,46,0,30,25,1,0,9,46,24,127,1817,13.79432034369484,-5.436492372213411,-8.67954103050729,,-15.957431546466196,-6.755463968413097,3.1950928397246146,,8.316202166758949,0.0208447991194276,0.93646408839779,0.0373761639001782,-0.4958957737682271,-0.3315668559772561,,-0.3883043602721369,-0.3375882327593038,1.3584539709124763,,2.00602378762777,0.0122926640963305,,-0.3520448200959306,,-0.4205640048141227,,,,,0.0224160206718346,0.8835616438356164
MB-0527,109.833333333333,True,False,True,73.22,19.0,2.0,1.0,1.0,1.0,0.0,1,0,2,1,9,3,0,4,26,7,365,761,129,1,391,6,41,0,3,162,2,0,0,0,8,0,0,275,0,87,7,0,2,16,275,41,258,1699,23.880357337426585,-4.350553551748551,-21.673107712382205,,-18.08845548632477,-7.854616710598395,5.1188149717190505,,2.381535232436354,0.0868157739846968,0.7932263814616756,0.1357967351960292,-0.3741206895514281,-0.5230109890440686,,-0.429029930250179,-0.478012795912861,1.0471627520831497,,0.6129768768907526,0.0775337465489044,-0.6312938238548035,-0.47601040182589666,-0.7121066069097879,-0.4005799655401103,-0.2559147971049481,0.8719999489385066,1.217591435072627,1.3666979650073847,0.0802603036876355,0.7941690962099125
MB-0528,180.0,False,False,True,53.64,26.0,3.0,1.0,1.0,0.0,0.0,130,47,1,5,94,60,0,128,0,15,9,58,162,18,82,30,94,12,2,263,8,3,0,1,50,4,0,111,6,97,33,12,135,294,120,94,402,490,36.27559398015042,-16.475236588077717,-10.887279554061717,-17.582653439808816,-17.39571820082661,-13.67542549194341,7.481077910342158,8.142313907881672,-0.8424934756180167,0.1658163265306122,0.3369813041495668,1.0583158019876049,-0.9352603462685937,-0.9347969905615698,-1.9569949437395484,-0.794434215295943,-1.5480991126952306,0.512405336147048,0.5982548951798354,-0.0385271348835902,1.7589534120356427,-0.2090983625039461,-0.5119418637226285,-2.676702627411931,0.1216320332192445,-1.9929078417987365,-0.3287597548967484,-0.7913675776190174,-0.0806201834454792,0.4703757225433526,0.1617795753286147
MB-0529,48.5333333333333,True,True,True,67.46,25.0,2.0,2.0,1.0,1.0,0.0,1,70,0,0,4,0,0,47,16,4,1,41,129,22,128,88,80,0,6,301,10,0,3,0,2,0,0,12,0,197,10,0,1,51,12,80,518,510,36.96879510985403,-9.206611201421785,-4.03820847694254,,-35.782018107868474,-11.558378094118677,-0.7207355029028312,,6.564368092461456,0.0240196078431372,0.8266666666666667,0.77959561755639,-1.0887705747576428,-0.828721837563483,,-1.12088581542475,-1.1154998655159625,-0.5147534984397534,,0.4564429085478771,0.705473967386761,-0.7288275247225292,-1.104010432194389,-0.398922439037944,-1.0073333596388765,-1.397708560093054,-0.1046721312825623,0.5716278622195458,0.3520405280980311,0.0585762331838565,0.7198879551820728
MB-0532,143.133333333333,True,True,True,59.07,35.0,3.0,1.0,1.0,1.0,0.0,2,12,0,0,23,3,0,46,1,0,0,7,502,199,249,0,34,0,131,305,2,0,0,1,17,0,0,66,0,113,37,0,2,72,66,34,458,1118,31.132972295434243,-15.369078160735596,-9.79374639589629,,-25.90989416384821,-14.162130327408898,2.512791871212449,,10.645272265202006,0.0446109123434704,0.8424778761061947,0.2955884816606333,-0.9302969524614014,-0.602087817932955,,-0.6090788826722032,-1.4163955624016578,0.5698556083309478,,0.7513454402607685,0.3099961122750796,-0.9830055795958156,-0.4906047034060365,,-0.6841014717969042,-1.4399299525104352,0.0548009344196855,,0.6878044819003001,0.054145728643216,0.7865853658536586
MB-0534,124.1,False,False,True,51.56,17.0,3.0,1.0,1.0,1.0,0.0,126,0,1,25,51,19,0,107,0,0,1,0,9,2,4,3,175,0,0,252,4,5,0,0,3,1,0,70,0,59,17,4,151,181,75,175,332,24,35.08974540027685,-4.528363331145496,-1.4159103927949008,-4.861328143273122,-2.444592804125579,-2.9427797751766254,3.8657817110017114,11.875970958848216,-10.503813329682176,0.16666666666666663,0.0282227307398932,4.060898824943945,-1.3835619978164162,-0.518341449642977,-1.8585778489073967,-0.3434755052065496,-0.8342392731276083,0.3611671544871946,0.6795815684197696,-0.5708262936717482,4.269572689826226,-2.624247145836196,0.1880723481525716,-4.615004241635032,0.4025880124453497,-2.218559776693189,-0.20835654689839864,0.08275827772466579,-1.1220448269463483,0.15625,0.0147965474722564
MB-0535,180.0,False,False,True,46.66,12.0,2.0,0.0,1.0,1.0,0.0,29,39,16,1,24,1,1,74,0,322,0,125,117,12,119,70,232,0,16,303,15,2,9,0,1,0,0,36,0,226,49,0,30,100,38,232,593,846,56.42643329487243,-21.6193832973786,-13.730205304175865,-12.251187369644391,-40.602377953409615,-31.50824670196629,9.99588242875117,9.852801924075669,12.458946649481971,0.0171394799054373,0.3317191283292978,0.8496884149706483,-2.432942281164948,-2.1607230264604715,-2.2856867460381807,-1.2931062785377037,-2.141045081460541,1.5688227980659033,1.671623065967334,0.6927056228427081,0.7787823893511637,-3.205834356206206,-1.2335313935616117,-2.0832984804899954,-1.3341537760652995,-1.519143888431131,0.7695934892017032,1.273938151952529,0.39881580784522747,0.0335956416464891,0.3472987872105843
MB-0536,147.366666666667,True,False,True,67.88,20.0,3.0,0.0,1.0,0.0,0.0,1,3,0,0,8,0,0,3,191,18,66,178,346,78,241,11,87,0,25,135,16,0,0,0,1,1,0,14,0,81,10,0,1,11,14,87,242,1159,14.455093871185564,-1.4368898114259048,-3.326382299430805,,-12.086801977860064,-14.161688359150313,2.1607431470589225,,0.4426982703344136,0.0134814495254529,0.9490445859872612,0.1022795032163578,-0.1343148315989335,-0.284736205905484,,-0.2840305205148579,-0.655448500503025,1.0144995696951151,,0.1299093225944334,0.1121755212157521,,-0.3903833970854561,,-0.39062431726711766,-1.2896456338373217,,,,0.0769742679680567,0.8459958932238192
MB-0537,113.566666666667,False,False,True,59.8,14.0,1.0,1.0,1.0,0.0,0.0,1,0,0,1,1,0,0,6,0,330,1,162,74,1,163,7,118,0,0,348,6,2,0,0,0,0,0,4,0,34,6,0,2,7,6,118,394,738,44.14275668459634,-3.246999396617309,-2.9990087654501187,,-44.26513291059964,-22.903935380219785,1.2055165563426389,,4.282371497222881,0.0044037940379403,0.9545454545454546,0.5671239994403964,-0.7970129778361451,-0.5797067752696607,,-1.5315618192784195,-1.357964588335968,0.5831602580871709,,0.8675497039763506,0.4805198092012102,-2.911451911626604,-1.0969083792402845,-0.5173902337233879,-1.6237028732966412,-1.2753755908646638,1.1081488038556226,0.5510990488548722,1.0,0.0246159217877094,0.7598784194528876
MB-0538,24.1,True,True,True,61.89,37.0,3.0,3.0,1.0,1.0,0.0,26,26,0,2,47,6,0,141,10,70,0,30,252,180,217,73,61,1,18,261,3,0,9,0,9,0,0,42,0,116,157,0,28,194,42,61,537,895,28.10718577987096,-18.998915806535333,-4.744686573191252,-8.460164266942828,-23.0740746971575,-10.223382657702373,3.387815215064004,5.890867290706477,7.67347773952208,0.0661736570202705,0.5730284925531863,0.674784385313803,-1.1303332204797623,-0.5816621124664496,-1.448865082419008,-1.01766739451373,-1.1451663221335986,0.6947912294563168,1.155272468810329,0.41838670312105175,0.3428103249469289,-1.1046330405599092,-0.43507481155540484,-1.3701483491371198,-0.9500984251812401,-0.9407031388748816,0.5264877071147565,1.157478272522888,0.7901150644778804,0.0975275522983904,0.665111471779977
MB-0542,48.6,True,True,True,39.3,23.0,3.0,2.0,1.0,1.0,0.0,81,13,17,3,98,61,0,159,22,141,103,154,261,20,140,2,111,0,173,141,4,3,9,1,40,0,0,134,0,133,34,8,84,326,137,111,313,1095,34.56262387294095,-27.660595818172425,-13.55294074946469,-17.288436867000698,-17.55952133751222,-9.935493219839104,8.66300079680465,10.363734306329704,5.308875819019164,0.141324200913242,0.5319722650231125,0.440197213941727,-0.9035429412535072,-0.732913772593947,-1.359120029814942,-0.6018462640908867,-0.5658686806522276,0.635353849861411,0.9098002735721724,0.2981566072450557,0.5319182816742218,-1.1138348858846387,-0.5601714641531562,-1.3637654179411427,-0.488110123502174,-0.6836964543065157,0.3598455087403329,0.7323833924352027,-0.0158392017590589,0.1669295478443743,0.4568720379146919
MB-0543,154.766666666667,False,False,True,45.9,27.0,3.0,,1.0,0.0,0.0,5,1,7,5,18,0,0,33,0,14,0,153,383,6,351,3,10,0,60,170,20,0,2,0,0,0,0,67,0,213,130,0,10,51,67,10,533,980,29.51633948921009,-13.454139365123114,-14.27070694464367,-3.49681294182219,-28.20218387630905,-8.60270308456359,5.782537400639817,0.0818583968893015,8.989951791577461,0.0343112244897959,0.7146067415730338,0.3295404175800525,-1.157701028315565,-1.16905397611605,-0.6222796382480611,-0.5950069014145352,-2.1818976431083885,1.0651982659077774,0.0513991525066444,0.6870137721908534,0.1867848680530532,-1.4997699737447214,-1.207397642059607,,-1.2484280726485917,-1.9227687229171269,1.62570398485928,,1.8365012677171204,0.0541187739463601,0.5829823083403538
MB-0544,79.3333333333333,True,False,True,74.46,52.0,3.0,1.0,1.0,1.0,0.0,2,0,236,0,1,0,0,3,5,37,0,91,53,18,395,201,52,0,19,226,5,3,1,0,0,0,0,5,0,20,6,0,2,4,8,52,257,1056,20.19998561630625,,-2.8945653009742163,,-21.36492253924712,-11.645222725455582,,,,0.006747159090909,0.9480519480519479,0.1529275234326975,,-0.3829187247765107,,-0.5338242461794628,-0.6813025878557899,,,,0.0770874117112543,-0.3106926423099067,-0.4449570447413925,-0.6664958515232446,-0.6220829822052598,-0.4825454700293512,1.142019004872428,-0.5849625007211563,-1.5235619560570128,0.0394616788321167,0.8714043993231809
MB-0545,41.1666666666667,True,False,True,83.92,26.0,3.0,2.0,1.0,0.0,0.0,1,5,9,2,14,5,0,27,14,287,2,146,62,33,275,1113,226,2,15,314,39,0,1,1,0,0,0,71,0,323,40,0,3,46,71,226,717,1964,41.93279409767437,-19.91193775545847,-15.513292871986906,,-40.24525977778033,-19.995533978833723,14.467849303202309,,8.898906199181958,0.012046955395186675,0.7145822617539193,0.39293795282445143,-2.4724601174687257,-1.08194953273165,,-1.0673968389610726,-1.0117199605421325,2.22562595658823,,0.836293521292845,0.44890217979339125,-0.21040378171120025,-0.8751620449774409,-0.3155674108243337,-1.025113386169225,-0.7877149507636274,-0.9355192001177663,0.4843838993403286,-1.0291907444353694,0.14663110024236742,0.6805484464781398
MB-0549,25.9666666666667,False,False,True,76.84,30.0,3.0,,1.0,0.0,1.0,0,0,6,0,0,1,0,4,0,7,0,118,14,3,31,108,87,0,1,51,8,0,255,0,0,0,0,11,0,290,6,0,0,5,11,87,355,543,23.184903504762676,-1.3409518094121864,-5.900935324542855,,-22.825982052140848,-11.497839558874116,0.9235026490796574,,0.9157312368651386,0.0066758747697974,0.9555555555555556,0.4010240479666183,-0.3180757693917558,-1.2331722600896906,,-0.6280076694177151,-0.735390885942678,0.5145731728297582,,0.2348694265044624,0.3006713914367461,-0.5285713188707577,-0.8821539172870119,,-0.8455363829253923,-0.6853064146159364,0.6104331882372743,,0.6998762754309861,0.0520670826833073,0.7660550458715596
MB-0551,51.9666666666667,True,True,True,76.32,32.0,2.0,0.0,1.0,1.0,0.0,5,9,28,2,13,0,0,30,1,199,1,472,309,34,265,63,224,10,49,692,25,1,0,0,2,0,0,16,1,63,7,0,7,43,18,224,787,1442,24.26843678248476,-4.715963535895082,-2.3720269640611362,-1.9287225440959117,-18.327362690965195,-15.870067660237238,-0.2348018869629714,-0.4772501551226364,0.8424910537526697,0.020289030363495705,0.9380189459388595,0.36008870960473066,-0.4337438765762225,-0.4079125396942891,-0.4302852729777809,-0.46892637535169324,-0.9504940030740626,-0.1440463696167068,-0.3812833725037836,0.08467032398699051,0.29604488478272045,-0.3919156138245158,-0.499828370820629,-0.6420503797449547,-0.5987348873863984,-0.9351762795387114,0.0846703239869905,0.2147982201809461,0.23306706741139568,0.06942335499280021,0.8379172491980373
MB-0568,180.0,False,False,True,61.28,17.0,2.0,1.0,1.0,1.0,0.0,6,0,3,22,18,0,0,114,169,8,9,41,42,2,131,74,49,0,8,430,13,0,0,0,1,0,0,58,0,75,14,0,28,132,58,49,532,488,25.648978432531717,-9.508030350924296,-6.23131573905591,-5.7934339053971655,-16.486471796304276,-6.222397133088244,2.6077702330953727,-0.884425789341954,0.8527228292962714,0.1016905737704918,0.6503401360544218,0.6259701915991438,-0.605741602199348,-0.6637301018391231,-0.8864213081516478,-0.4461092675453296,-0.756852503263176,0.4029668628628027,-0.23025648711653,0.0446090309661522,0.48949892188889005,-0.4119930680450921,-0.580555461505541,-0.9618048838590711,-0.48683651508550896,-0.861279648531269,0.0050809112848901,-0.0848646504072776,-0.1915040856744558,0.1578449905482041,0.6380880121396054
MB-0569,59.5,True,True,True,74.96,23.0,3.0,3.0,1.0,1.0,0.0,5,0,0,2,14,8,0,26,0,503,1,81,28,0,190,152,33,0,9,173,13,0,0,6,0,2,0,82,0,139,34,0,7,48,82,33,365,966,24.323564537753654,-9.063167631963726,-7.548223017639637,-4.658347670598306,-25.68578888164992,-3.5332246315498104,2.9860558634865293,1.4275864084968632,8.379294574262286,0.061982401656314606,0.8578052550231839,0.2525547087075206,-0.7112759193090353,-0.3808444884711128,-0.9868876371818496,-0.665224711878546,-0.2848460508699414,0.6686328525687458,0.7249929525001303,0.7987752786093044,0.1649587485489629,-0.20356906607536437,-1.0569402419850844,0.0131550262232497,-0.5563067842249771,,0.41601925844629073,1.107803289534515,-0.6473145095471358,0.0935615848406546,0.6066048667439166
MB-0570,180.0,False,False,True,68.99,20.0,3.0,0.0,1.0,1.0,0.0,17,2,2,89,10,0,0,8,57,21,8,264,265,3,419,140,12,1,2,139,1,0,0,0,7,2,0,56,0,14,7,0,106,18,56,12,161,1193,24.61004003680277,-7.570758154509899,-12.040843069352531,-27.24015329212142,-18.80026203658385,-10.188667677747931,3.720064572529854,9.14374797132318,2.9519651216708254,0.0564752724224643,0.6474226804123712,0.1656992414594267,-0.7065377284295901,-0.6390468935635353,-1.2700370753953223,-0.5916276684856119,-1.4316660902545857,1.1746213961070688,1.8173077024838094,0.7123035399319371,0.1014448822602658,-0.7578766597478961,-0.7330688562870049,-1.1947500628561107,-1.5193741590935794,-1.2032133941094485,1.7073774095831589,1.7801464179300852,2.1945487884111348,0.0371835443037974,0.7496087636932708
MB-0571,149.866666666667,False,False,True,61.79,20.0,1.0,0.0,1.0,1.0,0.0,14,148,11,2,21,9,0,52,4,1626,8,497,64,4,155,125,144,2,13,969,87,5,0,0,0,0,0,154,0,997,82,0,16,82,159,144,2135,2657,63.06048284199924,-14.132767411881956,-13.898849708375145,-5.02721863644608,-62.18350752396699,-19.535924839589462,5.750566668646686,5.1541190421832255,7.94088124466072,0.025169363944298,0.8372670807453416,0.5481472736015243,-1.1073474236962857,-0.6940981912672655,-0.789634415218569,-0.866928366134474,-1.2256597371195808,1.128762908170161,1.6665762662748085,0.4353685229267849,0.4251571549335791,-1.2736187776668506,-0.9038878695024807,-0.7271228407727727,-1.1316178893464093,-1.4235092183917688,0.9334143748096542,-0.2060180040208956,0.967487896490366,0.0734139960758665,0.6725562838415503
MB-0573,163.2,True,False,True,76.22,65.0,2.0,0.0,1.0,1.0,0.0,4,37,45,0,8,2,0,13,2,0,0,2,4129,161,233,1,52,0,64,562,19,10,0,0,103,4,5,61,0,54,9,0,4,23,71,52,644,4786,46.34808602604678,-12.130840656338714,-10.325280647541446,,-61.101549672995645,-14.632643179401791,5.025890014961394,,11.937891929322296,0.01011656019266663,0.9284637843703407,0.11045981757825385,-1.2314704051311234,-0.48451561542147914,,-1.0181845945221888,-0.7965281817921283,1.7994175458017387,,1.931411675915397,0.09619766932331103,-0.3915570381244427,-0.4270239144768802,-0.6418601396613378,-1.202710767112161,-0.8837106059411489,0.6093420511292832,0.35375959480371466,1.4027254286262933,0.09413380394161301,0.8124723963191923
MB-0574,119.8,False,False,True,71.21,21.0,3.0,1.0,1.0,1.0,0.0,4,2,5,32,72,57,0,185,0,41,1,47,95,3,103,289,80,0,9,73,13,0,3,5,32,0,1,127,9,217,41,17,36,331,136,80,349,631,48.804041814897175,-33.741024123001914,-18.700554992461235,-12.045031964392624,-25.48511121684899,-7.535183920454809,10.162186991063711,6.278794601342618,8.892247039671767,0.08815372424722659,0.2829880043620502,0.9677724585779622,-1.9182669590925627,-1.4486686424548163,-2.7146301850569867,-1.2896705504990518,-0.6248766265119363,0.643883613526869,0.7159760791426963,0.38040775178401,1.697035497312371,-1.7957175778962549,-1.5932609312212045,0.0214437971007034,-0.1356912103199624,0.2658431137999996,-0.2332677016303868,-0.7778992705973427,-0.124050435529228,0.3009708737864077,0.1382667964946446
MB-0575,128.566666666667,False,False,True,48.1,55.0,2.0,2.0,1.0,1.0,0.0,0,58,87,2,36,58,0,35,0,547,0,143,121,2,207,10,36,2,13,75,5,0,5,7,4,1,0,64,1,106,65,4,2,133,65,36,258,1200,10.310712845151109,-8.349432604117416,-4.723147581463313,,-7.05055048363924,-2.476329199651102,2.8955595674626298,,3.737164554236621,0.0972916666666666,0.8567941415785191,0.0806052605211972,-0.2822654823908021,-0.2086996201847179,,-0.1804714952635622,-0.1533466371733367,0.4995901435038791,,0.3074934479298597,0.080188781768982,-0.1393045164753952,-0.456269174724507,-0.3334237337251918,-0.3329414193482068,-0.49180179959405124,0.2955939470738999,-0.140778655782796,0.1360615495760285,0.0893258426966292,0.8251695553880934
MB-0576,31.0,True,True,True,68.47,21.0,3.0,2.0,1.0,1.0,0.0,0,0,1,0,0,6,0,0,1,15,0,17,25,6,197,1542,64,0,4,20,2,0,0,0,0,0,0,70,0,66,27,0,0,6,70,64,115,1808,13.993699921112697,-4.0845249872413145,-11.022376004653433,,-11.992770121253743,-9.340945190984772,0.813333258271779,,4.8782573322917,0.0250276548672566,0.9352226720647774,0.049094963002676,-0.4283508664653362,-0.3706466716967188,,-0.3261463880847061,-0.3609011885689857,0.4639470997597903,,1.6363616532278005,0.881339128227141,-0.7882231990068681,0.1478505823200892,-0.4526982814100987,-0.3200802623697608,-0.50592153128562,-0.7609950802517422,-0.0746682090533789,-0.8949272616223591,0.4074835526315789,0.328847279110591
MB-0578,110.1,False,False,True,59.64,42.0,2.0,2.0,1.0,1.0,0.0,9,1,6,0,34,8,0,96,0,21,0,442,122,2,205,82,20,2,18,126,2,0,0,0,1,0,0,77,0,141,13,5,9,143,77,20,282,902,35.42887629956674,-29.157880903870804,-19.51275826277506,-6.1390879320644665,-22.395218270573395,-13.121357542187097,16.321653471468025,3.96992283296474,7.189486512162137,0.049750554323725,0.4682875264270613,0.3868457936251087,-1.6193562793591114,-1.5042398227427767,-1.39780296186249,-0.6404461299585238,-2.274199528349745,1.5437195184892747,1.1681227588083267,0.4562447619680521,0.2913369481890692,-2.078826843107883,-0.9967330650747661,-1.901810369827684,-0.6234172979172472,-1.544604209431764,1.1664854378562592,1.8601138249390712,0.7200239150468088,0.0496173469387755,0.48638838475499097
MB-0579,92.7666666666667,True,False,True,70.53,29.0,2.0,1.0,1.0,0.0,0.0,0,2,1564,0,16,9,0,4,0,3,0,178,182,0,132,19,21,5,23,25,1,4,0,0,7,0,0,109,0,112,8,0,0,29,113,21,146,2115,40.45018063529017,-19.62518910587974,-38.440656311630825,,-40.82296846070007,-10.28774428416776,15.91124721973105,,15.12190322355659,0.0184397163120567,0.6048387096774194,0.1282388217388657,-1.467693019639961,-1.5764606467735578,,-1.4100823757375205,-0.6574201458616469,2.422980000885657,,2.124596936104398,0.1480946090096228,,-1.7329908240384786,-1.4986436513693175,-1.1990290547124172,-1.122413888374229,,,,0.030105973025048097,0.4537634408602149
MB-0580,79.3666666666667,True,True,True,33.8,40.0,3.0,1.0,1.0,1.0,0.0,121,237,2,304,25,51,0,158,0,269,4,11,88,9,219,249,49,48,9,13,1,3,5,11,25,1,0,20,4,157,200,20,425,254,27,49,382,1176,57.97455237600977,-35.36803058224259,-10.75248893335668,-40.95511521881096,-32.04605664476097,-10.595179677013933,4.615449008389704,17.625021690748532,11.490098871691066,0.094812925170068,0.3442796610169492,0.6859833067076124,-1.68350827669222,-1.7345851341258909,-1.716462003431658,-1.1880442743281678,-1.2143191208007658,0.8740520724913147,0.8035410689427219,0.5816117411302283,1.0674786835837136,-0.657490284099266,-1.789889729133542,-1.4081742368045151,-1.070689340844272,-1.0501379552991297,0.1415074008020533,-0.3645173227267006,-0.0596368523439214,0.2527654867256637,0.3571591687599909
MB-0581,7.86666666666667,True,True,True,96.29,26.0,3.0,3.0,0.0,0.0,0.0,0,122,304,0,2,17,0,0,0,1,0,2,32,0,275,0,30,14,55,75,0,128,0,0,4,1,73,33,24,285,29,0,0,19,185,30,389,883,33.08325290587762,-3.20648856603688,-13.910829281113523,,-34.243441633946865,-11.390815775336344,4.402898477004083,,-4.721906178770621,0.0846545866364665,0.7398212512413108,0.4348472257602942,-0.3824396168456296,-0.575421037486871,,-1.1387958676033851,-1.3868999275707667,0.888968687611256,,-1.3342186508431533,0.4803409043463658,-0.8041375855867243,-0.8085219111212516,-0.32880152410915,-0.883065724853864,-1.028863790212885,0.37000374566433986,0.863225294169525,0.1979545320511749,0.1323051948051948,0.6175324675324675
MB-0582,15.5333333333333,True,False,True,84.76,30.0,3.0,0.0,0.0,0.0,0.0,1,3,37,3,9,37,0,3,0,0,0,13,275,1,1939,0,8,1,22,144,2,5,0,0,10,1,4,33,0,68,31,2,4,51,38,8,245,2306,29.204675164988764,-18.371396721277115,-21.045106832824477,,-34.42592111807399,-15.647371107138929,7.330288836487505,,12.374917118708863,0.0169666088464874,0.7982646420824294,0.0912252669901206,-0.8484522308575739,-1.22738902726713,,-0.7806252534083815,-2.5191072510731485,1.8644408094835627,,1.4698956750972556,0.0921107525779618,-0.6103337381677725,-1.4537037536286397,-0.5796374932065511,-0.8919493620370355,-1.247107276030608,0.9935224359287952,2.114035243246029,-0.9486008474933559,0.021117747440273,0.76
MB-0583,62.6333333333333,False,False,True,75.67,22.0,2.0,0.0,1.0,1.0,0.0,2,4,6,0,28,0,5,52,6,6,1,127,105,3,343,496,244,3,5,361,4,0,0,1,0,0,0,28,0,400,56,0,2,85,28,244,822,1105,25.646703378584775,-7.502027500774232,-4.60196100098308,,-17.383195659550687,-16.319485404925818,2.722009883552468,,6.330318542639015,0.026049817594658898,0.7939151393508076,0.5189493235312149,-0.9553365568046321,-0.7897001391102062,,-0.6354247345856516,-1.0869193341368355,0.9359030849491126,,0.4633307080530168,0.7202965908186396,-0.2067029649159104,-0.46572282727237385,-1.053843019011515,-0.6955861992555208,-1.0286775514103528,-0.19670753696450455,-1.8067927235543324,-0.11859951938231117,0.18180924489650704,0.6582581043720267
MB-0584,118.2,False,False,True,41.31,20.0,3.0,0.0,1.0,1.0,0.0,9,1,0,6,23,78,0,41,0,628,28,256,42,0,175,66,19,0,7,30,6,0,1,14,1,1,0,88,47,85,109,17,15,159,135,19,244,1206,26.40136868739307,-23.78714863912053,-13.902454490167594,-6.76984734036963,-18.975171960309368,-4.998084028334871,8.93093499465745,2.477590201441884,7.396484493747241,0.1017827529021558,0.6950617283950618,0.2311068010704461,-0.9420095195409414,-0.5048657485156542,-0.7309461966269744,-0.5275105505731453,-0.4737712662838437,0.8762766699705798,0.6929878971056039,0.5925103677422275,0.2775359929752454,-0.5074299569022671,-1.0720789962956132,-0.5454994639063011,-0.5357733894302898,0.005058289823028901,0.2005406940975711,0.2580875528249022,1.5121020987899114,0.161783305227656,0.5518110236220473
MB-0586,77.2333333333333,True,False,True,77.99,65.0,2.0,1.0,1.0,0.0,0.0,7,0,1,3,48,3,0,93,0,82,0,62,19,0,137,13,97,0,7,162,5,2,0,0,0,0,0,40,0,25,10,0,10,144,42,97,202,321,9.67124420780532,-6.522530512389803,-4.78627876388229,-4.066967649605243,-2.7627688112680504,-6.026786540134172,4.626929383517859,0.8006915827861519,2.349800074125993,0.1806853582554517,0.6270983213429256,0.3530249045333685,-0.3731317722430769,-0.5378820949323276,-1.1496036795614797,-0.11908520259420481,-0.394412515802192,0.5598294539594084,0.2474552798630264,0.1431807159070574,0.2963830771518926,-1.5063417390623897,-0.4495864480281343,-0.9422746878583517,-0.4609801724091962,-0.8730123499291014,-0.6027854550477538,1.087408194745877,0.903039139206572,0.1099365750528541,0.5934684684684685
MB-0588,119.733333333333,False,False,True,76.35,22.0,2.0,0.0,0.0,0.0,0.0,35,0,53,69,82,159,0,52,0,7,0,30,28,0,30,1,81,0,2,161,7,2,0,10,15,0,2,278,25,324,69,13,104,306,305,81,571,168,53.34107532395413,-13.565027074852017,-11.039020019808216,-9.370163666943768,-20.07875544775241,-6.81971202878811,2.4151328806486747,6.435871661824667,-4.63507958837138,0.1629464285714285,0.1190248565965583,2.646853509371895,-1.5023258423960455,-1.2263899602552215,-2.7793297694142143,-1.5030306456411604,-1.8140599459354945,0.12401099263918729,0.4869687114351567,-0.2004625028397771,2.903604411532429,-2.076594477418106,-1.6601428123612256,-1.2521574745501838,-1.0134460177219924,-0.41616416473312806,-0.5676376503050479,0.6552477453088728,0.2110612404858588,0.24178832116788324,0.0630378226936161
MB-0589,125.8,False,False,True,59.96,35.0,2.0,3.0,1.0,0.0,1.0,115,17,0,3,79,22,0,149,14,22,12,23,45,19,33,3,183,0,8,290,11,2,12,0,1,0,0,57,3,255,49,4,118,254,62,183,605,209,34.18964707638824,-10.625774330411083,-4.680589733185483,-10.13550874058948,-11.838671829357981,-5.984718486720455,2.218972555852709,-0.1478503442061249,-4.301886677859742,0.097734671486202,0.3149677723991145,2.2736812716576766,-1.3360080052593368,-1.5594190051493815,-2.691608605467236,-0.7250834919757986,-0.8892217712484702,0.2351928463434874,-0.0114956388378293,-0.1658418684798678,2.543734621524835,-1.0356797621161211,-1.146983017081365,-3.164142648848306,-0.5126888250843047,-1.4410696519027089,-0.4027068782041003,-0.5077573366772294,-0.3560199471609461,0.21494484333076863,0.1827191725816406
MB-0590,72.4666666666667,True,False,True,60.27,30.0,3.0,3.0,1.0,1.0,0.0,0,0,126,1,6,14,0,12,0,57,0,66,15,0,451,6,20,3,0,75,0,2,315,0,0,1,0,66,0,36,8,0,1,32,68,20,119,1040,21.570413015415,-8.37501031303414,-12.339168657734088,,-24.506802614820725,-16.938714301001145,9.130725194745676,,4.955825194420162,0.0455528846153846,0.8246753246753247,0.1355076155164405,-0.49472613858972714,-0.5757692502790196,,-0.7651919839760285,-2.417900724440994,1.6051566384691391,,0.912857437370332,0.3064831778100328,-0.8335648013804526,-0.6148180975406875,-0.3778943314750617,-0.2264022265230046,-1.1239941672734088,0.523521582693553,-0.188225818185256,0.3827015171591536,0.2705673758865248,0.5875780479789682
MB-0591,119.466666666667,True,True,True,84.0,17.0,3.0,0.0,1.0,0.0,0.0,0,0,1269,0,1,1,0,1,0,7,0,25,6,0,10,1,20,0,2,5,7,21,0,0,0,0,0,38,5,57,4,0,0,3,64,20,73,1320,28.54010819298982,,-25.144515525618026,,-28.826987253629216,-21.041929268184745,,,,0.0172348484848484,0.7142857142857143,0.1036594473127277,,-1.162964260129576,,-1.3196574552192406,-1.7999882584800333,,,,0.4452644344884587,-0.0706974469613345,-2.457472621468095,-0.6403337651347678,,0.024607660353825802,-2.432959407276106,-0.1161013254528372,,0.2423469387755102,0.4557284299858557
MB-0593,34.6666666666667,True,True,True,62.34,90.0,2.0,3.0,0.0,0.0,1.0,6,1,48,12,17,6,5,41,0,0,0,0,5,1,3,0,69,6,0,165,0,0,88,0,2,1,0,52,0,100,3,10,18,79,52,69,268,155,6.938640757627658,-4.663558688184834,-3.258860502641248,-2.9779265638006795,-0.7552635452889547,-2.659554756291097,-1.1222441111347063,0.9500125121101415,-2.4178213131409545,0.1661290322580645,0.5256124721603563,0.521804742060834,-0.4794569347940195,-0.43945500820514716,-0.781884234541486,-0.0355641670949017,-0.2882201188469677,-0.1859263696998432,0.23838739934465908,-0.1497880505900123,1.0510562985776826,-0.7037651787934099,-0.4174399894941484,-0.4965475673997607,-1.2600256559614555,0.0237414535628424,0.1843145467300614,1.306464977499558,-0.0843807493879425,0.24845679012345667,0.3082942097026604
MB-0594,44.2333333333333,False,False,True,77.96,45.0,3.0,1.0,1.0,0.0,0.0,6,0,1,202,12,77,0,7,2,272,43,10,10,1,62,823,27,0,11,34,2,1,0,17,6,0,1,20,7,39,36,8,208,104,28,27,128,1242,42.840195558777374,-25.617329292297224,-11.617131993724389,-45.608185651841126,-21.46141936712109,-10.989452777384573,3.923086213577327,17.29615834906522,7.517423892286576,0.05867552334943631,0.4196597353497164,0.3142623968106334,-1.2843883040137885,-1.1381831257325232,-2.0784510174209223,-0.8882412681848315,-0.9146061182997172,1.0158664054590212,1.261523295680917,0.8651010897773244,1.3584981150013644,-0.48026512205446276,-1.347302529971904,-0.18164985051240704,,1.0811049681437273,0.7741521961203814,-0.5378902466843831,,0.6135,0.1928905254213284
MB-0596,107.1,True,False,True,77.48,16.0,2.0,0.0,1.0,1.0,0.0,2,0,53,10,32,7,0,45,4,308,3,41,10,3,87,597,43,0,0,41,0,9,0,6,2,0,0,44,2,249,79,0,12,84,55,43,375,1108,20.084558563453047,-7.17582820678902,-5.624635627436506,-3.129977407012439,-19.72453068661402,-8.211609644018427,1.253687186732373,0.2453900062686415,4.969531567890164,0.0671254512635379,0.8934010152284263,0.18735097393832834,-0.3405186709995381,-0.3179051402874068,-0.3831450121333999,-0.4369425753399794,-0.6606049679610784,0.2792272797619011,0.116937826525138,0.426382018874013,0.0574709449209395,-0.1877270747693621,-0.4760020053211299,,-0.46848453447067867,-0.4558016580609633,1.1111991993980264,,-0.0725016196902431,0.0628526093088857,0.8612836438923396
MB-0598,89.3666666666667,True,True,True,77.48,24.0,2.0,2.0,1.0,1.0,0.0,12,4,52,3,83,159,1,148,1,176,18,103,71,15,52,19,113,1,19,33,10,2,0,11,43,3,2,173,89,149,48,35,15,426,264,113,251,579,43.38515813393258,-29.38164431471573,-21.832320002789917,-5.43542948834857,-7.151681646820235,-16.764077265250133,13.329143338814244,3.778847704125007,-0.796895423631909,0.1610535405872193,0.2834566240753194,1.00194369947337,-1.5039686745167105,-1.2415909993377634,-1.711494906650088,-0.3533504378110151,-1.793355700930957,0.5441070366376132,0.677673975158139,-0.044095976141943195,1.9414047779425145,-1.3234612847717302,-1.15516313006057,-1.7047336626740595,-0.4937261503887286,-0.7293993834891125,-0.2613631689936887,1.2721313952468978,0.4073635713934225,0.3430451127819549,0.1389993373094764
MB-0599,123.266666666667,False,False,True,46.85,24.0,2.0,1.0,1.0,0.0,0.0,0,37,0,0,0,0,5,1,1,22,7,2,34,1,17,4,201,802,4,199,9,3,0,0,2,1,0,4,1,188,13,0,0,6,8,201,409,934,45.19128434974248,-1.2267682405306597,-5.251891127312584,,-36.54723179065994,-30.214817948156472,-0.5809052847580726,,1.056088995724189,0.0054871520342612,0.979591836734694,0.4952968883440433,-0.2305422614890601,-1.0945578127197326,,-1.0797710134151035,-1.6121989091364153,-0.4114262457264649,,0.3181365157249882,0.5199548409150657,-2.2822544520105787,-1.168934576719824,,-1.240960885472453,-1.553545482871729,1.00320955647589,,0.9849646716387205,0.021690767519466,0.8059701492537312
MB-0600,111.0,False,False,True,70.5,27.0,3.0,2.0,1.0,0.0,0.0,7,0,0,0,26,17,0,23,0,86,0,43,17,0,54,644,157,0,5,96,27,0,0,2,1,0,0,67,6,87,39,2,7,68,73,157,251,850,43.24183425071312,-18.265914770164443,-22.10918272414364,-4.130047160432663,-28.964433246001853,-27.88395083164679,14.714803219820796,4.038071330089357,7.302686326270546,0.026911764705882295,0.4826839826839826,0.4835427331546105,-1.7471334676668258,-2.0772248141974945,-0.8278190246173197,-1.0552698492300094,-1.421945191355209,1.743696518598841,1.4594316186372969,0.6693605801821922,0.7189584312690713,-0.161419176466358,-1.8415151970092547,-0.9557534994072977,-1.0913259030411853,-0.1906537801233044,-1.902462731122795,-0.2250466338894052,-3.1114486984876737,0.3015947467166979,0.37600414615185274
MB-0601,29.6666666666667,True,True,True,32.99,25.0,3.0,2.0,1.0,0.0,0.0,1,0,15,4,3,6,0,12,7,240,104,130,56,1,129,12,80,0,26,46,4,0,0,1,1,0,0,64,0,135,20,0,5,21,64,80,206,721,14.729697619434708,-5.865060134657246,-7.471437573439517,-1.1402191713419756,-8.29654211892104,-11.789560278157282,2.7862097142378253,2.232799425847248,1.1263364892512178,0.0566920943134535,0.8329853862212944,0.1841818367689301,-0.5722128499050728,-0.4226799783921551,-0.1864536033218308,-0.2514492176280725,-0.6631093994786424,0.7840995697573011,1.0702090022814026,0.2149975562836312,0.0889424997093164,-0.5308259587886963,-0.614233447104858,-0.3822656177959447,-0.4685642449653586,-0.9182335602263114,1.455776474938342,0.3355171596353173,0.5697147270222194,0.0603825136612021,0.7745504840940526
MB-0603,121.966666666667,False,False,True,79.52,21.0,2.0,1.0,1.0,1.0,0.0,0,13,6,4,0,0,0,0,7,36,0,45,17,2,30,681,30,0,0,120,1,1,0,0,0,0,0,7,0,127,47,0,4,0,8,30,295,837,15.72790297516397,,-3.324031152285176,,-17.357443026733236,-4.774479532966558,,,,0.0056750298685782,0.9285714285714285,0.1664682690687848,,-0.4179200078119651,,-0.44763164047839893,-0.3480705096895932,,,,0.3566230192133286,-0.4867995009289968,-0.3862172232423425,,-0.6637381429612492,-0.9030038279752586,-0.7902386133605437,,-0.8486936923887741,0.22823383084577106,0.6074498567335244
MB-0605,114.6,False,False,True,58.08,18.0,2.0,0.0,1.0,1.0,0.0,1,1,0,1,8,0,1,23,1,230,1,97,50,7,117,73,25,0,4,151,4,1,0,0,0,0,0,11,0,71,9,0,2,32,12,25,235,581,12.6935781624367,-8.53095678225548,1.0672419408613651,,-11.658151839850488,-6.270753223283091,-0.6066853672870562,,5.67566233356102,0.0346385542168674,0.8942731277533038,0.1914075782858939,-0.7547032381564629,0.1163791837143288,,-0.3596244034059335,-0.601458820617352,-0.4019034716079582,,0.6348854728677724,0.1450436635553806,-0.5152059144263108,-0.20653644403077337,-0.9770388515566888,-0.4541295700635153,-1.2002323027994013,-0.1588070369581573,-0.1667154449664223,0.0630742049920888,0.0669568822553897,0.8955555555555555
MB-0606,27.4666666666667,True,True,True,83.19,18.0,2.0,0.0,1.0,0.0,0.0,4,9,1,0,6,0,0,26,17,8,10,16,257,8,309,3,8,0,1,561,0,0,0,0,0,0,0,2,0,102,0,0,4,32,2,8,663,639,34.31768377000552,-6.6659223202437765,,,-34.58907212469747,-1.3669847875690522,,,3.78776102972592,0.0158450704225352,0.8053097345132745,0.6069354529183115,-0.880427758453655,,,-0.8977794293276448,-0.287696460068063,,,0.3213304168946028,0.3628767649048788,-0.7516313778451933,-0.6007058585824634,-2.374470458031866,-1.2908009988428777,-0.9472870555541829,2.19039847218206,1.6303939299681622,0.1630128536756468,0.0191146881287726,0.7686567164179104
MB-0607,87.8333333333333,False,False,True,53.1,30.0,3.0,1.0,1.0,1.0,0.0,37,1,6,14,15,137,4,162,6,0,2,1,13,6,3,0,27,1,1,54,0,20,373,1,6,1,1,85,15,185,162,132,51,450,120,27,402,421,29.652159857015345,-31.47629327447364,-3.0062462636911125,-12.577145437346276,2.051758657113296,-6.498778350885272,0.9372120818968048,15.922559843667543,-17.293073013581385,0.1511282660332541,0.2308910891089109,0.9735891342342635,-1.9678308783431355,-0.2138231295214527,-2.737524530207685,0.0732997404473128,-1.4526562535934993,0.05865482327014751,1.0952567923889334,-0.8026123347866401,2.207113576165753,-1.1441997044981735,-1.366470403351887,-3.0207136973389908,-0.0091831015832379,-0.05694101159065829,-0.3445840743254807,-0.22936144296505742,-0.2704425608170227,0.2007142857142857,0.1008018327605956
MB-0608,63.9666666666667,True,False,True,76.81,25.0,3.0,2.0,0.0,0.0,0.0,60,32,0,868,46,61,0,99,2,0,0,0,755,38,2,0,63,0,370,21,0,5,0,16,14,1,6,110,12,137,304,23,928,229,127,63,478,1220,47.28152746184719,-9.794862233047205,-6.3560983498890105,-52.291607929515706,-7.924956519265182,-8.823357986874507,3.9473737894271737,4.55645481006845,2.0671924548638394,0.1947745901639344,0.3538753668220265,0.7080630578522374,-0.4443451103495102,-0.3723917627042226,-1.5644936281970028,-0.2273212217880134,-0.9167817065757176,0.4722196030789957,0.19758121250793237,0.1574545303260534,1.1413558492455416,0.46711636677610097,-0.632268215499513,-0.43453011515133294,1.2165433456397607,-0.7476022302749431,-0.3782604589194493,-0.5841607807556014,0.4044662459901664,0.7666666666666667,0.010632526852555
MB-0609,98.7,True,True,True,51.15,14.0,2.0,1.0,1.0,0.0,0.0,57,0,0,1,49,26,0,181,8,407,27,197,209,1,404,145,243,0,16,496,9,2,0,3,20,0,0,100,0,270,55,9,58,265,102,243,833,1434,26.433987940752328,-11.78539918217421,-4.589910217873523,-11.266979933902409,-18.796119202396106,-16.203545335844662,4.7074214571627495,3.1702124542593295,4.920010095965274,0.08030610072750775,0.7118238794036345,0.5526832209366678,-0.6968070920612839,-0.4591513317720483,-2.1977572952335205,-0.5147878200493775,-1.1354795069439607,0.9212805151199825,0.358237236135401,0.29010931595045025,0.5458147961463674,-0.8197123059473389,-0.5453090888756882,-2.524157728803216,-0.6762352367428986,-1.6627173895848861,0.7740473681147962,0.0292357495104178,0.5060158188281488,0.11121164365946236,0.6808192717872271
MB-0610,76.7,False,False,True,71.3,18.0,2.0,1.0,1.0,0.0,0.0,74,3,0,50,88,17,0,109,4,11,0,6,53,9,10,14,175,0,1,326,16,0,0,6,2,0,0,121,0,91,35,0,124,214,121,175,474,113,15.224887392768418,0.496534511250333,-2.917055793326011,-2.883613300144752,-8.052008018168493,-1.4716131333415516,1.707327070536936,4.517226456212644,-1.2356920789838692,0.3241150442477876,0.2621283255086072,1.562191193062498,0.0495013208960268,-0.4310598743606247,-0.45095841732511377,-0.5729801393729133,-0.1722236498910926,0.1462198377558392,0.3576594358609887,-0.053925133766752106,2.8291592923759525,-0.819534178755426,-0.2862693610629478,-1.0273387085905104,-0.4987236497836995,-1.0728313860956855,-0.3107721995789353,-0.0224892980220751,0.1291536468223817,0.3431818181818182,0.1006590772917915
MB-0613,48.8,False,False,True,60.2,60.0,2.0,0.0,0.0,0.0,0.0,0,0,0,0,2,0,0,1,0,0,0,0,1344,27,2,0,4,0,31,6,1,0,0,1,112,1,2,0,0,9,3,0,0,3,0,4,20,1519,1.1399951474784151,,,,-0.5684532610491393,,,,,0.0018104015799868,1.0,0.0013524924532310998,,,,-0.0244244568082968,,,,,,,,,,,-0.1061789471815283,-0.3333583038949854,0.6045545396674238,,0.0
MB-0614,119.333333333333,False,False,True,48.99,19.0,3.0,1.0,1.0,1.0,0.0,0,0,12,1,4,15,0,9,1,104,1,140,51,17,246,89,35,3,35,39,4,0,0,5,5,0,0,34,1,119,41,0,1,28,35,35,208,704,22.10191829631672,-10.767039036765304,-8.021781597411104,,-21.48128157988711,-10.424089951091531,4.63584522705577,,8.29747692867128,0.030184659090909,0.8287671232876712,0.2615540678605314,-1.1505209937573206,-0.5547530737758043,,-0.7140640599887613,-0.8576078360857309,1.182376742488569,,1.0063827522288544,0.3742237936976483,-0.4168775270978263,-0.9465283351256036,0.3524778772019869,-0.7139977670968234,-0.9009472908147704,0.598995073020911,0.7534537169547751,-0.2387868595871166,0.1592844974446337,0.5819622181596588
MB-0616,29.0333333333333,True,False,True,75.98,38.0,3.0,1.0,1.0,0.0,0.0,1,0,169,0,9,1,1,17,2,7,0,226,162,0,150,3,38,2,17,88,4,0,0,0,0,0,0,27,0,79,0,0,1,28,27,38,171,738,15.228640360479144,-7.985094217615573,-8.178696810721595,,-14.600363463619995,-8.873121247245956,6.950568369794454,,5.515448406007756,0.0301490514905149,0.8280701754385965,0.1616677496631865,-0.6544052404013831,-0.6662080833217928,,-0.4718791282652316,-0.5500380334143394,1.7131188522118383,,0.8290202486003194,0.183702610486491,-0.2183291248410353,-0.562734086111928,,-0.5151501354612789,-1.2220317024844902,0.4461480318188742,,-0.1020981876187361,0.0730974632843791,0.833570412517781
MB-0620,112.8,False,False,True,62.97,14.0,3.0,1.0,1.0,0.0,0.0,1461,0,68,8,9,102,0,35,0,57,0,0,35,0,42,1,69,7,1,4,0,1,3,5,88,8,26,27,19,41,24,60,1469,206,47,69,74,336,45.8911639806564,-5.057272409140816,0.5501108613036851,-36.24034337391296,-3.625361199028757,-5.525615177022496,6.760804969080117,-15.084854415284918,10.499559557230134,0.415922619047619,0.159344845099035,1.876766011134528,-0.4534565495362936,0.09138199273042,-1.0199260684628295,-0.5423836755130458,-1.137808501034844,0.9766323398783984,-0.4422903695697867,1.121095699179078,3.492161925409499,1.349591653087295,-0.1107743993721466,-1.9193966837319762,0.6447234546285476,0.4478154179961075,0.7858751946471525,-0.6842588251016003,-0.495695162624069,0.3627232142857143,0.0426731078904992
MB-0621,33.5666666666667,False,False,True,70.04,30.0,2.0,1.0,1.0,1.0,0.0,0,15,0,0,1,0,0,3,455,12,57,57,126,31,107,0,86,0,21,30,7,0,0,0,1,0,0,2,0,504,12,0,0,4,2,86,553,882,7.830493390476885,,,,-7.682378111572243,-5.697031936163838,,,,0.0036848072562358,1.0,0.1160272090072039,,,,-0.1485387882149875,-0.3103080689133413,,,,0.1592034839514623,-0.1970213048800547,-0.1721377496581929,0.1974495616529797,-0.18521494221757978,-0.326506871671978,-1.0783821186449285,0.4054514504496459,-0.10278731829383532,0.0461711711711711,0.9154929577464788
MB-0624,64.0333333333333,False,False,True,64.28,16.0,2.0,1.0,1.0,0.0,0.0,0,1,0,0,3,0,2,6,3,23,2,37,13,1,29,66,217,0,0,132,2,0,0,0,0,0,0,14,0,61,3,0,0,11,14,217,198,175,25.915907647815907,-3.081759372705408,-0.1777704268549083,,-9.308498977394189,-22.830571429345397,0.9712861244522698,,3.182883079735161,0.025,0.912280701754386,1.2333402503341195,-0.9238622680760293,-0.034697620748089,,-0.5294539175246328,-1.7961160430143142,0.5022599113909069,,0.5773529671600313,1.2747143045521827,-0.0875657035398476,0.1324575426443795,-1.7486912361995628,-1.247031635181595,-1.5240809733455782,0.0329311190799922,-0.3255957435981688,-0.0947575163300106,0.1547619047619047,0.6339066339066339
MB-0626,35.5333333333333,True,True,True,61.11,20.0,3.0,0.0,1.0,0.0,0.0,9,22,0,28,22,198,0,44,0,919,14,3,8,0,191,56,42,0,0,36,0,0,1,9,4,1,0,50,3,27,39,27,37,291,53,42,111,1219,23.911061426588816,-19.935932989237667,-7.874777742852739,-9.372748725024044,-14.267531537230369,-15.087979753092434,5.276809705275753,8.25977731825192,3.507845196420964,0.1489950779327317,0.7114893617021276,0.1867573848937293,-0.4892939772755657,-0.4520202929893067,-0.7093532146702266,-0.5579027840642244,-1.091321422320637,0.6258804187208041,0.9988411570292176,0.3171212918794659,0.19667869853354508,-0.5279697505849463,-0.8017096356143936,-0.635350443552044,-0.521109187019107,-0.4475883162459719,0.2047412420882755,0.4235970937785263,0.1263025831137,0.1528688524590163,0.6350851221317543
MB-0627,0.766666666666667,False,False,True,54.1,20.0,3.0,0.0,0.0,0.0,0.0,48,1,290,335,26,455,0,69,0,2,0,2,40,1,47,0,151,0,10,10,1,4,0,75,68,4,54,78,61,38,57,109,383,659,143,151,181,519,55.03147047178369,-27.71457845617902,-7.164597411718616,-24.86773287797444,-14.996556150417645,-15.996807518808954,5.373040925472422,6.894054059377748,4.247418371486647,0.2543352601156069,0.2249426166794185,1.4273406962373971,-1.1235789268812768,-0.6217698096585884,-1.7181861219730468,-1.3876434606747905,-2.0077587485805592,0.2857178429250834,0.2139006261807971,0.2168527349227156,2.3644390643096416,-4.505255800932163,-1.017290393414673,-1.1136183034259115,-3.709290635723358,-3.615298579092115,0.0085432856308444,-0.1405545687006148,-1.1731274334806563,0.4096590909090909,0.10158572844400389
MB-0628,105.966666666667,False,False,True,63.98,10.0,2.0,0.0,1.0,0.0,0.0,0,16,0,1,1,0,0,6,0,4,2,63,178,4,501,109,21,0,5,265,9,2,0,0,1,0,0,41,0,99,2,0,1,7,43,21,375,883,25.76010822953869,-7.008303136220779,-8.82202678966372,,-24.22853668668738,-6.7492801345573845,3.8287400252714527,,5.061946632680638,0.0172706681766704,0.9045226130653268,0.2768030538632089,-1.5260688116675878,-0.6429574650873694,,-0.6423186040441545,-0.6807181745892124,1.386468347082073,,0.967613182064279,0.2027945853228238,-0.5432209010479472,-0.6780940050512245,,-0.8958600066898521,-0.8291259576706427,0.6240516496282514,,0.7709248531811812,0.0415388548057259,0.8566108007448789
MB-0631,47.4333333333333,True,True,True,84.41,25.0,2.0,1.0,1.0,1.0,0.0,6,0,0,2,101,54,0,169,11,11,21,26,46,8,18,191,35,0,0,131,11,0,0,9,6,1,0,215,5,140,32,10,8,334,220,35,323,339,32.71316535588832,-18.578072341781837,-13.916389439566275,-1.6873441467356771,-13.928847283844451,-8.950019231207206,4.1262256244904005,0.8469786600185312,0.655635292862914,0.1902654867256637,0.3117125524965002,1.2479456743715986,-1.0952887797821502,-1.0049507599510452,-0.604071323668861,-0.8081808985860808,-1.9333263114556865,0.21351190689027896,0.22074027962762396,0.0250821554319074,2.036393767143479,-0.2392491219179311,-1.0471726186907224,-0.6372713739871977,-0.3609175632389917,-0.2007230368703079,-0.48821236243952326,0.2021998568731389,-0.1786727127263394,0.4732905982905982,0.1240439770554493
MB-0637,80.6666666666667,False,False,True,75.71,31.0,3.0,0.0,1.0,1.0,0.0,251,0,2,432,82,384,0,171,0,6,0,0,19,0,57,6,33,0,5,69,3,0,0,32,48,4,11,56,16,41,210,160,683,797,72,33,355,158,36.39671033230825,-8.53573192144783,-2.1349496681755085,-13.91155904873474,-5.0863084034453685,-0.9091335901116632,1.604835567642601,-3.751202638816223,-4.37113482018726,0.4367088607594936,0.1013824884792626,2.478078212029613,-0.5162680097419259,-0.5080663938881737,-1.1699250014423124,-0.4704277770472825,-0.2964960487458334,0.1065495321143384,-0.0854872505090305,-0.1553392706344709,4.102482957601251,-0.8515781036475545,-0.5486365685728626,-0.7304243096568588,0.4796675578815569,-0.5616038608740662,-0.5637052776285174,-0.4935852141472994,0.2017456901193034,0.51953125,0.0203595980962453
MB-0641,102.566666666667,False,False,True,56.34,14.0,2.0,1.0,1.0,0.0,0.0,33,28,62,2,1,0,52,5,0,2,0,0,11,0,5,9,148,373,0,31,0,1,0,0,1,7,0,4,0,208,5,47,35,105,5,148,244,498,37.87683606300479,-7.531582541248281,-5.77517150709459,-13.301117022811978,-28.49529411241652,-21.66231408931909,-1.2111760610381728,0.5882495356781172,3.48466339729781,0.0662650602409638,0.6815642458100558,0.7141287667634088,-0.472495394464669,-2.574707046415546,-2.731364291335993,-1.3920157025301478,-1.3992737865504956,-0.8836208162856715,0.1244268490926252,0.2689714096699097,0.7729416626233515,-0.3991191631338887,-1.1823817950216209,-2.6229082560584955,-0.988443938562258,-1.9073104051604008,-0.3248106034204837,-0.8460973736394685,-0.4858652696719868,0.0801075268817204,0.4763092269326683
MB-0642,84.2,True,False,True,79.12,20.0,1.0,0.0,1.0,1.0,0.0,1,0,0,4,0,1,0,12,1346,3,250,3,14,0,31,5,47,0,0,63,5,1,0,0,0,0,0,24,1,100,4,1,5,14,26,47,172,1652,24.3451950741762,-8.453666542213922,-11.50958811176459,-6.8588541430329695,-27.44283989496032,-22.018092406244214,7.368473976965047,4.420988561412463,6.53476675948902,0.0121065375302663,0.8888888888888888,0.1002937225458784,-0.8262450322354754,-0.7241000820136424,-1.1422318868710617,-0.7528509008479963,-1.2319522219274348,2.106108327474401,1.5670405927238935,1.4715757673342826,0.39528279132758454,-0.5988594236701098,-0.6721756410230898,-0.5335517588596852,-0.5343548865817974,-0.5638619773941609,-0.6149128833162878,0.3664214346911613,-1.1269728562577654,0.2231770833333333,0.5723817812590658
MB-0643,19.7333333333333,True,False,True,73.46,60.0,3.0,3.0,0.0,0.0,1.0,2,5,3,40,2,73,0,8,0,0,0,0,8,0,1426,0,22,0,0,11,1,0,0,6,16,16,0,14,4,22,53,21,42,104,18,22,93,1474,34.402582651170256,-27.97514302895143,-4.328894092599524,-29.700993604064283,-28.59639748193533,-17.378165783538165,4.266753909608492,20.836601225182655,21.251778449423757,0.041808005427408396,0.606651376146789,0.1384677736203939,-1.051012950896571,-0.3134041780227053,-2.8476780940179807,-1.161964930297572,-1.5974986697453744,1.1134922643006329,2.262427083138701,1.9058523799050968,0.1643052249901957,-0.7758872923608913,-2.013130195008373,-1.4847855924201694,,-0.9180832936307359,1.300009245586118,0.6055147405385294,,0.0539437109103544,0.46055293324342556
MB-0644,93.3,False,False,True,71.06,30.0,2.0,2.0,1.0,1.0,0.0,0,1,35,0,3,1,0,15,20,554,33,192,34,0,100,78,25,0,6,89,4,0,1,0,1,0,0,28,0,462,14,0,0,19,28,25,569,1055,36.90293503048222,-4.789677742908308,-5.101698183293035,,-41.17017529248686,-9.520476918536,1.43615336646061,,4.956083846066501,0.0191943127962085,0.9047619047619049,0.3531591691162905,-0.544298235047262,-0.4222786202198312,,-0.8444948479142093,-1.062233478238813,0.6723126358239527,,0.5859875061219207,0.2346917986130924,-0.8743574930918454,-0.8523285341857191,,-1.1783415928793768,-1.2490022467391306,1.3686328119311832,,0.9751253313609706,0.0310031595576619,0.7926356589147286
MB-0646,15.1666666666667,True,True,True,67.06,33.0,2.0,2.0,1.0,0.0,0.0,9,8,8,5,17,96,0,120,0,3,0,127,56,0,729,0,84,0,0,167,5,0,1,0,0,1,0,459,0,27,4,3,14,236,459,84,203,933,17.224344227234525,-11.08435640822603,-10.960228169973046,-3.724663123119136,-3.0060513925753365,-6.323574702005074,6.5409516967083166,0.7424045154783492,-2.6161016031926847,0.2845659163987138,0.6194984646878199,0.2702147032581212,-0.4167198191903231,-0.2973149259575959,-0.5616461760920222,-0.1058534523537672,-0.3919219742623697,0.3019139741969259,0.2167087828328653,-0.246116950651834,0.8355208941642452,-0.3956373599223325,-0.6042647376388369,-0.1677671481094671,0.1884483787352388,-1.1449248756058572,-0.17037577321316869,0.3016333326695147,-0.2705289423807182,0.4366228070175438,0.3397632617273126
MB-0650,25.5333333333333,False,False,True,79.48,21.0,2.0,1.0,1.0,0.0,0.0,66,0,0,6,28,11,0,54,0,14,0,12,14,2,35,39,105,0,0,416,1,1,0,0,5,0,0,61,0,87,3,1,72,94,62,105,507,121,42.46271959650564,-7.581091613065818,-4.440766544487579,-8.151678576349198,-18.95625292109141,-9.183874812369035,5.763348342632402,7.059423115957051,-4.951397955623415,0.0785123966942148,0.1603174603174603,2.5257487163101167,-1.4737219823836856,-0.848974011259343,-1.889473542531109,-1.3482953791572754,-1.748171086583717,0.7768927174426618,0.8806710392565963,-0.2886849444484062,2.909772801054478,-0.3260442033595944,-1.5355406964823268,-2.570462931026041,-1.3327365724638611,-1.004480158801169,-0.1840098702991447,0.0655883416275765,-0.0505572708588548,0.1398026315789473,0.1342952275249722
MB-0652,96.6333333333333,True,True,True,85.12,21.0,3.0,1.0,1.0,1.0,1.0,2,1,1,1,54,70,0,92,0,0,0,0,88,6,251,2,32,0,1,40,4,0,8,1,44,7,0,83,0,402,90,13,3,229,83,32,537,409,26.833227901826454,-9.168458317321292,-6.016891621462079,,-18.624167436573742,-4.083505439772994,3.105139502473537,,1.4676703027549836,0.1662591687041564,0.5706371191135734,0.7829012487752338,-0.5348278115000922,-0.5986887964420713,,-0.5779988970364885,-0.582556003014061,0.2982426169800603,,0.0532899774243564,1.7422022425323531,-0.817205569309067,-0.7645016349985481,0.2195399092695436,-0.5413991945500087,-0.3939274151141014,-0.3416746614105266,0.1959311395245423,-0.4384700127402194,0.3043831168831168,0.1972972972972973
MB-0653,24.8,True,True,True,69.95,28.0,3.0,1.0,0.0,0.0,0.0,1,0,125,12,12,34,0,12,0,87,15,476,85,2,1238,7,10,1,26,42,3,2,100,0,0,0,2,34,4,50,55,4,13,62,40,10,150,2164,15.079498404527204,-7.794183057522303,-6.45818173160863,-3.6542920018210316,-17.187048384183285,-9.582291373093062,2.24571427809516,4.567636048879735,6.384410762811501,0.0384126617375231,0.9268897149938042,0.0436711794496664,-0.2805427310087373,-0.2569648873227206,-0.2750771816745944,-0.4154669058159277,-0.8928654071698195,0.7888045256858244,1.6141088463806723,1.0252667586104298,0.0565704130165201,-0.6615807114501301,-0.9174253473566457,-0.2811139251319055,,-0.5836203146629537,2.090257859962904,1.5894084057523483,,0.0341997264021887,0.7541713014460512
MB-0657,30.4333333333333,False,False,True,58.65,100.0,2.0,0.0,1.0,0.0,0.0,20,0,0,5,53,6,0,33,7,25,1,26,41,0,61,50,50,4,0,196,6,0,0,0,2,1,0,83,0,57,7,0,25,92,83,50,266,218,25.337180429391005,-8.729478658105705,-12.961326909707884,-5.518741237309964,-10.385865105857404,-9.24930230358065,5.191560237722446,1.9076829238368578,0.6236456756560335,0.1077981651376146,0.3759630200308166,1.0593939176682454,-0.92875281505707,-1.5250789694051632,-1.2150272104535418,-0.5094132576570887,-1.7334059936469288,0.5711174447223097,0.415976142799846,0.0376981541621765,1.229546038653908,-1.2668279208850317,-0.4672298816645962,,-0.8001778609984773,-1.6974420007886148,-0.21740949731115372,,-0.3833439872894528,0.2514970059880239,0.3359746434231379
MB-0659,23.3333333333333,True,True,True,82.87,45.0,2.0,0.0,0.0,0.0,0.0,0,4,194,0,0,0,0,1,0,0,0,2,423,186,17,0,39,0,45,56,5,11,5,0,0,1,1,6,0,18,81,0,0,1,17,39,160,878,9.101553286775305,,-0.6931699415922741,,-6.968310884739083,-8.701699820070813,,,,0.014664009111617301,0.9777777777777776,0.0691405467532524,,-0.0560840474755327,,-0.181178292716849,-0.57162827441807,,,,0.108920996608989,-0.2182558875776445,-0.9276707469681033,0.0138104860420008,-0.116976553126141,-0.5658196220528784,-1.573495715495609,-0.6803243568440163,0.6875358849104544,0.0695142378559464,0.8509719222462203
MB-0660,18.9333333333333,True,True,True,52.43,160.0,3.0,3.0,0.0,0.0,0.0,1,66,751,8,6,2,0,5,0,0,0,33,61,0,120,0,3,0,13,160,2,59,0,0,0,0,0,53,1,120,11,0,9,13,113,3,293,1044,20.36195388188003,-7.922822453293883,-9.119527576522517,-4.472915746952623,-19.077959197054195,,4.152246886239291,1.3551949491501574,6.298319478437242,0.0646551724137931,0.8700787401574803,0.181319244379103,-1.0340312071037856,-0.3350836089528013,-0.6536634784597842,-0.5212845231664056,,1.0719312121563127,0.7249929525001302,1.197659049194865,0.10059238032004329,-0.6663021281730949,-0.6374521413920423,-0.3577790040742816,-0.5689179279151416,-0.811166536007623,1.685234431007054,1.1466696491420094,1.3197656737367418,0.0346820809248554,0.8300180831826401
MB-0661,20.0,True,True,True,78.78,8.0,2.0,0.0,1.0,1.0,0.0,3,0,0,0,9,3,2,29,66,49,6,150,18,5,79,984,13,0,3,97,8,0,0,0,1,0,0,26,1,227,50,2,3,45,27,13,382,1361,31.661273187475818,-10.95973775796396,-3.963237440758941,,-38.992163477021656,-10.986091118565167,4.801324000267444,,11.595249365620434,0.0275532696546656,0.9015544041450776,0.2204093846066009,-0.6963471636813322,-0.2583908292320696,,-0.9221615947673238,-1.774888404481331,1.4171764100351785,,1.0294809612335294,0.3921254101754934,-0.4398469265203701,-0.4133115057672201,-0.6923610664383065,-0.9951552132650132,-0.9053103590658479,-0.7352396006545826,0.4318057126597358,-1.0744546917393345,0.215016146393972,0.6104347826086957
MB-0662,69.8,True,True,True,50.94,14.0,3.0,0.0,1.0,1.0,1.0,353,242,0,34,95,255,0,396,1,4,0,3,86,1,46,1,151,0,4,112,6,0,40,25,60,0,0,199,4,60,69,143,387,889,203,151,272,488,59.720507838156905,-30.2406629119859,-13.503248449502587,-17.61637164945759,-12.758809232770467,-8.089508744853976,4.662603384826973,1.3216390080124876,-1.5601401888300332,0.244108606557377,0.1806419914837864,1.6886765515381434,-1.2951979211614,-1.3686816605336007,-1.2702704580085966,-1.115872818672253,-0.7975220514549218,0.1868431540782847,0.045595011657906,-0.0586533299041572,2.4501327386378007,-1.2023710751367738,-0.7479840724106702,-1.4106837647053,-0.1363680897034821,-0.9290140498487852,-0.2339991691920755,-0.47793936264049813,-0.1546156113268942,0.3070987654320987,0.0979039891818796
MB-0664,11.0666666666667,True,True,True,78.27,84.0,3.0,3.0,0.0,0.0,0.0,2,262,1,0,21,4,0,16,1,0,0,1,256,0,1211,0,14,0,7,200,0,31,0,0,9,1,0,214,2,24,2,3,2,44,247,14,226,1749,25.14363311474337,-8.599416423910416,-20.12724555274735,,-15.371709575437686,-3.993664212365236,7.73042785874407,,3.3036955749111554,0.0831189251000571,0.8015651201788708,0.1290330996749435,-0.508581953215184,-0.5006588002267146,,-0.3606590170777047,-0.3969888625026579,0.9914341498018812,,0.5738247175321636,0.0999935438907783,-0.5231160307804447,-0.4858198696895062,,-0.4068296754514526,-0.4513183788010527,0.6988526692985646,,1.125006361067033,0.101755617977528,0.7663398692810458
MB-0666,24.3333333333333,True,True,True,61.31,25.0,3.0,2.0,1.0,1.0,0.0,4,1,5,15,47,20,0,96,12,9,1,21,338,36,218,14,52,0,3,176,1,2,0,1,12,0,0,109,0,115,9,6,19,169,111,52,302,670,42.21238506234824,-29.203670224910088,-21.3968505963178,-5.329772425679916,-29.140167731010123,-13.463016629423112,11.992160031794317,6.714327070725422,9.276171866860055,0.0593283582089552,0.3825857519788918,0.712671302410343,-1.9604451297447198,-1.5346229645077492,-0.8335449592018779,-1.2551692068148637,-1.6912696740113171,0.9112445659510062,1.1422921575796858,0.5108216640773657,0.7577371303680536,-1.9837015882233848,-1.669246270270935,-0.8353729013571692,-1.5243270572113246,-1.2918224377323555,0.2612404126160854,0.6563079308209812,0.43517179398546935,0.061046511627906905,0.3399122807017544
MB-0869,112.4,True,False,True,58.83,29.0,3.0,0.0,0.0,0.0,0.0,5,1552,8,21,26,0,1,36,0,0,0,0,218,7,37,0,18,6,68,132,7,31,0,0,3,0,26,93,10,117,28,0,26,63,134,18,284,1925,29.260764579798494,-18.481992781899667,-27.987013798717264,-11.586260270059114,-19.216732583198592,-9.065930263394334,9.220892008626702,4.804214295919737,9.960927344390926,0.0452597402597402,0.6987012987012987,0.1348087784254613,-0.9767073118468788,-0.933332705715936,-0.8906253632094062,-0.43818695994263995,-0.9416185406840649,1.3970726737274473,1.4272379528843708,1.160585092941633,0.1633454914878615,-0.89856074739363,-0.9622484278498618,-1.4359044351747987,-0.2679010956006049,-0.6389286918499717,1.1373592614588404,0.903888107446995,0.5004289905094883,0.080291454442558,0.6016674386289949
MB-0877,14.4333333333333,True,True,True,79.41,35.0,3.0,2.0,1.0,1.0,0.0,2,0,0,2,12,2,0,58,72,1,8,2,124,677,340,0,72,0,10,103,2,0,0,0,2,0,0,43,0,89,35,0,4,72,43,72,229,1236,27.147826546071283,-22.96521023035206,-12.822783147138702,,-18.661138294856777,-23.454016724407627,15.131346542281223,,9.14917253231151,0.0339805825242718,0.6563573883161512,0.18977620044854332,-1.1996013065969198,-0.8098758731948074,,-0.5130907609859577,-1.526458708983646,2.0941870190482343,,0.8926529161099322,0.20640895850803093,-1.245249354155922,-0.7279969913534405,-1.061920171943467,-1.6961618320981398,-1.8101712306622562,1.487773113486043,-0.08859392326898842,0.762695869259624,0.0542949756888168,0.7
MB-0880,1.23333333333333,False,False,True,73.64,30.0,1.0,0.0,1.0,1.0,0.0,1,13,0,0,1,0,0,3,0,265,1,127,13,0,41,14,27,0,1,94,6,1,0,0,0,0,0,6,0,34,12,0,1,4,7,27,146,475,28.11312456144369,,-5.386896626259071,,-31.26665282375217,-18.772172852384568,,,,0.005,0.875,0.3071120101633628,,-0.9914084667647888,,-1.2166071336047104,-2.7151089134346504,,,,0.1865151045597977,,-1.37008676421744,,-1.4947430457501194,-3.1172332768171778,,,,0.0190548780487804,0.6053639846743295
MB-0882,42.3666666666667,True,True,True,73.39,47.0,3.0,0.0,1.0,1.0,0.0,5,3,0,2,13,3,2,36,521,11,110,130,125,57,393,8,34,1,154,198,19,0,0,4,10,1,0,54,0,153,70,1,7,55,54,34,444,1524,30.3630762048512,-13.466636049477838,-10.40890223004678,-0.2566502995212743,-30.231548477012797,-17.588682421955166,1.9504964518350527,2.535234487851537,9.041910520191257,0.0323982939632545,0.8589981447124304,0.2000367816726634,-0.8676519532230358,-0.6187354157757021,-0.0315520365258261,-0.5806342073806392,-1.928353985289399,0.588573754273535,1.2486791128567236,0.8880784098657017,0.1397377202296832,-1.0324861348447607,-0.6741262269172744,-0.7066533350948625,-0.8743288393375009,-1.3576131992922629,1.5368259796768862,1.577766999316952,1.3635071986387617,0.0546640671865626,0.7748953974895397
MB-0884,93.6666666666667,True,True,True,56.47,23.0,3.0,3.0,1.0,0.0,0.0,0,1,61,2,0,2,0,1,26,1101,4,320,24,79,130,81,27,0,51,52,11,2,0,0,0,0,0,10,0,77,20,0,2,3,12,27,160,1878,22.99806849649997,,-8.651127749168028,,-26.266781620827416,-17.26325669576747,,,,0.003727369542066,0.9456521739130436,0.0621291885490828,,-0.6978175625511683,,-0.5950129185754565,-1.003634943066225,,,,0.061991662473392294,-0.3597934773111425,-0.502300645734638,,-0.5799172537419497,-1.169154525661886,-0.1498374262269354,,-2.358255586705128,0.0486906710310965,0.8333333333333334
MB-0891,149.4,False,False,True,83.68,37.0,1.0,1.0,1.0,0.0,0.0,1,0,0,0,4,0,0,9,0,120,0,30,40,1,62,23,205,0,1,516,13,19,0,0,0,0,3,9,6,47,1,0,1,13,34,205,577,280,43.2240207198135,-4.206736077483276,-8.076412356589888,,-30.521728553276404,-14.915082977512148,0.1074317704376789,,4.311487314120675,0.0066964285714285,0.3278688524590163,1.5582974922027957,-1.6371465062531525,-2.735612433172001,,-1.3359806816744408,-1.2773450602786776,0.0603972796439563,,0.4715691563964772,1.169957572159042,-1.5345596846083163,-2.1972597537467484,-3.121512796257066,-0.8736569830718418,-2.038576651452323,1.0169762999873275,-1.508428652531857,-0.1887007538492582,0.0355113636363636,0.2532110091743119
MB-0893,175.633333333333,False,False,True,57.41,28.0,3.0,1.0,0.0,0.0,0.0,13,1,1,0,10,1,3,46,0,5,0,43,266,55,182,0,29,2,109,329,15,0,0,1,0,0,0,59,1,30,3,0,13,60,60,29,378,664,36.4206691666639,-18.93124370699269,-8.284244545974557,-9.558174922167732,-40.85847416898211,-9.64279430333826,1.1609065099807725,7.725377475616777,14.785103888284645,0.0429216867469879,0.594847775175644,0.5724176830419004,-2.5110335508178667,-0.611410865686246,-3.4576818366873376,-1.432212216862952,-1.1774026709896688,0.2402175341085277,1.8593522068451585,0.9451830887154361,0.4754360336142472,-3.296457407371244,-1.130708296962975,-3.500802053057157,-1.5727449030951317,-2.909704539873828,1.250697103684718,0.2344652536370229,0.5088595216353646,0.1248006379585326,0.4597912829957029
MB-0897,30.9666666666667,True,False,True,41.32,46.0,2.0,1.0,1.0,1.0,0.0,0,0,1,0,2,0,0,8,0,616,0,39,16,0,81,109,68,0,0,282,6,7,0,0,1,0,0,10,0,32,24,0,0,10,17,68,344,863,11.35752918378191,-0.3345266339128585,-4.303768507603795,,-7.087442164819062,-9.597759974153488,0.7103071769650366,,0.9975251252648814,0.0162224797219003,0.9705882352941176,0.1171731092819509,-0.0393168679643255,-0.4505910319251888,,-0.1593242167251815,-0.5261931520697383,0.4540316308947074,,0.23183393152385254,0.0411004498236548,-0.0367274149310099,-0.3963146608998723,-0.3007893278292119,-0.2908492640083609,-0.48026512205446287,-2.0513721017210256,-0.6461626571578937,-1.6028844087184189,0.0324889867841409,0.9116883116883115
MB-0899,175.8,False,False,True,50.62,25.0,2.0,1.0,1.0,1.0,0.0,6,0,1,2,44,8,0,89,0,114,8,299,188,1,338,3,48,0,11,332,2,0,0,1,3,0,0,161,0,318,10,0,8,141,161,48,663,966,30.819781644106065,-14.725926856099273,-10.473541510446395,-3.750224050048443,-26.51608247788578,-11.949558582624984,6.914502298424297,1.339542870875934,6.73420913501234,0.0958850931677018,0.7125,0.4657990613659613,-0.811295867526708,-0.5297952449290707,-0.8429788317883256,-0.5817828799216436,-1.314611232266514,0.6879888038640778,0.5753764518919582,0.3604687892109648,0.40406970337961373,-0.8356158170598925,-0.8326459580167153,-0.6085309718595608,-0.7138513982534931,-1.2560042037662649,0.564101520351754,0.06945188075214488,0.4358185420119837,0.1450140449438202,0.5778894472361809
MB-0901,136.166666666667,False,False,True,68.19,33.0,3.0,1.0,0.0,0.0,0.0,4,16,17,18,18,14,0,52,0,1,1,55,1291,2,590,0,17,0,38,171,3,0,0,0,3,0,0,281,0,24,8,0,22,84,281,17,206,2014,34.2487978837085,-20.42481793820709,-34.299574983337074,-12.62148863885094,-19.54825477396157,-6.692180582084456,17.104810787328894,2.812655542568624,5.757995577662983,0.0802507447864945,0.6703246456332876,0.1583364722844993,-0.8986085754690858,-0.7971372956497602,-1.329841176530627,-0.47975101953430915,-0.6647288241744668,1.4738421358314806,0.9673953345680723,0.824400080839823,0.213318530889106,-0.9931560644541216,-1.0438228602373123,-0.8867939899752892,-0.5215108646150624,-0.4723286126517389,0.8446875391655803,-1.8777442499490022,1.485578697799456,0.103315649867374,0.5569852941176471
MB-0904,144.7,True,False,True,83.01,22.0,2.0,1.0,1.0,1.0,0.0,0,0,0,0,0,0,0,6,28,76,31,401,73,5,448,16,11,0,9,111,0,0,0,0,0,0,0,18,0,216,7,0,0,6,18,11,334,1087,24.927753687765065,-3.615872412073378,-3.106441842689043,,-26.14554790426275,-8.085268055560652,0.4231976756909763,,4.142156515114105,0.011499540018399201,0.9489051094890512,0.18148218363001523,-0.5955718585240217,-0.2710463567745963,,-0.6026569489359804,-1.2122391757014706,0.24297675349254036,,0.971974953048558,0.127080078649179,,-0.7176396753248951,,-0.7465254579219758,-1.0044104918574406,,,,0.0154941373534338,0.8736059479553904
MB-0906,63.8666666666667,True,False,True,70.6,28.0,3.0,0.0,0.0,0.0,0.0,18,2,74,208,16,25,0,23,0,0,0,366,43,0,269,2,9,1,6,101,1,10,0,1,2,0,0,79,1,22,3,0,226,64,90,9,128,765,50.3585542703476,-17.885321595750042,-20.65562340366033,-42.711237024002905,-26.28997230849589,-7.723303705085476,12.148559321894709,9.033401385519689,3.1728102721258025,0.0598039215686274,0.2556026650514839,0.6035673375385914,-1.6679540377151012,-1.3883295341723958,-3.261742352382909,-1.657463320886095,-2.0544143879173067,1.4874650121679036,0.8557790946348993,0.4796850817349583,0.6075230047135126,-3.0522617450744884,-3.0608756530506667,-3.0137341110338287,-3.6963029995924894,-4.319949251218943,1.1441775296732442,0.8365012677171205,1.3618832452651473,0.02269820971867,0.1977611940298507
MB-2513,59.7,True,True,True,57.96,20.0,2.0,0.0,0.0,0.0,1.0,49,1,1,3,23,50,0,24,0,0,0,0,13,6,1,0,69,1,0,172,1,11,350,0,12,0,0,70,2,140,68,6,52,103,83,69,381,385,31.113305805405478,-16.088132570008135,-13.57435989827128,-10.463234157659004,-13.913146036460455,-8.792956123510733,5.700205078303177,19.77863216781053,-8.457616002820362,0.0652597402597402,0.2750845546786922,0.861445798245314,-1.7545700425866813,-1.6462935957990277,-1.5687030867220468,-0.5043169004005873,-0.9936192343822987,0.6952942756391965,1.7719314624259,-0.6096260369218351,0.4830577179427582,-0.9423030509607104,-1.0641766343438035,-2.4408480022300187,,-0.9130017274348338,0.1561039020510022,0.338029339849328,,0.1815677966101695,0.4326180257510729
MB-2536,47.9,True,False,True,54.11,15.0,1.0,0.0,1.0,0.0,0.0,5,13,1,5,34,3,0,164,0,34,0,30,229,27,84,464,69,2,33,162,7,0,0,0,12,0,0,49,1,291,193,2,10,203,50,69,653,929,35.07743036593659,-15.989190832967273,-10.048239652724265,-3.329008169210013,-26.32195188662397,-12.293523015359238,10.586930613951898,4.246214593198102,4.576145284079434,0.0733315392895586,0.6758349705304518,0.5340942993622351,-0.7175113255040714,-0.9518796643799544,-0.6801635840081797,-0.6349941045548754,-1.1567155105605953,1.2283738490182143,1.1919582438228349,0.19969456199086,0.849378543392133,-0.4425086866807575,-0.9114021637556649,-0.8374947821296016,-0.8701071401117765,-1.248319363800008,0.0347106359803066,0.2984509430569292,-0.6683320248869506,0.2432042833607907,0.4614597544338336
MB-2556,180.0,False,False,True,62.59,20.0,2.0,1.0,0.0,0.0,0.0,616,3,0,9,10,7,0,128,0,0,0,0,32,1,19,4,36,0,0,43,1,0,0,1,9,0,0,53,0,22,56,8,625,153,53,36,123,68,19.454861820680694,4.248920167816732,0.2619908157072519,-15.143062521233777,-0.3622091137163894,-0.20101911377144,3.160782226873713,-8.342898077937464,0.9033622072828956,0.5165441176470589,0.0947609504723733,2.267939153290397,0.4325324327331182,0.0602203052765987,-1.0911049851187693,-0.0573648417030313,-0.057529041261525,0.3913920542469302,-0.3411977316331144,0.084714036057799,1.4540316308947074,0.7517963990920012,1.053893007995202,-1.6606852729155948,-1.4931349223055048,-0.5665716406267607,1.2631393329250715,-1.5943029749364337,-0.3248437022456274,0.675,0.0119453924914675
MB-2564,180.0,False,False,True,52.98,10.0,1.0,0.0,1.0,1.0,0.0,0,6,12,0,3,0,0,16,13,863,2,145,76,16,80,17,142,1,5,83,0,0,0,0,0,0,0,5,0,76,50,1,0,20,5,142,209,1236,41.24011569472124,-12.167712454867823,-5.794344268844129,,-39.48177343862672,-39.45561569136857,2.206093340293415,,9.28298532396146,0.0049555016181229,0.9113924050632912,0.2709119965607164,-1.2526558117788318,-1.2554000179372815,,-1.3477101745365587,-2.2733412143061047,1.0,,1.4410165658596772,0.2429791690738062,-0.3088130296645619,-1.0614603325342653,-0.6539771786363366,-1.2290725434303766,-1.195855571652663,-0.40040781052696506,-0.4098757941630649,-0.1061528645315812,0.1604251012145749,0.7596002104155708
MB-2610,180.0,False,False,True,58.99,25.0,1.0,1.0,1.0,1.0,0.0,0,18,118,0,1,0,0,1,0,571,0,120,23,1,13,82,12,1,2,59,0,0,0,0,0,0,0,1,0,118,10,0,0,2,1,12,187,949,15.915872105136478,,,,-17.497122621601036,-6.894509537883143,,,,0.0018440463645943,1.0,0.0997771334513352,,,,-0.46553583507342083,-0.7590395921059644,,,,0.1341009688170555,-0.3351514786541711,-0.4173124577775787,,-0.475738760290244,-0.4906155646515964,-3.2932723783911837,,-2.428946344769483,0.1641304347826087,0.7302752293577982
MB-2614,64.9333333333333,True,True,True,43.72,15.0,1.0,3.0,1.0,1.0,0.0,2,3,0,1,15,17,0,19,0,217,0,409,97,6,269,25,493,0,10,147,7,2,0,0,4,0,0,108,2,131,3,1,3,52,112,493,288,1040,30.62621396106241,-6.15000887019569,-6.985890075839508,,-14.383603206713396,-25.94532350105851,3.848737117697481,,3.532703789385047,0.0611778846153846,0.8288543140028288,0.3896551992350524,-0.5388632979892413,-0.3595047945576059,,-0.4885128865765342,-0.7274035385667955,0.788468571295319,,0.5052448059448904,0.5289694502557271,-0.7334685185285628,-0.6057170495538836,-0.5976056608928341,-0.9005682965604576,-0.4708776896944311,0.1413405197724012,0.3777637530339813,0.5457418386853649,0.2254540295119182,0.5360070257611241
MB-2616,180.0,False,False,True,65.07,18.0,2.0,0.0,1.0,1.0,0.0,76,49,2,14,71,8,0,78,13,22,0,15,43,7,27,0,94,2,7,241,15,0,0,0,4,0,1,93,0,343,279,0,90,157,93,94,878,192,43.25001643943218,-8.795982725299144,-6.268291671078517,-8.367894390671086,-18.56633383558291,-7.131897778279302,8.382694157982591,6.953906995279598,-5.199312208892648,0.0859375,0.1773809523809524,2.1642714791232054,-1.179314446921444,-1.2811542008131769,-2.0419034056999896,-0.7477983367046983,-1.2242767794482483,0.8817812418830422,0.7809588524988528,-0.1760031250048604,2.3996657295739223,-0.8536775002579143,-1.2364719329503229,-3.1653760195235496,-0.48554950010436515,-0.8302440544773648,0.091196372638185,0.24998188015317327,-0.8814153478619038,0.1521317829457364,0.1263084438241451
MB-2617,89.1,True,True,True,63.3,18.0,3.0,0.0,1.0,0.0,0.0,8,1,3,2,11,1,0,29,1,16,0,28,72,5,51,326,23,0,10,148,6,1,0,0,2,1,0,25,0,150,97,0,10,41,26,23,401,516,22.793405338484483,-9.170308715411108,-5.589605984043923,-6.714967922215586,-19.28022853567966,-6.110744221549574,3.99854225276901,3.664960399576417,5.388344630805312,0.0373062015503875,0.7459016393442623,0.4468672763974285,-1.0128293600197555,-0.7321811793043028,-1.6816741417928331,-0.5678081326994027,-0.8663805086282593,1.0753818118421374,1.3023879084917172,0.4085920900136615,0.8937209341251939,-0.726905663167861,-0.5297600141875579,-0.7545586453029408,-0.4862480036406169,-0.31759350462347136,-0.3076510725507155,-0.0617469129082511,-0.6947804883611264,0.3219696969696969,0.3476987447698745
MB-2629,180.0,False,False,True,61.22,15.0,3.0,1.0,1.0,0.0,0.0,1,15,0,1,1,2,0,9,41,0,0,4,178,21,178,45,80,0,5,70,0,2,0,1,14,825,0,21,0,115,10,4,2,16,23,80,196,1326,24.52406324629017,-9.681370097246749,-5.938331039285669,,-30.306712149707053,-15.211594705784265,1.2928092775892581,,8.213780573179921,0.013574660633484103,0.9471153846153846,0.1343909304391703,-1.00097776692383,-0.4001936520398234,,-0.833524694567615,-0.6477272139286535,0.6665762662748084,,1.5466343820620567,0.6560888620666984,-0.5246708559836577,-0.45651944512760473,,-0.7560086335317683,-0.7545575416302226,-0.5648054592980895,,-0.454764898569187,0.3125,0.4625243800501532
MB-2645,44.7666666666667,True,True,True,69.45,27.0,3.0,2.0,1.0,0.0,0.0,180,2,0,125,75,47,0,215,0,0,0,1,23,4,98,0,28,1,0,441,1,1,0,8,71,534,0,107,2,90,59,22,305,359,110,28,599,734,74.68811441313446,-32.93463917596426,-16.081802669538295,-33.609943769620216,-51.39317733008148,-10.167105573391416,7.699260390796795,14.57172353099758,7.132659127621796,0.0732288828337874,0.1773023930384336,1.3607734014908195,-2.192737460681254,-1.740749453053137,-2.708111108373554,-3.589016331451008,-3.4496439062937534,0.6078011228605279,0.6516708005335683,0.238921176441217,1.2442073546893997,-1.985987814283576,-1.828170667982356,-2.589055774333332,-2.7405311187135446,-3.206070116034515,0.1765356615313427,-0.2234556253881518,0.3040317043792164,0.1282733224222585,0.1749881122206371
MB-2669,73.7,True,True,True,62.56,24.0,2.0,0.0,1.0,0.0,0.0,1,0,1,0,0,1,0,3,0,32,0,218,17,0,9,1,20,1,2,37,8,0,0,0,0,0,0,21,0,127,6,0,1,4,21,20,178,281,14.55363892421716,,-8.339337719358014,,-13.701543762806072,-6.1912196888252025,,,,0.0244661921708185,0.7560975609756098,0.3741258189914921,,-1.2899655835126795,,-0.6156567794902015,-0.8090027749390863,,,,0.3128188943465674,,-1.003319741579436,,-1.0250287944915224,-1.692969127226594,,,,0.0832066869300911,0.5980629539951574
MB-2686,177.266666666667,False,False,True,68.76,17.0,3.0,1.0,1.0,0.0,0.0,45,3,3,71,39,14,0,75,6,20,1,61,837,55,77,23,26,1,31,354,4,3,0,3,22,0,0,76,1,73,44,2,116,130,80,26,478,1140,50.90265949912772,-19.090722645653987,-12.782394887873014,-20.49292268981391,-50.68424649892906,-6.529927816100699,7.994552810870043,7.712638923994799,10.451567083167005,0.0725877192982456,0.5690647482014388,0.5475696634523671,-1.019498290029327,-0.903526917008096,-1.3191237890812062,-1.9336600589592852,-0.7186158115004282,1.0616012814170606,0.9098761772865928,0.6019470248882084,0.48005339087542453,-0.6621886170430938,-1.052732748332021,-1.088605824680391,-1.1900431961802211,-1.212819437671037,0.0365258760251141,-0.0446761436073994,0.3983985571650547,0.2144320843091335,0.5051753881541116
MB-2708,133.233333333333,True,True,True,66.36,15.0,2.0,0.0,1.0,1.0,0.0,5,1,1,4,59,39,0,151,0,0,0,1,89,1,57,0,38,0,2,461,2,0,0,1,0,0,0,316,0,28,2,9,9,258,316,38,494,152,39.96832898170391,-16.05601360537852,-16.296237690756445,-3.301507952425393,-4.257836664144644,-6.2440881196084215,4.301212348750771,4.05695254737058,-11.22728137482341,0.10444078947368418,0.0812127774769897,2.271167573744897,-2.350901306753737,-1.8622447340590542,-3.4867143730307015,-0.2089487751605721,-2.8225602091916424,0.2036387041359754,0.8571781558840724,-0.46583979926609764,2.5902751495698806,-1.9045732990663753,-1.171512233992856,-3.823749360308273,-0.3047891516982145,-0.5257109560187507,-0.6816346713303466,-0.0356239097307213,0.022485770751792,0.2930327868852459,0.0865650969529086
MB-2718,180.0,False,False,True,47.94,20.0,2.0,1.0,0.0,0.0,0.0,1,99,7,0,9,0,0,14,0,11,0,80,145,8,167,4,86,0,13,332,8,0,1,0,0,0,0,56,0,209,40,0,1,23,56,86,589,535,23.14429124486269,-3.4941975122505298,-9.543164042547335,,-21.08125446173347,-8.224210658278043,-0.0221083384157968,,4.070447445807606,0.0317757009345794,0.6929460580912863,0.5810726618605689,-0.4980481991225065,-1.0385644959528326,,-0.5159958566710477,-0.6941501131262117,-0.0093471722592526,,0.4177775209690841,0.8033902573092147,-0.3738011239928674,-0.7446061486078002,-0.4696492166052872,-0.4251889024746417,-1.0235822028652166,-0.2633245739295389,-0.3375072208581294,-0.602225840470188,0.1684931506849315,0.4697535474234503
MB-2721,180.0,False,False,True,44.82,9.0,1.0,0.0,1.0,1.0,0.0,5,0,14,0,38,0,0,63,0,1,0,0,39,0,28,0,93,0,2,550,33,198,0,0,0,0,0,22,2,134,11,0,5,101,222,93,728,84,23.40001996730714,-3.27040885319056,-1.5695169642197695,-1.717361811249848,-9.907222814148591,-4.341533003621274,0.403821176643844,1.070360641899368,-0.0210858013812932,0.1934523809523809,0.20963541666666663,2.336008367902671,-0.6664157575230446,-0.1860985333654701,-2.053111336459563,-0.5227781644770142,-0.9464290221491904,0.0371247176659597,0.5072311974885902,-0.0008538017471583999,2.3646325458416007,-1.7966111502295488,-0.1505912229601392,-0.1147834472498513,-0.3164114956127454,-1.1020281793673143,-0.2846637438469813,0.0783213245382429,0.030475678271408995,0.3834745762711864,0.135795763172189
MB-2728,51.4,True,True,True,28.62,40.0,3.0,3.0,1.0,1.0,0.0,4,162,0,0,1,0,0,27,0,0,0,1,110,3,7,0,155,0,20,376,0,0,0,0,0,0,0,3,0,51,7,0,4,28,3,155,434,303,32.9269872091153,-5.876792190997652,,,-22.2506635764782,-18.535900923926476,,,1.8786822430485008,0.014026402640264,0.8846153846153846,1.0697633606428036,-1.0069450987235635,,,-0.7830956566127972,-1.6736317979375972,,,0.1825208606686885,1.3407091590527451,-0.7140956194852109,-1.2532329385380316,-1.4096172234945907,0.049012709045948,-1.5156263353700814,0.8690691301735514,0.22179142360191242,-0.42909517594936275,0.0140374331550802,0.7027027027027027
MB-2730,133.733333333333,False,False,True,61.99,35.0,3.0,2.0,1.0,0.0,0.0,1,0,6,0,13,2,0,17,22,223,0,281,10,1,169,398,28,2,6,152,5,0,0,0,0,0,0,17,0,27,17,0,1,32,17,28,201,1118,10.158341695421957,-5.625428261661825,-1.152085219712171,,-11.46942643503179,-6.602880424672833,0.9778202848447263,,2.38041788922926,0.0295169946332737,0.941717791411043,0.0646047893143568,-0.3244836893719773,-0.0787747100920255,,-0.2732657615430723,-0.4233733584469081,0.4376558019408626,,0.4051102668035271,0.0057465510444871,-0.0354639568461526,-0.23857159301441838,,0.0722245591222564,-0.5305863126909975,-0.6959938131099002,,-0.189033824390017,0.0135211800302571,0.9696969696969696
MB-2742,24.9,True,True,True,48.25,15.0,3.0,1.0,0.0,0.0,1.0,420,3,0,46,99,14,1,80,0,0,0,22,74,0,152,0,56,0,2,333,1,4,8,0,4,0,0,195,0,50,10,1,466,195,199,56,394,265,51.72608611823792,-11.006197314781277,-9.518115634547431,-24.9619167590414,-13.939811703728283,-9.963959282840364,8.045694029026583,-6.031334604134293,2.854622006978629,0.1886792452830188,0.1301391035548686,2.037127788239681,-1.3144825835172071,-0.9716035933000029,-2.3092564888834604,-1.0633019892695554,-3.8841094513592296,0.566721624108646,-0.3287221398254256,0.1576341288737429,1.9618660574186118,-1.2568034726175192,-1.068936694591043,-2.542841732246842,-1.4158262574729137,-3.188534189738828,0.4193958116418514,-0.435723830876952,0.0379609802389922,0.1924273858921162,0.1232564759464844
MB-2750,145.433333333333,True,False,True,47.48,30.0,1.0,0.0,1.0,0.0,0.0,57,172,2,3,62,3,0,81,0,21,0,286,92,2,43,3,65,1,16,238,3,3,0,0,0,0,0,44,0,71,22,0,60,146,47,65,334,638,52.59119703147389,-28.81898019454263,-18.186022509922427,-20.083965816720152,-40.67168804647357,-15.615818202615523,13.682380672780557,13.258994564459229,12.689507420845414,0.0154780564263322,0.1349431818181818,0.85360725437605,-3.3227366518510935,-4.029928518207915,-3.840940210413744,-1.7819536773663829,-1.5191461242453244,1.4886713093870012,1.3650504595330104,0.6470263993169493,0.6943765112594767,-3.5959373843131988,-1.7514795907395957,-3.9475726544115264,-1.250971917768949,-2.1734974057805374,1.1483160639613892,1.4839848529963355,-0.2036889826580398,0.0246335504885993,0.2054958183990442
MB-2752,81.9333333333333,True,True,True,51.36,35.0,2.0,0.0,1.0,1.0,0.0,0,7,325,0,2,0,0,17,7,2,5,34,168,33,234,7,54,0,9,470,2,1,9,0,0,0,0,0,0,45,0,0,0,19,1,54,517,840,25.917359905035266,-7.078076518125526,,,-26.78511012163596,-9.557013253178866,,,4.864246978385032,0.0075892857142857,0.8805970149253731,0.3284169599416789,-0.914139263346162,,,-0.6510171594179811,-0.7325640873840014,,,0.6515043121084322,0.0670297421405013,,-0.0255538404588821,,-0.3991147952618892,-0.4661892951262948,,,,0.0076824583866837,0.9714285714285714
MB-2758,35.0,True,True,True,38.16,45.0,3.0,2.0,0.0,0.0,1.0,226,30,2,8,62,0,0,76,0,0,0,4,55,1,17,0,22,0,6,322,23,36,116,0,5,0,0,66,0,245,123,0,234,138,102,22,713,236,36.94125946093042,-9.257430895750623,-7.114352862674453,-9.32284160985698,-24.727856242631084,-5.046820550336384,1.0525952819034985,-0.5994861292224084,6.367684574154413,0.173728813559322,0.2731481481481481,1.8283086760911829,-1.3140849735663331,-0.8917002678394775,-0.8784326248395858,-1.0953416401642313,-2.074462620704536,0.1454457409137473,-0.046595827271592,0.2598516461884526,2.209678804341947,-1.7001226074593254,-1.155956629464385,-1.4459708804530362,-0.7311832415722002,-2.2853405639106,-0.0336836924630225,0.0491943315861746,0.370442026069446,0.220125786163522,0.135030198446937
MB-2769,160.0,False,False,True,59.9,15.0,2.0,0.0,1.0,1.0,0.0,0,8,4,0,0,0,0,0,0,4,0,103,1339,163,820,104,2,1,5,3,0,0,0,0,4,0,0,0,0,0,0,0,0,0,0,2,3,2555,0.8383937547934088,,,,,,,,,0.0,,0.0002266829980552,,,,,,,,,0.0182589998961564,-0.4463364442311871,-0.0687229170322694,,-0.11497532315817238,-0.46497455175606645,-0.5533605033353275,,1.239322817286325,0.0237109744560075,0.9620253164556962
MB-2770,180.0,False,False,True,60.32,45.0,2.0,2.0,1.0,1.0,0.0,3,0,855,0,2,0,0,2,0,0,0,0,21,0,1,0,48,0,1,51,4,483,0,0,0,0,1,0,0,16,0,0,3,4,483,48,71,879,12.650398953250493,,-8.085997141978698,,-12.024230285439458,-10.67254150426917,,,,0.2804323094425484,0.7339854843799306,0.1783356759585793,,-0.1739728028219064,,-0.7890618483379962,-0.8605808596881762,,,,0.0693174083321615,-0.9519607287811294,-0.3744198717648897,-0.2409344022618267,-0.2033846020733715,-0.5635524094099361,1.5168649843377475,1.2644778227034623,1.1272806640338189,0.046078921078921,0.889513108614232
MB-2771,44.8333333333333,True,True,True,56.79,16.0,3.0,0.0,0.0,0.0,0.0,0,1215,0,0,0,0,114,0,0,0,0,1,85,12,10,0,17,192,35,28,0,0,0,0,0,5,0,0,0,215,9,0,0,114,0,17,252,1555,20.89478412243675,-11.632542822731873,,,-20.490161192932863,-13.974939005754162,,,5.929677676797639,0.0386655948553054,0.906515580736544,0.1062930870957886,-0.3833338911619609,,,-0.4656961296416964,-1.6501901234967753,,,0.5318335178030571,0.1655158946508111,-0.3748076544903109,,,-0.399078524759543,-0.9064141985981682,,,0.5367451700067317,0.0068202146690518,0.974025974025974
MB-2772,150.733333333333,True,False,True,54.4,17.0,3.0,0.0,1.0,1.0,0.0,0,1,1,0,0,0,0,10,0,16,0,276,222,5,792,24,24,0,10,43,2,1,0,0,0,0,0,0,0,20,0,0,0,10,1,24,65,1347,3.9526803433271054,-1.880999738772065,,,-4.767038685305872,-3.792356653670786,,,3.0890083444744323,0.0071455085374907,0.988095238095238,0.0133046497562227,-0.1437115599050883,,,-0.1594824674298643,-0.1988472706960863,,,1.1725504708491357,0.0077351788938697,,-0.1449980602968592,,-0.0872872490184384,-0.415145159070759,,,,0.0094924812030075,1.0
MB-2774,131.666666666667,True,False,True,66.06,35.0,2.0,2.0,1.0,1.0,0.0,1,0,76,0,2,0,0,22,0,5,0,64,93,11,380,36,44,0,1,298,3,1,0,0,0,0,0,0,0,191,1,0,1,24,1,44,493,666,43.39540031301472,-14.463162659155993,,,-41.834729533434285,-18.65470758864053,,,8.880934590332057,0.0035660660660660004,0.4791666666666667,0.6672057528332268,-2.885861427874152,,,-1.2890296143667384,-3.9222612900551312,,,0.8007836937228073,0.430360530535141,-1.9814873677982616,-0.3195904099937541,-0.5305147166987798,-1.5185001692195803,-2.316507819103109,-0.5410191531335592,0.1803318165035444,1.308912559048106,0.010625965996908801,0.8818897637795275
MB-2781,40.4333333333333,True,False,True,64.32,30.0,2.0,1.0,1.0,1.0,0.0,0,2,3,0,0,0,0,1,0,1,0,101,266,6,506,0,12,0,10,224,1,0,0,0,0,0,0,0,0,66,2,0,0,1,0,12,293,895,16.5473167262036,,,,-17.574486749983752,-8.970145542379912,,,,0.000558659217877,1.0,0.1410026562635867,,,,-0.4292876879575565,-1.4777636622076769,,,,0.0827292364473157,,-0.3650736393613999,,-0.7159022968730913,-1.5416800303970115,,,,0.0103187042842215,0.96
MB-2786,68.2666666666667,True,True,True,62.36,28.0,3.0,1.0,1.0,0.0,1.0,0,0,3,0,0,0,0,2,0,16,0,475,21,0,9,1,55,0,0,157,4,1,1,0,0,0,0,13,0,111,0,0,0,2,14,55,272,526,22.42047807151265,,-6.020145930604591,,-19.84275261591336,-11.518554815232276,,,,0.0083174904942965,0.9411764705882352,0.3755871609362629,,-1.0257375614136082,,-0.68331050416196,-0.7679310972022604,,,,0.0977141333595168,,-0.892497391898698,,-1.0811506817322147,-0.6327852178490303,,,,0.0341539528432732,0.731829573934837
MB-2791,180.0,False,False,True,40.79,17.0,2.0,0.0,1.0,1.0,0.0,2,91,9,1,3,0,0,56,3,57,0,212,506,14,130,5,64,0,124,446,14,0,0,0,0,0,0,4,0,230,48,0,3,59,4,64,738,1151,44.19305039072671,-10.779229702285257,,,-46.77547181320316,-13.977349478793633,,,7.671639497190768,0.0168331885317115,0.8773584905660378,0.4832195318933302,-0.8316402325924823,,,-1.0405250403524489,-1.0948283136998824,,,0.5449774871733726,0.3952336052995898,-1.2065710970450876,-1.1634987322828794,-1.3867578974368595,-0.8823142393456859,-1.0362996730531766,1.0,0.9139927112937326,0.795971857449545,0.0280963302752293,0.7167019027484144
MB-2792,110.766666666667,True,True,True,50.38,35.0,2.0,1.0,1.0,1.0,0.0,2,1,33,0,2,1,2,33,0,40,0,1289,46,0,99,25,12,3,11,94,2,8,1,0,0,0,0,29,0,108,27,0,2,38,37,12,231,1548,7.669376516571607,-4.794147388224215,-4.4691380310296775,,-8.434863350034615,-0.7522677413481764,2.942659343022845,,5.701604148061398,0.0356912144702842,0.9488188976377953,0.0352789452212584,-0.23832444909265751,-0.2153150933030267,,-0.17958944868609447,-0.0602508811018144,0.978046558895951,,0.8867440224967423,-0.0003483360079288,,-0.0700330629085061,,,,,,,0.0083288190682556,0.950354609929078
MB-2796,87.7,True,True,True,57.94,20.0,3.0,1.0,1.0,1.0,0.0,0,0,13,0,1,0,0,8,20,166,116,248,355,3,354,3,39,0,13,201,7,0,0,0,0,0,0,2,0,289,0,0,0,9,2,39,497,1291,14.165457635935736,-1.2244095030501272,,,-17.028933038827816,-3.09604705135567,,,0.8203744991912384,0.0049380325329201995,0.9666666666666668,0.113303142039837,-0.1453012144734898,,,-0.3135195883477374,-0.1799072559822532,,,0.205704113278296,0.11129006168129839,,-0.3865844847413603,-0.5606209034922824,-0.2895509375530791,-0.3152602829016449,,,,0.0304752066115702,0.926829268292683
MB-2801,180.0,False,False,True,70.35,13.0,2.0,1.0,1.0,1.0,0.0,0,0,1,0,2,0,0,8,36,2,0,19,93,332,230,129,34,0,8,140,0,0,0,0,0,0,0,6,0,49,5,0,0,10,6,34,194,850,11.040780000606292,-1.7330576147926444,-1.495250106250083,,-10.141750963054813,-6.411513844590014,-0.6793136287938016,,3.4518372630778327,0.0127941176470588,0.9903846153846154,0.0963949431248424,-0.1757423280376265,-0.2051679115839531,,-0.2791425000783783,-0.3806598304443307,-0.5310694927259543,,0.749038426466781,0.0335226092795687,,-0.2165853719994654,,-0.0652537384481704,-0.384169966295574,,,,0.0616007194244604,0.9187898089171974
MB-2820,180.0,False,False,True,40.06,18.0,3.0,0.0,1.0,1.0,0.0,7,5,1,3,53,9,0,102,0,16,0,62,73,2,76,0,218,0,15,270,39,0,0,3,2,0,0,278,0,378,61,2,10,166,278,218,751,252,46.65934135059287,-7.855536781607618,-13.244512423505997,-2.8319420151895014,-18.14408611185089,-17.026025229421236,2.4971959002676742,-0.727858208967378,0.2529866533749638,0.1180555555555555,0.2520325203252032,1.965750690254399,-0.8670607153158558,-1.2936227256672168,-1.5577776713949258,-0.7031770189905779,-3.0000731076936162,0.207267112307241,-0.31034012061215044,0.010581481821847101,2.148181842607669,-0.2947432655611319,-1.1553434452984908,-0.0647966459118049,-1.039104147579402,-1.1286940416190117,0.045161697783028004,-0.038436181656108,-0.0474796801759977,0.2645631067961165,0.1483411022758431
MB-2834,153.833333333333,True,False,True,56.85,9.0,2.0,1.0,0.0,0.0,0.0,9,28,386,2,57,5,1,81,1,4,0,10,211,1,104,2,23,2,37,225,0,14,1,2,18,0,22,100,2,254,104,0,11,144,116,23,585,827,47.47886530522119,-18.497446655330812,-16.127709546042947,-8.500776355134045,-41.87098043844236,-10.69308370543782,7.27613727042772,2.0873763685210065,12.886075929254014,0.0690749697702539,0.6163594470046083,0.678283729075628,-1.0894798275282591,-1.1096379672458276,-2.818353921006861,-1.2670683523167363,-2.264178947774735,0.7668108058165112,0.6927657902556711,0.550970161997156,0.5651376850871174,-1.3287475784370812,-0.7256471962887008,-1.7131459024902593,-1.1172876557978124,-1.505361675150894,0.5441201558261701,1.3598774491146786,0.2291087835750982,0.0718223086900129,0.6208425720620843
MB-2838,180.0,False,False,True,67.12,27.0,2.0,0.0,1.0,1.0,0.0,1,0,12,0,0,0,1,5,7,17,0,123,425,91,1550,35,38,0,9,122,2,1,0,0,0,0,0,5,0,42,6,0,1,6,6,38,172,2269,38.10391690659718,-5.336859341443824,-5.709393892197252,,-51.99966149970344,-20.276139183546217,-0.3324989557209995,,3.877903313749219,0.002644336712208,0.9154929577464789,0.0800240101574647,-0.5440780260911463,-0.685035852862402,,-1.362093973463909,-0.903388906896966,-0.1375035237499349,,1.3219280948873624,0.0339677430157778,,-1.15548946594459,,-0.8507893397902139,-0.8664880052196615,,,,0.0060431184668989,0.6928571428571428
MB-2843,180.0,False,False,True,61.08,13.0,2.0,0.0,1.0,0.0,0.0,1,28,164,0,10,0,0,70,0,0,0,0,216,5,83,2,56,56,14,488,3,2,0,0,2,0,1,2,0,47,1,0,1,80,4,56,539,571,18.693495505110747,-8.249033082551922,,,-15.675853209103224,-2.283268099202344,,,4.154878572258489,0.0431260945709282,0.7466666666666667,0.42869213124928773,-0.6799813531326628,,,-0.44575722156146586,-0.1914161730458958,,,0.2423184913102733,0.23036937908240593,-0.9019197283908176,-0.2930872549118624,-0.9374658976070684,-0.589950787734763,-1.0952651433609653,0.6698513983076694,1.2611120937027651,0.7450804128980979,0.0640804597701149,0.8046875
MB-2844,146.733333333333,False,False,True,60.76,19.0,3.0,0.0,1.0,0.0,0.0,4,3,3,51,50,7,0,31,0,6,1,155,217,2,458,8,6,0,28,63,1,1,303,2,4,0,0,75,0,270,196,2,55,90,76,6,532,1188,12.726020891278194,-4.819329042746408,-10.178216723822397,-7.469700573698811,-10.519881085223384,-3.8469340611036698,4.82908619169819,-0.1726271692865523,0.0341908443828273,0.0852272727272727,0.8117752007136484,0.144279002684391,-0.2380483717481795,-0.5299170269150575,-0.488640522827844,-0.2027779671164624,-0.8256785271313553,0.8665033467065884,-0.0496307677246006,0.0030525598384339,0.1028532792461884,-0.4573978881791112,-0.4763772023631711,-0.3691673244913534,-0.5160860930546396,-0.5229091692698769,0.953241901489706,-0.03562390973072121,0.6996670527432305,0.0825049701789264,0.807831762146483
MB-2847,39.5333333333333,True,True,True,65.04,35.0,3.0,3.0,0.0,0.0,1.0,28,0,0,0,7,0,0,20,0,0,0,3,12,0,18,0,93,0,17,439,3,1,128,0,0,0,0,6,0,310,4,0,28,27,7,93,756,178,49.79366859145798,-6.205701791169224,1.0309118738054837,-6.832269716077047,-37.24329796052824,-11.505703671761928,-1.2501195594996022,6.3753271732600885,0.1063815824256874,0.0112359550561797,0.225,2.277212160885396,-2.795455272044121,0.3219280948873623,-5.4239142676731,-1.8180299332948908,-2.5465858290081007,-1.4329594072761065,1.6665762662748085,0.0080234230136663,1.8817518711784742,,-0.9488036461339072,-6.397974049326774,-2.66732447027863,-2.9883312273690286,,,,0.051957831325301206,0.2320143884892086
MB-2848,180.0,False,False,True,60.11,15.0,2.0,1.0,1.0,1.0,0.0,0,0,126,0,0,0,0,10,0,257,0,31,49,0,92,2,0,0,5,153,20,5,0,0,0,0,0,1,0,19,5,0,0,10,6,0,197,562,16.640554986419044,-9.491069377272188,1.1582381326248563,,-20.775582926798176,,-0.78570809494258,,9.30959431548722,0.0124555160142348,0.875,0.20219115205047902,-1.9596671313216183,0.1610696836891239,,-0.6274200694012009,,-0.8399595874895318,,1.4179113947329542,0.12161500718930358,,-0.8548020844600643,,-0.714795011118162,,,,,0.0555091819699499,0.6703645007923931
MB-2849,43.2,True,True,True,60.65,26.0,3.0,0.0,0.0,0.0,0.0,2,775,340,0,4,0,0,32,0,0,0,0,88,0,84,0,9,0,1,251,1,11,0,0,0,0,0,8,0,136,7,0,2,36,19,9,395,1288,41.08012878040553,-15.14849544739306,-8.797293406391105,,-48.9848022330504,-8.25024914249023,-0.70895276158442,,16.002410502600682,0.014169254658385,0.9072164948453608,0.2752016190745628,-1.2811380477912246,-0.7562262717575845,,-1.3023308335761719,-1.27667531650318,-0.5736976746253419,,1.4500060049338708,0.256138451384608,-1.5169489906772107,-1.0502951523761728,,-1.5577700144078896,-2.4164240395498062,1.2531009707662475,,1.80925123330892,0.0189100077579519,0.778481012658228
MB-2854,180.0,False,False,True,61.53,22.0,2.0,0.0,1.0,0.0,0.0,8,3,0,0,29,13,0,80,1,45,0,169,226,88,505,555,169,2,32,303,3,1,0,0,2,0,0,42,0,71,19,1,8,123,43,169,396,1628,31.400724986956465,-31.36958174990997,-20.7786850930928,-8.804953232322141,-17.655834603152815,-14.707233406433577,23.98272917302781,13.354070640288835,3.993612506779035,0.0170454545454545,0.3613793103448275,0.2351369272098867,-1.9395463052133701,-2.216481625576964,-2.852426957707374,-0.3947822122351627,-0.524204454048622,2.716162870541472,2.778357225363136,0.3437247726578575,0.1414869964446587,-2.880190224668884,-0.3106519210060068,-3.309248960816616,-0.2512432890509994,-0.613019479615706,1.396300936697258,2.9057639301542344,-0.1291331187640544,0.040967039800995,0.6028571428571429
MB-2857,180.0,False,False,True,45.3,22.0,3.0,1.0,0.0,0.0,0.0,131,20,4,3,75,22,0,230,1,0,0,0,213,1,226,0,44,0,22,202,2,7,0,0,145,11,1007,138,1,77,23,2,134,329,146,44,304,1650,53.34406768569279,-34.85539240946272,-22.437873187714175,-25.08341908589826,-41.6335737028391,-22.045126959963163,10.909803846751169,13.894252976666577,19.343621457514796,0.10083333333333332,0.552180128663331,0.4344074979296595,-1.155718026114292,-0.994601745421032,-1.3005482718241368,-1.549854805583479,-2.7897002743224744,0.8107043672359971,0.9827139126591132,0.9428456305768499,0.45543135453306804,-1.4814872919085793,-0.9656107080448816,-0.9733783608815236,-1.532060944893683,-1.7579466936422907,0.395532385972683,0.6505453240949013,0.9439627194311885,0.1501251788268955,0.4705479452054794
MB-2858,141.566666666667,True,False,True,63.94,26.0,3.0,0.0,1.0,1.0,0.0,9,0,22,0,39,0,0,119,33,1,4,9,71,93,88,0,89,0,21,912,4,1,0,0,0,0,0,20,0,59,6,0,9,158,21,89,981,342,61.44922111278065,-15.672712107046902,-7.147828701168345,-4.6274935394422005,-42.97844076181437,-14.490264072696066,1.8327249723647343,0.6848246926740127,7.672534743082593,0.0215643274853801,0.3004291845493562,1.883622227235057,-2.152044312714517,-4.390254956321868,-4.20006486151431,-1.6156490599772375,-4.451334766107869,0.4405535082444556,0.2609374649982141,0.2400087572525769,0.9536419368385012,-3.0457821418470488,-1.5403127941048296,-3.630463718652765,-1.4075657083563933,-4.44462841955226,0.5184254983253649,0.770278339596134,0.7382098331746687,0.053233438485804405,0.343859649122807
MB-2863,180.0,False,False,True,59.58,20.0,1.0,1.0,1.0,0.0,0.0,1,1,0,0,0,0,0,15,3,6,0,30,66,2,126,8,26,0,2,367,0,0,0,0,0,0,0,0,0,28,0,0,1,15,0,26,395,244,45.2056475736816,-8.166431171760857,,,-42.255145559758,-11.334815094184808,,,3.801674522590782,0.0,0.0,1.3377641121452912,-5.715618859074816,,,-2.2820959428787893,-4.149259365499623,,,0.4092437091478695,0.2704573373435758,,-0.1883305852628148,,-1.4068501471963306,-2.3520993516806348,,,,0.0090042372881355,0.84
MB-2867,180.0,False,False,True,47.1,20.0,1.0,1.0,1.0,1.0,0.0,11,58,3,0,20,0,0,25,0,147,0,730,135,9,228,2,98,1,58,348,10,0,0,0,0,0,0,89,0,165,15,0,11,45,89,98,538,1371,60.69158399800563,-22.583833044833536,-27.99493814297722,-12.08572238920162,-58.560688054315634,-24.207727084868445,6.40497631326206,10.2262740237047,15.328666786726567,0.0041028446389496,0.3037974683544304,0.5126577468249498,-4.450358983154953,-2.597794458708332,-6.022811650915631,-1.7163283383676855,-1.6853480513107857,1.2815138264414545,2.464532490330163,1.2289110791508315,0.4651911133062701,-4.138966555049526,-2.175895780369753,-2.545505100691072,-1.5149143238735383,-2.056583528366368,1.3851683289351842,2.158429362604483,0.9732280389928336,0.0188069908814589,0.2889426957223567
MB-2896,180.0,False,False,True,68.18,13.0,2.0,0.0,1.0,0.0,0.0,0,3,0,0,0,0,0,8,0,0,0,0,175,2,228,0,60,0,0,291,2,0,0,0,0,0,0,1,0,54,0,0,0,8,1,60,347,408,19.6770595259371,2.858144839379507,,,-16.439964950471218,-9.51688925696896,,,-2.4072658205523783,0.0143995098039215,1.0,0.4262212377715195,0.4284165290800436,,,-0.4518567679760235,-0.812054465458101,,,-0.5954168583583227,0.2003391065906798,,-1.3157909666759555,,-0.647630791548501,-1.925999418556224,,,,0.0068127962085308,0.6283185840707964
MB-2900,20.6666666666667,True,False,True,59.29,25.0,2.0,2.0,1.0,1.0,0.0,1,0,4,0,1,0,0,5,0,7,0,88,212,3,318,1,133,0,16,176,3,0,0,0,0,0,0,1,0,25,0,0,1,6,1,133,204,649,19.222370972014623,-4.718715150691838,,,-20.536517880159543,-12.342129548132824,,,3.534199515683663,0.0030816640986132,1.0,0.25477195835982,-1.0311206848027454,,,-0.6926533140257365,-0.5444889963175308,,,0.8585103417677984,0.0679104813112477,,-0.1637440677210847,-0.4169099136116144,-0.4862192990610214,-0.5216865187875165,,,,0.0288009404388714,0.9209302325581395
MB-2904,125.6,True,True,True,34.83,25.0,3.0,1.0,0.0,0.0,0.0,26,6,0,17,56,3,0,92,0,0,0,2,42,0,125,0,126,3,14,574,9,6,0,0,14,34,0,66,1,225,12,0,43,151,73,126,820,240,69.3186395100165,-14.036566367754245,-7.610240705896368,-7.007467437100876,-47.8152649793124,-15.922592402954397,4.235657628972592,4.383059668561017,5.155792509142565,0.0526041666666666,0.2190669371196754,2.411411502932762,-2.222255716350092,-1.2679265605415704,-2.046578366620329,-3.5922915594602665,-5.002364982057156,0.5778695399219131,0.7113808746002691,0.170823891893487,2.082726165656525,-4.440495471579999,-1.9372416568255828,-1.1770318879365724,-3.2233928449873708,-5.302635877714047,0.3669827515537697,0.4045831416416778,-0.0028231334799856,0.0798458149779735,0.1399851079672375
MB-2922,14.4,True,True,True,45.74,25.0,3.0,2.0,0.0,0.0,0.0,117,10,228,24,141,5,0,270,0,0,0,3,159,0,189,1,8,0,4,324,1,3,0,0,2,0,0,261,1,113,13,1,141,417,265,8,451,596,70.59404653394212,-36.399795773655406,-16.612297150866432,-15.375895563749024,-32.67235832587584,-5.519217950439384,7.844059502030821,9.930472419250174,3.479035655689694,0.1258389261744966,0.2099712368168744,1.343328323390403,-2.654700008094153,-1.0966816169786378,-1.7344386661371671,-1.7639510888073504,-4.572889668420581,0.38056477646797504,0.596412217884321,0.1218873851620676,1.325983104188792,-4.506599826602311,-1.427410811990664,-2.105219312054497,-3.6254653296803294,-6.078631181233528,-0.3914491046936739,0.6768946753117889,0.44887296810753136,0.1554702495201535,0.173054587688734
MB-2923,14.1,True,True,True,37.01,37.0,3.0,2.0,0.0,0.0,1.0,13,0,0,3,6,0,0,10,0,0,0,0,39,0,15,2,58,0,2,100,6,0,1220,0,0,0,0,41,0,163,5,0,16,16,41,58,274,1278,14.077791650594,-1.8792783437322929,-6.837461217486686,-8.653837148616258,-12.275442790891804,-7.835566173930619,1.2692204030654617,1.4027397122158751,0.8249045390470418,0.0304186228482003,0.9106699751861044,0.0986637982426646,-0.1457597843559788,-0.3915394798961256,-0.8949081729259583,-0.28915856236854,-0.3917310656529448,0.6214883767462702,0.7581598164353294,0.18837674630559237,0.0844974784719647,-1.2289513460098254,-0.5114528799153928,-0.940150820454595,-0.5232416181737733,-0.3488571894709034,1.9253528381054454,1.8624964762500649,1.1466696491420094,0.0615122126436781,0.7963525835866262
MB-2929,180.0,False,False,True,53.31,20.0,2.0,1.0,0.0,0.0,0.0,113,2,12,0,63,0,0,148,0,0,0,5,257,0,120,0,154,0,33,430,3,0,0,0,0,0,0,40,0,99,18,0,113,211,40,154,550,429,52.71477907867145,-21.76097458766972,-10.475379815504494,-18.205433002276536,-28.56791727867267,-16.361744073067868,7.238352581944503,3.8876775787334568,4.9121737769426765,0.0498251748251748,0.208,1.3968627701395522,-1.86202064062368,-3.2574221309373765,-2.629526624629812,-1.3420407568579484,-1.8099512277125944,0.9325281554908964,0.39003931569289857,0.2061471415371373,0.967739588408324,-2.985432962629287,-1.581888627445203,-2.6405214849415706,-0.7647789063581191,-1.33362818282082,0.3908446904677679,0.4628814626012408,0.3112985646235106,0.0661027568922305,0.1887788778877887
MB-2931,180.0,False,False,True,46.9,17.0,2.0,0.0,1.0,1.0,0.0,0,0,1,0,0,0,0,13,0,8,0,90,308,3,791,1,15,0,32,318,0,0,0,0,0,0,0,0,0,325,6,0,0,13,0,15,649,1234,14.7143718441785,-1.2751416596246963,,,-13.982371299872462,-7.6207786769495565,,,1.7502497411656153,0.0061790923824959,1.0,0.1528499382405093,-0.1342209397606335,,,-0.2640899444527348,-1.1223898968590469,,,0.2816544925488724,0.0581527865224207,,-0.17653320585453083,,-0.2910267269575431,,,,,0.0069783670621074,1.0
MB-2933,161.933333333333,True,False,True,44.08,15.0,1.0,0.0,1.0,1.0,0.0,250,0,12,0,8,0,0,18,0,0,0,20,43,0,128,0,174,0,0,211,0,9,0,0,0,0,0,22,0,44,1,0,250,26,31,174,256,203,48.42216627424657,-6.863191109626055,-8.805207282470594,-27.135622603100717,-10.17901710929586,-16.236026144717847,3.400326795807901,4.411240103585763,-1.3603506784812345,0.0080049261083743,0.0116487455197132,1.9326128696620168,-2.5746397769290965,-3.681898983224113,-8.006592570252531,-0.6768380707267957,-1.7099178812507598,0.996797567961656,0.5566120878229452,-0.232660756790275,1.5822609995907377,-4.425929205208577,-0.6418822824490013,-7.7745235295902315,-0.488836314729811,-1.1151394231854148,1.31114825613412,0.1152297174429487,-0.0183176548220971,0.012437810945273601,0.0413943355119825
MB-2947,112.0,False,False,True,36.47,15.0,2.0,0.0,1.0,1.0,0.0,5,0,0,0,10,0,0,58,1347,0,3,2,153,18,78,0,85,0,7,349,8,3,0,0,0,0,0,11,0,78,29,0,5,68,14,85,464,1608,17.430792886215173,-9.776192163226758,-4.115150167915385,-3.649860180275385,-16.868570719077717,-6.95721089961383,-2.1112785190493093,3.123191797635432,7.185185911343831,0.0274409203980099,0.9344262295081966,0.12320030787157658,-0.4753804599753923,-0.4624489796113617,-0.7130358948619406,-0.3193881658290573,-0.3084393363571006,-2.317593504623471,1.3959286763311392,0.6855593696423811,0.1821638581564482,-0.209623739720449,-0.4466923415751868,-0.4279074434913053,-0.4557754519436796,-1.0853906620953253,0.2946963494120933,-0.5969351423872321,0.6265963307847119,0.1266037735849056,0.766270783847981
MB-2951,180.0,False,False,True,39.07,15.0,2.0,0.0,1.0,1.0,0.0,15,0,0,2,20,1,0,45,0,2,0,112,387,6,1009,1,69,0,0,288,0,1,0,0,0,0,0,11,0,17,2,0,17,66,12,69,307,1517,37.05846912260175,-25.53440348005251,-8.245340012877042,-16.141298774317928,-32.27024363578398,-25.44576349365692,10.077518749985028,19.44895510468076,15.708152155780258,0.0122775214238628,0.5591715976331361,0.2160531526988826,-1.70501522714224,-1.056756918792739,-3.170356512342883,-0.7908852828674262,-1.5993330544180635,2.4102365130150223,2.949089680048827,1.300088372618165,0.1023697291615628,-2.249504831211652,-0.3673967160684093,-1.6988423294990798,-0.902059793339086,-1.5954873391306774,1.62148837674627,3.1632303488683036,1.9891406103636138,0.0207618393960192,0.6931330472103003
MB-2954,5.5,True,True,True,69.79,30.0,2.0,1.0,1.0,1.0,0.0,1,7,1231,0,0,0,0,3,100,7,0,32,170,245,91,3,27,8,52,118,0,9,0,0,0,0,0,2,0,99,32,0,1,3,11,27,249,1946,15.852661590431032,,-1.0255778863648868,,-18.41891192517076,-7.246822864778314,,,,0.0056526207605344,1.0,0.0528301844263787,,-0.0796300002578151,,-0.3484888963332926,-0.397416628420815,,,,0.0307512169667613,,-0.168902730357916,,-0.3623057316082116,-0.3788120699677146,,,,0.0174164524421593,0.9815303430079158
MB-2957,180.0,False,False,True,31.02,30.0,3.0,1.0,0.0,0.0,0.0,46,179,2,69,60,2,3,94,0,0,0,0,990,4,47,0,9,8,15,393,2,3,0,0,3,1,0,62,0,61,59,0,115,159,65,9,515,1249,29.349602366878248,-14.556557269540798,-16.221640771782187,-21.75212785409883,-17.033361877355958,-6.794148104741885,6.367219610377993,11.210089238117234,6.948371436013199,0.0780624499599679,0.5984900480439259,0.3076383593467619,-0.6444603106853402,-1.5066104045148092,-1.427390671833506,-0.3970073607957016,-1.6088092426755238,0.8972002305650789,1.1087903971963868,0.4092531306931761,0.2265626685051325,-0.8190392841661438,-0.4953685763089472,-1.93112429774545,-0.497645116181138,-0.6078151717749739,0.4819685073978306,1.5957461764343972,0.9189833679938314,0.125,0.6690909090909091
MB-2969,172.9,True,False,True,66.86,13.0,2.0,0.0,1.0,1.0,0.0,1,0,327,0,2,0,0,19,0,12,0,22,93,7,227,2,78,0,9,297,0,9,16,0,0,0,0,0,0,110,9,0,1,21,9,78,416,715,23.956366006081105,-3.9625657785040285,-2.630881930484849,,-22.240425951731197,-18.042622947388736,0.7088379575764419,,3.256510536704116,0.0173076923076923,0.9384615384615385,0.3586595822853293,-0.4415602751879871,-0.4011285928635817,,-0.5649645621736139,-1.3347762766816156,0.4409161311044494,,0.4062203898432036,0.1343423887430367,,-0.3047073602373203,-0.641730978134747,-0.9041996006499302,-1.5189326303859592,,,,0.0169676214196762,0.9285714285714286
MB-2971,180.0,False,False,True,69.6,15.0,2.0,1.0,1.0,1.0,0.0,0,0,207,0,0,0,0,7,2,24,0,20,163,19,355,1,16,0,5,310,0,5,0,0,0,0,0,0,0,93,2,0,0,7,5,16,405,796,15.118174150280133,-2.187585975042721,0.6213357062663207,,-16.36899196019989,-5.238768198052546,-0.5076394800708652,,2.245377344568652,0.0084798994974874,1.0,0.1769962965667227,-0.3249799835252735,0.0962605415180533,,-0.3788722064912563,-0.5947001966878134,-0.3103401206121504,,0.5049651097173825,0.0237431115072432,,-0.2407695775707587,,-0.190145671009814,,,,,0.012260428410372,0.946969696969697
MB-2977,110.6,True,False,True,40.02,15.0,1.0,0.0,1.0,1.0,0.0,4,4,17,0,15,4,0,21,0,0,0,0,2,0,2,0,217,12,0,178,2,12,0,0,0,0,1,115,1,62,4,0,4,40,128,217,246,38,35.099629017938106,-4.73873777402699,-3.356545732897387,,-8.573970398742077,-7.903989554806892,7.6502972925511274,,-2.872128745123834,0.1282894736842105,0.0878243512974051,3.3746869977688294,-3.4591036961354,-0.6553518286125539,,-1.3624836408178964,-1.4055592386944684,0.8941618361043123,,-0.3537635517361666,3.3778192957794078,-2.949534933017012,-3.1331250832393605,-1.3655059134289669,-0.1854135087113199,-0.5561005980911277,0.1181178944290148,-0.7803100990433756,-0.1885817814469832,0.0546875,0.0161290322580645
MB-2984,180.0,False,False,True,64.04,20.0,3.0,0.0,1.0,0.0,1.0,191,1,0,3,30,3,0,28,0,0,0,0,18,0,1,0,21,0,0,206,0,0,0,0,0,0,0,87,0,43,8,0,194,61,87,21,257,20,14.544543518317036,-2.585909959974249,1.1983637796990374,1.2664002116030275,-8.405300761487197,-2.467413301980208,3.0117693549303866,-2.267576021196074,0.1111369014623887,0.5375,0.0790297339593114,2.9530152764435456,-1.1984941536390832,0.2990055058317334,0.181481730691687,-1.8498086788791774,-2.8609627978581167,0.3666152914426568,-0.2199086808472189,0.0081857957629128,2.6034419213288165,-0.21412480535284728,-0.1520030934450499,-0.7097175317291029,0.0863188493518387,-0.3248106034204837,0.2618807112174235,-0.2094533656289497,-0.3819085150612282,0.5138888888888888,0.0289172831203765
MB-2993,180.0,False,False,True,63.65,20.0,3.0,0.0,0.0,0.0,0.0,1,327,0,0,0,0,1,4,0,0,0,0,110,2,3,0,8,0,0,92,1,0,0,0,0,0,0,0,0,327,9,0,1,5,0,8,429,442,22.33623865677049,-3.869568955516119,,,-22.239719492931474,-3.5460637753183764,,,3.164915180887392,0.0036764705882352,1.0,0.5164373037130021,-1.2741125377837756,,,-0.6665458128387337,-0.7601746535678258,,,0.5955206924197328,0.6738419440060394,,-0.4049620208791766,-1.0578834488996265,-0.3747617693319852,-1.654341184059218,,,,0.0267857142857142,0.8425925925925926
MB-2994,180.0,False,False,True,46.7,18.0,3.0,1.0,1.0,1.0,1.0,2,2,22,2,23,0,0,116,0,0,0,31,90,2,90,9,111,0,4,229,11,3,438,0,1,0,0,20,0,188,51,1,4,140,23,111,479,689,26.41755169583304,-10.60483578939918,-4.506709561517311,,-20.665161579721545,-12.024730885272552,6.599712910805828,,5.94565049655481,0.0729317851959361,0.7283950617283951,0.4842882705424866,-0.6140278507012841,-0.649830985051544,,-0.5933909337394504,-0.7533493076145903,1.273168782967507,,0.2977245971143004,0.43763022287410974,-0.8013886226265658,-0.7714850885400987,-0.3469906480816249,-0.7727338564038282,-0.803890705125528,0.580554098594913,-0.1858665453113339,0.7220583639088587,0.0768115942028985,0.7089262613195343
MB-3002,140.566666666667,True,False,True,62.32,30.0,2.0,1.0,1.0,0.0,0.0,0,40,6,0,1,0,0,2,6,316,0,787,72,11,208,42,52,5,23,7,1,0,0,0,0,0,0,0,0,53,1,0,0,3,0,52,62,1516,13.633414101479769,,,,-13.107497140697292,-18.64565156140577,,,,0.0010718997361477,1.0,0.0344746817923777,,,,-0.3944393088467001,-0.7508134086879098,,,,0.020056380639217,-0.0409709197455769,-0.1966545488295359,,-0.3059525117214375,-0.9251616976147202,-0.3617683594191534,,1.2231941413020029,0.009938590820943699,0.9851851851851852
MB-3006,15.7,True,True,True,60.09,20.0,2.0,2.0,1.0,0.0,0.0,2,29,0,0,8,0,1,9,0,2,0,37,55,9,91,47,124,3,4,141,0,1,0,0,0,0,0,2,0,100,19,0,2,18,3,124,260,277,31.820326947786604,-6.049768829618176,,,-26.2630234412684,-19.742181745242192,,,5.521413594116689,0.009927797833935,0.7368421052631579,0.9771518341371184,-1.251275077943758,,,-1.392821620164904,-1.7856803650086766,,,0.6304160417619398,0.8739878061302346,-3.1034976397033365,-1.1115698524826785,,-1.2629862381279686,-1.7531872601381917,1.680960184437464,,0.0478626519292758,0.0131322957198443,0.6607142857142857
MB-3013,180.0,False,False,True,50.37,23.0,1.0,1.0,1.0,0.0,0.0,0,1,21,0,3,0,0,10,0,1,0,73,61,5,71,61,53,0,5,265,1,0,0,0,0,0,0,3,0,117,15,0,0,13,3,53,398,299,26.345454917311248,-3.724761849326448,,,-21.62330593787756,-7.512187483516222,,,2.246594099966251,0.0100334448160535,0.9411764705882352,0.7726034008918969,-0.9088129077395468,,,-0.7319481209972086,-0.8945193081252932,,,0.3089747720921726,0.6310410402612158,-0.3212845194269944,-0.7409035811441826,,-0.6078210823328011,-0.6457573915094155,-0.0880913296248568,,-0.3922797785814199,0.1390625,0.6693548387096774
MB-3035,180.0,False,False,True,54.64,22.0,2.0,0.0,1.0,0.0,0.0,0,111,0,0,9,0,0,13,5,4,0,28,358,49,243,18,25,0,49,64,6,0,3,0,2,0,0,2,0,306,2,0,0,22,2,25,378,870,32.97426136483834,-7.953332500952609,,,-37.0740025777909,-9.235848855737403,,,5.890516297579876,0.0084770114942528,0.9111111111111112,0.3530952992885341,-0.843107718646042,,,-1.0148592785221775,-0.8786569148795746,,,0.77337175936348,0.350960806700304,-0.9824144504311424,-0.7907720378619998,,-1.06846335359483,-0.5140363904268292,0.5521563556379147,,0.9482000231636152,0.0176417370325693,0.9411764705882353
MB-3088,180.0,False,False,True,65.58,19.0,2.0,0.0,1.0,1.0,0.0,24,11,1,6,32,3,0,57,0,1,0,1,20,1,14,0,190,1,2,165,3,1,0,0,5,1,0,52,0,159,60,2,30,94,53,190,387,58,18.265428062595,-1.1829753173749635,-3.5389083487238264,1.9674330847687609,-7.333743050029867,-5.292021955167007,5.711806838925961,2.8463440750813525,-0.8851457992708736,0.20474137931034478,0.24449877750611237,2.324429982120644,-0.20387233336565,-1.1047313240330057,0.48196850739783065,-0.5782251461820576,-0.811639934708556,0.7391531534039701,0.5432989689917948,-0.0482122472329692,3.2256662418289586,-0.9659381639263668,-0.4551329048566424,-0.8057051848385115,1.1360615495760285,-1.1545656075128716,0.2045873118367306,0.5017491324721747,0.302852228617273,0.1296296296296296,0.1033333333333333
MB-3102,180.0,False,False,True,60.34,20.0,2.0,1.0,1.0,1.0,0.0,101,4,3,13,88,11,8,167,2,22,0,5,33,8,26,73,155,0,4,270,0,0,1,0,4,0,0,93,1,101,65,4,114,278,94,155,436,185,32.22633680817525,-10.824231067634011,-5.216951211405343,-5.522654673412553,-7.089539093733281,-8.870357632804804,6.340824224658321,1.5689678587446867,2.2935931064384083,0.2168918918918919,0.2558764271323036,1.688063851522786,-0.8680301202364055,-0.7100823000152585,-0.6453243683249593,-0.4140136023853396,-1.1001195033955844,0.48165276820915687,0.11575872308164088,0.0933084805885459,2.377666469938411,-0.4921490034255512,-0.2865115576642268,-0.6570519634720046,-0.5041966311900818,-0.5943354273753229,0.0899537859959205,-0.0993395043098632,-0.2407973691617366,0.2296511627906976,0.189083820662768
MB-3121,131.333333333333,True,False,True,63.06,12.0,1.0,0.0,1.0,1.0,0.0,13,1,0,0,17,1,0,25,943,39,103,32,113,129,260,5,77,0,13,239,1,0,0,0,2,0,0,26,0,159,61,0,13,43,26,77,460,1640,29.59877490363818,-17.52202151125491,-9.140642219832348,-9.887089221232568,-28.882494662857276,-6.980174807282386,5.030069861684797,19.393960133381032,10.394845364978911,0.0157774390243902,0.7205882352941176,0.1977322382980943,-1.254190886668665,-0.8018902405869018,-1.5741432775139896,-0.5801975951536085,-0.3124988197387165,1.5269924320838262,3.2536220814964536,0.9820780920027377,0.1835251990327742,-0.4257718652914084,-0.509514883006729,-3.046922945669192,-0.5638863062420038,-0.6953914695090305,-0.7277994687741316,0.9296106721086022,-1.240716026410199,0.0422678795483061,0.7449822904368358
MB-3165,180.0,False,False,True,59.78,28.0,3.0,1.0,1.0,0.0,0.0,5,79,1,9,21,32,2,69,0,57,1,59,545,2,437,2,24,8,117,240,0,0,1,3,6,1,1,53,3,204,293,3,14,127,56,24,740,1317,23.75958801191872,-6.813203600556961,-7.6352305198915795,-4.530748265696672,-22.875254769011413,-8.070950774265018,3.136432150572553,3.743785259984009,3.805791687584229,0.0631169324221716,0.8484513274336283,0.24007617782874396,-0.3106946564721123,-0.5214276985477244,-0.6717462668632228,-0.3924908292365704,-0.9668171592870677,0.6059349149349725,1.1272806640338189,0.2211822562108674,0.0641897821328044,-0.5270703355126607,-0.6473492086355824,-0.5187149700875411,-0.4733198116985224,-1.0392904027332883,1.1938232691396768,1.2009126939259966,1.7500490710201173,0.0254100397614314,0.8476027397260274
MB-3167,136.933333333333,False,False,True,66.76,16.0,2.0,1.0,1.0,1.0,0.0,0,7,4,1,4,1,20,15,0,131,0,81,14,0,48,479,73,78,4,117,5,0,4,1,2,0,0,63,0,301,33,34,1,74,63,73,457,852,17.008554271599596,-4.01688439984379,-5.60978293833338,,-14.937931670785392,-13.213943467394497,2.259205828925728,,2.851526967827751,0.0720363849765258,0.8658536585365854,0.2577289224778182,-0.2485386549693637,-0.3789814071153276,,-0.3815148830553837,-1.0083912702591409,0.5018114129030544,,0.2132618916912283,0.1648088829058734,-0.4946512351026065,-0.3277845979314095,-0.6813900814681753,-0.8573499055426125,-1.051651379450923,-0.0933798843549438,1.29689930039584,-1.8262480149053344,0.11989795918367341,0.7637075718015666
MB-3181,178.166666666667,True,True,True,43.6,14.0,3.0,0.0,1.0,1.0,0.0,3,80,254,1,13,1,2,41,0,1,0,9,101,4,58,2,106,1,20,175,5,5,1,0,5,0,0,24,0,341,121,1,4,58,29,106,642,536,36.45328547059339,-12.162105620865097,-7.649777385335702,,-24.2487953213718,-15.439374380316496,8.950285679595364,,5.840056313953711,0.0219216417910447,0.5645933014354066,0.800744134159509,-1.4935107086575374,-1.4748117228531286,,-0.7479453954630002,-1.3305771461900278,1.7847187256145742,,0.3622383168166849,0.9599465487379033,-1.4130688452900984,-0.9718144434131248,-1.3491910495835082,-0.6118940180693726,-1.3188282508488405,0.6272219829379613,0.41577753265792705,0.0825076979133748,0.058235294117647,0.4900398406374502
MB-3218,180.0,False,False,True,44.94,17.0,3.0,1.0,0.0,0.0,0.0,28,20,6,40,62,60,0,297,0,0,0,14,611,1,134,8,56,33,14,240,5,0,0,6,26,15,1,194,1,166,49,8,68,427,195,56,466,883,54.93189278228102,-35.819848647795226,-22.44931177908213,-16.24484803160057,-32.676887920065695,-10.823273228812534,11.582511562180285,8.161352929160273,10.068322301924592,0.114524348810872,0.3450405248938634,0.8894486536649563,-1.5051026074574687,-1.340330636271476,-2.543692713622174,-1.351391798547774,-1.230066349221869,0.6234338024248866,0.718667241548891,0.362146041882022,0.7977343532628303,-1.720446856834439,-1.3039646120667092,-1.9807049710608176,-1.3331600592218735,-1.514063330504528,0.40628978799481685,0.7372541620321326,0.5564973527807031,0.1323982737361282,0.3399222294232015
MB-3253,55.8333333333333,True,True,True,56.81,26.0,3.0,1.0,1.0,1.0,0.0,43,0,2,70,29,81,0,78,3,35,0,19,282,4,1080,115,63,1,94,17,6,0,0,39,24,14,2,49,12,150,126,47,113,235,61,63,338,1675,30.339078803318035,-22.12728697992562,-12.63073934401361,-18.06956756257226,-16.548939560752483,-15.310935402011683,7.832521771224033,11.694829038671,6.321497766826298,0.0919402985074626,0.6682692307692307,0.2268993591037014,-0.7998831389157569,-0.8401382408104532,-0.7938422653133673,-0.3721161387564917,-1.0203268011043762,0.9881431212259332,1.0964271296699537,0.4607882778160641,0.2749243806889341,-1.5401520528851749,-1.0347692591966733,-2.268214788576966,-1.6659990728120626,-0.6919807506032765,0.6764482007052104,1.6609789943037172,1.2141248053528473,0.1017605633802817,0.4888888888888889
MB-3272,22.6666666666667,True,True,True,63.53,20.0,3.0,2.0,1.0,1.0,1.0,31,69,109,76,31,18,39,114,6,0,0,0,482,182,51,7,25,70,19,32,1,6,1,1,46,40,5,71,2,186,117,17,107,219,79,25,337,1087,25.889946147177486,-16.964109399273188,-9.57866697026013,-15.776179363677494,-19.88119449593461,-4.918053651425393,3.8235999155873803,4.278217451910726,6.512227911349119,0.1374195032198712,0.6693589096415953,0.3172369188066684,-0.6221463235280915,-0.5892771579593408,-0.8755359576665931,-0.5798349471145732,-0.5155764378499453,0.46723928729151015,0.4473328727763166,0.3934521534312948,0.4915926542823136,-0.710270186197402,-0.5434541173265457,-0.9304793064343676,-0.6892053429304232,-0.5151321088712373,-0.1348021574783345,0.1806117720748126,-0.1226671040122218,0.1993284493284493,0.5407517677707481
MB-3275,41.5333333333333,True,True,True,45.0,28.0,3.0,0.0,1.0,1.0,0.0,0,5,1,0,2,1,0,6,4,783,42,340,205,17,71,4,67,1,61,32,4,0,0,0,1,0,0,17,0,194,10,0,0,9,17,67,240,1535,14.746074795616124,-5.5822954209018425,-4.160343189387711,,-12.059442383039755,-12.6689386152491,0.36276790752810967,,5.0619280205903685,0.0100162866449511,0.9726027397260274,0.0693930129917316,-0.6551387903604114,-0.3259790891411748,,-0.2507670659661234,-0.5202247705832284,0.230228260750552,,1.1996848682851715,0.0510137413382568,-0.9695840115225646,-0.3661786278813495,,-0.400318003206241,-0.4322359595274387,2.3758211028825644,,1.5296406209187,0.0274464831804281,0.9164882226980728
MB-3292,180.0,False,False,True,60.04,18.0,3.0,0.0,0.0,0.0,0.0,102,388,1,105,29,162,0,149,0,0,0,0,123,10,14,0,183,0,10,25,0,32,0,23,43,3,5,144,143,359,134,76,207,416,319,183,541,597,68.36907825216012,-28.441011169374253,-24.430400099876987,-18.32723400947094,-30.039159649019226,-19.306070896480986,11.207094453616346,6.46470999662266,2.009685258772509,0.1155778894472361,0.2027534418022528,1.6137932773575685,-1.8547409994402027,-1.6283563270789223,-1.8926412421048013,-1.88638428266286,-2.8830740113708724,0.5215372746806887,0.3629907515092485,0.0757023818061822,2.0338885261239903,-2.8845227825800643,-1.3202811272643105,-2.09225727071844,-1.0403345593356423,-2.040113122030577,-0.4425628590455016,0.2731479285953172,0.860000463445995,0.2324675324675324,0.1229777899643542
MB-3300,180.0,False,False,True,64.99,19.0,2.0,0.0,1.0,0.0,0.0,0,2,2,9,8,9,0,15,1,36,0,42,21,2,128,59,7,0,2,149,3,6,2,1,1,2,0,88,0,46,649,6,9,38,94,7,848,300,23.538071139195107,-3.227562484107183,-4.074133731101231,-2.433191055978732,-18.908649164528217,-2.6113557915956185,2.2959417781487077,-0.1576904435225025,1.0440711552689468,0.0708333333333333,0.5047619047619047,1.0945645622778697,-0.531160253950286,-0.3716517868360706,-0.9623639315069503,-0.5503236937752095,-1.160735829987652,0.4639470997597901,-0.1088032114966266,0.0640851125786941,0.3690968404050133,-0.3638565814722926,-0.699355115762766,-0.4271719771784111,-1.2737290066300302,-0.8662232448215185,-0.5789387130933863,0.1878038148728966,1.532720519540018,0.2977507374631268,0.5415541554155415
MB-3329,37.9666666666667,True,True,True,56.03,20.0,3.0,0.0,0.0,0.0,1.0,144,0,3,48,64,66,0,61,0,0,0,0,11,0,2,0,101,0,0,191,2,1,90,1,2,0,1,159,1,129,65,4,192,195,161,101,388,109,53.65791381785501,-14.778414728737632,-11.56626969915688,-13.478598942669954,-10.868720919079855,-10.102138409932277,3.9259634709862574,3.741304219747826,-8.245918320878122,0.0355504587155963,0.0231454005934718,3.006344120951572,-4.449189923612972,-2.7059276501963923,-3.8377330437350654,-0.8558644977792604,-3.513490745588118,0.2696070597572799,0.23001673739545017,-0.4022650653929652,3.0806781049456635,-2.4572227010114345,-1.1790426275780583,-4.84749588378871,0.6372244231374301,-2.075500642363789,-0.3003949333377211,0.0008658768135616,-0.8766783089008451,0.073019801980198,0.0605326876513317
MB-3350,180.0,False,False,True,62.62,30.0,2.0,0.0,1.0,1.0,0.0,0,0,2,0,1,0,0,3,0,5,0,280,175,8,1312,44,16,0,3,128,0,2,0,0,0,0,0,13,0,21,1,0,0,4,15,16,150,1829,23.49125435706364,,-6.3884625903749015,,-32.037589467959364,-12.040808356931358,,,,0.0058091853471842,0.9411764705882352,0.0659597091864459,,-0.4735096652860129,,-0.8628956809709275,-0.884996829820052,,,,0.0395430724322437,,-1.10800801225251,,-0.3332155376008839,-1.0422013682886402,,,,0.0054318669527896,0.7755102040816326
MB-3355,109.0,False,False,True,48.53,27.0,3.0,2.0,0.0,0.0,1.0,2,2,636,1,4,1,2,3,0,0,0,0,16,0,15,0,10,11,1,73,1,16,14,0,1,1,1,26,1,129,19,4,3,14,43,10,222,698,27.988381954578458,-7.593157791075429,-10.909883283557644,,-29.340761031542147,-10.034336524272971,2.1953464008366974,,8.907942140675054,0.0273997134670487,0.8565573770491803,0.3134373993589056,-1.1927465138713933,-0.746222641036341,,-1.0764469159770131,-3.0525680508041537,0.8581312836886632,,1.2420014652749762,0.2464563662917669,-0.6314218118138163,-0.9732782166290576,,-1.31202038811705,-1.7370163923930346,0.3630854196441221,,1.006748335248702,0.0346551724137931,0.7647058823529411
MB-3357,38.0333333333333,True,True,True,47.75,25.0,3.0,0.0,1.0,1.0,0.0,0,4,628,0,6,0,0,6,1,11,0,126,69,3,44,6,10,10,45,70,12,28,6,0,3,0,0,13,0,186,47,0,0,12,41,10,315,956,18.987462025343344,-2.625091147109154,-1.6891144481652218,,-24.53417513051597,-4.292144964642146,0.5246786822337548,,3.555038719525301,0.0345188284518828,0.9571865443425077,0.1661824760717726,-0.2808649722221815,-0.0968555436243762,,-0.5631826815710922,-0.5660303525699519,0.2567004721117431,,0.6697751479421279,0.1256254217157666,,-0.7243468961792693,,-0.6093391984163843,-0.4783397634690743,,,,0.0314553990610328,0.7910447761194029
MB-3360,26.7666666666667,True,True,True,48.48,28.0,3.0,0.0,1.0,1.0,1.0,57,15,0,1,54,3,0,56,0,0,0,0,13,4,5,1,86,2,5,213,10,0,83,2,0,0,1,45,2,107,50,2,58,115,47,86,382,129,36.056326743673246,-8.702613991077707,-6.03843177814549,-9.581381690550725,-16.212735275057494,-1.8694732679624757,7.494384574837124,4.881704759367208,-2.260073097194652,0.0726744186046511,0.1538461538461538,1.9639621768993791,-1.173001156361357,-1.4425862857488816,-4.120849564414153,-0.9631181415526128,-0.2414203846186862,0.8416629728328995,0.5782311421131217,-0.1158962954161695,1.9145962631339768,-0.3109336024753426,-1.0818865517173712,-2.667151661385702,-0.6156338864425585,-0.890726518447584,0.2173707213812469,0.8118008270887961,-0.9474257098483329,0.1217105263157894,0.1779563719862227
MB-3361,68.2,True,True,True,57.31,16.0,3.0,0.0,1.0,0.0,1.0,3,4,0,1,47,7,0,83,1,4,0,15,101,3,60,23,57,0,3,100,6,0,752,0,8,1,0,97,0,517,53,0,4,137,97,57,676,975,43.12672106875954,-22.547446880686326,-15.503396087091748,,-37.72082631491899,-15.502326560860606,6.264339038386933,,7.2640582002983125,0.048076923076923,0.5788787483702738,0.6216299858113308,-1.3552900441503255,-1.1485890506155385,,-0.999031089238094,-1.7632717825025237,0.8304247852101198,,0.3854415837192544,0.7140904938828602,-0.8888492634139311,-1.1085552249934278,-1.712045448553693,-1.2717078067660736,-1.229751729887291,0.3447285242260802,0.9150853402320616,0.3438822063888909,0.0984676503972758,0.5168539325842697
MB-3363,10.8666666666667,True,True,True,56.42,20.0,3.0,0.0,1.0,0.0,0.0,0,46,1,0,51,0,0,14,1,0,0,0,1093,2,26,0,3,0,18,163,3,2,0,0,317,7,14,7,0,68,30,0,0,65,9,3,264,1525,15.658889608619395,-3.579841257320721,-4.61673670735221,,-20.598040694612305,,-0.5373341572650719,,1.784895561098601,0.0340983606557377,0.9300970873786409,0.0768158832635307,-0.1383796329641773,-0.5094532747888084,,-0.4486071258847812,,-0.3987151939769109,,0.2432328759373748,1.9054354850666717,-0.7351453961398153,-1.612336339262517,-1.3664387909531548,-0.8930319103985945,-0.9445360648579808,-0.4516259101247939,-0.2408231267436352,0.2629637861266662,0.0668478260869565,0.2795275590551181
MB-3367,179.433333333333,False,False,True,65.62,23.0,3.0,0.0,1.0,0.0,0.0,10,1,0,119,7,217,0,28,0,0,0,0,35,0,14,0,17,0,4,7,0,25,0,5,906,0,228,65,145,45,25,6,129,258,235,17,82,1188,30.22951527805968,-13.421047166041664,-24.14279032193017,-27.23338058762733,-14.98883971054311,-7.408363262529728,5.320022065997404,-0.4414952265045666,4.079800017283838,0.1898148148148148,0.5437482749102953,0.3204744278965818,-0.4205207390879575,-0.9181729672679884,-1.885654044866359,-0.9562919677892788,-1.0272142968388878,0.364590709798132,-0.0491751702216388,0.4242573993896334,1.1281628400480377,-0.2789652376416562,-0.9590397359037945,-1.2353477756203457,-0.5670838336166079,-0.663465179400027,-0.36486965099163365,-0.3421280178308601,0.4215740569493034,0.3127659574468085,0.2693643981197629
MB-3381,180.0,False,False,True,53.36,20.0,3.0,1.0,1.0,1.0,0.0,2,0,1,20,5,25,0,7,2,2,0,6,47,0,971,45,35,1,3,18,1,10,4,0,7,2,2,132,11,113,122,5,22,42,153,35,254,1093,15.368647488364209,-6.448688247822906,-15.158925734629046,-0.1913221405194216,-10.059628061632878,-5.533836716341251,6.639893127857101,0.8437297143595969,2.8821191533063395,0.094807868252516,0.7926421404682275,0.138948324274012,-0.4183100621335064,-0.5713303681456086,-0.0158581004472168,-0.2597263067021145,-0.4433025669918133,1.0054691997729617,0.3572984281667673,0.3971155912815814,0.2319230081685469,-0.257095635150619,-0.6302393057728113,-0.7488228346029762,-0.7464259234152725,-0.25728964532739,-0.2515528420008756,0.2304590488771362,0.0,0.1649509803921568,0.6339637509850276
MB-3382,136.233333333333,False,False,True,61.26,40.0,3.0,0.0,1.0,0.0,1.0,2,2,37,0,16,12,1,77,0,0,0,21,51,0,113,23,11,0,4,73,2,1,809,0,4,0,0,81,0,270,75,5,2,111,82,11,420,1064,30.65640909888731,-19.483909773984934,-17.06341727193857,,-24.635882361906987,-6.1543702271312295,9.213461936719282,,11.309270715408166,0.0531015037593985,0.7051948051948052,0.30623967817662195,-1.0272296502234903,-0.9952399307942575,,-0.5644244020495688,-1.0206771154059462,1.2004645824016953,,0.701457820079813,0.2182858951352219,-1.2987147049815866,-0.8495145463530247,-1.4769864643695891,-0.9040672558020536,-0.715425054817333,1.1585300005342007,1.4540316308947074,1.3809965395635644,0.0719262295081967,0.6611635220125787
MB-3386,55.6333333333333,True,True,True,40.06,35.0,3.0,1.0,0.0,0.0,1.0,16,1,0,10,87,7,0,270,0,0,0,2,34,2,6,1,21,0,3,262,4,0,423,1,4,0,0,121,1,109,33,2,26,366,122,21,409,476,39.26307659648735,-24.88652568777029,-9.746054051038632,-10.047039045808598,-20.635319173254768,-6.298737721274423,5.267614904219009,7.233763236177488,6.961974623519698,0.1328781512605042,0.3331494760066188,1.084190494316777,-1.4655197040515164,-0.9117307079277456,-3.148662997687077,-0.8831021431853151,-1.2980943001380856,0.3332307156531836,0.7889004454583448,0.2350493360995187,0.9470608223934568,-1.3843071402114355,-0.9665576459060892,-0.8316520839472225,-0.7312505072949188,-0.955755138243437,0.1521111645369682,0.4446746410107545,0.1526175104705033,0.1573741007194244,0.3761273209549071
MB-3388,180.0,False,False,True,59.3,20.0,3.0,1.0,1.0,1.0,0.0,7,2,6,1,26,2,0,38,5,31,0,34,21,0,48,87,16,0,3,156,1,0,4,0,2,0,0,28,0,29,8,1,8,67,28,16,194,243,33.451739040269366,-15.081759270744975,-11.134227621520688,-5.376251016858545,-33.28506037643994,-8.743948468652677,3.3855315171466063,1.4269448811133163,9.605890819856183,0.0380658436213991,0.3892857142857143,0.9923993691061728,-1.8444013056321382,-2.165417251162332,-1.903681039132628,-2.5810793586147915,-2.742437445376266,0.6025255829541019,0.514573172829758,0.6183398185281878,0.7246993728561123,-0.7111802169245759,-1.4572402520578571,-1.3871707058458995,-3.1058160942710487,-2.334233645070152,0.2171500414510441,-0.0476380946993958,0.8360152663512682,0.0809782608695652,0.5352480417754569
MB-3389,180.0,False,False,True,63.34,20.0,3.0,0.0,1.0,0.0,0.0,1,40,0,20,3,1,14,21,8,0,0,0,46,62,35,6,39,35,46,91,6,0,0,0,0,1376,0,6,0,88,103,10,21,49,6,39,288,1654,28.999100202664145,-12.41902312658854,-5.25877075259378,-18.596559853254096,-34.23393029296825,-8.580079824837082,4.339239117334548,5.877012192144484,13.704172538932047,0.0188180169286578,0.8195266272189349,0.1415333667128487,-0.7363677823797016,-0.7673288391214347,-1.780023707967321,-0.8616432879263924,-0.5146246967325829,1.627843871786094,1.631971220621871,1.4495947213152125,0.1210054922057357,-0.2815666975778562,-0.5503601382224502,-0.680278423576238,-0.8318159928261809,-0.7777743321625494,-0.3263455896441704,-1.8237493603082728,-0.3128499601662649,0.0757227332457293,0.8380112269446672
MB-3395,180.0,False,False,True,52.45,15.0,3.0,0.0,0.0,0.0,0.0,2,471,4,19,24,3,0,97,1,0,0,4,369,11,109,0,10,0,14,194,7,2,0,0,6,0,0,73,1,288,37,1,21,125,76,10,526,989,46.86172305667351,-21.36361835569381,-15.297335592534663,-8.400712708422988,-38.84637042898531,-6.787397868096219,5.203377782444592,0.4457980607159916,14.354208059378102,0.0433518705763397,0.6059817945383614,0.5489993711324027,-1.4733503099142802,-1.0972098910812746,-1.1753453590119962,-1.1672161739426137,-1.5624798853426505,0.7115711224637696,0.1415216095767273,0.7439975290498455,0.6282166149960986,-1.6288089367506073,-1.4861634050391448,-1.3125199674749457,-0.9164041281421478,-1.2691079730956878,0.8116530564450103,-0.3533232911628965,0.6163395110259384,0.0607311320754717,0.4297933000712758
MB-3403,138.333333333333,False,False,True,50.92,17.0,2.0,1.0,1.0,1.0,0.0,0,0,0,0,0,0,0,6,10,119,7,168,109,1,68,19,46,0,7,92,4,0,0,0,0,0,0,0,0,498,4,0,0,6,0,46,598,508,28.505372086466842,-2.302492436780143,,,-25.721758698710136,-8.026855713801282,,,0.589334949756791,0.0027066929133858,0.9375,0.6299280294472046,-0.62993940943954,,,-0.6579911309491977,-0.9371113736764477,,,0.105667257722306,0.6353531706359292,,-0.922277150033924,,-0.9091715620784464,-1.1316701103433695,,,,0.0180890538033395,0.9026548672566372
MB-3412,180.0,False,False,True,55.28,26.0,3.0,2.0,1.0,0.0,0.0,0,10,0,0,14,0,0,17,297,4,89,236,158,13,246,36,31,0,18,128,4,1,2,0,3,0,0,13,0,347,45,0,0,31,14,31,524,1112,12.69997015903355,-0.6257566417148475,-1.5453818436651388,,-13.5981325839953,-6.150409447432944,-0.1644167434596662,,1.3224516883485438,0.024168165467625805,0.9800796812749004,0.1258452434436952,-0.0444440819579247,-0.1843455171884837,,-0.2432408984692489,-0.4706354589981125,-0.12212049105055,,0.1578215766025088,0.0862866690403697,,-0.2442157853076448,,-0.2598935298542586,-0.5534643478864639,,,,0.0567647058823529,0.9267955801104972
MB-3430,180.0,False,False,True,68.86,25.0,3.0,1.0,1.0,1.0,0.0,1,0,22,0,9,0,0,10,0,949,0,89,14,0,20,60,4,0,4,82,11,1,0,0,0,0,0,13,0,69,75,0,1,19,14,4,237,1158,14.026559450565127,-1.96769056233022,-1.86328849101748,,-14.553574274468511,,0.1608535740361563,,2.467197983163387,0.0194300518134715,0.9783549783549783,0.0908760376784241,-0.1429326320745693,-0.1716476225913202,,-0.3835914900901392,,0.1046973786666932,,0.5090717177771512,0.0335911452258165,-0.3493758361913787,-0.12034523718627309,-0.114367024952,-0.3642023952754802,-0.1971959487095073,-2.6229303509201767,-0.9981955031532519,-3.9583787115663394,0.05803929430633519,0.8793774319066147
MB-3435,25.4333333333333,True,True,True,37.05,30.0,3.0,1.0,0.0,0.0,1.0,5,2,23,8,25,14,0,31,0,10,3,2,16,0,64,0,23,0,0,64,1,11,308,0,1,0,0,68,1,109,16,2,13,72,80,23,190,429,12.098964912921806,-4.701046244381591,-3.734306929874656,-5.083146376297079,-10.783505632434936,-2.124677856547187,1.9614562280244983,2.4708930267884552,0.8727188600260387,0.1666666666666666,0.757396449704142,0.2457759584326753,-0.2900533751716693,-0.2372296129697385,-0.8965567918354762,-0.3775944315624198,-0.2313677295552647,0.2954558835261713,0.681924230608244,0.08903050846921169,0.1993601149702806,-1.129507835017918,-0.43675461344652355,,-0.8564726886222951,-1.2610110286466467,0.8909738235016329,,1.0043784405105745,0.10534452296819778,0.7253886010362695
MB-3436,50.7666666666667,True,True,True,38.2,130.0,3.0,2.0,1.0,1.0,0.0,0,0,3,0,4,0,0,14,2,15,1,80,485,36,79,5,21,0,52,117,6,0,0,0,0,0,0,4,0,126,46,0,0,18,4,21,295,758,12.497803062380363,-2.783386240461992,,,-11.511562825446946,-5.049470260284073,,,2.839890231996972,0.0140171503957783,0.9831932773109244,0.1385700928350885,-0.2743237914885724,,,-0.2608520623233589,-0.464134785120026,,,0.4161416227992224,0.1785288758205048,-0.2495296180400869,-0.2623771582018652,-0.1627728479702634,-0.4210259186797869,-0.5667242956148664,0.290709364276642,-0.2660368939953174,0.0177415823872668,0.0535714285714285,0.9192399049881236
MB-3453,32.8333333333333,True,True,True,51.36,35.0,3.0,1.0,0.0,0.0,0.0,0,749,1073,25,1,0,0,0,0,7,1,4,13,0,37,0,1,62,62,9,0,81,0,0,0,0,0,3,8,28,21,0,25,1,92,1,58,2008,21.93219348107469,,-28.580344707863585,-23.544114520238267,-14.276758476189064,,,,,0.0255229083665338,0.6584699453551912,0.0530548760588512,,-0.8640057889868855,-1.6310337107745656,-0.5259165435174373,,,,,0.0215878046489899,,-0.9801820212253514,,-0.879396230423946,-1.019755819762893,,,,0.0064390359168241,0.7045454545454546
MB-3459,180.0,False,False,True,57.66,20.0,2.0,0.0,1.0,1.0,0.0,2,1,0,0,7,0,0,22,16,1,0,18,133,75,391,18,64,0,59,314,18,2,0,0,0,0,0,8,0,218,20,0,2,29,10,64,570,712,17.863768336559712,-4.480317363657361,-0.0205154248087219,,-14.1848830197423,-9.402621886816906,2.295086404578992,,1.9018955551685528,0.0226474719101123,0.9024390243902441,0.3159668230838158,-0.5161727755250876,-0.0031524486669219,,-0.3227634167001396,-0.7380952628857297,1.0414666172953844,,0.2030858741314764,0.1209107589052743,-0.1763227726404631,-0.1031234613907078,,-0.329201053808509,-0.7048719644563528,-0.6040713236688607,,0.9791126335261765,0.0165123456790123,0.9772727272727272
MB-3462,180.0,False,False,True,40.92,16.0,2.0,1.0,1.0,1.0,0.0,1,11,367,0,3,0,0,7,0,4,0,69,112,8,201,102,51,0,12,136,0,81,23,0,0,0,0,6,0,185,14,0,1,10,87,51,335,909,30.085557518931065,-5.20851362960684,-9.972511582117065,,-29.672478463696955,-13.80338392819947,-1.0536034376760393,,4.578200008183153,0.0396039603960396,0.7389705882352943,0.3142771728002141,-0.7756358845515726,-0.5104391089651209,,-0.8361761746693117,-1.0579040731184195,-0.6870606883398924,,0.8797744676819006,0.183555469120752,,-0.4538188788209786,,-0.7759803782537046,-1.3649338514850422,,,,0.0059751434034416,0.971830985915493
MB-3466,180.0,False,False,True,55.3,15.0,3.0,0.0,1.0,1.0,0.0,853,65,0,76,82,450,0,353,0,0,0,0,29,0,89,0,12,0,0,30,0,0,0,7,93,3,0,242,14,47,47,143,929,1028,256,12,131,279,62.605616200460425,-18.53391729331605,-8.394519311764517,-25.54889442070728,-7.317898055849692,-0.7102092841165405,2.232614498576313,-9.07996538217744,-2.5473596974753634,0.3812724014336917,0.0990425203335735,2.4812611034577827,-0.8297297551981263,-0.9038155359487234,-1.5712722971291142,-1.3025237777356442,-0.3010022560328143,0.0793215134508035,-0.1834614997805621,-0.1398152161629753,3.4193580901404355,-1.189033824390017,-0.7468143615474173,-1.582755865178819,0.3044110402787225,-1.2163843125349725,-0.3176302932090586,-0.5021854865738451,0.1646533502243714,0.3453237410071942,0.0445910817836432
MB-3467,38.8,True,True,True,21.93,35.0,2.0,2.0,0.0,0.0,1.0,24,17,0,0,28,2,2,98,9,22,0,41,103,11,139,106,29,0,6,169,7,0,0,0,2,0,0,36,0,225,12,1,24,131,36,29,413,456,29.639791991167684,-15.712835807416914,-7.644442139005203,-8.54042205052127,-17.628806286553584,-7.067978157181067,3.208310690755756,7.615656629838409,2.803006945006084,0.0701754385964912,0.5052631578947369,0.6965620049020809,-1.0866350004039325,-1.0032981699991017,-1.8774422413565472,-0.5515031888306184,-1.2246829309532816,0.5902965811332618,1.218624144523229,0.1313688973106834,0.7357694660106812,-2.050804107933343,-0.8641424369977847,-1.915985198193567,-0.7105322240717166,-1.080598858240324,0.2441109739914586,1.2952492857047375,0.0046513582716273,0.0846018735362997,0.4213305174234424
MB-3479,180.0,False,False,True,60.3,22.0,3.0,1.0,1.0,1.0,0.0,20,146,7,0,18,2,0,75,10,7,0,54,158,185,885,30,96,0,67,350,7,1,0,0,0,0,0,21,0,134,50,0,20,95,22,96,541,1549,37.5391972472822,-18.10151544187078,-14.528820441552787,-9.380764091663352,-31.51090425052354,-16.203829003228307,14.626536163477304,13.298996000374188,9.406365426047769,0.0242091672046481,0.6743362831858407,0.2714219150510278,-0.9414078461217142,-1.9825507358794896,-1.248165709678227,-0.6093862981479802,-0.7591496209242785,2.483209001920423,2.484825829435706,0.6989690075981165,0.1634534503166394,-1.9853973180551976,-0.32419482681529527,-2.1742936125057737,-0.4860728137434681,-0.8817025063802858,0.8268725665193438,3.045296085652846,0.5618157973677651,0.0161887886597938,0.5436893203883496
MB-3487,180.0,False,False,True,43.58,27.0,3.0,0.0,1.0,0.0,0.0,1,1,2,0,4,2,0,11,9,6,0,15,1000,213,200,58,78,0,13,114,1,1,2,1,15,0,0,27,0,30,35,0,1,17,28,78,181,1534,15.782064176059416,-2.6927269546676063,-6.1407941454288375,,-13.332544374060634,-13.575483841693964,0.3302416386811473,,0.2226080758603273,0.0156453715775749,0.9757785467128028,0.0822249010239537,-0.1795382701622857,-0.3871432574887706,,-0.3378570130571019,-0.5502535872237381,0.1721809753826803,,0.0748941677472837,0.0480775656609864,-0.2341766857710965,-0.311168886171232,-0.9017518723095458,-0.0735566069700811,-0.4697196342191068,1.46394709975979,1.1360615495760285,-0.4195388915137844,0.0275080906148867,0.9148936170212766
MB-3488,27.4666666666667,True,True,True,41.1,50.0,3.0,0.0,1.0,0.0,1.0,3,2,18,1,21,0,0,49,0,0,0,10,19,2,12,15,55,0,2,62,10,0,857,1,0,0,0,38,0,164,97,0,4,70,38,55,334,937,33.03005954717473,-11.718457826225864,-12.747626305550597,,-28.38972873399455,-22.2592540694486,3.824780804743301,,9.371317936336558,0.04495731056563499,0.7987679671457906,0.3219621705723631,-0.6660398724342679,-0.9298872640277039,,-0.8105182534242193,-2.882420737158476,0.9196524269388036,,0.712826897330565,0.2034855996576934,-1.2602357724811204,-0.943536261873484,,-1.3423991443187162,-2.1900737223309985,1.3948124712148098,,1.7447150937711409,0.026160245183887904,0.7472222222222222
MB-3492,118.133333333333,True,True,True,62.09,20.0,3.0,1.0,1.0,1.0,0.0,303,1,0,31,186,108,0,199,0,84,0,2,37,4,60,72,58,0,4,128,3,3,0,15,15,0,0,297,6,195,70,11,334,504,306,58,411,279,57.620034721045386,-17.423465123385387,-13.897149868379678,-17.273044480237644,-17.03998739036972,-7.640938231929318,3.8589656962062864,4.219948513335248,1.25440484792484,0.2280465949820788,0.132987502947418,2.179015781199099,-1.3174471677037765,-1.2446912548153222,-1.7788768341155694,-1.3571885179649215,-2.482940453331451,0.1614940591327644,0.1622057276006526,0.0438479159553482,2.4878001439423154,-0.9275240186356416,-0.5118990385314328,-1.9248220028011145,-0.8014383403007835,-1.209692214282834,-0.3243379148273042,-0.36566993085267,0.0598381702924657,0.322289156626506,0.1078847442483806
MB-3502,180.0,False,False,True,50.79,27.0,3.0,1.0,0.0,0.0,0.0,98,94,0,1,14,0,5,39,19,1,8,9,28,0,7,0,71,15,16,266,1,6,0,0,0,0,0,7,0,125,35,1,99,59,13,71,427,197,23.6015629894358,-5.727923019513264,-4.2020146716827504,-14.470974026094323,-11.255259953154832,-1.685352066913536,3.828698750561053,4.65301361042584,0.638761921335878,0.0564720812182741,0.2806122448979591,1.2198840309969772,-0.8782637344559254,-1.5010569236595144,-2.563262745539425,-0.5105887042740277,-0.1987621472809806,1.0977334309169289,0.6005088923566657,0.0423429298771043,1.3362634326919376,-0.0027965468432376,0.10142884224835702,-2.37702456415534,0.0713337283406138,-1.1943200621037942,0.5680751535720205,-0.2507450664358079,0.1342777887978539,0.1541666666666666,0.2122260668973472
MB-3510,59.6,True,False,True,67.6,20.0,1.0,1.0,1.0,1.0,0.0,4,3,86,3,11,2,12,17,4,32,1,133,77,5,179,362,33,309,4,96,4,3,4,0,0,25,0,45,1,218,58,56,7,98,49,33,376,1224,26.694058583805955,-10.017506650840327,-9.296252383436858,-2.659054059187373,-25.88554195206797,-13.030165681668196,1.2711172602702905,3.4285480980941276,4.621257781658328,0.0537173202614379,0.8534161490683231,0.2312877523847389,-0.4274188006640473,-0.6386238655128537,-0.4158858939171647,-0.6134521037218524,-1.1190448600003329,0.3140598515540231,1.2847056309311635,0.37319051416937404,0.15353570734558084,-0.15647668514157273,-0.5632296920652204,-0.746073850296588,-1.036048698484323,-0.9018926279497316,0.1857914069013333,1.0340618360736331,-0.5164736548864017,0.0355463096960926,0.8748019017432647
MB-3525,180.0,False,False,True,65.56,27.0,3.0,2.0,1.0,0.0,0.0,52,5,231,47,97,82,0,256,0,12,0,37,96,3,115,4,57,1,16,83,5,8,0,9,35,2,5,158,8,69,21,26,99,461,174,57,187,562,58.25165182233907,-35.69120495786484,-19.38012365377926,-17.31422759274729,-21.868793242511703,-13.604111381991675,8.780304604238344,10.693283922282538,9.39109157838473,0.1452402135231316,0.2489946380697051,1.1684034797394822,-1.6260718140999038,-1.6779466657323006,-2.162836874714244,-1.7777411553536977,-2.241268177329375,0.42161224784569096,0.6121449511859017,0.42844846949311716,1.4667542104989575,-1.8504810865567052,-1.6942271385307253,-1.5757777612301995,-4.699884728697476,-2.9205315062779054,-0.1351377612971107,0.2887901622925362,0.5733268555713252,0.1876443418013856,0.1763330215154349
MB-3526,86.0666666666667,True,True,True,60.3,22.0,3.0,1.0,1.0,0.0,0.0,60,0,2,0,48,7,0,135,0,8,1,1,35,0,380,3,31,0,0,316,4,0,3,0,18,2,1,109,0,50,6,0,60,190,109,31,376,454,54.13881645934735,-26.24120837494419,-14.430875302581613,-16.07144929384389,-37.7690374161948,-7.663780858810347,4.403780244804323,6.804125166098275,13.213717911136497,0.0539647577092511,0.277120315581854,1.2313044415826522,-2.5593694420237534,-1.20484401995145,-4.1034976397033365,-2.347750010126421,-1.257345933731273,0.4013295279770285,0.7799649240260984,0.5617539059985713,0.9499217164724528,-1.4454716767924567,-1.5343625122233238,-1.9300056859331964,-2.7349128024022025,-1.2395308729595003,0.1895079306537471,0.9251888755240094,1.0197552951466102,0.1005369928400954,0.3248031496062992
MB-3528,113.666666666667,False,False,True,71.03,25.0,3.0,0.0,0.0,0.0,1.0,124,1,0,69,49,47,0,278,0,0,0,0,13,0,18,0,33,0,0,179,3,1,15,0,10,1,0,120,2,58,38,12,193,386,123,33,278,58,22.447549451212947,-4.267008916569876,-1.091237861415527,-5.605240983131509,-6.42486820533777,-2.081229783522052,0.9626197005252097,0.2825668888485493,-8.988678545764332,0.4676724137931034,0.0947042906841901,2.662764652324789,-0.4209507189873191,-0.2028878334701434,-1.0974642334078386,-0.881690041483376,-0.8180324746580945,0.0562175577132714,0.0132525992639828,-0.3763658139046099,3.3392060863191984,0.0348006062737257,-0.1233207166076102,-0.5638237336630056,-1.0697021666300672,-1.951268060382635,-0.1261349770963591,-0.0950440760505265,-0.152779018157906,0.4951923076923077,0.0713877784123358
MB-3536,86.2333333333333,True,True,True,48.12,15.0,2.0,2.0,1.0,0.0,0.0,35,2,183,3,6,0,0,5,5,3,0,25,59,7,53,200,48,0,19,15,0,27,758,0,0,0,0,6,1,378,62,0,38,11,34,48,455,1314,19.449042249632328,-0.685466046011173,-2.0468281732621505,-16.09160407371295,-18.672054355094364,-6.462476739394996,0.2177961907418884,2.6583313990781567,-0.7422082760106306,0.0274923896499238,0.7687074829931972,0.1680678885091553,-0.0755844902964233,-0.1315419655112181,-1.5330466834938548,-0.41043003105460724,-0.3693390234197189,0.1440103026915194,1.1844245711374273,-0.2147169231698558,0.1349038074218477,-0.7920881654042936,-0.4137361218934771,-1.511618681930014,-0.6432365097470804,-0.5426570232655987,0.7983661388303495,1.5168649843377475,1.2104197796703722,0.030089522546419,0.7243816254416962
MB-3567,180.0,False,False,True,55.95,25.0,3.0,0.0,0.0,0.0,0.0,35,41,1598,18,8,2,0,5,0,0,0,0,60,0,56,0,24,0,21,62,0,155,0,0,2,0,4,32,1,92,6,0,53,15,188,24,160,1782,11.195062786883112,-5.090137523740025,-3.128603150464884,-11.54779493100473,-12.327691349115923,-7.597168755987021,3.379553247399925,4.73280691180933,3.8112720319334286,0.1024831649831649,0.8835540838852097,0.0489442380623349,-0.4292811933356578,-0.0700004088862419,-0.579551802454792,-0.2989876083564839,-0.5027808567736775,0.9117993959921414,1.567040592723894,1.016582884195604,0.0392437991662674,-0.3575117895616791,-0.5310877116779333,-0.8819672974331575,-0.5475663809693164,-0.4470484703030041,1.8132689614794035,-0.0036022366801955,1.253448357004596,0.0250248385494287,0.8342857142857143
MB-3576,24.8666666666667,True,True,True,53.04,37.0,3.0,0.0,1.0,0.0,0.0,0,0,93,0,3,0,0,24,1,0,1,32,440,122,330,6,34,2,80,109,0,6,7,0,1,0,0,8,0,386,35,0,0,27,14,34,530,1115,22.713940350403693,-2.0408290846721657,-6.282008588074658,,-22.734100898637067,-12.491649913771488,1.3917733563554673,,1.302587624423923,0.0177130044843049,0.9340101522842639,0.2237849360259616,-0.1687053070980943,-0.9164766444377164,,-0.4689729666236281,-1.3523938117209156,0.7393720918733013,,0.1647339394586919,0.171614410137544,-0.2802964944548675,-0.569507029025929,,-0.5707484569522276,-1.246914740470517,1.4714286811292423,,0.1138515657308677,0.0183495539334955,0.9087301587301588
MB-3600,180.0,False,False,True,60.15,12.0,2.0,1.0,1.0,1.0,0.0,0,0,11,0,0,0,0,2,278,67,68,698,168,128,272,25,17,0,40,159,1,1,0,0,3,0,0,2,0,36,20,0,0,2,3,17,216,1758,17.346807602969452,,,,-20.39344818623679,-10.22507295550404,,,,0.0014220705346985,0.967741935483871,0.0629255719914182,,,,-0.49564496446676065,-0.7617055319061601,,,,0.0251714237813593,,-0.4001834155038298,,-0.5361915642517435,-0.8172139242583266,,,,0.0114392678868552,0.931726907630522
MB-3606,110.633333333333,False,False,True,68.61,40.0,3.0,0.0,0.0,0.0,1.0,0,1,15,0,0,0,0,0,0,0,0,0,1,0,0,0,7,0,6,1,0,246,963,0,0,0,2,1,26,26,2,0,0,0,273,7,29,988,17.890349170941278,,-21.519877023357008,,-5.960646293459145,-6.739034030517008,,,,0.138663967611336,0.7170542635658915,0.1371779965532359,,-0.5327825577107566,,-0.4110284554157624,-1.105648929890356,,,,0.6224272897704368,-1.1081341096646335,-0.7373943034642227,-0.3502923995820166,-0.8932327572180095,-0.44509997014831804,0.41893764548481993,0.0338380409842385,0.5537437701104359,0.40345744680851053,0.40442225392296727
MB-3614,180.0,False,False,True,63.95,34.0,3.0,1.0,1.0,1.0,0.0,1,0,0,1,0,0,0,35,387,0,19,3,158,115,32,0,22,0,7,243,11,0,0,0,0,0,0,11,0,184,66,0,2,35,11,22,504,721,23.670144446745127,-4.973328949718475,-4.92990431162098,,-23.290800397296007,-11.197021950522531,0.7309810100948946,,2.358682261315236,0.0246185852981969,0.8984771573604061,0.351067479004106,-0.4655787719506044,-0.8912937405575,,-0.4883061304609223,-2.0384487241582785,0.4035418604410144,,0.2375033365835469,0.3732894948382758,0.1073314259824529,-0.8743268956228352,-0.1555499791673885,-0.8119780757881758,-1.1340881529922395,-0.5047616184856868,0.23446525363702292,-0.6718399514011232,0.0516809728183118,0.7868852459016393
MB-3702,180.0,False,False,True,37.16,5.5,3.0,1.0,0.0,0.0,0.0,7,20,16,8,8,1,0,36,4,3,1,7,87,2,46,1,77,2,7,47,0,3,1,1,6,1,1,15,0,115,28,0,15,45,18,77,191,205,17.254480308108676,-4.795902403185086,-6.769318474610037,-7.0593304267179535,-10.869930880941016,-4.024358802260026,4.124138073665878,4.965826415341723,-2.8383961347318607,0.0713414634146341,0.5697211155378487,0.7030586857579355,-0.5586758092008803,-1.6074571385082428,-1.6469758248868276,-0.5923254154403178,-0.3064566861249224,1.0188780102056896,1.1354954538101272,-0.3162930387395395,0.9477017760125324,-0.698993127335668,-0.7820590325111538,-1.2564068537942452,-0.1685205121910337,-1.4271892268071955,-0.7498917686104762,0.5049444716319813,-0.5264027302064905,0.1013157894736842,0.5344352617079889
MB-3707,180.0,False,False,True,70.77,25.0,3.0,1.0,1.0,0.0,0.0,2,0,4,0,31,0,0,95,45,29,10,167,74,0,162,65,27,0,2,321,4,0,0,0,0,0,0,20,0,125,10,0,2,126,20,27,460,558,16.838610543268796,-8.885460831260996,-3.478368970270332,,-14.700685043357554,-1.2904522853990563,2.9298922216492373,,6.002020909176804,0.0864695340501792,0.7967914438502673,0.3731014746493556,-0.5008286041791646,-0.4856761192897842,,-0.393169995466365,-0.138863915214138,0.6755493953439268,,0.2748523108431151,0.1878435629410236,-0.3023575356448252,-0.7000302941339772,-0.2926615697083555,-0.5073668931112949,-0.4102917606195246,0.9632036440114234,-1.1538053360790357,0.0524188451212857,0.0678519593613933,0.7855946398659966
MB-3711,180.0,False,False,True,41.52,20.0,1.0,0.0,1.0,1.0,0.0,2,1,0,0,12,0,0,26,0,44,0,138,15,0,13,1,20,0,0,184,1,1,0,0,0,0,0,6,0,128,1,0,2,38,7,20,314,212,36.35060269877033,-9.02165015669022,-1.7728109109486143,,-28.830574968889746,-7.159065706467668,2.077792275986782,,5.907585831617462,0.0229952830188679,0.6770833333333334,1.201867409845287,-1.405284448833258,-0.5480013569175438,,-1.4984586129870976,-2.0340706760896925,0.784493964248792,,0.3809565040357377,0.990782759675112,-1.020768865094572,-1.138837660746301,,-1.6963410051005212,-1.870813709015867,0.570718806664342,,0.5028438802476511,0.047248803827751096,0.6090534979423868
MB-3752,75.3333333333333,True,True,True,49.98,15.0,3.0,0.0,0.0,0.0,0.0,229,64,30,241,49,55,3,196,0,0,0,2,146,11,32,0,15,382,132,227,0,2,0,1,52,39,2,32,12,146,117,38,470,341,46,15,491,892,43.6215324079236,-19.51951739661558,-7.049446039144246,-22.267922978013377,-35.08823488809085,-5.67142275870589,0.9659789962942825,3.6080465679683065,9.422762103813367,0.2232343049327354,0.4567546380977267,0.8014125576063407,-0.8769113762620296,-0.8091709980922754,-0.718619805320228,-1.4734376604059407,-1.346990648081625,0.1540655599019423,0.1695409782428961,0.3768076267324106,0.8987248991857557,-0.8331712138617411,-0.7818078347037365,-1.050512535583102,-1.258084944673369,-1.4320402905592453,0.003856592618478,-0.1780369751730905,-0.227670989185095,0.234931506849315,0.3899210995164164
MB-3754,92.7333333333333,True,True,True,57.01,25.0,3.0,0.0,1.0,0.0,0.0,0,0,267,0,6,0,0,24,26,8,2,104,98,10,207,217,13,0,14,96,13,12,1,0,0,0,0,21,0,392,27,0,0,30,33,13,528,954,19.55274914758676,-5.54176292156028,-2.0087014519350577,,-21.627459421428266,-6.852114558834134,4.678388438236511,,2.410012697663086,0.033149895178197,0.8987341772151899,0.2481273940025694,-0.5043533305118795,-0.1491580944953692,,-0.4610148661305325,-1.10916387296345,1.4398285358468437,,0.2789919797367701,0.1728278396601297,-0.0571457999061466,-0.8156022166233985,,-0.5829569785881945,-1.1480229834850293,-0.11103131238874399,,0.0231781476393149,0.0492194275802254,0.7679558011049724
MB-3781,180.0,False,False,True,48.16,18.0,2.0,0.0,1.0,1.0,0.0,0,1,270,0,2,0,0,7,0,51,0,58,32,0,19,13,102,0,0,62,1,28,0,0,0,0,0,29,0,295,0,0,0,9,57,102,358,444,27.1466521976735,-2.53196844047502,-2.0320140614415854,,-22.569378565349833,-14.00481331038978,-0.5195980295143396,,2.8054194594915147,0.0532094594594594,0.852112676056338,0.6138287089478685,-0.5545433759399265,-0.1576398528126393,,-0.8057905623548383,-1.0261599938896957,-0.2761988650322415,,0.4644099470659383,0.4719335883126938,-1.4064220955795919,-0.7766467014832017,,-0.9867183270203764,-1.1683801531716744,0.7210240502971845,,0.7525064450619844,0.0197727272727272,0.8444444444444443
MB-3797,180.0,False,False,True,68.72,24.0,,0.0,1.0,1.0,0.0,0,0,45,0,0,0,0,7,45,47,6,95,111,4,181,1206,20,1,5,39,0,1,0,0,0,0,0,7,1,106,7,0,0,7,9,20,152,1746,34.13931906985984,-9.73401168723585,-7.17938478182504,,-44.65460074877299,-18.189760168053212,1.5583716026428602,,12.892973373612246,0.0035080183276059,0.9855072463768116,0.0917391007969523,-1.2631596343431286,-0.6809113750431729,,-1.3615035426925357,-1.51375668015862,0.6954889581900472,,2.4380629403775678,0.0863017241256541,-0.287323525743313,-1.2732361259494112,,-3.14161898350954,-1.367888399750701,-0.5801454844233803,,0.66800822176794,0.0129087779690189,0.8704453441295547
MB-3823,180.0,False,False,True,40.78,25.0,2.0,,1.0,1.0,0.0,0,1,0,0,2,0,0,17,0,116,0,174,47,0,90,0,25,0,3,278,8,0,0,0,0,0,0,8,0,93,3,0,0,19,8,25,382,431,20.56667288212799,-4.062396498705141,-0.7360744852905519,,-19.76927480586446,-7.407692280968828,1.707270773832341,,4.075917283610754,0.0214617169373549,0.8952380952380953,0.501082624114743,-0.5466971461178431,-0.141993242230959,,-0.6505619624322619,-1.1413340725522696,0.8862995008352716,,0.42894701892620146,0.1842058934135433,,-0.39974402072789234,,-0.8399595874895318,-1.3949809235752788,,,,0.0668145956607495,0.8579654510556621
MB-3824,126.466666666667,True,True,True,49.45,22.0,3.0,0.0,1.0,1.0,0.0,3,1,20,3,5,0,0,1,0,3,0,42,22,2,63,62,51,0,3,99,0,2,1,0,0,0,0,28,0,106,6,0,6,6,30,51,211,219,22.70980593831468,-4.276361211068147,-7.86680578527072,-4.778221082762725,-16.937103202541966,-10.13589973196508,-0.1553288804624645,1.722322813420853,3.1480346183715624,0.0268264840182648,0.6593406593406593,0.7592022033227774,-1.605553595494403,-1.244826184630777,-2.2684343935763835,-0.8823579252621336,-1.1493677695302476,-0.0874628412503394,0.8712666858777971,0.579613846218476,0.6612522693814702,0.2300590395855128,-1.1796879703822096,,-0.9455980997795923,-0.3828758792881216,-0.8836208162856712,,-0.8666607508199857,0.0571428571428571,0.8129496402877698
MB-3978,100.866666666667,True,True,True,57.91,13.0,3.0,0.0,0.0,0.0,1.0,5,57,172,2,53,1,0,76,0,0,0,28,89,5,59,0,43,2,12,194,5,70,304,0,3,0,5,32,6,185,15,0,7,130,108,43,399,736,30.78928708942797,-19.691430240360173,-11.481924248518617,-4.385027871005378,-22.53121599979045,-7.127035711396472,4.41418730994052,6.8643362506006795,7.3317344565884115,0.0833899456521739,0.594758064516129,0.4722568177144549,-1.15417981585749,-0.7567821579760878,-1.1862892511569858,-0.6524548919099697,-0.6549642394236463,0.49426907637466944,1.720663781837106,0.4398381783217399,0.40783331043133614,-0.959378625284597,-1.1152904912500032,-0.6854205786014401,-0.7847897222132335,-1.0707397943186987,0.8446794114664594,1.6005554354105425,0.2500982326367495,0.0841439688715953,0.5812897366030881
