PID,time,event,clinical|seed0,clinical|seed1,clinical|seed2,clinical+composition|seed0,clinical+composition|seed1,clinical+composition|seed2,+spatial (z)|seed0,+spatial (z)|seed1,+spatial (z)|seed2,+spatial (log O/E)|seed0,+spatial (log O/E)|seed1,+spatial (log O/E)|seed2,+spatial (residualised)|seed0,+spatial (residualised)|seed1,+spatial (residualised)|seed2,"+spatial (log O/E, CELESTA labels)|seed0","+spatial (log O/E, CELESTA labels)|seed1","+spatial (log O/E, CELESTA labels)|seed2",random baseline|seed0,random baseline|seed1,random baseline|seed2
MB-0002,84.6333333333333,False,-0.4443177561657328,-0.20162925610258864,-0.7261640184474242,-0.8837765224207592,-1.1207941842962195,-1.3048285576841525,-0.881003358795173,-1.0496554419273905,-1.2988872359359107,-0.8810033466124814,-1.043292398367444,-1.2924120957097738,-0.8704240102792609,-0.9995748823366258,-1.2973446708169032,-0.8167059194374812,-1.0820502586621323,-1.303126608938449,0.1257302210933933,0.345584192064786,0.18905338179353307
MB-0005,163.7,True,-0.47207784576725603,-0.3736513425878599,-0.5473417926084991,-0.7118712070837917,-0.7797910788858741,-0.9202253712323479,-0.7118712070837919,-0.7558314966841487,-0.9148494564399144,-0.7118712070837919,-0.6759576079627034,-0.9078302193149113,-0.711871378622057,-0.7558314966841486,-0.9046937421840384,-0.6980768850011139,-0.4824365443772295,-0.6854745949290387,-0.1321048632913019,0.8216181435011584,-0.5227484414807474
MB-0006,164.933333333333,False,-0.3645762561298131,-0.3304593701066155,-0.22930408675825162,-0.886787637257566,-0.6948281322118495,-0.6809332998277957,-0.886787637257566,-0.740856111499871,-0.7094311793572625,-0.9254300543437101,-0.6281674286682823,-0.7632182772251712,-0.9209467206740681,-0.7408561114998709,-0.7025526646390635,-0.8869641634155058,-0.6608987204862921,-0.7094311793572625,0.6404226504432821,0.33043707618338714,-0.41306354339189344
MB-0010,7.8,True,0.0729999092619795,0.006272944859923144,0.0431784895691818,0.44210902318359285,0.5266229487880445,0.743782986828823,0.44210902318359285,0.2606089184753749,0.742974373450299,0.39665929684970946,0.2606089184753749,0.5642281430957002,0.362460641266829,0.2568425790555939,0.5743906918678177,0.44217864643296323,0.2606089184753749,0.5732551981185834,0.10490011715303971,-1.303157231604361,-2.4414673826398556
MB-0014,164.333333333333,False,-0.22371280359982654,-0.15977503264629128,-0.4362867641735413,-0.6732074838254577,-0.8408468820748558,-0.7391442640869424,-0.556619996460425,-0.7993262983235067,-0.7319515825912436,-0.556619996460425,-0.7790838934397298,-0.7267175686771925,-0.6317180276079799,-0.7922628296477973,-0.7382659865658021,-0.6474407142791532,-0.8199078718801587,-0.7883998396583174,-0.535669373161111,0.9053558666731177,1.799707382720902
MB-0022,99.5333333333333,True,0.23398023319385403,0.3866308158984633,0.44144061070612595,0.5745334819962499,0.7698099576518694,0.8548453085929781,0.5805423419598335,0.7859052254764094,0.8621604086060757,0.5805423381216903,0.7859052254764094,0.862645640953668,0.5894391708532128,0.7798624103345683,0.8707755369892242,0.5537667434554324,0.8039068059185175,0.8902124443182148,0.36159505490948474,0.4463745723640113,1.1441658720372287
MB-0028,36.5666666666667,True,0.33577968129325464,0.11908932054318334,0.17421008639849797,0.5862832783492443,0.9945515493416036,0.7607115162353433,0.5991493828433241,0.9359235331968014,0.6325917475189375,0.5991493828433241,0.9062115432043684,0.7925320974812703,0.5726221831693173,0.9528898448938764,0.7205126728060117,0.5862832783492441,0.981268419845589,0.6325917475189375,1.3040000451301372,-0.5369532353602852,-0.32542283686782436
MB-0035,36.2666666666667,True,0.021089235603037368,0.1163054682530737,0.14665604649270833,-0.021947314664325115,0.42774015504833846,0.2999479523046301,-0.02390338881706154,0.40533997471248906,0.2602618859210691,-0.02390338881706154,0.5793156050372193,0.2680548521835804,-0.0054445973107245214,0.4053399747124884,0.3045202175576868,-0.021947314664325302,0.46405497153501973,0.5157166000490807,0.9470809631292422,0.5811181041963531,0.7738065867276614
MB-0036,132.033333333333,True,-0.06378549829880265,0.019850809571751143,-0.035611262872197555,0.2648041593547372,0.5555296668948079,0.8650901688256196,0.26829265738496516,0.4633822645621889,0.8674679114063252,0.26829271740091026,0.4633822645621889,0.7700387485586955,0.25784149918535265,0.3749024519035272,0.7594474279231491,0.22417877737256633,0.39498022546073414,0.7377075962779486,-0.7037352358069926,0.36457239618607573,0.28121066979764925
MB-0045,164.9,False,-0.022351646377522377,-0.017123654523885756,-0.11409028230958834,0.17407826678195798,-0.15371214923792018,-0.10058070555913959,0.15838801195011074,-0.011453025497847073,-0.10058070555913959,0.15838801195011074,-0.04332410571340205,-0.10058070555913959,0.1814718570151874,-0.04659685268707947,-0.10058070555913964,0.17407826678195834,-0.07415900843363343,-0.10058070555913959,-1.2654214710460525,0.294132496655526,-0.5538228364240524
MB-0046,14.1333333333333,True,0.6877023922610297,0.8856434913625657,1.1701439164398968,1.7028519165426386,2.3246775450790165,2.140912012112785,1.7184202518830958,2.284744669433163,2.180191833944873,1.718420274125282,2.367743305111105,2.178150978926738,1.6912681220338874,2.284744669433165,2.1384671601348733,1.614596135076881,2.4390548318162226,2.0975539402764696,-0.6232744625373522,0.02842224131579679,0.9775674511260357
MB-0050,75.3333333333333,False,-0.23208874570764748,-0.32422138824404023,-0.39607307805993325,-0.9704805858684039,-0.8049795683602373,-0.7206791527819745,-0.9645756253070661,-0.8165139087270009,-0.7206791527819745,-0.9645756253070661,-0.9080846004431516,-0.7206791527819745,-0.9848744930185367,-0.8165139087270007,-0.7206791527819746,-1.1176600823648386,-0.921558349359246,-0.7206791527819745,0.0413259793472436,0.5467129866124469,-0.31055654665915255
MB-0056,62.8666666666667,False,-0.2575734954993777,-0.1356816179053129,-0.32288003212747224,-0.39612342078852286,-0.613288481910197,-0.4269615980720888,-0.3911667871661424,-0.5140617281776879,-0.4269615980720888,-0.39116675974566073,-0.5140617281776879,-0.4269615980720888,-0.401857276625714,-0.5152591926901968,-0.42696159807208856,-0.3944214894015845,-0.5140617281776879,-0.4269615980720888,-2.3250307746388343,-0.7364540870016669,-0.3288239040579627
MB-0059,160.9,False,0.1370933321430609,0.11832221021693076,0.15800236952761232,0.49833239955114134,0.6454863958570188,0.4633624336126473,0.4983323995511414,0.6454863958570188,0.4877136628221422,0.4983323995511414,0.6454152276337182,0.4765501746648315,0.4983342264521087,0.6319317453850769,0.4591649093130914,0.497778390832603,0.6464134930347082,0.43422357038058906,-0.21879166393254573,-0.16290994799305278,-0.7921467553588982
MB-0060,140.866666666667,False,-0.5076257395303254,-0.17071695251834368,-0.48747795522471443,-0.9893665379444756,-1.2399909801659537,-0.8691369425080259,-0.9869729772549167,-0.9960363300632645,-0.8691369425080259,-0.9869729772549167,-0.9960363300632645,-0.9289162631912881,-0.9097339563928418,-0.9971383714529208,-0.8875498602609264,-0.9893665379444757,-0.9960363300632645,-0.8691369425080259,-1.2459109472530652,-0.48211931267997826,0.45495807124085547
MB-0064,108.933333333333,False,-0.3064206117292844,-0.13904922132126707,-0.18498020893645048,-0.22162376918963492,-0.1006091789596859,-0.030698331925362213,-0.22162376918963486,-0.2661073341616026,-0.031348406970554736,-0.22162376918963486,-0.2789334593508441,-0.03820757477081781,-0.2216230766152048,-0.208837094303937,-0.05324913867911381,-0.20582843042804216,0.056295235150029536,0.08804088341733247,-0.7322673547034516,0.5988462126346276,-0.09919805171738795
MB-0066,157.433333333333,False,-0.2499243744665775,-0.19657717455261375,-0.23615226241468487,-0.4286272343576695,-0.2718205075689994,-0.2665074770185434,-0.4286272343576695,-0.21964917638103773,-0.2665074770185434,-0.6578271331612232,-0.3248505725975258,-0.32902452673282107,-0.5994514784520393,-0.21964917638103787,-0.28664484893886266,-0.42863309970717584,-0.33123336508952633,-0.2665074770185434,-0.5442589828573099,0.03972210748165899,0.5452887139646817
MB-0068,103.133333333333,False,-0.5019208931223169,-0.6965958115396672,-0.34688764981939263,-0.9733262882246603,-1.1814187693569798,-1.1355884424102765,-0.9668864480473354,-1.145954999939099,-1.1305045422560362,-0.9668864766435364,-1.145954999939099,-1.0210643930676007,-0.961950807071055,-1.1652437670723046,-0.992301883496,-1.0141772396054995,-1.2234063805145967,-1.1229120788661573,-0.31630015636915454,-0.2924567509650886,-0.6071856998706371
MB-0079,28.5,True,0.21076840551874623,0.35579529417389855,0.3848276169632174,0.7742001770366981,0.521093487989442,0.49983946413775693,0.304865119567873,0.521093487989442,0.49983946413775693,0.304865119567873,0.5210700046796768,0.6304680592138692,0.5999886560915123,0.5360415311479486,0.5542586093608276,0.7268365427522601,0.5054995949508999,0.49983946413775693,0.4116305363741328,-0.7819084623568421,0.12682784711186987
MB-0081,69.5,False,-0.6167077286204664,-0.21073403406809363,-0.33909418966672533,-1.0795293091111782,-1.5380340226404923,-1.299999714441844,-1.0810139063526008,-1.1040140414465818,-1.0857840553029252,-1.0810139063526008,-1.1040140414465818,-1.2920035261696505,-1.0199994951334463,-1.1006446107570873,-1.1168763887666058,-1.0795293091111782,-1.1040140414465818,-1.0857840553029252,1.0425133694426776,-0.2571922406188707,-0.8922740434297903
MB-0083,86.0666666666667,True,-0.3965996884889626,-0.3414609738197661,-0.438643926307151,-0.6747755219666591,-0.5181508965247851,-0.5369387331819497,-0.6747755219666591,-0.49607697977462006,-0.508336215813053,-0.6508103666476108,-0.5045038243603481,-0.508611050358398,-0.6549849797916034,-0.4960769797746204,-0.5215815554999986,-0.6748251457541034,-0.606452296705716,-0.6649159766923705,-0.12853466294403426,0.008142180518343508,0.8414649723701431
MB-0095,49.7666666666667,True,0.3884292427935501,0.2926053130913648,0.3847475994967463,0.8844598100914265,0.895571901697781,0.8616357014305007,0.8844598100914265,0.8314410472042776,0.6842868330758883,0.8844598100914265,0.9611652399073299,0.6863050589047056,0.8844631094624694,0.8314410472042777,0.8103443353876932,0.8824452408481184,0.9297249190060438,0.8511744199168912,1.3664634705496859,-0.2756029052993704,0.18803508698068597
MB-0097,98.7,False,0.13823097776788656,0.3093847624566697,0.13671173444339163,0.7418888376439676,0.7623411742300708,0.7400813248691965,0.7441749473235431,0.7781634537820846,0.7544561225020533,0.7441749473235431,0.7781634537820846,0.7163125861415959,0.7450582655990341,0.7406112075031039,0.7453981169864989,0.6483212276685683,0.7060009640297696,0.6578668862359441,-0.6651946734866135,1.2940638143982073,0.33057100813532614
MB-0099,132.1,True,-0.2205292226557518,-0.1472711310178641,-0.41600283699871815,-0.7824446273663973,-0.9454737196028945,-0.6476334677264549,-0.7155402652991221,-0.8850887790782264,-0.6476334677264549,-0.7155402652991221,-0.8262023721040009,-0.6476334677264549,-0.7339194422151138,-0.7879439708439524,-0.6476334677264548,-0.7438770402443164,-0.8863211390096731,-0.6476334677264549,0.3515100700930197,1.0067243153057943,0.41050391297026284
MB-0100,8.06666666666667,True,0.33724374573761046,0.2688776281825342,0.1893952882392133,0.7892870466387041,0.5169872724473112,0.5082315114902763,0.7892870466387041,0.5054755116803601,0.4675691094712512,0.4405797854612232,0.539942040822176,0.5353453567794686,0.7078122169232798,0.5054755116803599,0.5206208030879427,0.7893520214108514,0.7545206528602607,0.5564181178212868,0.9034701816518086,-2.7111624789659685,-1.0107575001533344
MB-0101,148.033333333333,False,-0.46720806088178685,-0.4462161630191826,-0.5175902861556255,-1.1184505553867001,-1.0630861726828522,-0.9001643158944495,-1.1184505553867001,-1.0630861726828522,-0.9001643158944495,-1.2316940611885494,-1.0629864345197049,-0.9001643158944495,-1.3122648284292595,-1.1104980824107715,-0.9001643158944493,-1.1187372694882798,-0.9835333242762285,-0.9001643158944495,0.09401229776087457,-1.8890132459676727,0.7831809961440773
MB-0102,140.766666666667,True,0.14863015698850554,0.14820210771534287,0.10915461708942228,0.20969661030001238,-0.05896944728500934,0.5676049183135062,0.20969661030001238,0.12296000438789184,0.4060194943763489,0.1235490240141033,0.12296000438789184,0.6115183272876928,0.04023935140948176,0.1430562398329112,0.34701953096355737,0.2097100250852909,0.07507167598309836,0.4060194943763489,-0.7434992493538084,-0.17477209205516195,2.0567028183423686
MB-0107,158.033333333333,False,-0.2187379025987513,-0.16221048948470854,-0.12130714406609938,-0.34856872010688794,-0.11776212926685953,-0.04463251588890524,-0.34856872010688794,-0.11776212926685953,-0.05009390545666748,-0.20850362135509953,-0.11774086290018868,-0.013433949025055493,-0.2114258704646083,-0.07335781441149658,0.011458887529959593,-0.3486261278637369,-0.08979389950284393,-0.06847758558814557,-0.9217253762584194,-0.42219041157635356,-1.6384425032355252
MB-0109,112.4,True,0.228412469699564,0.25036440793125203,0.31248753214826663,0.3980693277899621,0.8817781605884897,0.678243292014001,0.4322965550732232,0.8817781605884897,0.678243292014001,0.4322965550732232,0.8817351128389944,0.678243292014001,0.5161789373326513,0.9995331847933061,0.678243292014002,0.39806932778996196,0.8501021872214929,0.678243292014001,-0.45772582566733916,0.2136429974986111,-1.7294114671544816
MB-0111,127.1,False,-0.6251809703441118,-0.5333771145934525,-0.6342956219145185,-0.9094405832193985,-1.0748928785743825,-1.0059956556451066,-0.9094405832193986,-1.0748928785743825,-1.0059956556451066,-0.9094405832193986,-1.0748492160590382,-0.9650335718441068,-0.909440268169429,-1.0352118764931526,-0.9788225253198434,-0.9117190086914967,-1.0942212800073199,-1.0059956556451066,0.2201951234700494,0.21732193102256359,-1.50483141386432
MB-0112,39.1666666666667,True,1.7522967384984585,2.249833907166388,1.8161157527209126,3.649932245595391,3.86048817178281,2.8496931231702676,3.649932245595391,3.651602490334233,2.846646213500936,3.750215211886424,3.651602490334233,2.8162877613355453,3.776456251189649,3.5690451142102506,2.8299840641567005,3.65011695462761,3.7853060595469703,2.9258900834698705,-1.009618183538736,2.1178387550510482,0.8414588934539998
MB-0114,13.4,False,-0.29421140998187917,-0.5506752195928832,-0.5471726836882324,-1.1210968213916956,-0.9666338574095659,-0.9433879232174762,-1.0772049302187086,-0.9614803708474463,-0.9433879232174762,-1.0772049302187086,-0.9614803708474463,-0.9645314559918048,-1.0895682652341407,-0.9579962693028597,-0.9542534154830735,-1.1510050642281004,-1.0012352552582284,-0.9433879232174762,-0.20917557487171307,-1.1120207626922813,0.12871565747406846
MB-0115,66.7333333333333,True,-0.17913315602460697,-0.1931839235721709,-0.22029956776491932,-0.7043626569583776,-0.7497202655825908,-0.5680390910318579,-0.7043626569583776,-0.7497202655825908,-0.5680390910318579,-0.1975381201249382,-0.7496122605610744,-0.5680390910318579,-0.2669569284324786,-0.6353270672591146,-0.5680390910318579,-0.7045997371302914,-0.7498526671057043,-0.5680390910318579,-0.15922500991447772,-0.37760500712699807,1.078342440739298
MB-0116,122.266666666667,False,-0.13315559272697647,-0.12283838418500898,-0.13735844631418265,-0.8615758955750448,-0.3529540172914745,-0.418583244619768,-0.8959959086399474,-0.3550375397354747,-0.418583244619768,-0.8959959086399474,-0.3550375397354747,-0.418583244619768,-0.8875970897903744,-0.3818867306176953,-0.418583244619768,-0.9852132334068793,-0.38036029028649887,-0.418583244619768,0.5408455846858077,2.0427716074923303,0.722430872307499
MB-0117,2.4,False,-0.1099052992785972,-0.03714287580415352,-0.05495360705755839,-0.3740480063898522,-0.6215568559055475,-0.33137103151088937,-0.3740480063898522,-0.3214334061423646,-0.3270136176990534,-0.4402195901132358,-0.3214334061423646,-0.4096038187452301,-0.48589696923876907,-0.32375011042458174,-0.3564415298537172,-0.37408652797755126,-0.3214334061423646,-0.3270136176990534,0.2146591225063409,0.6467029962018469,0.21057181237528058
MB-0119,95.8666666666667,True,0.156412322110241,0.06581869192131347,0.10646898777848474,0.27572092150790656,0.3237902394154526,0.3244320970585666,0.27324428529541417,0.4620396929703596,0.320144177791577,0.27324428529541417,0.4620396929703596,0.31673121541542604,0.2571731853728262,0.4611143686531106,0.30891668273525597,0.2757209215079063,0.4620396929703596,0.3426901549459176,0.3553727090399214,0.6630633723762617,0.28403814525037085
MB-0120,29.0666666666667,True,0.33311760251706135,0.4406681401091006,0.28854974570428166,0.6829468541937906,0.8610083161844867,0.41055518233237664,0.66262111489109,0.8610083161844867,0.4001357573917179,0.6626210542735994,0.8609652145007913,0.6691274593409008,0.7137389081596193,0.9234284387966275,0.711898720403172,0.48378459293858844,0.8703946989935769,0.6396784632558602,-0.6538286094183394,-0.5140063716874629,-0.16976049772313542
MB-0121,152.2,False,0.3745462908644603,0.39902135417242124,0.2273922545272168,0.903032271555171,1.0143704558198154,0.7976180596771109,0.903032271555171,0.9838525210334192,0.7893907876935846,1.0185921565851523,1.1859896964928354,0.9323121313546581,1.0413032291981101,0.9838525210334191,0.8380134456502583,0.9032790297940555,1.2188496902376094,0.7893907876935846,-0.12961363369276946,-1.6480751708556527,0.8684602112115102
MB-0122,138.9,False,-0.23035272340283341,-0.17751392653558304,-0.4728996909059543,-0.48745093035548853,-0.5605960806040868,-0.5895412999666391,-0.5460782521068526,-0.5595223005394733,-0.61060411674645,-0.5460782521068526,-0.5595223005394733,-0.610710151070868,-0.5077096811122404,-0.5606803707802918,-0.5979342602408576,-0.4622350699474354,-0.5595223005394733,-0.5556553310740526,0.7839754700613295,0.16746474422274113,-1.1297159617807548
MB-0123,114.233333333333,True,0.01885099987617406,-0.021395062743440517,0.12846128241696667,0.3524457637593417,0.387292754372224,0.3973201969433243,0.37514306260088776,0.19513462861750072,0.3973201969433243,0.37514306260088776,0.19513462861750072,0.38242616657291095,0.3462311070318372,0.1930480758141686,0.40588589015684673,0.28303441980431626,0.19513462861750072,0.3973201969433243,1.4934311452207607,0.10901408782154753,-0.4218588261783162
MB-0126,127.633333333333,False,-0.2970684057371312,-0.11960019448994305,-0.2686383698430145,-0.40470519804168814,-0.622009575640474,-0.36691835123171884,-0.40470519804168803,-0.5257269013099353,-0.36691835123171884,-0.40470519804168803,-0.5257269013099353,-0.36691835123171884,-0.40470621896055997,-0.5238348555802399,-0.3669183512317186,-0.38171121375730926,-0.5257269013099353,-0.36691835123171884,-1.2590655321041202,-1.2273520542445742,0.2429388530987352
MB-0128,137.8,False,-0.5796142777585426,-0.1987064834128105,-0.5675157655207144,-0.8340989549567052,-1.4489552047283907,-0.8148637102420322,-0.8768217394834102,-1.3859533998981637,-0.8148637102420322,-0.8768217394834102,-1.3553780020278337,-0.8148637102420322,-0.853490039913387,-1.3086801778300916,-0.8148637102420321,-0.8340989549567052,-1.4007312153502138,-0.8148637102420322,1.5139237747390626,-0.6832266617805622,1.8014208584493328
MB-0129,38.5666666666667,True,0.4395785354210675,0.7278557597894227,0.7145051486672428,1.66894323444179,1.2960579563500643,1.2511632408465079,1.607569504245834,1.246661641235009,1.2511632408465079,1.607569504245834,1.246661641235009,1.2502205542591647,1.6259701744424668,1.2422768029461961,1.2360567349653344,1.798234301856157,1.3101914614843198,1.2511632408465079,1.3458754237823045,-0.07204367972722743,-0.7644641157203993
MB-0130,153.566666666667,False,-0.09349967867509784,-0.3732897911651787,-0.16221138299555846,0.062660401236308,-0.5048729298225385,-0.20225676008106672,-0.16884622957526463,-0.598854432089335,-0.46299341986013165,-0.16884622957526463,-0.598854432089335,0.00026630196253572965,-0.006768401316636464,-0.7065109771516421,-0.3924976133980976,-0.014868242404806012,-0.590302997780988,-0.46299341986013165,0.7813114007004275,-0.9447516230607774,-1.0790604591369424
MB-0131,66.6333333333333,True,0.10839650391511527,0.12008394452644715,0.12960759079622874,0.1539730787719075,-0.038318110225419796,0.03359111650069961,0.1539730787719075,0.11413983231846865,0.03359111650069961,0.37342302494964014,0.11413983231846865,0.06463801575954307,0.35901071308044163,0.1389039593896684,0.06470928919057214,0.15391616985444107,-0.026267836232363576,0.03359111650069961,0.2644556303293035,-0.09826996785221727,-0.5632871985040379
MB-0134,12.9333333333333,True,0.13428696148919686,0.20215825349354433,0.23538534896825966,0.6974714048500688,0.47020053751048074,0.4215686511021916,0.4433525386078803,0.37701158489390674,0.40756161794785056,0.4433525386078803,0.5473208801445341,0.392406407822992,0.6146590132534598,0.3770115848939062,0.40610349432706166,0.5695913731768574,0.4836253248770726,0.3442307769451306,-0.3139228145364278,0.09548302746945433,0.9692722011381628
MB-0135,116.633333333333,False,0.17270863715851983,0.2954533122658528,0.23886672811927467,0.6588156938921207,0.7342256118388174,0.5195232230788887,0.6551123020588882,0.6794063803171333,0.5195232230788887,0.6551123305422526,0.6794063803171333,0.5195232230788887,0.6618132833061214,0.6678288689434481,0.5195232230788892,0.7206976665760209,0.6430205785105318,0.5195232230788887,1.4580206835369587,0.03558623705548571,-0.23500550689182578
MB-0136,88.2,False,-0.29374858996692205,-0.14082895942612655,-0.2916519932204752,-0.34813538101114105,-0.24556292388635648,-0.11146618187877173,-0.34813538101114105,-0.2873398491435364,-0.12430379645333148,-0.43017858239461926,-0.2846191566455779,-0.12505495117198687,-0.47090876307472773,-0.28976372638346315,-0.13167866023696492,-0.34810093432782285,-0.37245857728362014,-0.10520152506779788,1.9602583164499647,-0.5062916583143148,1.324347019236957
MB-0138,150.566666666667,False,-0.6389835322234229,-0.645534845690665,-0.6202771961513318,-0.9957723879636964,-1.1107814498111164,-0.9687717751627793,-0.993758926484718,-1.0576966809365262,-0.9687717751627793,-0.993758926484718,-1.0576966809365262,-0.9687717751627793,-1.0177054289126028,-1.0679848912530163,-0.9687717751627792,-0.9957723879636962,-1.0680354186784833,-0.9687717751627793,1.801634869866125,0.5937480717858228,-1.872529517606024
MB-0139,109.2,False,-0.217697727095501,-0.39215157473498724,-0.3963851535251158,-0.9247966203940425,-0.7958343327443118,-0.6956517671072094,-0.8444245820168867,-0.7305293915902058,-0.6956517671072094,-0.8444245820168867,-0.7305293915902058,-0.7244633269657856,-0.90094972402942,-0.7282253132956398,-0.7254139822776845,-0.8372864676070737,-0.7156290402428306,-0.6956517671072094,1.31510376473437,0.8911669542823284,1.128523141900478
MB-0140,147.933333333333,False,0.057998533464220944,0.05470119806975209,0.05502509824233777,0.03655538630914227,-0.02646231542271176,0.6501029117580677,0.02683181658512442,-0.02646231542271176,0.6463794716065422,0.02683181658512442,-0.026458028689217032,0.4570825064158296,0.007374159982280689,-0.059701156602623165,0.40614834442805864,0.03655538630914209,-0.013493221617742078,0.45452399289546125,0.357380410658956,0.3208483045665637,1.0348662399295387
MB-0142,12.4,False,-0.26868528663813096,-0.4166912755543669,-0.5508937687770373,-0.6787733088654152,-0.743988895618248,-0.7696351476470823,-0.7260589874900736,-0.7645300535156544,-0.7736791016876207,-0.7260589874900736,-0.750474206024903,-0.7745194868894587,-0.6510941215821198,-0.7645300535156546,-0.7712603216131326,-0.6894075234952773,-0.7447972301669954,-0.7799439304632843,-1.2083186322821715,-0.818230227390307,-1.4186656898014849
MB-0143,54.3333333333333,True,0.2477279034874606,0.1369150816459175,0.4817997556264911,1.093015072078365,0.7774124347194971,0.8166394667946603,1.0143696120046795,0.7483911815301675,0.8166394667946603,1.0143696120046795,0.7483911815301675,0.8122745812094747,1.0443482975957767,0.7488860199518557,0.8029217846294954,1.1405978981075262,0.7483911815301675,0.8166394667946603,-0.004454133120083229,0.7316522837854408,0.15358188653595775
MB-0144,152.066666666667,True,0.4874246867585425,0.4651398728125827,0.5003812898536429,1.0299994391137137,0.952612685263664,1.1900859829403982,1.0299994391137142,0.9764006732487825,1.1751075605143877,1.0299994391137142,0.9764006732487825,1.1722278942755973,1.0300040695621577,0.9977357807580681,1.170873451891665,1.0288799563906532,0.9726834299930038,1.1775970397711686,0.6564749350763358,-0.5014400184670523,1.2157576351945363
MB-0145,147.666666666667,False,-0.4560337368207372,-0.16063307975386532,-0.42361361803574965,-0.6362509890193991,-0.9519497551535786,-0.5592741324312,-0.6255057908584476,-0.9274570860601086,-0.5592741324312,-0.6255057908584476,-0.8422358837657263,-0.5592741324312,-0.6337292657675382,-0.8797337120620878,-0.5592741324311997,-0.6362509890193991,-1.0338351853170136,-0.5592741324312,-1.2883614637495544,0.8791606182879853,0.08791904230952238
MB-0148,1.76666666666667,False,0.3314015689527107,0.0824480576634165,0.14532316681844415,0.5134807844560051,-0.11838465413506387,0.19174731520371138,0.5150455246690407,0.20750259268475393,0.48299745962314644,0.5150455246690407,0.20750259268475393,0.10284519308446323,0.5581615889364742,0.20735217156185337,0.42505896677176286,0.513480784456005,0.20750259268475393,0.48299745962314644,0.39512206018200824,-1.0717874168774442,0.99970142215178
MB-0149,51.7,True,0.2821836049276757,0.17994246833465707,0.5206573829135765,1.320655469779413,1.3520105645946614,0.9120312678753361,0.9849641044073635,0.9518447277499229,0.9120312678753361,0.9849641044073635,0.9518447277499229,0.9120312678753361,1.2154793494540714,0.9619589022664019,0.9120312678753366,1.5219196366697738,0.9518447277499229,0.9120312678753361,0.42986369482223,0.9144672031287812,2.3748869133171437
MB-0150,111.2,False,-0.16284115572183394,-0.06631611099177848,-0.11845767977596189,-0.32249347409659346,-0.318732151917088,-0.44959864619878664,-0.32249347409659346,-0.40658774957094734,-0.4449747427778404,-0.39258231337835237,-0.40658774957094734,-0.49807211147357244,-0.3933224926369083,-0.405612342916048,-0.49196350891634644,-0.3224990578386472,-0.40658774957094734,-0.4449747427778404,0.6960427239628685,-0.02006345461548042,0.2739322545923299
MB-0151,49.2333333333333,True,0.4679074120927182,0.125346818964731,0.4478327961031475,0.7785816993232122,0.7449946112647376,0.5941159743501497,0.7785816993232123,0.418263947670606,0.5402940295923405,0.7785816993232123,0.4182310765084171,0.5810342987193389,0.7785832753896282,0.4532448825218365,0.6102784060129799,0.7775553249783291,0.649708347519551,0.6487675688519695,-1.184117966757189,-1.2487488903344155,-0.2803823139429379
MB-0152,63.0333333333333,False,0.4351093253947206,0.32317335780907314,0.2906908825938203,0.8027194599645756,0.8978085268511757,0.5840062253040615,0.7999054567072219,0.8978085268511757,0.5840062253040615,0.7999054567072219,0.8977234720396083,0.44331695862991316,0.8451254712469195,0.8862317897307183,0.5301459603906545,0.8027194599645756,0.8868471148346937,0.5840062253040615,-0.6617025720390349,-0.31389947196684775,-0.7710521598195307
MB-0154,114.766666666667,False,-0.2858522534310008,-0.27371177710434524,-0.37277405512736456,-0.7156220928688571,-0.5700463499038053,-0.7273411156557152,-0.7052416312979861,-0.6118525024939443,-0.7273411156557152,-0.7052416546080608,-0.47836907591498,-0.6861677715323536,-0.7043260625148946,-0.6118525024939448,-0.7146334085815184,-0.7263745953018546,-0.5661481765765602,-0.7273411156557152,-0.43643524714322124,0.05410227877154389,0.6480646015444852
MB-0158,180.0,False,0.10946091275173081,0.09317712567005418,0.10661442387251241,0.05519422956387769,0.0310524127366492,0.026235570666260043,0.05519422956387769,0.027091395367018278,0.05691129598743541,0.21776256911725442,0.057416128550674676,0.08536678683278312,0.18894469623766683,0.027091395367018337,0.052874075023934604,0.05516807526339556,0.11665315643245393,0.0575512103918239,-1.169801907772864,0.27279133916445375,-0.19673006635772372
MB-0163,98.1,True,0.7206962615502307,0.6771350514643136,0.3667317543662495,1.4119357512653918,1.3948781159769021,1.902189061763061,1.4247575298599358,1.3449980784026578,1.9016587044341724,1.4247575298599358,1.3449980784026578,1.791580861413454,1.3926504814345688,1.3370295857692107,1.8181074731437088,1.4119357512653918,1.363748814004406,1.7273368705810561,1.739367877130134,-0.9821881249409777,-0.17874637079406783
MB-0165,47.6333333333333,True,0.4355389484202938,0.8200252416309919,0.6393515464173422,1.082885121973997,1.1346445379002081,0.7630869231293721,1.0743930088063112,1.1285495331345954,0.7630869231293721,1.0743930088063112,1.1285495331345954,0.7957151914011861,1.0830676382021223,1.1067460825403288,0.787792682810874,1.0450381359368353,1.132925186388283,0.7630869231293721,-0.4959107284421519,-1.107373047165193,-0.1052597784150319
MB-0166,104.4,False,-0.28487364881427785,-0.10384450703588576,-0.16914196806466497,-0.809625064034717,-0.33002374301280335,-0.4291957526311149,-0.809625064034717,-0.5880131172939164,-0.6716683221071585,-0.7875913170883736,-0.5880131172939164,-0.5686366376623833,-0.8815628824423375,-0.5937775329436071,-0.7126520057833964,-0.809838243165362,-0.5880131172939164,-0.6716683221071585,0.3289696294602021,0.19958453284708083,0.6498696525854939
MB-0167,43.1,True,0.21654230104254282,0.0835471156263814,0.3358891785408543,0.6463307055321418,0.33714011337545857,0.6638411635558242,0.6535788076054875,0.5777170508767755,0.7095863853307667,0.653578877028823,0.5777170508767755,0.6892903716727943,0.6330717394963072,0.5754001459226742,0.6467566682268322,0.6458370414180074,0.5777170508767755,0.8251121442009469,-0.258572545473924,-0.46674961687980204,-1.0663396121649127
MB-0168,122.766666666667,False,-0.13502285705309536,-0.0589372008060759,-0.24784708881935819,-0.4779052333599211,-0.48945804073412597,-0.5065619827269187,-0.47530364677610876,-0.5037314875036056,-0.514744860637327,-0.47530364385092977,-0.5037314875036056,-0.514106503403894,-0.48974842013926223,-0.5059190365302055,-0.5127747645581385,-0.4983580990018621,-0.5037314875036056,-0.48912665783391257,1.5834728788021222,0.23550561173022522,-1.5298764906705564
MB-0170,93.3666666666667,True,0.00973127318337473,0.03450576575164604,0.0755025540763099,-0.07830603528556737,0.1033824828258611,0.2281232011264944,-0.13988727412627375,0.1033824828258611,0.2281232011264944,-0.13988727412627375,0.10332493722969333,0.2281232011264944,0.04745191772896573,0.0419177081861931,0.22812320112649437,-0.07830603528556777,0.11197310424330983,0.2281232011264944,1.3203609870818391,0.7595195224783792,-2.4338766971489387
MB-0174,78.7666666666667,False,0.05067494028132609,0.05105255152890937,0.09384900991708692,0.023631010355980125,-0.08286800991460326,0.136232582443114,0.05820214976014526,0.009355336609010678,0.136232582443114,0.05820214976014526,-0.2512730651956959,0.15168124050384293,0.05701499510539847,0.00935533660901056,0.15206394430194384,0.15261816347200743,-0.0870071598125674,0.136232582443114,0.6333526228249152,-1.6487873663509485,1.1986708993900783
MB-0175,72.3666666666667,False,-0.2980652748321446,-0.3456497226247318,-0.35067799106116937,-0.5655351010639525,-0.8951073144253541,-0.6384606521569313,-0.5655351010639525,-0.8951073144253541,-0.6384606521569313,-0.657276038325113,-0.8950582863604684,-0.6366720810582717,-0.6077825928538614,-0.8970604330024671,-0.6391396167268469,-0.5655408764309596,-0.9673601818581521,-0.6384606521569313,-2.2035098806466507,0.2543881165176173,0.07379335958326627
MB-0176,113.433333333333,False,-0.14171132149990345,-0.028034813332457213,-0.2305773514867912,-0.36434383534671066,-0.36793731812113045,-0.6984411164044149,-0.364343835346711,-0.37797716780972684,-0.6749904483765956,-0.364343835346711,-0.37797716780972684,-0.6904327519030745,-0.3643468759282598,-0.3779706649063125,-0.7026592832887156,-0.3674654519164463,-0.37797716780972684,-0.7437659330541231,0.05202897425988651,1.2246469675357323,1.5101194131223459
MB-0177,45.6,True,0.1976069111370654,0.08382269767543055,0.375876318921107,1.1533268963646408,0.6533298222830165,0.8561125750007048,1.023398102493506,0.788911758685551,0.8561125750007048,1.023398102493506,0.788911758685551,0.8561125750007048,1.1041160626283804,0.789281069205973,0.8561125750007054,1.168811685652516,0.788911758685551,0.8561125750007048,0.6836861907765345,-0.2975268443704732,-0.00895629811039896
MB-0178,104.466666666667,True,-0.05591204936154638,-0.06190526538423242,-0.07178210348363173,0.12974960166122504,0.008010153001431083,0.07318843839723241,0.1297496016612252,0.04530882971375539,0.07318843839723241,0.1297496016612252,-0.1042624136486113,0.07318843839723241,0.129748896840021,0.04530882971375494,0.07318843839723305,0.1239135587804803,-0.0924874756203404,0.07318843839723241,1.0039615758421696,-0.8108145832375699,-0.7421554551991772
MB-0180,62.3333333333333,False,-0.6077856609060209,-0.4902603253560639,-0.6597949261009878,-0.918946075475654,-1.0514948521297498,-1.0660721772872264,-0.918946075475654,-1.0159708935192846,-1.046968368355523,-0.918946075475654,-1.1299610981155401,-1.051684111648587,-0.9189482036371667,-1.0159708935192846,-1.057378581386355,-0.9061961258250815,-1.1178606089732317,-0.9719584180413202,-0.6179070447076008,0.7522438271795928,0.477929298799656
MB-0181,85.9666666666667,False,-0.119155387003783,-0.06896298143153023,-0.10693264588667697,0.02586283285654406,-0.006039500710296278,-0.012349294632239187,0.030261593340850216,-0.013731557264040817,-0.047654705993320404,0.03026159765593974,-0.013731557264040817,0.03736177308485045,0.035952152110711545,-0.011868197409755222,-0.007373031595949724,-0.027543675486811334,-0.013731557264040817,-0.047654705993320404,1.8220113633283233,0.25344651620814146,-0.07658841293719656
MB-0184,109.033333333333,False,-0.24611564638567446,-0.12212375056999847,-0.2745462797783613,-0.3222501940066697,-0.385443087285703,-0.28271014208815465,-0.3222501940066697,-0.34400083225246003,-0.28271014208815465,-0.2902278787639706,-0.34400083225246003,-0.28271014208815465,-0.35311809518294035,-0.3473526956524128,-0.2827101420881544,-0.32227953865288717,-0.34400083225246003,-0.28271014208815465,-1.3204309700132935,0.8958830707775604,-1.2541866619736308
MB-0185,43.8333333333333,True,0.21334525998450954,0.10807107080767107,0.4369750562393636,0.8240855193527541,0.5199594151263243,0.7283209625942656,0.8041885791130152,0.5969906033203142,0.7616739214458659,0.8041885791130152,0.5786017690971738,0.7756509321009942,0.8732280133165726,0.5534213106623501,0.7796990645109858,0.777208255783928,0.47643802146041375,0.6830080420675478,-0.6615280218152191,-0.3452157100512797,-0.885066581450772
MB-0188,31.3,True,0.4642059307914012,0.22768165440067553,0.33923137312493734,1.2233608922132904,1.6531120191836135,1.5156060402308422,1.2385187926110368,1.3489851289083188,1.50874353635386,1.2385187901295005,1.3489851289083188,1.389577643544481,1.1993816127065815,1.3438493074269655,1.311065146689053,1.334170768998639,1.3489851289083188,1.5011526720752655,0.9350499881140221,-1.4818182737222112,1.766779317484588
MB-0189,9.06666666666667,True,0.35937916037144435,0.267634366737051,0.3245185366841896,0.2950420350896315,0.05388603224894745,0.26518526145614557,0.29915983408187596,0.05388603224894745,0.2750570031578608,0.29915983408187596,0.05395081890281656,0.274074989684001,0.27509826200603105,0.0811452332991376,0.256049355090985,0.29504203508963134,0.053412576713038305,0.2825407667286498,0.049054613825311656,-0.11001076471125099,0.3543505953235256
MB-0191,15.3,True,0.2568091101598252,0.3531601468863363,0.2196508148228492,1.1211241616837464,0.8541440257693472,0.7610379963163214,1.079896360294275,0.932522011104348,0.8715613126894031,1.079896360294275,0.6095051412014094,0.5519352256130923,1.0982621001825466,0.9325220111043475,0.8639317544860386,1.1253871890608271,0.7942524712211333,0.8715613126894031,2.002392583645255,-0.4458281530112322,0.4163865350301778
MB-0192,144.633333333333,False,-0.5568739072092976,-0.6104493453834627,-0.5593514409763195,-0.9725883401046806,-0.9814655373855474,-0.9816064402948014,-0.9725883401046804,-1.043167587288968,-0.9594499151482438,-0.9725883401046804,-1.043167587288968,-0.9667499305315326,-0.9725885524682727,-1.0887846333140137,-0.9861229010039237,-0.9569507517869735,-0.9743690539630867,-0.843323641420603,0.18851919251246557,0.7753238220475741,-0.27655171832101155
MB-0193,19.0,False,-0.038551370703649133,-0.1284621483901805,-0.024150433326886545,-0.12023894603701467,-0.3523004769804703,-0.2060772390322929,-0.12632619185908742,-0.31393777107323023,-0.20342112870200732,-0.12632617196140006,-0.31393777107323023,-0.2063467858490313,-0.11948633924790866,-0.2607527954497818,-0.21805032482857004,-0.20634214119073482,-0.3134856002106371,-0.16694015865209458,-0.6331940901922267,0.1936328483771538,-0.6897195637660919
MB-0194,91.6,False,-0.10955292778582862,-0.06261010033352768,-0.06779671543044774,-0.22339718883424206,0.0609912596403525,0.4475948999447271,-0.22339718883424206,-0.0007503131680829294,0.4495484939648699,-0.15160928019796385,0.08209381206645262,0.3748744077167221,-0.1635238135795547,-0.000750313168082769,0.39076531230666917,-0.2233818471938147,0.042078021089282075,0.1785099807959945,-0.37756350523280824,-1.6308492324351012,0.8916558155709342
MB-0195,146.0,False,0.35063377144830293,0.6111280023707957,0.6702755931696398,1.127371236897864,1.3218054374737045,1.0358522907505545,1.132213772353486,1.2988034686170442,1.0358522907505545,1.132213772353486,1.3739564370136734,1.050149613469899,1.1438093242464498,1.2988034686170442,1.0373084070944698,1.1889458223611944,1.3638515889953027,1.0358522907505545,-1.0911461176191954,-1.1951630801031998,-0.10462645267369168
MB-0198,144.766666666667,False,-0.13068886384363088,-0.15832401118807748,-0.0931457652602996,-0.21875301401544464,-0.5275657634392021,-0.3497465702585549,-0.22085026127007618,-0.49026528600192804,-0.3436117645197908,-0.2208502952399563,-0.681705123355143,-0.4955261376166604,-0.23407361168823967,-0.490265286001928,-0.3575364942184926,-0.15034217159438096,-0.5967056181725704,-0.3436117645197908,-1.277680166386608,0.8837890365872553,-0.7591081117479301
MB-0200,130.866666666667,True,0.21064508040053675,0.15664865291010233,0.2096968872647424,0.45759767155200676,0.5113009332403292,0.36669058958599277,0.640771421510967,0.33201166294081186,0.6074544033729905,0.640771421510967,0.5696422224794667,0.24985304001859593,0.5279127516556743,0.5344699650837864,0.5607919509103455,0.47629021441683267,0.584405668062341,0.6074544033729905,0.6304114907682319,0.6797650174178466,-0.13412851934954786
MB-0201,125.7,False,0.06565897445461097,0.07411126386036285,0.19132898170295864,-0.005373585376298704,0.25955056754653577,0.28405868211459123,-0.005373585376298704,0.15272620754250074,0.28405868211459123,0.1665667910908041,0.15272620754250074,0.28405868211459123,0.13016183465507114,0.0691544217799568,0.28405868211459123,-0.0054001197562558246,0.19725907486689104,0.28405868211459123,0.5811658124128057,-0.6402433659084887,-0.9056060167223513
MB-0202,128.366666666667,False,-0.24483794234374626,-0.07669548320753178,-0.25490944216940564,-0.49639867599938237,-0.4197852378469421,-0.49948026769544407,-0.5016003567191326,-0.3050343658489837,-0.49948026769544407,-0.5016003567191326,-0.36980900121216354,-0.5306494490658645,-0.4699629933508582,-0.4045784175594156,-0.5090391174687351,-0.4963986759993823,-0.46577089643731423,-0.49948026769544407,1.294558819441117,-0.001048796567280681,0.19004583859111193
MB-0203,58.7666666666667,True,0.3840867293926061,0.2919213086651426,0.11995471496879173,0.8890612508724726,0.9583468471035502,0.5058066453715012,0.8890612508724729,0.956553794229508,0.718380865475972,0.8890612508724729,0.91610189636587,0.5095075037665746,0.8890648778229755,0.9565537942295076,0.6611238002542921,0.896762429154989,0.9370781955759322,0.718380865475972,-0.7546057912599311,0.4455735537761861,1.12922763006904
MB-0206,141.166666666667,False,0.26819247961378717,0.2325512173876701,0.26598201188795617,0.28039618165235836,0.22279471517434832,0.3528178485524108,0.28039618165235836,0.3041432335987371,0.3528178485524108,0.28039618165235836,0.0008582885056348932,0.1641396380931601,0.2803960981688378,0.30414323359873724,0.25406275045772,0.27338113284008475,-0.0383298804812023,0.3528178485524108,1.689107452443673,0.4684043358472779,-0.8360851661432465
MB-0207,173.633333333333,False,-0.33302967289925245,-0.40699779330767283,-0.2107802261125188,-0.8179478331137018,-0.6857124870042964,-0.67715857718156,-0.8179478331137018,-0.7229493716873615,-0.6690718824626952,-0.8298796617026367,-0.7229493716873615,-0.6732274501875722,-0.8159181224241691,-0.7444184123756452,-0.6617285159320058,-0.8181242251338342,-0.7455353680045236,-0.6690718824626952,-0.2873877078086663,0.8762421961143501,1.428544005170784
MB-0211,44.8,True,0.22723598718454513,0.4438339121635457,0.49467897623796764,0.11144863736055327,0.6038280319848647,0.5599173819694255,0.23539701686748082,0.6259549425315419,0.5599173819694255,0.23539701686748082,0.699588287147282,0.5599173819694255,0.1996135715562409,0.6259549425315427,0.5599173819694252,0.16878348297626608,0.4826891933200149,0.5599173819694255,1.5744082788445868,0.256485627221562,-0.6676199486614574
MB-0220,39.8333333333333,True,0.07820449750884681,-0.08916153659418129,0.02216305160426102,-0.21149679671071195,-0.2609489152691473,-0.17957381973574799,-0.21149679671071195,-0.35898056961512853,-0.17249517934445188,-0.13571851677728314,-0.35898056961512853,-0.18376704694839743,-0.23832201115028828,-0.42660804545434217,-0.19757861310692593,-0.21158194670954894,-0.3442059709498456,-0.17754785070535345,-0.4327858471825968,-0.09482833896849817,0.15341216272393984
MB-0221,20.2,True,0.7507074002157536,0.2535174638239218,0.38156411622414543,1.42590314745435,1.605870059324561,1.6689146445408645,1.42590314745435,1.512905559257674,1.6695394829790633,1.42590314745435,1.512905559257674,1.7408831296127247,1.425909571959531,1.515275135097546,1.7312997242961048,1.4242246984658855,1.512905559257674,1.660759164344656,-0.735483292342275,-0.25884806478784556,-0.8363865253041882
MB-0222,180.0,False,-0.24858771369412697,-0.15810628182036893,-0.4166966524829279,-1.0919867109506753,-1.286477969746152,-0.7014276072852925,-0.891517680294228,-0.9537388775079715,-0.7014276072852925,-0.891517680294228,-0.9537388775079715,-0.8075492482945573,-1.0196273069560475,-0.9530444609518621,-0.7396879967483005,-1.1225004236006981,-0.9537388775079715,-0.7014276072852925,0.24978537155866684,1.0557428005332512,-0.22223516635433505
MB-0223,81.3333333333333,True,0.17677024435374872,0.1303084024334901,0.1552806644941811,0.00037371318934221,-0.19960698988541054,-0.06675325901650143,0.00037371318934208337,-0.19960698988541054,-0.0560354734828524,0.00037371318934208337,-0.19956849915861846,-0.05749451338861085,0.0003731946215423291,-0.21266374392472226,-0.07175435637645172,-0.0026822200267566155,-0.2072745459099352,-0.08389174803749956,1.0314530848694723,-2.2508542750785376,0.047404412494126226
MB-0224,176.766666666667,False,-0.5129640645610124,-0.15412322826585373,-0.2629015953879524,-0.9167585738851458,-1.1827002806012055,-1.2955849473183,-0.91065642878875,-1.0664375240297952,-1.2876244757480453,-0.91065642878875,-1.0010276610995263,-1.196038352747164,-0.9384757926793234,-0.9980192498101842,-1.174443400803247,-0.9167585738851456,-1.2006394065896757,-1.3266331957658266,0.16100957671534466,-0.13865532509133732,-0.4346849461734271
MB-0225,180.0,False,0.010957000914730258,-0.15671605896870017,-0.08063843274257809,0.2709708279615462,0.03233276438370054,-0.2129383705240986,0.12213384432202218,-0.21957441573727818,-0.20785240321672022,0.12213384432202218,-0.21957441573727818,-0.2292784431816085,0.18914899845578342,-0.33047685672155924,-0.22783490453751729,0.10592858704564954,-0.16806235337501219,-0.31010908402125764,-0.5855288241233366,0.03300010398406011,-0.7028878955725052
MB-0226,57.6333333333333,False,-0.3741355386136898,-0.47024660139328206,-0.4695985930179328,-0.7365971727328943,-0.816797752283226,-0.6296544508824145,-0.7189632108019783,-0.7354293044899105,-0.6296544508824145,-0.7189632031637231,-0.7354293044899105,-0.6296544508824145,-0.6433267970770626,-0.7300043275525101,-0.6296544508824147,-0.7635383539953445,-0.668489418363164,-0.6296544508824145,-1.341219714076669,-1.4253489608701877,-0.6778861906636612
MB-0227,111.866666666667,False,-0.4679936329711328,-0.5440765300218205,-0.508765961817167,-1.016453512682852,-0.9408932962782252,-0.8223716579911128,-1.016453512682852,-0.8897873176144574,-0.8223716579911128,-0.9824370698102399,-0.8897873176144574,-0.88407974923474,-1.04447524514818,-0.8931100111039859,-0.852733497519032,-1.0166554031274957,-0.9122539044088693,-0.8223716579911128,-1.401520214917428,0.33281361313804664,-0.8211599492508597
MB-0229,71.5,False,-0.7188372565176988,-0.7388504996505564,-0.7016617059125463,-1.1709724552475294,-1.316154259112311,-1.1559778129644156,-1.1841066615659115,-1.2915212711663708,-1.1559778129644156,-1.1841066615659115,-1.2915212711663708,-1.1559778129644156,-1.2012609873352282,-1.2834114765440443,-1.1559778129644156,-1.1709724552475294,-1.3411170422740075,-1.1559778129644156,0.5026828498748657,-0.651281012443394,-1.570079992924429
MB-0232,180.0,False,-0.6659219818248735,-0.6083775227615482,-0.42410180199492964,-1.5405533993801792,-1.359364445380799,-1.3976877522501263,-1.5405533993801792,-1.3340668673081146,-1.3334966255773588,-1.5802001247113446,-1.4614673155488371,-1.5448154256528568,-1.576352475239335,-1.334066867308115,-1.31292246295547,-1.5408314883327903,-1.3999600692625058,-1.3334966255773588,0.989713033285805,0.8624447963157468,-0.2629696110774594
MB-0235,142.566666666667,True,-0.40656774065522483,-0.4233767023022656,-0.4362318322439982,-0.5930421961453743,-0.5313926955342603,-0.6688706294072738,-0.5961509700074754,-0.6425949680687968,-0.6824732278038855,-0.5961509700074754,-0.6425949680687968,-0.6765273877664832,-0.6019071128126606,-0.7137674793866364,-0.6588259225712852,-0.5930421961453742,-0.7328848714893287,-0.8482412392908816,-0.1642945926252907,-0.1255920840343272,0.4011582096101373
MB-0236,180.0,False,-0.15376860410781934,-0.1184084625872652,-0.18424884257854968,-0.3265424924651332,-0.2885982828776111,-0.324549448035032,-0.29386946549840715,-0.2885982828776111,-0.324549448035032,-0.29386946549840715,-0.2885432173610087,-0.324549448035032,-0.29411956852807625,-0.24198781909012182,-0.32454944803503166,-0.32654249246513306,-0.2633300287688957,-0.324549448035032,-1.0743648582284346,0.6691532407894528,0.9084019250927495
MB-0238,180.0,False,0.42727279380279587,0.3668234968113966,0.4326390344922474,0.5494230515805553,0.5984452511244961,0.3977405843806017,0.5494230515805553,0.5833396246122259,0.44950179423837494,0.5494230515805553,0.4612272061089061,0.4143343802197952,0.5494246507100646,0.5833396246122263,0.37961737785932015,0.5429001651943254,0.5278718901833808,0.2754546853532872,0.8730421526217066,1.2188436051712233,0.6471027285461044
MB-0245,164.7,False,-0.21227663001637923,-0.0705780753354777,-0.37946574204763406,-0.7472929936664409,-1.083026945849172,-0.9324848367261507,-0.7702454156650965,-0.9411360398945193,-0.9412558218705913,-0.7702454174739469,-0.9063530183570709,-0.9647754040762103,-0.765771761645038,-0.9244483281312332,-0.9562357416800309,-0.7892029935803855,-1.2308041405502081,-1.1233506593033857,-1.2803939447145731,0.3829295827134724,2.457336522342424
MB-0247,180.0,False,-0.1631095499369779,-0.09581311250397671,-0.11492496662552011,-0.021681306150255517,-0.40073978672527855,-0.14727817565814283,-0.021681306150255496,-0.11904928103444676,-0.14529729425258597,-0.021681306150255496,-0.11904928103444676,-0.06435529740481345,-0.021678487474317523,-0.11935705638903987,-0.041301534645543724,-0.023232708758970336,-0.11904928103444676,-0.04936469154720704,-0.7130680950592722,-0.8757211434228455,0.31868163507784153
MB-0249,180.0,False,-0.0527528033764526,-0.10371907523781221,-0.059276604923438836,-0.013063763210309307,-0.28030846302821205,-0.1329494517279149,0.003980003071941659,-0.28030846302821205,-0.12943089223563958,0.003979994672929337,-0.28027187496910894,-0.17479942092040768,-0.025536099387319842,-0.317192813993197,-0.1974880464180351,0.12471204399510157,-0.28616097283203845,-0.05794697816961718,0.6210178535400985,-1.5143186317046384,-0.456333893932018
MB-0256,180.0,False,-0.3830064325942464,-0.774726898669933,-0.7507247966281239,-1.2466152671945023,-1.3627900590102866,-1.1184038991505638,-1.1144052214556806,-1.265240477558344,-1.1184038991505638,-1.1144052214556806,-1.265240477558344,-1.1184038991505638,-1.1893577680824456,-1.2585072385328162,-1.118403899150564,-1.320899357148085,-1.3443546175805323,-1.1184038991505638,-2.2501411735745918,1.7533841175163727,1.8716346370160677
MB-0258,86.1333333333333,False,-0.31774874731084973,-0.37515362717555634,-0.17611117744215943,-0.5898686840291211,-0.6519021282056516,-0.6303833082396981,-0.5898686840291211,-0.5665359385359161,-0.6200974563095014,-0.738706353810844,-0.5665359385359161,-0.7662313262880742,-0.8193843654162691,-0.49719336242338374,-0.8351309513063206,-0.5899469524034341,-0.5591612343752428,-0.6851760360947163,0.38636959756630584,-0.11129219318751944,-1.0472180935940827
MB-0260,169.833333333333,True,-0.10108570660590405,-0.08195768546962678,-0.11163511302119444,0.03602015378299383,-0.0355702766133941,0.07365427691929974,0.046090729800412254,0.12140924382349982,0.07365427691929974,0.046090729800412254,0.12140924382349982,0.07365427691929974,0.07510389704808176,0.14498720099155257,0.07365427691930032,0.03602015378299377,0.12488662518979475,0.07365427691929974,-0.5816408364095031,-0.6885649476343216,0.968477609522218
MB-0261,90.2333333333333,True,-0.07259814458119425,-0.11865109294575102,-0.14640814406542846,-0.07693395770110509,-0.08357106041995688,-0.07829232403233652,0.00021217109082227422,-0.10042072012037404,-0.07829232403233652,0.00021217109082227422,-0.10042072012037404,-0.07829232403233652,-0.017773222931605066,-0.12208274366651499,-0.07829232403233682,-0.10043113142389778,-0.11577965058517313,-0.07829232403233652,0.10927969747781388,0.14425708806082496,-0.955144769724686
MB-0262,180.0,False,-0.1266210132635076,-0.03247528563873921,-0.22972932114172642,-0.5147701360326252,-0.379015171075845,-0.6240197633315415,-0.5185127528682836,-0.36512885786275284,-0.6240197633315415,-0.5185127656101376,-0.4082004103342106,-0.6900433224369035,-0.5277448620445983,-0.44871675890677426,-0.6415480625887474,-0.5141352442662593,-0.3965011782729743,-0.6240197633315415,-0.07570152622082311,-0.19141133048264922,0.35411165760150265
MB-0263,176.033333333333,True,-0.007256170000720319,-0.0010837866756058315,-0.054791085114063914,0.15889187332142082,0.1554567665634461,0.01615790400691585,0.17569156847463838,0.16233069072570927,-0.023793948188105058,0.17569156847463838,0.2688881210831344,0.1956048580075641,0.15296973538402767,0.16233069072570888,-0.0006011047052870166,0.1588918733214208,0.11190940719601329,-0.023793948188105058,0.20211439504395987,0.8521422642126877,-1.9683967522378658
MB-0264,43.1,True,0.42567493282394736,0.3545487205966674,0.23427717952912885,0.6543627910947448,0.7159208102204706,0.6977236885632808,0.654362791094745,0.7159208102204706,0.6760009904650301,0.654362791094745,0.7158990457784483,0.6104854346141347,0.6543630003230277,0.6892675461325305,0.6795802320757641,0.6553759780909937,0.7240445352012589,0.6760009904650301,0.6941719367070082,0.03392818243710029,0.8992737076506074
MB-0266,90.6666666666667,True,0.19184493778556444,0.030847685723760114,0.01837644322265909,0.5784495895907958,0.2398640425780039,0.17498700685830954,0.5784495895907961,0.45459319776060597,0.28244160615304703,0.5784495895907961,0.45459319776060597,-0.01632856130127454,0.5784503146614189,0.4508052847442117,0.22616084568717898,0.5800138757453183,0.45459319776060597,0.28244160615304703,-0.7583697508984092,0.013749583618419497,-0.15824761527156533
MB-0269,22.2333333333333,False,0.07365991021382395,0.07602066092515815,0.014697532099323524,-0.10030139709762789,-0.2960773925581206,-0.10767384479191396,-0.10030139709762789,-0.3110753257925931,-0.10767384479191396,-0.20947410081777454,-0.23776835323993503,-0.15380053131754587,-0.10063487357517034,-0.3283333840855314,-0.11961262504279563,-0.10039091787033401,-0.42212496238342756,-0.10767384479191396,1.4209820223119163,-0.7145797210329641,-0.967681471724209
MB-0270,180.0,False,-0.88240781722699,-0.9303026274839572,-0.8499415540179385,-1.6176491843978011,-1.723918763977679,-1.5607067836996062,-1.6176491843978011,-1.730438623468848,-1.5607067836996062,-1.6176491843978011,-1.730438623468848,-1.554729864430917,-1.6176572044475073,-1.7541022382025844,-1.5559354685718307,-1.6185151234529576,-1.7189813628365147,-1.5607067836996062,0.726093788947765,0.4695680987474934,1.6784190387621596
MB-0272,122.0,True,0.11642001767022538,0.0991052114350448,0.12256605866715795,-0.05983836587295928,-0.24024528313347532,-0.07722149737208575,-0.05983836587295922,-0.24024528313347532,-0.13595020746785805,-0.05983836587295922,-0.24018019237843574,-0.14631752648933358,-0.0598407954891449,-0.25559743216034525,-0.10104536039057285,-0.0719151960810058,-0.2905131268315925,-0.2040705056671582,0.843732662303268,-1.0338667223549824,0.7653546837661211
MB-0278,5.83333333333333,True,0.14856363826555463,0.0583584801324916,0.0048153739044716655,-0.1445458606481973,-0.3536560397364675,-0.3135706463625957,-0.1445458606481973,-0.44866195508509366,-0.3135706463625957,-0.05495458088672518,-0.29407870382298834,-0.23625814595025055,-0.05307411662536593,-0.4486619550850933,-0.28152940910116514,-0.14480523991165256,-0.3481581596838059,-0.3135706463625957,1.1648639811110282,0.6658894397639671,0.04580783577937577
MB-0279,180.0,False,-0.37879612797271095,-0.33013114554485923,-0.3013850509874685,-0.6155952624560455,-0.3677217290292974,-0.7347041732710635,-0.6073057144490261,-0.32708762541287184,-0.5809794412684126,-0.607305683739082,-0.5412437651642857,-0.8190732505294194,-0.6260603283870201,-0.32708762541287206,-0.6325719848143752,-0.665465426257135,-0.4702779296310873,-0.5809794412684126,0.7875882217058694,1.5239375129901318,-0.7454433887901278
MB-0280,172.9,True,-0.5666350267811723,-0.2179391270810041,-0.7166021736750946,-1.2983768368677315,-1.6728600257884474,-1.5713265045145683,-1.2983768368677315,-1.6252607178900609,-1.5068874350071886,-1.1660139359721888,-1.6780402905150344,-1.4439849700317406,-0.9328653799019194,-1.5599757137051535,-1.4700369399657232,-1.2986335518161098,-1.5871278935768942,-1.6591723609962208,0.844078680578592,-1.5246860380991518,-0.04336259016175258
MB-0282,180.0,False,-0.042267007847091066,-0.13561421167675763,-0.06436817459902197,0.0605289510543103,-0.26301439406092886,-0.08673763041486891,0.04324484949387289,-0.27275295046826925,-0.08673763041486891,0.04324481563034038,-0.27275295046826925,-0.06452913750290591,0.06130135899822057,-0.26824793745212255,-0.07099425574816101,0.057383225861235225,-0.1740015430233815,-0.08673763041486891,0.07559361074288512,-2.466229231351318,-0.16392876295519593
MB-0283,22.0333333333333,True,0.06412192032690237,0.047967380268106256,0.081938388744832,-0.22559546316251142,-0.3076035402390597,-0.0846944805242521,-0.08477583794829122,-0.3076035402390597,-0.0984050081665654,-0.08477583794829122,-0.30751364943978793,-0.029158897037404728,-0.13779589272606974,-0.2796757182131734,-0.04942082451784721,-0.3600788698174297,-0.3368794743839551,-0.0984050081665654,-1.4267738509897323,0.6168787551543194,0.7247764935410931
MB-0285,3.36666666666667,False,-0.05135041135172902,-0.01500950690810484,0.0246672427415798,-0.10503128035853573,-0.07118937745390347,0.2451470773222263,-0.2800082862099595,-0.07118937745390347,0.1940189379385908,-0.2800082862099595,-0.07123391371977186,0.22589321708594987,-0.1582345621508134,-0.07886422497186028,0.2337039689471116,-0.1455952913777157,-0.10014313861994596,0.1940189379385908,-0.13504510003701392,2.547897815483126,0.7980751811597928
MB-0286,180.0,False,-0.04094198848470038,-0.10274669916833279,-0.10928037073465853,-0.19448248737440044,-0.45669103249207565,-0.3530796404107214,-0.3022257344095169,-0.44217155756144916,-0.3530796404107214,-0.3022257344095169,-0.41304617472611804,-0.33156288325299,-0.2453884363327141,-0.4421715575614498,-0.35344776921730786,-0.28197684158783975,-0.4834047210471622,-0.3530796404107214,-0.7695146401767057,-1.0009248488718936,-0.6677563797627329
MB-0287,94.7333333333333,True,0.08854560771225582,0.02948609087067789,0.1369781377830338,0.729516534675369,0.2893056634768109,0.21842276281041947,0.4638264214636166,0.25746720454440786,0.21842276281041947,0.4638264214636166,0.25746720454440786,0.3053257454913403,0.6450495225437094,0.2608115882171698,0.25242305763393486,0.8289952670631591,0.25746720454440786,0.21842276281041947,-1.4227417685154136,-1.2506957588019882,-0.5493705607570516
MB-0288,63.8,True,0.5664328448759778,0.40389040408417126,0.3304426840406318,0.7287993932947127,0.5477430840636881,0.3699491100008911,0.7287993932947125,0.5477430840636881,0.3699491100008911,0.7287993932947125,0.5476730112633039,0.41574347183765,0.7288040495917263,0.5564711221660857,0.3871041875738136,0.72519446373282,0.5361639225646712,0.3699491100008911,0.25845279091298756,0.5889689337804737,-0.5320653277786109
MB-0289,71.6,True,0.18770728785196084,0.2574924784495218,0.15877187103469872,0.9129877682217912,0.6538127170291648,0.7870438261095457,0.8115855006100128,0.6210126377020504,0.6582982759926925,0.8115855006100128,0.6210126377020504,0.6986662862242916,0.8565953223585641,0.5864966330861525,0.6842509744571131,0.9038796707406866,0.6256292865929056,0.6582982759926925,-0.5685494541476426,-0.8407215900583078,-1.3493172462579026
MB-0290,180.0,False,-0.37734867466487865,-0.6053302319658004,-0.39963825341212633,-1.3417534850776518,-1.2836842507729915,-1.4424533540457998,-1.2131591395678682,-1.2836842507729915,-1.4452492072898717,-1.2131591395678682,-1.2836215310999788,-1.3178794436549237,-1.2693917482585058,-1.228552378466152,-1.271044705685327,-1.5337854282174863,-1.4120302919204215,-1.6810040433050917,-1.0298044380114637,-0.5060254839367364,-0.5915748828912161
MB-0291,39.2,True,0.15012088693791412,0.005919433227200704,0.0827313160564303,0.34959359166170706,0.23345418112760533,0.14422863787639537,0.3561445383734381,-0.029024521527405422,0.1755850507873134,0.3561445383734381,-0.029024521527405422,0.18837685767093698,0.3039062159813166,-0.024810377916819733,0.15081530213338298,0.34959359166170717,-0.029024521527405422,0.46179343397237577,-1.0430010800715654,-0.34811746668377785,-0.09240806520639366
MB-0292,49.4333333333333,True,0.8626934317167178,0.30405942131550573,0.4579317116983722,1.5902352722045296,1.9136119581319326,1.9175680436868023,1.5902352722045296,1.814701458852952,1.9320084612066633,1.5902352722045296,1.690406564728828,1.949979765845198,1.5902379381432783,1.7393591149816288,1.9551298074558392,1.605141638068129,1.9715615485001807,2.0454415531552246,0.26841707970891465,0.5320020862917986,0.6909519446056412
MB-0294,72.9,False,-0.3431300594352723,-0.32114992080366656,-0.38670003794442387,-0.6470527313973219,-0.8434646675739719,-0.698989995090166,-0.6249686477589916,-0.8434646675739719,-0.698989995090166,-0.6249686477589916,-0.8434102259377536,-0.698989995090166,-0.6144778634176381,-0.8588509048370939,-0.6989899950901662,-0.6470527313973216,-0.8421048256546709,-0.698989995090166,0.35867194917034445,-0.40530236139311865,1.3203794893667786
MB-0301,122.7,True,0.1470217588974762,0.2522154396034628,0.3892213485078991,0.9914399371091751,1.0050204937670288,0.8873568799588919,0.8997530211666371,1.0050204937670288,0.8873568799588919,0.8997530211666371,1.0049204579366406,0.8692586789107599,0.9237559985674897,0.99330580312591,0.8718925947065119,1.012575740275061,1.0072128809533871,0.8873568799588919,1.3224574697668332,0.2778828400801602,-0.8083458775593314
MB-0302,84.2,True,0.3281990544264644,0.19202525347026422,0.6297422382367243,1.1289872720368654,0.6613485376478365,1.0104067610293483,1.1557415574780314,0.5562484835677597,1.0104067610293483,1.1557415574780314,0.4086667193818655,0.9736512057410838,1.107811577932796,0.6248808498408982,0.962296811387118,1.0867948369194185,0.5654086563673666,1.0104067610293483,-0.013914668524093734,-0.17653325889357535,0.5509765318813011
MB-0304,111.533333333333,True,0.1480057603479434,0.23723492583487615,0.31780262256647707,0.7147204134079587,0.8355071567226781,1.152575137640073,0.7286374820183228,0.747799613794352,1.1888636620223476,0.7286375529852873,0.747799613794352,1.1726994593659343,0.7186599224537062,0.714508511340916,1.1572406758408686,0.7957871213327427,0.8008977710190839,1.249739761354745,1.0418397592128221,-0.8446711036516033,-0.44445682570554373
MB-0305,63.5,True,0.1612842347707624,0.1764656006830087,0.11298926644136631,0.39658568920882753,0.304103583961021,0.28108209232811493,0.3926796480178543,0.34412448034570237,0.37733033658109405,0.39267966676479277,0.22445386548817556,0.2316023347475533,0.3953732108427073,0.3441244803457025,0.34994789330787796,0.36504099298684006,0.34345440714676184,0.37733033658109405,1.4022648267725224,-0.31982625774322104,2.0751877763153903
MB-0307,177.333333333333,False,0.09856720134586372,0.10353497732421721,0.018949681770617677,-0.21238933353326464,-0.10787563737645253,-0.17963274190772335,-0.2123893335332647,-0.028233385089272357,-0.17963274190772335,-0.2123893335332647,-0.4088668344549196,-0.17963274190772335,-0.2123905301351519,-0.028233385089271475,-0.17963274190772371,-0.2176554586432031,-0.24844766067882712,-0.17963274190772335,1.1501656361496921,-0.9503996651679186,-0.048723544625703656
MB-0309,42.3333333333333,True,0.052603057726609365,-0.05962612436167418,-0.04643276067145888,0.6663209322080885,0.31901423423621983,0.5711628484282096,0.6663209322080885,0.27868548643442903,0.5182703232754173,0.7507703540379557,0.32913014844976013,0.7575967993014457,0.7052628699476692,0.29346268550061905,0.5351888729210823,0.6666295200616715,0.2866606248738324,0.5182703232754173,-2.3653039062769743,0.006514985869748843,0.5021269704086143
MB-0311,151.166666666667,True,0.04632213686391226,-0.007370073773759705,0.04897826499675487,0.24606148354161742,0.02616569328050804,0.061627916182734145,0.24606148354161742,-0.0633792691252445,0.061627916182734145,0.17078762629793506,-0.0633792691252445,0.061627916182734145,0.16971445737855123,-0.06270227113534563,0.061627916182734194,0.24610609106342574,-0.0633792691252445,0.061627916182734145,1.228683719203421,-1.1238662275656366,-0.9361621531378327
MB-0312,169.6,True,-0.14984256984699004,-0.11885538608795324,-0.15520633688594382,-0.10009417730144671,0.22721857474342808,-0.10010848949579082,-0.10009417730144671,0.0628824378288223,-0.10010848949579082,-0.20972902942144378,0.0628824378288223,-0.10010848949579082,-0.11689261390493594,-0.02497983127561999,-0.10010848949579049,-0.10011344291449835,0.13504444108947206,-0.10010848949579082,0.33962000824864264,-1.092894369295243,-0.8106894642994449
MB-0314,4.43333333333333,True,0.9855117676656506,0.4027975829551194,0.6447651586868792,2.225822914943242,2.123579038894489,2.2497030120150487,2.225822914943242,2.0152592261193933,2.2516116102716492,2.189437282774331,1.9783822029318126,2.13469755205166,2.1780342923686806,2.0130596331376283,2.0980902508538994,2.226190207403345,2.079492706460124,2.15789446989651,0.42377135285334727,1.4569618153052555,0.20169530087063778
MB-0316,180.0,False,0.03564596009318752,0.05537646326408531,0.0054096134166896626,-0.11358649218282521,-0.4954763231955597,-0.6713757750608359,-0.13189202423814522,-0.3282265583709413,-0.6880488842784456,-0.13189202423814522,-0.2988253485011411,-0.5170306751717796,-0.05790094447166957,-0.35955113586801946,-0.4963443806317687,-0.11358649218282521,-0.436748128688456,-0.5855289906499506,0.37122741773625884,-0.05318422030534141,-0.3840544504961268
MB-0317,151.666666666667,True,0.07822082579659878,0.13042574158809642,0.2291745709633604,0.35896712537120756,0.5676730245373874,0.5105345837607599,0.4513299296863071,0.5676730245373874,0.5105345837607599,0.4513299296863071,0.5676540257202867,0.45954424617243117,0.3664570944421303,0.5475830333730223,0.4832334698557009,0.3821742007459792,0.599744644594268,0.5105345837607599,0.3827571602707609,-0.05390202547204295,0.3532885925705412
MB-0319,40.7,True,0.45129771354265413,0.7653919863803462,0.4478956819615319,1.7939927526649442,1.9513238761903637,1.7176848523021997,1.778305577544159,1.9576630984524743,1.6878441619257178,1.778305577544159,1.9704330320603194,1.838555707226493,1.7510512097553457,1.9576630984524743,1.6566736337380326,1.6719680976598466,2.050488783465759,1.6878441619257178,0.3194142202523809,0.511536419917619,-1.5618241192857418
MB-0320,63.7333333333333,False,-0.832424099131441,-0.6052859881120414,-0.7842486464738161,-1.3032817001557286,-1.217247279528403,-1.191518223957862,-1.3027878888001556,-1.1312225169398782,-1.191518223957862,-1.3027878888001556,-1.4340962275018532,-1.191518223957862,-1.2958401879414014,-1.1312225169398782,-1.1915182239578623,-1.3032817001557284,-1.3285374999468724,-1.191518223957862,-0.35891330853862047,-0.4208570025488712,0.662004970148938
MB-0321,174.633333333333,False,-0.2082510761046198,-0.2124503275118907,-0.3085516172861128,-0.6289779209285151,-0.5587447609294988,-0.5987002737661791,-0.6289779209285151,-0.6638531094197319,-0.590703523794911,-0.5338539931554409,-0.43225491778179276,-0.599823982325011,-0.5802616249739395,-0.6638531094197319,-0.6124695248722524,-0.6291798797298372,-0.48842186442208346,-0.5552203242512962,-1.9016352983759945,-0.22853536747815809,-0.8994803577797336
MB-0322,50.5333333333333,True,0.2872699026872506,0.20656301416981004,0.3488199483793475,0.502831688577381,0.4933739336497051,0.617530850985954,0.5028316885773813,0.4933739336497051,0.617530850985954,0.5028316885773813,0.49331999161277723,0.5732433648666434,0.5028350427418722,0.4833000922288009,0.5970513062821886,0.495133133480488,0.45373504395558684,0.617530850985954,-0.10891472790742324,0.4251487353319089,1.7224233963662954
MB-0324,144.966666666667,True,-0.0060906046921202495,-0.009528191278524,-0.04390612702983143,-0.01593140496265407,-0.08345913968819169,-0.16331523989862348,-0.01821757056117735,-0.010057729722260933,-0.16331523989862348,-0.01821757056117735,-0.04107315960608782,-0.16331523989862348,-0.04028624972799779,-0.09870623704315755,-0.16331523989862334,-0.015931404962653946,-0.12375099283003169,-0.16331523989862348,-0.8037318485206766,0.2824158422444015,-0.28846724206797386
MB-0325,177.533333333333,False,0.16345900279338635,0.1443588211867649,0.1109706141359269,0.42122181303901446,0.41724556484205366,0.4907732762695809,0.4294960264605578,0.398811969320706,0.5119081924559754,0.4294961506400167,0.48521309460997253,0.5351560688155734,0.43117499968457534,0.39881196932070573,0.5384547488311752,0.2898633707099072,0.29269022042266635,0.3466078704599742,1.0801634125378852,-1.1592967269324297,1.0972650368859622
MB-0328,125.6,True,0.14337281085084758,0.03149647518395761,0.0859901932367426,0.36674822112623806,0.5452702774738926,0.6635620208965421,0.36665042533521175,0.520023076211663,0.6639341907835083,0.36665042533521175,0.4555869917746617,0.5979933080699105,0.34689426802003054,0.4826080584257775,0.6033757074220683,0.36674822112623795,0.4391490259410321,0.5611470221148326,-0.2887665059953775,0.8333425966696618,-1.394983322863019
MB-0336,170.633333333333,True,0.09465202834233219,0.01715078661974101,0.23464834920713934,0.5469100976397884,0.2645655920754582,0.5729526276238464,0.5520735419487909,0.4262987063959017,0.5729526276238464,0.5520735752329485,0.4385148856297329,0.5901353106935566,0.5455785749958716,0.4675798036925642,0.5906102757592852,0.6413749073029408,0.3656173802805731,0.5729526276238464,0.08347535610700986,-0.590434943289043,0.4289462445148908
MB-0339,26.7333333333333,True,0.0010571232464981553,0.07069486264128624,-0.058167928313297076,0.42730964907073743,0.6689802762781684,0.3361276838780834,0.43351340561521,0.6489883842615766,0.28110118764034886,0.43351347739744817,0.7030023484887933,0.4476478423777109,0.4305143945456048,0.6489883842615762,0.3018723699857183,0.47757723903799054,0.7126002280579936,0.28110118764034886,-0.8496059556101431,-1.0560789503141859,-0.8880296507945876
MB-0340,164.733333333333,False,0.4666076709900611,0.44144620663539047,0.64324999893728,1.2521359381018773,1.2680950162566087,1.5833976204407594,1.2521359381018773,1.2680950162566087,1.3853797930745824,1.2669223262006482,1.2679651562829337,1.390721518848704,1.3362025136654272,1.2888711001680762,1.5354750666356554,1.2524526276686403,1.2794168672418453,1.6203209944177779,-0.5106224678981267,-0.9004750699990517,-0.4868890686859325
MB-0343,91.1333333333333,True,-0.055477116164118656,-0.04350403825372026,-0.04647479139776532,0.07461217533783743,-0.11665951347272462,0.0328646419019327,0.04812972307802677,-0.08899556732841724,0.09719801375676361,0.04812972307802677,-0.11045728538982971,-0.11633594089550832,0.08246321462238942,-0.09160273548803936,0.02057984248627127,0.07461217533783741,0.014468506249413269,0.09719801375676361,-0.011533061686586776,-0.3905453443553229,0.024596382191250814
MB-0345,72.6666666666667,False,-0.569979038730946,-0.464857448590092,-0.2853130877111868,-1.076497862525876,-1.2101675432668395,-1.2678788222024742,-1.0764978625258763,-1.2101675432668395,-1.0317217399118785,-1.0764978625258763,-1.2100714041483525,-1.5638277976422554,-1.0765004010496444,-1.2540034441804029,-1.1157924219304811,-1.0664721173960572,-1.1651059046181302,-1.0317217399118785,-1.4853751842635452,1.6273002546230673,-0.3170749669346225
MB-0347,180.0,False,0.06116865563078299,0.025931349850261035,0.030102503441966855,-0.24565033998821922,-0.44171899455033187,-0.25714338726221053,-0.2584292395323561,-0.3820894446932679,-0.25714338726221053,-0.2584292671187647,-0.5472137043595728,-0.25714338726221053,-0.24331185899953903,-0.38208944469326817,-0.2571433872622105,-0.30082952880098907,-0.5045233079615616,-0.25714338726221053,0.3006851142946058,-1.1755359049207805,0.26425562514648243
MB-0348,122.7,True,-0.24276200253112953,-0.1326798100165993,-0.14350104416510212,-0.09892981298294624,0.44955350436030006,0.048412546613676014,-0.09851740426119082,-0.10111568553080345,0.048412546613676014,-0.09851738846447336,-0.10111568553080345,0.13755098475808442,-0.0859896097006291,-0.0985160096697526,0.10089611424808012,0.002406095310469824,-0.10111568553080345,0.048412546613676014,-0.10607225344775092,0.16007589253434076,0.7476554288062055
MB-0349,146.033333333333,True,0.24291905196721175,0.18966180525250675,0.14882106664383332,0.4869162665317653,0.1918585492789256,0.12245397146491196,0.4869162665317653,0.1918585492789256,0.2767929184794366,0.342312819278742,0.19189082767758875,-0.08049043096464552,0.4528101781579066,0.19184645332784991,0.23525221880514055,0.48699570926878727,0.2774093594678903,0.2767929184794366,-1.1857198050052338,-2.1378243580905774,0.6527821390898572
MB-0350,46.0666666666667,True,0.4124741657859377,0.49399291847736376,0.334813865085821,0.5997915248830381,1.1219997411824625,0.30157882565388794,0.5997915248830381,0.5821930604763214,0.04189437746736693,0.6724643459785798,0.5821930604763214,0.06471052894493454,1.0321615052669253,0.6088048631281693,0.26177727988066357,0.5995671729288818,0.9047619883226667,0.2503884260457544,-2.3982328653977714,-0.0015669331451969059,-0.08748148289345688
MB-0351,180.0,False,0.145585152279092,0.07122631895969546,0.11980832297953148,0.11265563643413229,0.36844333378650035,0.10356017247262092,0.11931498400120363,0.26758451015504175,0.10356017247262092,0.11931498400120363,0.26758451015504175,0.10356017247262092,0.08756343741223702,0.2664375358319356,0.10356017247262124,0.11265563643413216,0.26758451015504175,0.10356017247262092,0.513052133880305,0.8995664174760071,-1.3634305099843498
MB-0352,55.2,True,0.04278603121030087,0.04819056434075203,0.060981634234213516,0.10701226037641938,-0.005852646145655549,0.09510459948799356,0.08662602849016274,0.04151778012758104,0.06212216108136158,0.08662604908309512,-0.009129253170674048,0.031131991861463534,0.07508559945182228,0.026978699114569835,0.06166171425932296,-0.089963184230428,-0.1275017455860967,-0.08819210544521282,-0.29758403894333035,-0.23666332206145513,-0.8046461065088295
MB-0353,41.8333333333333,True,0.6126338153754988,0.17685833581093907,0.3142687967930001,0.9396632737607228,0.7403900185800831,0.8590680904717907,0.9396632737607229,0.7262288086977028,0.8613254819465259,0.9396632737607229,0.8211492940711915,0.8920261698407187,0.9396684221984415,0.7728261899503289,0.8673128230625675,0.9311937218527516,0.6269797444508773,0.7449986603519428,-0.5300084132181584,-0.6293549238833419,-0.1957562084777642
MB-0354,11.6,True,0.4636743217271987,0.35393165644741326,0.4749976198228952,0.823633598389372,0.970466442798686,0.9108140163844263,0.8321483063840648,0.970466442798686,0.9108140163844263,0.8321483063840648,0.9703696971780502,0.8152099649688167,0.9144739343400196,0.9959757498613249,0.8813807335527127,0.8236335983893718,0.9197840480121382,0.9108140163844263,-0.23615462985294203,0.23151106405853766,-2.121825972601985
MB-0356,180.0,False,-0.5520888635942935,-0.19738588766790452,-0.3213909297278288,-0.7867934828487968,-0.5830886686959724,-0.7668741385767739,-0.7856186735103763,-0.7555604369739385,-0.8669235182932824,-0.7856186735103763,-0.7555604369739385,-0.9304431664362389,-0.8101962285809119,-0.7570724168930374,-0.8426229070566366,-0.7867934828487967,-0.7555604369739385,-0.8669235182932824,1.816475940881144,0.7001517511506504,0.7520805892207797
MB-0358,32.8666666666667,False,-0.09830144533033036,-0.04001810840431293,-0.11487704530366102,-0.15499476425469008,-0.6190077959784211,-0.16459553624096337,-0.15499476425469,-0.5152363778055357,-0.16459553624096337,-0.15499476425469,-0.42988942853273454,-0.16459553624096337,-0.1549960930281742,-0.44255015661258446,-0.16459553624096307,-0.14176924174842667,-0.3747466008326538,-0.16459553624096337,-0.049800969059643194,0.6636575710174066,-0.23963819232902653
MB-0359,21.6,False,-0.7141816518968731,-0.5638894581800037,-0.6906863706299279,-1.2324896151934033,-1.2934622351080198,-1.1867505295576444,-1.2263038533845398,-1.2934622351080198,-1.1867505295576444,-1.2263038533845398,-1.2933565975710872,-1.255016714679969,-1.216616886719114,-1.311456008911586,-1.22065226459489,-1.2324896151934028,-1.2265150731072125,-1.1867505295576444,0.08661926298854213,1.9724738539297917,-0.25131929860688523
MB-0360,132.566666666667,True,0.08798280794124941,0.20524437741075358,0.2557630049931667,0.37624826718960125,0.7675066721587993,0.6610539571239633,0.36879608594843033,0.849295381401192,0.6610539571239633,0.3687961178625855,0.5736442092378454,0.6610539571239633,0.3682392409265952,0.8492953814011921,0.6610539571239634,0.2627018090512222,0.7089771324207524,0.6610539571239633,-1.487072869675398,0.20916747233627678,0.948376210637088
MB-0361,15.0666666666667,True,0.7745889875993629,0.4877610876586319,0.645131526896491,1.2558394979173129,0.7589084741611966,0.8937323886741508,1.2697548843536675,0.6557438154197059,0.8767988121502597,1.2697548843536675,0.6557438154197059,0.8622647081216368,1.2571902632002596,0.5875777402318841,0.8637304145249639,1.2558394979173126,0.6404843557547092,0.818328970542588,1.6473390663560998,-0.5924100997529326,0.6679105062494222
MB-0362,47.0333333333333,True,-0.22248921929905546,-0.443101748870733,-0.38738715178750377,-0.755173379382288,-0.7926772293392926,-0.5945689660114856,-0.6776938001776995,-0.7393764264112198,-0.5945689660114856,-0.6776938001776995,-0.7393764264112198,-0.6353276568223385,-0.7317431420528948,-0.7407859141445574,-0.6194719631099568,-0.8094239952132262,-0.7580473307170538,-0.5945689660114856,0.9174879834442943,-0.12597918998664273,0.22100096632251784
MB-0363,89.9,True,0.5648086348299893,0.7336313950516493,0.5832096944544068,0.6934657028501504,1.0725060808332145,0.7506947016769455,0.6994949233017392,1.1054092754233442,0.7506947016769455,0.6994949233017392,1.1054092754233442,0.6861448764779757,0.700861391749437,1.1096161791892984,0.7206388630973602,0.6934657028501501,1.2138111207302829,0.7506947016769455,1.066934867005179,-0.07249854561981205,-1.001333587233463
MB-0366,64.2333333333333,False,-0.5755279221237465,-0.5900026899009678,-0.33471999023712495,-0.891169560388305,-0.9941303550238558,-1.1248895119741835,-0.891169560388305,-0.9564728591642441,-1.0313200636110749,-0.891169560388305,-0.9564728591642441,-1.2246144100802938,-0.8911718155850246,-0.9782645078358972,-1.0252583227018968,-0.8917825990578284,-0.9609074951064759,-1.0313200636110749,0.0476727312116796,0.10873738347811868,0.3104215762864059
MB-0367,142.433333333333,False,-0.1013218717462575,-0.17597003400805017,-0.15375874803684936,-0.08395706297768378,-0.24779058786687663,-0.3631769076052811,-0.18049128719489094,-0.27372545608923327,-0.3577577432596701,-0.18049128719489094,-0.22563530380823266,-0.44020778836767077,-0.14160834085008692,-0.27372545608923393,-0.4313254044866072,-0.06410161129079725,-0.2830964005421712,-0.285835715937115,0.9166547888245957,-0.03002781322943489,0.3461775385567262
MB-0368,61.9,True,0.4132537405945566,0.18537732563200346,0.30786921545160173,1.1705497377907692,1.113580732079765,1.249808456830845,1.1774376106818707,1.1972834257940126,1.25065133709479,1.1774376137415776,1.1972834257940126,1.2707147849648965,1.16087899329729,1.1954762024227255,1.234047868728608,1.088880970275072,1.1972834257940126,1.25065133709479,0.37094683509441023,0.1739659388962034,-0.8847733337672445
MB-0369,144.333333333333,False,0.24439154390431778,0.12807104344335277,0.3079882983047867,0.4081590210039799,0.36195553455891216,0.35539351794358826,0.4163629979272531,0.48081646778172094,0.35539351794358826,0.4163629575495112,0.48081646778172094,0.36409602812747177,0.392018991796526,0.4776517985494512,0.35227067241496146,0.4912419349946477,0.48081646778172094,0.35539351794358826,0.6131890778590062,-1.6708500606151127,1.0433118451954217
MB-0370,93.5,True,0.6229961831260387,0.5723768277409832,0.5990223960949039,0.7455867503908066,0.985320982506931,0.7573207240326941,0.7455867503908067,0.953325723081212,0.7573207240326941,0.7455867503908067,1.0975086171440736,0.790330452109582,0.745587397498022,0.9533257230812121,0.7681388598626847,0.7459375718990775,1.0134297663519762,0.7573207240326941,-0.1521929584082903,0.8296289560400428,0.5078871822065824
MB-0371,131.133333333333,False,0.44649211650803516,0.7286468405988813,0.42383621428784224,1.8820343198571554,1.3440398775672053,1.7991263643086874,1.7590095496582012,1.3047376875781669,1.796740096163522,1.7590095496582012,1.3047376875781669,1.6518459913399002,1.8046321232041749,1.2771837672728852,1.6548229153825993,1.8512049361200067,1.3504253102122155,1.754534326576251,-1.473887948041959,-0.5747392689210323,-1.969624366516231
MB-0372,62.7666666666667,True,-0.23796994748849895,-0.24654589475512692,-0.32010192079410266,-0.818075633813273,-0.9589306711326312,-0.682945403365404,-0.818075633813273,-0.8405024055522143,-0.682945403365404,-0.855493717388508,-1.1447146140576154,-0.7306969774123045,-0.8319350557733911,-0.8405024055522142,-0.7054576954213205,-0.8183007690189179,-1.274832131688658,-0.682945403365404,1.028854347803183,-1.1731586964470246,0.12194944967029515
MB-0373,27.0,True,0.31676288599879215,0.054614539104365124,0.10526723742956764,0.6384099793018319,0.22038877989646857,0.4935515228987058,0.6698738414863656,0.3676935393095384,0.5370526276529773,0.6698738414863656,0.3676935393095384,0.4007874936441624,0.6862175153516687,0.37023627592755365,0.5888891394750109,0.6384099793018319,0.3676935393095384,0.5370526276529773,-1.934959636609707,0.6377511596414357,-1.264697993973541
MB-0375,143.166666666667,False,0.134244425935221,0.11985031248328101,0.1471835752359864,0.3373855396716318,0.5741069429305931,0.4567064308183369,0.33738553967163204,0.5741069429305931,0.42442683763382416,0.33738553967163204,0.5740526143349169,0.4249153416379439,0.3373870306963267,0.5536415597050167,0.45551074847838885,0.33714354327487955,0.5728807803383368,0.45009569267877997,-0.23993667125803605,1.317326007386082,1.1363151482568636
MB-0377,134.366666666667,False,-0.4551182354113516,-0.37373687617703716,-0.2592667410502774,-0.5928548333590621,-0.5471651525543991,-0.7877821739063643,-0.5928548333590618,-0.5471651525543991,-0.7838273927533026,-0.5928548333590618,-0.5471541224386418,-0.7530881879124081,-0.592854501614833,-0.5564794156008144,-0.7237390473851655,-0.5977881871502578,-0.575779077849234,-0.6814452117065323,-0.20452248839966083,0.4930281494994427,0.8070279575425833
MB-0378,97.3,True,0.3824631444716535,0.48464314017579246,0.3369936208067402,0.8682585084921414,0.9771786798041767,1.108476224559372,0.8916665086474053,0.8360247979140291,1.1250275120669853,0.8916664683615613,0.8360247979140291,1.3602976622367904,0.8881487453151958,0.7910980642056373,1.2144625469862813,0.9482234959995273,0.8394825239833865,1.1250275120669853,-1.0428601409845046,0.16115931384552032,-1.1035907500633413
MB-0379,135.666666666667,False,-0.22283246921425676,-0.07186067247575285,-0.2999639317860822,-0.7953834206741285,-0.637349424548028,-0.7450439430919978,-0.7953834206741285,-0.6390867487586034,-0.7450439430919978,-0.7497303832694224,-0.6390867487586034,-0.7450439430919978,-0.7801125716407133,-0.6393465549329452,-0.7450439430919981,-0.7955655367410644,-0.6390867487586034,-0.7450439430919978,0.6131231363365798,-0.9322203053719521,-0.8848726996475548
MB-0381,130.2,False,-0.3689613062199183,-0.2661262069169956,-0.484460589732284,-1.0495317953882795,-1.2135772164758383,-1.1628654450492713,-1.04953179538828,-1.2135772164758383,-1.1628654450492713,-1.04953179538828,-1.2133980577101622,-1.119072063214541,-1.04953963237791,-1.250113593682052,-1.1629947721461016,-1.0431176181281427,-1.1729807234455292,-1.1628654450492713,-0.20032970140956835,2.8715673378134987,0.10185328474395018
MB-0382,136.466666666667,False,-0.13243162644683895,-0.04178781390359948,-0.193794197545091,-0.43513919571931037,-0.3367445801331411,-0.489660041862683,-0.43513919571931037,-0.3037670388523424,-0.489660041862683,-0.2439648030245966,-0.36130541920124115,-0.5084463343783586,-0.3186677281546872,-0.35831687264800094,-0.49122118696539063,-0.43518754507021556,-0.3893743832103984,-0.489660041862683,-0.4368683255972816,0.8802586206615082,-0.23881081815849306
MB-0383,85.7333333333333,True,-0.11765233985664786,-0.1953425770560523,-0.07550074612361903,-0.354941598902695,-0.3750038742601156,-0.47381141583359554,-0.354941598902695,-0.371428744412081,-0.4909260723811951,-0.37292883245929004,-0.371428744412081,-0.5231543205381995,-0.3825552240823993,-0.3934940746101604,-0.4627224367269556,-0.35501213471141635,-0.3715757264382283,-0.4909260723811951,0.5198417309776412,-1.1392946703429758,1.52520308017327
MB-0384,61.1,True,0.7398385222492766,0.5849981783793258,0.3718470672442901,1.3823220176583546,1.5083799594422167,1.527137196991073,1.3823220176583548,1.5083799594422167,1.5153557157367368,1.3823220176583548,1.5082375632161427,1.506226089497052,1.3823271167777105,1.5148707082260338,1.521138614590878,1.3894907295752619,1.5486821024854216,1.5488654555141232,-0.47657904055841377,-0.7796379162397445,0.7409738171791774
MB-0385,36.4333333333333,True,0.5084039159728306,0.4234235430750193,0.5284313483836813,0.9429614066531299,0.6146442114970114,0.7204435208213279,0.9429614066531299,0.6146442114970114,0.7204435208213279,0.9562000247272684,0.6146133261680863,0.6933795630957245,0.9698068695930181,0.6269174202836298,0.7229688702368423,0.9431480928331947,0.5852526117756192,0.7204435208213279,1.3889799748383085,0.08697924857190435,-0.2824272472716989
MB-0386,138.133333333333,False,0.17817855188950688,0.018758282451341216,0.16115424328685618,0.5019727398231691,0.3909070357378692,0.4941717697500692,0.5019727398231693,0.4301667943799405,0.4880915152410615,0.5019727398231693,0.4917370423163899,0.4838432562358186,0.5019754221932834,0.5037392908037813,0.47680191224698765,0.49974522403868127,0.3844506436948411,0.5059039121662444,0.35145507618731386,-1.5547311319959862,0.5773959336763955
MB-0388,97.5666666666667,False,0.11825651790694924,0.10915825997489637,0.09577651365478354,-0.18390224892701043,-0.24367068458610144,-0.4072952854778263,-0.1839022489270105,-0.24367068458610144,-0.30561733720809436,-0.1839022489270105,-0.2435935229106039,-0.3003126705847947,-0.18390576196362068,-0.21425264432591928,-0.36912924796892915,-0.19246115780454048,-0.2759696217584696,-0.5689619937343593,-0.47433298683443925,0.16863040701051427,-2.0322793065134026
MB-0389,96.9666666666667,False,0.285205440679592,0.5373377958826133,0.34281880386587604,1.0013487475288894,1.0652400986068102,1.3238774284436652,0.7576841128350104,1.0652400986068102,1.330527233336668,0.7576841128350104,1.0651572954762567,1.2119368098502659,0.8856086210578892,1.054980391611832,1.2157891966929402,1.1664309622946774,1.1445570553091011,1.4201741467183073,-1.9442649759855442,-0.4590715557127591,0.3098646874168553
MB-0390,72.2,True,0.2397987986106519,0.19621643329207894,0.0563231010032921,0.36381596295467283,0.2581238529122926,-0.003101876240447013,0.3638159629546723,0.2581238529122926,-0.003101876240447013,0.3638159629546723,0.2581044417684671,0.12687446178930367,0.36381597857924614,0.25703876996452646,0.060057359135043044,0.3610550370639798,0.24942748210152785,-0.003101876240447013,-1.3077531969011476,1.2262706003162174,0.8664070590018645
MB-0391,142.466666666667,False,1.29598431222316,0.4073783853179967,0.7140636765700707,2.1656487362468475,1.7140014483768078,2.2638964873055905,2.1791797281480707,1.653512446539396,2.3122144764778603,2.1791797281480707,1.6636899318555707,2.23561101658726,2.1785358548644935,1.6842693987530242,2.3059040888057525,2.165648736246847,1.6318273575859503,2.3122144764778603,1.0868307847683634,0.9621546636282469,-0.17895251107592874
MB-0393,20.8333333333333,True,0.3226052068556668,0.19300884570345733,0.6845815243877229,0.8695235478145746,0.81785535582972,1.1263459519714683,1.0017289900927808,0.797771108312479,1.1263459519714683,1.0017289900927808,0.7784318633612699,1.1263459519714683,0.8976845907896958,0.811667774153038,1.1263459519714683,0.8519001454167694,0.846133710130439,1.1263459519714683,-0.050604063111342405,-2.7112854374347726,-0.7102141913075584
MB-0394,64.2333333333333,False,-0.545278386377628,-0.1922689075472759,-0.27747924372032434,-0.8356113959605811,-0.7664567610383627,-0.6282010006713125,-0.8304339731821985,-0.8012342726614081,-0.6270651042873285,-0.8304339731821985,-0.8012342726614081,-0.6388194730997857,-0.8293490060905769,-0.8005422643827047,-0.6468763982098802,-0.8356113959605811,-0.8012342726614081,-0.6344736461777931,-0.2831250656795347,0.04170258602731257,0.5658334533735658
MB-0395,29.0,True,1.1848173092485346,0.37637820824533624,0.6099950006909094,2.1174472541527924,2.716853056298658,2.455579119692502,2.117447254152792,2.757054871185465,2.0883651868895847,2.117447254152792,2.5253601855710075,2.5537678368352226,2.1174527605682334,2.5215820692682245,2.1081529614674457,2.116894188845263,2.5500108974169087,2.0883651868895847,1.643251614242697,-1.6174674995236882,1.9586147276154673
MB-0396,60.6666666666667,False,0.08338554090613887,0.047726059221711685,0.07269951081760617,0.22639741759689885,0.4807624356227184,0.4788700329549521,0.24398911488539793,0.16405507784074705,0.5211804007530662,0.2439891193963152,0.16405507784074705,0.5110043307794232,0.23503360329488246,0.16604752565472058,0.5046956918955398,0.24854422554596697,0.16405507784074705,0.5125869053755561,-1.2826492440738984,1.109637999248523,0.2048689341867044
MB-0397,57.2333333333333,False,-0.6257479906294512,-0.5380905954625999,-0.42823567333597756,-1.1952085063376239,-0.7891485387086828,-0.9133214973886817,-1.1952085063376239,-0.8520261237680337,-1.0322849139704577,-1.260801085044116,-0.7754853943761161,-1.1020194859994654,-1.260899192140416,-0.8520261237680339,-1.028176321036734,-1.1953178184577886,-0.731349045455368,-1.0322849139704577,-0.5856577998413593,0.16810586912782435,-1.1206776631652569
MB-0398,43.2,True,0.460893515174302,0.2004484586290997,0.44228241501840615,0.6771341065098002,0.7751020626718308,0.3386245485904426,0.6771341065098002,0.6356331022900344,0.3246082130980543,0.8158701908981045,0.6356331022900344,0.3572924563183299,0.8018263803535854,0.6407147825957223,0.3471148044309047,0.6771880214688575,0.6356331022900344,0.3498220216848765,-0.47258767675848407,0.5484054521869972,1.4458047879194504
MB-0399,137.1,True,0.7161938177326137,0.3569078009166738,0.5899175581138311,1.605857386978665,1.6483626388987755,1.9088325545481342,1.61767784499387,1.7587273550657923,1.9175709910866587,1.6176778093018596,1.7587273550657923,1.940124012358748,1.6094992558946315,1.7594427789780884,1.9462889974104935,1.673825992299808,1.7587273550657923,1.9175709910866587,0.5863372815313004,-1.065124728803299,-1.8785474803883646
MB-0400,22.4666666666667,True,-0.020386878669841884,-0.045024210372963454,-0.0037745523767233648,-0.11761396007986688,-0.1528563080927861,0.0897374712086969,-0.17226224480269448,-0.1528563080927861,-0.0662321849366415,-0.17226224480269448,-0.15282551531122096,0.224817866329193,-0.14470731609025445,-0.14901162524966372,-0.059785932044128576,-0.21730118264944775,-0.15649570472080226,-0.0662321849366415,-0.663535198304047,1.8284302379955002,0.5032048553317773
MB-0401,26.2666666666667,True,-0.04487478574798184,-0.010346685429472152,-0.13648182619331065,-0.07104135536266722,0.32615967629787807,0.0018534600648643707,-0.058620073412966725,-0.156360966655639,0.01990900852637323,-0.058620090091800574,-0.156360966655639,0.00962310206503912,-0.0795789021100716,-0.1574610799252934,-0.003397024042240017,0.11572484787324229,-0.156360966655639,0.2138973922316105,-0.6134178486140281,2.020073367150445,-0.5819546491605353
MB-0404,63.5,False,-0.13555871127494867,-0.1136235030838535,-0.0713171331301091,-0.08041988571155256,-0.16654662182225574,0.0748792776082585,-0.08041988571155247,-0.17992071720382558,0.07154806227702175,-0.08041988571155247,-0.23275879139531694,-0.01836254699242747,-0.0804205104301384,-0.17992071720382583,-0.024197750529591056,-0.09154589620645656,-0.201762989543055,-0.12158040326972527,-1.6051493968851136,-1.0647710426262125,0.9305984310891107
MB-0405,59.0666666666667,True,-0.04593625262532651,-0.07516710099580837,-0.061450284084005144,0.24926894077393189,-0.2736709525403065,0.12918801598891935,0.242812588062834,-0.16271165981843325,0.1325595251052874,0.242812588062834,-0.09552055916743636,0.23183021246509364,0.27429473908592744,-0.09774361128968467,0.2712233976460996,0.30425865065951496,-0.2085514983121086,0.1919063975230703,0.7293494040178566,0.37281512186631627,-0.8494743678230212
MB-0406,96.9,True,1.8044913696208007,2.347484631198119,2.1488473886940835,3.5022189643585606,3.3236279713577437,2.8139620542960877,3.5022189643585606,3.4697113560118455,2.8139620542960877,3.279149087396211,3.4697113560118455,2.8139620542960877,3.3999551515859485,3.534492256368949,2.8139620542960895,3.502190067390743,3.4726244077758697,2.8139620542960877,0.8061393585150219,-0.6733024283901868,1.3238478058527734
MB-0408,101.833333333333,False,-0.131714193251063,-0.07305592458686416,-0.09675908778897971,-0.3381846314277366,-0.6490722359965154,-0.8352531045872618,-0.35126566056480374,-0.6918182511400169,-0.8296551290574314,-0.3512656682071926,-0.6594136040941571,-0.6732123848279175,-0.3203406736705077,-0.6652420432758233,-0.653466513261075,-0.5518835873803851,-0.6206004345753755,-0.760008362331119,-0.476376747401162,-0.0235699368607321,0.3002730904204611
MB-0410,63.0,False,-0.44019983004970703,-0.5116090845542691,-0.27001497764884663,-0.8863877060542619,-0.9194841327676917,-1.143103880389226,-0.8863877060542619,-0.8390134884114023,-1.165544956937881,-1.1049082191226982,-0.8390134884114023,-1.0953424760246397,-1.1465373474551617,-0.7875734139601867,-1.113591665847666,-0.8865326573262823,-0.874893536937606,-1.0331820185612512,0.16333994554129863,-1.2656369792245639,-1.7268406314397753
MB-0411,139.166666666667,False,-0.3078213413201867,-0.36875339300213267,-0.14188258558564715,-0.6899739699562396,-0.770829622782802,-0.6395485183203594,-0.6939032882549164,-0.7712104694078026,-0.6385451594047444,-0.6939032882549164,-0.7712104694078026,-0.5642969819138971,-0.7178021856396635,-0.804098304053891,-0.536793103879226,-0.6899739699562397,-0.7576906739062489,-0.6437505175708009,-1.2926461227593415,1.8671455145806186,-1.9738130282047839
MB-0412,136.166666666667,False,-0.05483211372778944,-0.21733556804208093,-0.1635810483304128,-0.6930026200461163,-0.7873847749635043,-0.5174818028771426,-0.4608861678520615,-0.593734860458115,-0.5763263619045506,-0.4608861678520615,-0.593734860458115,-0.5490231418484512,-0.583253579744788,-0.5642605386858096,-0.525547949667941,-0.7660176411192228,-0.6606803167319587,-0.5833826815329992,-0.4718131547409021,-0.969179511082668,-0.31609551266496017
MB-0413,140.066666666667,False,0.2491933570404791,0.08790794768351545,0.20532895308331228,0.33901192860700924,0.09554230276673302,0.2393824831189788,0.333232703816619,0.19764643662367123,0.2622093501860212,0.333232703816619,0.19764643662367123,0.29403834700772663,0.3914794904423646,0.19978261121878976,0.26351492425786427,0.339011928607009,0.19764643662367123,0.11748991188296393,1.377950952722521,-0.2960838149974946,1.2942116284105942
MB-0414,76.6333333333333,False,0.24651241554261105,0.11599054964197873,0.13604676655322567,0.6032750494644064,1.0813051180909155,0.9104015761049552,0.6032750494644064,0.9953847701111072,0.8591426255377396,0.6032750494644064,0.9372701890221534,0.8535610816724029,0.6032756335881566,0.9500264048682581,0.7421157961480641,0.5979103620086982,1.0461781070922136,0.7786450858295166,0.13573073406713437,0.5014829311105223,0.12703003524338138
MB-0418,102.066666666667,False,-0.009956540211920384,0.01124008460675606,0.020767374015851187,-0.20707632491867226,0.07388012365308276,-0.17223003087666505,-0.20707632491867226,-0.07260939847699763,-0.17741841358429652,-0.20707632491867226,-0.07260939847699763,-0.19254867630082684,-0.20708077589023804,-0.15757753148908324,-0.17317184881853864,-0.20815073928483155,-0.08627455711763686,-0.20363641549976494,2.310363486795888,-0.6475606784161285,0.06712070250380273
MB-0419,104.3,True,0.022796055213488185,0.0470833232504011,0.11511081717651524,0.698363233441216,0.4570100195227914,0.4292432136963892,0.5092634572800061,0.38393576454484746,0.4292432136963892,0.5092634572800061,0.38393576454484746,0.5063762234968988,0.6392915422905115,0.3217336136592261,0.47363227166537664,0.7452795406327646,0.4143111873639557,0.4292432136963892,-0.7871927421571577,-0.23931242973230216,-0.23590383366766396
MB-0421,93.0,True,0.09520044218411816,0.050307897233572436,0.13127927397547,0.455077761106876,0.9093986924638809,1.2160201930570085,0.455077761106876,0.7880411082684365,1.2303721833742942,0.5575277260210011,0.7825085611609661,1.124089890861919,0.5177956887909254,0.7787681444361002,1.1445702891096896,0.455193228421407,0.7796135370363324,1.0265288311958414,0.5802844167243075,-0.5636398464269645,0.737900169928009
MB-0422,33.8,True,-0.01708993624636201,-0.04560460465852662,-0.026619982851521676,0.22534297494813704,0.24976458061423554,0.35742769707579125,0.23565416600997519,0.25481039037114167,0.28481381837872943,0.23565416600997519,0.16108065956148326,0.5147677667382611,0.2548892064573399,0.16141609570161022,0.3056121447956926,0.18266988171639356,0.1566641517658685,0.28481381837872943,-0.19550582783310236,-0.13346075483629405,0.3773267966948902
MB-0425,24.4,True,0.2690562767529373,0.039207425798936754,0.15117599549157262,0.7875137065715307,0.9237351147140714,1.5697945586646385,0.794427100383194,0.9264251653668377,1.5787505864644127,0.794427100383194,0.9002936285335185,1.4534379966078772,0.7853811298915616,0.8635381456700614,1.4711289625075805,0.7875137065715307,0.903552192646192,1.390259724661893,0.5658178468280931,-1.1705426351003028,0.2803458736422704
MB-0426,131.1,False,-0.16998824262626974,-0.08993897440827534,-0.2519865357426472,-0.34085973110863654,0.053204675443226705,-0.4779102508123043,-0.34112357043849323,0.11799839767984593,-0.4779102508123043,-0.3411235887016447,-0.08688910714844512,-0.4052776128276944,-0.34182823426813397,-0.03694101641092537,-0.4555395510485751,-0.2473451363709544,-0.08463284853766956,-0.4779102508123043,-0.0072113596587564995,-0.43798807560230063,-0.9847229413579084
MB-0428,55.9333333333333,False,0.5477820381083179,0.19545147111785927,0.6327179086115127,0.8663031801283222,0.6258912534079805,1.0783772924009976,0.8810455229145798,1.0576508475403885,1.0783772924009976,0.8810455229145798,1.0576508475403885,0.9961183951936017,0.9266347879282105,1.0549335247903042,1.0278591684864582,0.8663031801283217,1.0576508475403885,1.0783772924009976,-0.5611981104091591,-0.20689292471224427,1.1878533083569829
MB-0429,74.4666666666667,True,0.3850975104135899,0.14146246774792542,0.5362286198736572,1.0417469492107378,0.8731245982667809,1.024263499903489,1.0433163968635937,0.7502500185530491,1.024263499903489,1.043316441845966,0.777861836977533,1.024263499903489,1.0281138434612056,0.7668850383327176,1.0242634999034894,0.983147451555282,0.8138934618927609,1.024263499903489,-0.8676167643217026,-0.33372600380413486,1.363080412725391
MB-0431,85.1333333333333,False,0.2260860381360716,0.11639870604526256,0.24597040713387136,0.3377396051230765,-0.20737748508683873,0.17375862125825123,0.3377396051230765,-0.20737748508683873,0.17375862125825123,0.44856144832005485,-0.20730766673175077,0.17375862125825123,0.45612569411331877,-0.18628914585651843,0.1737586212582512,0.3376847050100265,-0.15540996915417077,0.17375862125825123,3.0660367390488967,0.05668995489379499,-1.3013535202249853
MB-0434,45.5,True,0.466223690629085,0.14989766942848864,0.24291636399386912,0.6420214443377066,0.39520685184568666,0.5357136999109436,0.6838335191063183,0.18295546233865498,0.558388457908391,0.6838335191063183,0.3383380807600527,0.6501790209524997,0.6985263427253952,0.34453961060608257,0.6673857131093736,0.6420214443377064,0.530920236603801,0.7921701878037749,-0.07734505972421603,-0.2931022193567212,2.3014951328449555
MB-0436,75.5,True,0.32533786251677926,0.15828146082599526,0.5931121624687964,1.0630058072493174,0.9269532432386769,1.3403896697544657,1.029386663971755,0.9287594745367527,1.231143981315677,1.0293866925489952,1.0089552841925025,1.245377974433125,1.0713720895957013,1.0173834086175015,1.3184769101427052,0.973272056429788,0.9796826044473399,1.330534550164787,-2.016660690233245,0.7532114084393808,0.7225065897534976
MB-0437,90.5666666666667,False,-0.00021381761429420387,0.054901975301770746,0.00883738049511,0.3147671810496882,0.6473389113125828,0.7932562215059745,0.32946467433643406,0.6473389113125828,0.8005167558389704,0.32946467433643406,0.6472179422422991,0.8357985123858148,0.3314013005761141,0.6793841317146765,0.8216744946468819,0.31476718104968837,0.6973906802673454,0.8931021573521184,-0.6486006079033346,-0.3231959257858299,-0.48800599638147046
MB-0438,135.166666666667,False,0.5916824394670085,0.18661428613131043,0.6040856887612143,0.9228989270890389,0.5755230255179714,0.8479538482839891,0.922898927089039,0.7791816482040901,0.8493429013046859,0.922898927089039,0.7791816482040901,0.8644216077181684,0.9229020201483298,0.7804047838931397,0.8588448066743225,0.923373828440921,0.7791816482040901,0.8233465302617912,0.6780397271239971,-0.13664959629588416,-1.9043559061435325
MB-0439,112.133333333333,False,-0.34391895585576715,-0.23619657795015156,-0.3494975637614832,-1.0804468522333603,-0.9958732004254689,-0.9045175217184425,-1.0888515750573757,-1.0497275343796437,-0.8938091698411936,-1.0888515750573757,-1.0497275343796437,-0.8878868525075039,-1.0437428783976934,-1.047923331412138,-0.8591859834752473,-1.0581512700841365,-1.0497275343796437,-0.9064957697427206,-0.5000084331847482,-0.6647813359958524,0.6568464180302901
MB-0440,100.833333333333,False,0.016588067110456205,0.027375473654438133,-0.03576914339263443,-0.13003615724207981,0.2696404238523009,-0.2865522302221685,-0.131832198159704,0.19350327451773688,-0.2865522302221685,-0.13183224278743172,0.14091516837967832,-0.19234829241906015,-0.13994283783426423,0.09938454817589819,-0.23906202807618374,-0.00150434342302586,0.008673802380675827,-0.2865522302221685,1.3604462024852575,-0.526514840115237,0.557511373399325
MB-0442,103.466666666667,True,-0.02789050415875674,-0.07396021254977261,-0.006594789804289982,0.033951146991212135,0.05341531475042847,0.15074542384183973,0.029088765259570167,-0.06373720215834372,0.007825012052381076,0.029088694325357378,-0.06373720215834372,0.17937625320853126,0.04179007329960303,-0.1416254491008013,0.08140645376536627,0.16619350207956332,-0.030332515057741097,0.007825012052381076,1.0023982728439578,-1.2644927908197123,-0.5956318243301262
MB-0443,45.0333333333333,False,-0.1908972577120313,-0.14594939937487722,-0.401281943854608,-0.7205291113374466,-0.9829072470865775,-0.6651411408800186,-0.493545709490854,-0.871386703433891,-0.6606977887572639,-0.493545709490854,-0.7775172731428887,-0.6630875845277603,-0.6341257739437407,-0.8011654034069359,-0.6571932357291341,-0.7626828402178663,-0.9186409183943527,-0.7285442312935939,-0.1523386358242358,0.5187849208779641,-1.7905532669844222
MB-0445,132.533333333333,False,-0.5613553118766154,-0.4612309639408325,-0.2929369719655894,-1.0104559988719612,-1.1347330724246187,-1.4388700505690932,-1.0104559988719612,-1.1347330724246187,-1.426330224260884,-1.0104559988719612,-1.134652658323341,-1.2999056172472718,-1.010457870802609,-1.1154166897768447,-1.2930202790818435,-1.0124766552035074,-1.1481365208772,-1.309618242059144,-0.47221594277604334,-1.142518017652492,1.1244767578841879
MB-0446,72.2666666666667,False,0.007400103985364795,0.020946888984956953,0.039615255561325835,0.06882261520044183,-0.08829970367864994,0.00853521425770096,0.06882261520044178,-0.0838231087604842,0.00853521425770096,0.06882261520044178,-0.23769625363986902,0.00853521425770096,0.0688204249377982,-0.08382310876048432,0.008535214257701151,0.07185313777852652,-0.11046748511367624,0.00853521425770096,-1.0048010070276965,-0.7458563981883249,-0.588318953093688
MB-0448,29.2333333333333,True,-0.17865852816592911,-0.12733040166927653,-0.12612375728641212,-0.17594602373685866,-0.10333081801631336,-0.2224330538131556,-0.176473239381054,-0.10333081801631336,-0.2798633338894698,-0.176473239381054,-0.10332873770394087,-0.35657756361236415,-0.18005683734046202,-0.08214747217701011,-0.2541389146521886,-0.17594602373685844,-0.13849569481602564,-0.2798633338894698,-0.6999665423133247,0.35924465201120453,-0.4717450752396646
MB-0449,112.566666666667,False,-0.3518184732219189,-0.32513465911732364,-0.21598280423276267,-0.4602138300302298,-0.66151589695013,-0.28090323678582346,-0.46021383003023014,-0.66151589695013,-0.27081383130260067,-0.46021383003023014,-0.6615136554044984,-0.22323652928858248,-0.46021165837286776,-0.6050268297594384,-0.2323294581407673,-0.44289644978780474,-0.5846854966137927,-0.17613270187511507,-1.473143074665625,0.40257336594453236,2.845645074509526
MB-0451,50.0666666666667,False,-0.5220965381787412,-0.17316140581008607,-0.5234255227105101,-0.9729795977623149,-1.113269158249326,-1.309105138512209,-0.9729795977623148,-0.8720231526135169,-1.2411016629453802,-0.9729795977623148,-0.8720231526135169,-1.240406292861877,-0.9729796245697501,-0.8716880816248909,-1.2820820163989899,-0.9657194061700272,-0.8720231526135169,-1.276915059307464,1.2043962915330844,-0.400114751005071,2.127972196949781
MB-0453,43.1333333333333,True,1.1490720701320307,0.8734315925653982,0.7041622979071955,1.7129084314201797,1.361693449183537,1.9144125734901574,1.6959311798481467,1.3797278299446876,1.702230070997844,1.6959311798481467,1.3887519127561196,1.9194063953741343,1.6330454945097022,1.3797278299446882,1.782199866540329,1.7129084314201797,1.2646716904682973,1.702230070997844,1.5907007871260619,-2.0192658104888017,0.9537367314931017
MB-0454,46.8333333333333,True,-0.0294154449285546,0.04318917176223542,0.11187438283792533,0.41585015953648663,0.7083284979054658,0.5012935805048567,0.41979488748496974,0.7083284979054658,0.4981743778924342,0.4197949461178596,0.7082187149538245,0.5384625857938006,0.47156812078938154,0.8689725186493247,0.5668261842363072,0.36415242507178247,0.7012328756898514,0.4953176059158036,-1.256138069727733,0.42051328729557524,-0.4554210238658131
MB-0455,99.3333333333333,False,-0.27055028806860526,-0.4204206126977958,-0.5331468128259713,-1.1730702585756214,-0.8928896206455442,-0.7787435064419241,-0.7672548824135492,-0.7998136891711317,-0.7787435064419241,-0.7672548824135492,-1.1549116571302658,-0.7787435064419241,-1.0284062398292668,-0.7998136891711319,-0.7787435064419239,-1.6172002575614117,-1.3894106652628588,-0.7787435064419241,-1.1816829756864633,0.2595634588920596,0.649461273978431
MB-0458,134.5,False,-0.19029783433820185,-0.07128598182793582,-0.13899680933521952,-0.3981428663094229,-0.5654466724109982,-0.32506330542999096,-0.39814286630942314,-0.48017984810933956,-0.32506330542999096,-0.39814286630942314,-0.4901020071112487,-0.32506330542999096,-0.39814443927805787,-0.5008958972520363,-0.32506330542999096,-0.40095335019158806,-0.5688142251738986,-0.32506330542999096,-1.768511857086917,-1.4123812154717754,-2.2814697772878496
MB-0459,35.6,True,0.4692651559301993,0.3906056229220711,0.565833078554233,0.7665168192514019,0.795126662050903,0.908915871887276,0.766516819251402,0.795126662050903,0.908915871887276,0.766516819251402,0.7951011303862113,0.9837673195969866,0.7665169301034376,0.8228234874856136,0.9539517462919076,0.7612353991249681,0.7754557619562955,0.908915871887276,-0.963854230732174,0.770322082794496,0.10653270157752616
MB-0460,114.0,True,-0.09156386611595238,-0.06308544805117589,-0.13032239194714904,0.19993146090291175,0.2735242675327837,-0.1623732030519887,0.19993146090291175,0.2586731748509822,-0.03679552379198554,0.014187891228302767,0.3100215706867265,-0.2074266643382768,0.013959681568760152,0.2586731748509819,-0.0656956655222895,0.20005399555218772,0.3201450415051386,-0.03679552379198554,-3.1063368012832915,-0.7010998004334262,-0.759818281782311
MB-0462,132.766666666667,False,0.20560483865006313,0.24831531727663078,0.25814566596757715,0.6311070746089694,0.5141524603052436,0.4889028743081635,0.8617896682846775,0.6087919439741808,0.4889028743081635,0.8617896682846775,0.4065390138427704,0.43021053093933864,0.7331019187886317,0.6087919439741818,0.47299791901648536,0.5317821048924402,0.4395788644817119,0.4889028743081635,-1.1422789566319196,-1.1261881161533005,-1.2856051436646596
MB-0463,120.566666666667,True,-0.4769437821002426,-0.1709062499245961,-0.4431687632230697,-0.7074976471984995,-0.8983402112559367,-0.6116325240080555,-0.6990270083659514,-0.7084695760228429,-0.6116325240080555,-0.6990270083659514,-0.7084695760228429,-0.6116325240080555,-0.6880832727268055,-0.7060065300287748,-0.6116325240080552,-0.7074976471984995,-0.7084695760228429,-0.6116325240080555,1.2969153998005238,0.09573071096425678,-1.5828044642378765
MB-0464,39.3,True,0.4073540631214681,0.2023937703933148,0.30225041247082285,1.1037304786778983,1.161344093500364,1.3877700558713384,1.0888970190536067,1.0228703452451797,1.3710535262641739,1.0888969205411632,0.9983492389962467,1.4989523435441598,1.1246932047595237,1.1281103045183,1.4976536637206603,1.257508953980355,1.065115344905322,1.264586555372887,-0.345672529464465,-0.17847043139921506,0.5251415978751188
MB-0465,28.6,True,0.49110357270993116,0.6449737815596989,0.744232453353054,1.1849213495012842,1.5261236024294673,1.3420830225563078,1.1988319840658421,1.5261236024294673,1.3420830225563078,1.1988319584290585,1.5260099516056018,1.3420830225563078,1.1984923920000672,1.5462699473423032,1.342083022556308,1.3610144961557693,1.6247954437547376,1.3420830225563078,0.8545842348534083,0.20262400099114752,0.08930037331340701
MB-0467,105.6,True,0.3614363960866481,0.1498121647455853,0.15018727628744838,0.6301963998816441,0.4582548171532656,0.9711442028799607,0.6766684893539459,0.404486325196768,0.6062066250090375,0.6766684893539459,0.404486325196768,1.2360168495750519,0.6751179015966665,0.295741525238723,0.7632295615057075,0.6301963998816442,0.5800410831401883,0.6062066250090375,-0.4889690638420449,-1.6057480583244386,0.1597236640001516
MB-0469,131.266666666667,False,0.17773885621197633,0.16398252506239905,0.06600508804566238,0.330048367334204,0.5141678489418432,0.0034159646868045434,0.33004836733420406,0.5141678489418432,0.2236164862597295,0.33004836733420406,0.5141445937724124,0.09496734000654478,0.33004823358832514,0.5236504551150756,0.17159857414941557,0.32855626168222235,0.5080219193547792,0.2236164862597295,1.760667296993123,1.8122301162723733,0.8423760552565885
MB-0470,88.2333333333333,False,-0.22161868207984384,-0.16601389952731468,-0.15852804703002557,-0.5030180129459139,-0.13578829614225632,-0.28465056799015603,-0.47089156831630385,-0.09786504680144968,-0.2650394879220239,-0.47089154936916533,-0.2936722329258066,-0.41175194839364243,-0.5183076229963888,-0.09786504680144975,-0.4220584749781568,-0.5072604776237002,-0.047600117613816814,-0.11081674018261656,0.19921798301385701,-0.602658614543728,-0.8460837686653659
MB-0474,111.1,True,0.13640957137830695,0.2570455057201844,0.18289945134402683,-0.08493145645816236,0.2953800523940231,0.09654238999959919,-0.060198581628616854,0.2953800523940231,0.1121771839394221,-0.060198581628616854,0.2954433380284052,-0.03427826889640702,-0.07687587570128175,0.28555751799307433,0.09057945320690841,-0.16386476326692273,0.29116150865657586,0.1121771839394221,-0.3820022921434805,-1.539659308496411,-1.2355844544689116
MB-0475,130.7,False,-0.35978361176255064,-0.30364025360088315,-0.20409460686450231,-0.817407842116747,-0.6036369214156266,-0.4268442902202357,-0.817407842116747,-0.6036369214156266,-0.42170802631802606,-0.7265235159692248,-0.6035610285887408,-0.4769119329513003,-0.7830747092363461,-0.618310587229193,-0.4910594514362877,-0.8175975661651552,-0.46498086503198527,-0.15947243358265387,2.552424025371081,0.6188421885671495,-1.7763653849182433
MB-0476,130.433333333333,False,-0.2691063952266326,-0.05906300995643674,-0.26225623391119285,-0.8364507550293316,-0.8328458953210095,-0.6538788114918149,-0.8915938761176334,-0.6830597117672533,-0.6538788114918149,-0.8915938761176334,-0.6830597117672533,-0.6538788114918149,-0.7533348287482261,-0.6913210713636831,-0.6538788114918147,-0.8364507550293319,-0.6830597117672533,-0.6538788114918149,-0.3244718562854392,-0.3548041301011767,-0.3351965739266949
MB-0479,132.766666666667,False,-0.030809532971275394,-0.014653726303410691,-0.07545384776967934,-0.2777342452135018,-0.32924164721904164,-0.4148094500446009,-0.26490961342222347,-0.32924164721904164,-0.36496160756457585,-0.26490965666497346,-0.3291811008675339,-0.3508894956701867,-0.24444609512930984,-0.24794256815273724,-0.3764885435188865,-0.30263427369842644,-0.3472545291754447,-0.4728521172436922,-1.2212233497261362,0.32485848577290377,0.7601562085524842
MB-0481,36.4,True,-0.031278029141194125,-0.14647092849397125,-0.057743125622754354,-0.17210091798608773,0.02853487970179859,-0.1552533788589933,-0.17210091798608773,-0.20158082797667345,-0.1552533788589933,-0.04264565608110573,-0.20158082797667345,-0.1552533788589933,-0.010378099185300527,-0.30145914405330726,-0.15525337885899318,-0.17216606327839062,-0.17403394511353437,-0.1552533788589933,0.2019100019601099,-0.33960843062503854,-0.1494235252760479
MB-0482,24.8666666666667,True,0.09736128701158187,0.021883743729431387,0.02687436793622175,0.07645616521217603,-0.16838916525084582,-0.05744395187454378,0.16457478294122396,-0.17837956937331362,-0.05744395187454378,0.16457478294122396,-0.17837956937331362,-0.1585952516698103,0.08042708215101384,-0.13520105553102799,-0.1032021602667055,0.010742203764055474,-0.25354835440587997,-0.05744395187454378,-0.03883503855807973,-0.059740360479920165,0.6411281903517326
MB-0483,74.4666666666667,True,-0.16520053836431062,-0.2064010071455474,-0.29952394118029824,-0.6404010332097905,-0.46255007401723847,-0.5187572769691129,-0.6400429809368559,-0.46255007401723847,-0.5187572769691129,-0.6400429809368559,-0.4624975332960292,-0.5187572769691129,-0.6603872977839917,-0.4847595722939103,-0.5187572769691126,-0.48025032215322344,-0.4606873189491107,-0.5187572769691129,1.066324553166257,0.24577284373863384,-1.1810537136048151
MB-0484,82.6333333333333,False,-0.1274164951115021,-0.06349172974053104,-0.054436147122660344,-0.27546273706963426,-0.8722814716740456,-0.6252012026975565,-0.2715331284212991,-0.4745937333008755,-0.6138528133463049,-0.2715331720792745,-0.4745937333008755,-0.5028052659643995,-0.2726689543502468,-0.47380722220193283,-0.4603727221802731,-0.27295011972905403,-0.4745937333008755,-0.4874821451083687,-0.9216339244978112,-0.7466528839828983,-0.4691213318717145
MB-0485,36.7666666666667,True,0.2284780889313263,0.37372313398588175,0.39044356334861297,0.23923823664913477,0.44185227243342795,0.368874054097655,0.31979922823127477,0.4392540764778575,0.368874054097655,0.31979922823127477,0.3338651494013785,0.31959133991012695,0.27042874939480926,0.4392540764778574,0.3630923243000807,0.21226806332158563,0.36030013230255925,0.368874054097655,0.8047169314794976,0.6787395958595579,-0.7659366813813416
MB-0486,89.9666666666667,False,-0.21123234198048205,-0.17594135003996628,-0.222687365462307,-0.4710207643715252,-0.3406225757131856,-0.36273303936438894,-0.4710207643715252,-0.3406225757131856,-0.36273303936438894,0.03314624478244176,-0.34055604422054403,-0.36273303936438894,0.013328580671310736,-0.14164316126499846,-0.36273303936438855,-0.4711917429028222,-0.4034359837411475,-0.36273303936438894,0.8527484705742913,-0.46990009907954344,-1.2483778102356926
MB-0487,86.9,False,-0.40430018543750806,-0.19592584196491114,-0.3320388980537965,-0.6821627740087006,-0.8262271272301231,-0.8646758574811152,-0.6870350239790376,-0.7485205793338161,-0.9021423058400373,-0.6870350181576572,-0.7282968124471799,-1.0651901205095633,-0.7018463544875722,-0.7603245696191934,-0.9482710769436745,-0.6773889782670839,-0.8200237941560901,-0.9021423058400373,-0.6676872919350705,-0.8696871441704723,1.859473537260907
MB-0488,112.933333333333,False,-0.5504156927565743,-0.5624330112635778,-0.78955210746852,-1.1013716376926033,-1.04732825815912,-1.3190299425191083,-1.1020919536763074,-1.0935551779068113,-1.3286536040667682,-1.1020919717000697,-0.9091792829542088,-1.3209362529503523,-1.1052718524707046,-1.0935551779068113,-1.3326092449075684,-1.0897096990660133,-0.9968503221508371,-1.2382816569839448,0.16324400572267767,0.07703242182250279,0.8521407722678009
MB-0490,101.966666666667,False,0.6323765854942505,0.5085670720384307,0.27981089838625106,1.414649206982955,1.6246994703002846,1.8034191054650979,1.4146492069829553,1.5238521002049707,1.7999565749733215,1.4146492069829553,1.8100766546956466,1.8015591718101795,1.4146583710766654,1.5238521002049707,1.8287191902778606,1.4109600194565277,1.7056360561562565,1.7061506625278553,-0.8307519568543374,0.44504127849104197,-0.7618005522771404
MB-0491,125.8,False,-0.4523879734192567,-0.6444571355117992,-0.6160024425650164,-0.9903608248441558,-1.1217020637762252,-1.0759604703877448,-0.9940726707395037,-1.133301908806156,-1.0759604703877448,-0.9940726762115476,-1.133301908806156,-1.0759604703877448,-0.9821874990150351,-1.1660832773339,-1.075960470387745,-0.9442682964811143,-1.1607436597396812,-1.0759604703877448,2.3458080738406677,-0.2290793416186396,-0.7660172081897683
MB-0492,81.1333333333333,True,0.11370312107946681,0.022885950166470603,0.17116342421150893,0.5858964937615017,0.7380794478628129,0.5350787925815563,0.5956309499043376,0.6783894987350481,0.5350787925815563,0.5956310409582439,0.5467011386671247,0.5350787925815563,0.5918007573462386,0.6608413995332614,0.5350787925815571,0.5533051036282483,0.8354509272215569,0.5350787925815563,-0.7041395622801669,-0.8625197870795628,-0.057196853805184154
MB-0494,36.6333333333333,True,0.966770804474972,0.35633486850383567,1.0661038300743584,2.213153859799719,1.6578275115551766,1.8501598411618183,2.213153859799719,1.6495207868254822,1.8501598411618183,2.105656962256462,1.6362710026999638,1.7393398296905502,2.1328293960177063,1.6746660993870708,1.8016093141538803,2.2135729599909624,1.7033651317306002,1.8501598411618183,-0.4530744436687142,0.6197855663086329,-1.4420539027685755
MB-0495,71.8,True,0.36103165095120854,0.42106819061608647,0.4716848194017344,0.9180355939494518,0.9965768067214793,0.8245330611345535,0.9312859368125256,0.9411588006961773,0.8245330611345535,0.9312859056890581,1.157034992390118,0.8806781051332933,0.9213329891307901,0.9411588006961774,0.8453693676963717,1.0660513665570928,1.1077422642924513,0.8245330611345535,-1.0658380219633747,-1.7603287921227768,0.43582716588443593
MB-0501,71.5,False,-0.4234037080543805,-0.1611890449551036,-0.5282070713303819,-1.0299051858049353,-0.8203871792474023,-0.9164124444696902,-1.0299051858049353,-0.8346851406485835,-0.9032112223464642,-0.9921578929545304,-0.8346851406485835,-0.9196021161822626,-1.0160283572113222,-0.8374332428877362,-0.9247402960239712,-1.0301554858912814,-0.8346851406485835,-0.9276573109593542,-0.3461212751731734,-1.0308641360355328,-1.2942387751632807
MB-0502,82.1,False,0.4273032529151165,0.39438653161664267,0.25568326385077,0.7926985143911484,0.7198470182219285,0.39755451164540667,0.7926985143911484,0.7280014205175732,0.3983905059978379,0.90201957179978,0.8023383749129388,0.5829465603959277,0.9530273784728629,0.7280014205175734,0.6605034532040669,0.7928129458941034,0.8021960184109059,0.6177344266718018,-0.005876026696904225,0.03952289053338441,-0.3704329748709035
MB-0503,101.233333333333,False,-0.2123491425977076,-0.41480210675968576,-0.4421404773246681,-0.6943749076759034,-0.6863221158753159,-0.7632241716295869,-0.5538137415084581,-0.6001459283425249,-0.7631639461000476,-0.5538137415084581,-0.6001459283425249,-0.7476897006500168,-0.6092430683603349,-0.5978966924831369,-0.7385558630965016,-0.6780477564940524,-0.6209680706732048,-0.7922709611378781,0.7677891353446865,-1.3610593983050674,-1.0248226241279634
MB-0504,130.466666666667,False,-0.15792362421829473,-0.06731918646824162,-0.14297261634810599,-0.1867788554974402,-0.054560277954668564,-0.30605120556650584,-0.1867788554974402,-0.03262055295984375,-0.35331110530571874,-0.20633839294355444,0.014554015081148283,-0.37037700895831144,-0.21325585126803853,0.024957378191717162,-0.36572209008648254,-0.18681232002183568,-0.03090617572136945,-0.35331110530571874,-0.6104866460656994,0.027994264249169242,-0.47984828973483024
MB-0505,60.7,False,-0.44566196341835734,-0.4539867289656327,-0.5849852517304337,-0.860588193714852,-0.7883017080549323,-0.8036341312097668,-0.8463749846591705,-0.7883017080549323,-0.8036341312097668,-0.8463749866006491,-0.7883215470219033,-0.8036341312097668,-0.8493098134553994,-0.7728524950791865,-0.803634131209767,-1.020795336415951,-0.9275117376338605,-0.8036341312097668,-0.1857739586715857,-0.05486311801846381,-1.3311571805649849
MB-0508,114.333333333333,False,-0.7417116338565478,-0.8444121393018258,-0.37186613122784784,-1.513113662194307,-1.7471999594129917,-1.7185782720174942,-1.5110250455103158,-1.7021363795718776,-1.706924611440469,-1.5110250455103158,-1.7021363795718776,-1.7843742936219251,-1.5326211305509865,-1.678922147853755,-1.8331561824229006,-1.5131136621943069,-1.573228722271398,-1.4418594460737015,-1.416489366414042,0.8987397888581683,-1.572822027026339
MB-0510,128.4,False,0.3127439202450933,0.1329552960936862,0.4153264812702032,0.767289961450225,0.8604427453485322,1.0619858891405003,0.7619326100746343,0.6237086084290364,1.0406551548293055,0.7619326582708271,0.6237086084290364,1.0213148377130448,0.7476446013959857,0.62023243596003,1.0324847114416533,0.7651094299267023,0.6237086084290364,1.0164494510789417,-0.8274022267661552,-0.9147903518132915,-0.9661408777268591
MB-0511,61.7,False,-0.40625019844666477,-0.14193801934488412,-0.20084087489913016,-0.5986411265168,-0.48006940991937747,-0.3975522223544184,-0.594437040497156,-0.6383903778776248,-0.3851304529856318,-0.594437040497156,-0.6383903778776248,-0.42262776686025827,-0.6183290213067081,-0.6385379443326872,-0.41209741903944097,-0.5986411265168,-0.6383903778776248,-0.2596754394708231,2.755807558275951,-0.6259065236416427,-0.680009857670002
MB-0512,121.533333333333,False,-0.5410929274708152,-0.24053465163010881,-0.6175224377674662,-1.062195764116563,-1.432640670468558,-0.8958594950429613,-1.062195764116563,-1.0290388295512214,-0.8958594950429613,-1.2207278624913396,-1.0290388295512214,-0.8958594950429613,-1.1724765158156438,-1.0292856101135393,-0.8958594950429613,-1.0623470268985653,-1.0290388295512214,-0.8958594950429613,1.0412431916947957,0.3331816847010001,-0.29488942970262855
MB-0513,117.033333333333,False,0.029120509144485527,-0.025860105984680137,0.11085834749523805,0.4920876072458806,0.3182756539713324,0.34488876388178946,0.36615310741157897,0.2942810453874743,0.34488876388178946,0.36615310741157897,0.2700502493316007,0.4566433767981289,0.44107745307129403,0.2851878248703392,0.3967367689576673,0.4122120369967394,0.255178648461867,0.34488876388178946,-0.7814240416773149,-2.4575635902058073,0.06898363214085088
MB-0519,110.966666666667,False,0.732156403590964,0.5917699572813567,0.49398337873642983,1.2982946158798443,0.7300208686456402,1.0321743900671683,1.2982946158798443,0.7300208686456402,1.093053671148885,1.4717279896237614,0.7300302660165704,1.1881960878956133,1.429099690889729,0.7704803138633751,1.112557774993543,1.29837330717706,0.7340361310131418,1.093053671148885,-1.3373972415282913,3.1000422989145844,1.5268961098463931
MB-0521,180.0,False,-0.29680859213201305,-0.23949831003161648,-0.17248556663983466,-0.5248603043364786,-0.46304700169679214,-0.48846992100453945,-0.5248603043364786,-0.518680244103693,-0.515924690757968,-0.5248603043364786,-0.4151560349063787,-0.46247404406855813,-0.5248602738056539,-0.5186802441036927,-0.5868469182173873,-0.5289174630505118,-0.4177554513686103,-0.515924690757968,-0.9755828305996581,-0.698650730461769,0.8122518305619173
MB-0525,65.8666666666667,False,-0.03995137469253687,0.005091619146453919,-0.10326314213516462,-0.1919388766915052,-0.009908288550926818,-0.2803165504225229,-0.2002680407010935,-0.15610775509626834,-0.2803165504225229,-0.2002680407010935,-0.15610775509626834,-0.3274435331668957,-0.18100521657741306,-0.15984901549785097,-0.31265824024648237,-0.19193887669150483,-0.15610775509626834,-0.2803165504225229,-0.02169085951373511,-0.7298350527255578,-0.25289920168642466
MB-0526,139.633333333333,True,-0.10788185588276278,-0.07467240132541404,-0.1753607523334475,0.08006028811175572,0.23473924485656544,-0.09445702231048128,0.08294237623021929,-0.06616264498428265,-0.09445702231048128,0.08294243318526542,-0.06616264498428265,-0.09445702231048128,0.05637336121813589,-0.07068443223385057,-0.09445702231048075,0.19158964518537275,-0.06616264498428265,-0.09445702231048128,0.034727788359190326,0.8611275109037129,0.7259183347369238
MB-0527,109.833333333333,True,-0.10299938807982402,-0.01970645525474809,-0.08438977105352319,0.06814063385587843,0.2871163828150822,0.13875542748582545,0.05592545746463354,0.2921622991657253,0.09521146701578224,0.05592545746463354,0.19587775811575572,0.08947744907245135,0.0720195514197444,0.2921622991657251,0.08212536679856537,0.0681406338558784,0.21749761940370615,0.09521146701578224,-0.7443606009308561,-0.03983184143568413,-0.6888972645408504
MB-0528,180.0,False,-0.07789001043541405,-0.0381446666850537,-0.09479723234868027,-0.4130720573094575,-0.3836585976970116,-0.4092380509864329,-0.44135499234661874,-0.4142196084865204,-0.4092380509864329,-0.44135499234661874,-0.3549568633299854,-0.44741405591862526,-0.4193232709138339,-0.4142196084865208,-0.42088486823392246,-0.4130720573094578,-0.3117264920550823,-0.4092380509864329,-1.2865744667376442,-1.779428618703591,1.4484913866169449
MB-0529,48.5333333333333,True,0.07622461078750595,0.08224876405266318,0.038632635491433434,0.3248084923641855,0.2540414232330713,0.4502523888075178,0.3248084923641855,0.22915704632621842,0.44626145544497986,0.2690285663579978,0.22915704632621842,0.42990670222145244,0.31064995794936723,0.24429597822666707,0.4446043715741708,0.32494152120155584,0.23886520677602285,0.45639683033500533,1.4223785052484463,0.6269273800926122,0.5494769624409097
MB-0532,143.133333333333,True,-0.0076354313333819035,-0.0047590900738178465,0.005830434821157013,0.046298048133270084,0.15537158874661677,0.22622800576691549,0.035183617917716285,-0.04328927998499716,0.2254712954515734,0.035183617917716285,-0.04328927998499716,0.13981355058841777,0.007371619339847011,-0.04321455994815788,0.14025742565617014,0.046298048133270174,-0.04328927998499716,0.09570617180766874,0.4516854512950959,0.8553778339992086,-1.3558393346715487
MB-0534,124.1,False,-0.2654644823256642,-0.2258417142595434,-0.15985408482549884,-0.4654881996983587,-0.6203018709538246,-0.7662144916548785,-0.4765345420595372,-0.5509825343709965,-0.5103443165843926,-0.4765345420595372,-0.8124761888913268,-1.1542562490045254,-0.40441207893899017,-0.5509825343709968,-0.6633388405278208,-0.46548819969835864,-0.5596406702101077,-0.5103443165843926,-0.3745680195679353,-0.4499462734759413,0.755385523473681
MB-0535,180.0,False,-0.7417951944619284,-0.8021058479785254,-0.39241961645437945,-1.2112130678698478,-1.3708762184638748,-1.2369454190522435,-1.2112130678698474,-1.3720412101519324,-1.2231763817794534,-1.2112130678698474,-1.3720412101519324,-1.1714899837163453,-1.2112155982225734,-1.3651459707266465,-1.1468923960458624,-1.1989969425590936,-1.3017384193252388,-1.0982243050622094,-0.22066120781608659,-0.2816003582920249,0.816092352617782
MB-0536,147.366666666667,True,-0.10938126724494747,0.0006409745770890839,-0.03688350459123424,-0.3141108415991321,0.020253320766507956,-0.019406395705042042,-0.31708707215118515,0.07298506516735753,-0.024965021387545496,-0.31708707215118515,0.0780199145722367,-0.08586393777479526,-0.36062421125217337,0.033613165887635896,-0.07138923862411777,-0.3141108415991322,0.05626205059442894,-0.027013218734648573,-0.5295304591256691,0.48598459725939197,-2.685595289652432
MB-0537,113.566666666667,False,-0.3885627511676429,-0.22473247654498457,-0.2102944087696834,-0.735118894084863,-0.4324477394880262,-0.9247561935072988,-0.735118894084863,-0.39149541802952004,-0.9160553824141159,-0.735118894084863,-0.44743176112875116,-0.8384248222633301,-0.7351172808558554,-0.3914954180295202,-0.8178868504311323,-0.7327030595006688,-0.43965537770465596,-0.7952220994615062,-2.9360454460171126,-0.9087802499144495,-0.7480949542511323
MB-0538,24.1,True,0.47346337649762343,0.37820436654697775,0.24994431531540173,0.7967453180519255,0.8627436767127907,0.8749602261068669,0.7967453180519255,0.8083916673207628,0.8692676194528322,0.7967453180519255,0.99287823439589,0.8818523740394923,0.7967487244913797,0.8083916673207632,0.8450503914116986,0.8051785939935523,0.9240702693871856,0.8692676194528322,0.1156618270926259,0.4383885642069085,-0.4738225196184616
MB-0542,48.6,True,-0.14060682129118274,-0.07006715672421301,-0.09544426094359623,-0.44757632289536015,-0.347173870956529,-0.444407045370401,-0.46436739840766955,-0.4668617121858817,-0.4377472219489804,-0.4643674064488598,-0.5288722458569963,-0.5697801500441354,-0.4538610367837629,-0.4973754912733391,-0.4919812808275929,-0.5108119450257222,-0.41098493524055135,-0.4377472219489804,-1.070544409695766,0.199298510444498,-1.928512251800227
MB-0543,154.766666666667,False,-0.18653719429956525,-0.2685374616557245,-0.0789844963932203,-0.6708309237884753,-0.7520296439301686,-0.7006302979433976,-0.6643349736363644,-0.7443084682163761,-0.7067438645165398,-0.6643349736363644,-0.7443084682163761,-0.6113631740865962,-0.6659926306906832,-0.7448624177318692,-0.570538508859132,-0.6708309237884754,-0.7223882000407335,-0.6781625282844044,-1.0026842990328195,-0.674932615775918,-1.0671774923126214
MB-0544,79.3333333333333,True,0.39243478134502746,0.11935895455865823,0.40541730531806663,0.8032577394723024,0.6510004753366704,0.8767435221453124,0.8032577394723023,0.6372509271898974,0.8935680714006441,0.8032577394723023,0.6372509271898974,0.8813601717137087,0.8032577092379513,0.6359338248298574,0.8663471355852873,0.7925950948946401,0.6372509271898974,0.7791940036247101,-0.6402624053903738,-1.3921018738118445,-0.9483581881928416
MB-0545,41.1666666666667,True,0.33713973462012753,0.20871576426006985,0.3264270098726599,1.3723054570895772,1.1267647164453218,1.1550003612181656,1.2484577413786255,1.139624397698167,1.0660648753922597,1.2484577413786255,1.139624397698167,1.109098208119114,1.314025607284502,1.1402315700711445,1.0947944469497919,1.3645930787860643,1.139624397698167,1.0660648753922597,0.7323017147112972,-0.22560583076108617,0.5070958053657446
MB-0549,25.9666666666667,False,0.38154842305582026,0.19873888798757638,0.3446554963378134,1.6623888483074731,1.0184628314051083,1.301078240319316,1.4572351308176406,0.9291997063183032,1.3031154824317088,1.4572351308176406,0.9291997063183032,1.2479107547573667,1.5545696614396192,0.9271472450958922,1.2299564551810154,1.6471551562583107,0.9291997063183032,1.3290558568225552,-1.170530808407683,-0.8754222582601685,0.30046317773051506
MB-0551,51.9666666666667,True,-0.07229858218542932,-0.06848492596870935,-0.06602845541599375,0.11994471697141841,-0.33209857955144373,0.049801566118349586,0.11994471697141855,-0.11665830572711088,0.08777465222345643,0.11994471697141855,-0.09661091971270386,0.0703136155150737,0.11994624321490276,-0.1074220127278355,0.046646969232850694,0.12015715520592268,-0.2884323582594765,0.03462534161665957,-1.434281459674122,1.0014102256801642,2.6261738286185947
MB-0568,180.0,False,-0.2443788326919076,-0.11429222432225516,-0.287086028046315,-0.4214646224576845,-0.5863862851977878,-0.5189756775196147,-0.4214646224576845,-0.3551254233132485,-0.5039210601117542,-0.5877378820523256,-0.3551254233132485,-0.5161150118393365,-0.5892241374607887,-0.35704727712471634,-0.5246481261322992,-0.4214744691989849,-0.3551254233132485,-0.608361049115098,0.6398520751723783,0.14408536849992318,-0.3942594033841144
MB-0569,59.5,True,0.5314097313684254,0.13008112248731096,0.45875691535087654,1.1357448665354963,0.6917719896032725,0.9251099593719521,1.1301945516271468,0.7310827700030503,0.9251099593719521,1.1301945516271468,0.7666072072529037,0.9251099593719521,1.1379646406956294,0.7570243889335689,0.9251099593719524,1.1357448665354963,0.8055926285285298,0.9251099593719521,0.7543689046395509,0.7820845225598966,1.1532309938411287
MB-0570,180.0,False,-0.16122028074530798,-0.10258616082058647,-0.1401144002528787,-0.06806817913023237,0.05089297565834534,-0.15158905313299478,-0.06806817913023223,0.05089297565834534,-0.08270459378233587,-0.06806817913023223,0.05089944214304785,-0.09034184002800774,-0.06806989811556764,0.07657615271139047,-0.13212755097961876,-0.04856157790155069,0.1483129331160092,0.08847676674066747,-0.958933707794222,0.13462193534445818,0.0788464753805641
MB-0571,149.866666666667,False,-0.2895916048611373,-0.22998087542702117,-0.5808904065909082,-0.6960494305092767,-0.9295060918845637,-0.7771290769634613,-0.6919040459721917,-0.9267272292339302,-0.7771290769634613,-0.6919040459721917,-0.8966536351035789,-0.7771290769634613,-0.691505984644228,-0.9277480732760311,-0.7771290769634615,-0.7627132028628654,-1.0484981311317056,-0.7771290769634613,0.5623976772929592,0.26290111708503067,0.2709257789707485
MB-0573,163.2,True,0.1994934483651862,0.36967270685801307,0.2424538530685198,0.6749724342012123,0.9255001634333566,0.4575183621490466,0.6749724342012123,0.8168239408724246,0.4575183621490466,0.6589294157325551,0.8168239408724246,0.4784677270886689,0.690985058329662,0.7910131338794528,0.46422386960080053,0.6749649390197198,0.8107901231847683,0.4575183621490466,-0.2916324304147521,-0.7829989172303806,-1.1596298172861805
MB-0574,119.8,False,0.05191095031328777,0.08623837318156904,0.15935255675673196,0.2913016464844387,0.4901349513734486,0.4233205941145921,0.2913016464844387,0.4901349513734486,0.4233205941145921,-0.06074058617584037,0.49008644027584664,0.32361139524535,0.06583039451669785,0.47004496326381306,0.3701757954691908,0.2913891958486929,0.4311853764617659,0.4233205941145921,0.3012921765535601,0.6680474265721447,-1.9108997779424512
MB-0575,128.566666666667,False,0.005499636577310507,-0.006798101132173051,0.045785854359310874,-0.06307976575062625,0.2720821052314588,0.1868512308419392,-0.08404148427854038,0.20981063111036433,-0.009909782913550174,-0.08404148427854038,0.07873421340239839,0.061538563043388894,-0.07348987447054814,0.08729019468677766,0.013130491872952508,-0.06307976575062635,0.054361091758708714,-0.009909782913550174,-1.2609602800655342,1.7846982743070243,-0.7671482258172059
MB-0576,31.0,True,0.15190476427749414,0.201520219243371,0.23971443649625582,0.6483282250267135,0.6913438032027702,0.5414483237338388,0.6431525308739334,0.5325941145055572,0.5273561279750014,0.6431525231091552,0.5325941145055572,0.5055815144647923,0.6302480231127251,0.4546768007518702,0.5147945589928644,0.6068578456833249,0.4761603103927393,0.4409634036818748,0.8328944493608352,-0.3096875555175417,0.7621685717133088
MB-0578,110.1,False,0.07502225273563012,0.10524219242327693,0.0642594907346363,0.2203726297888386,0.22736127543213777,0.32351580787491196,0.2062003444983943,0.269478255046403,0.3000096325396896,0.2062003444983943,0.2676304447228846,0.3508064218449974,0.18966341276763252,0.2694782550464032,0.3511322443361116,0.22037262978883868,0.23773526643475668,0.540479447441936,1.203258954116498,-0.592774527714149,1.5828056120254663
MB-0579,92.7666666666667,True,0.08516860568865917,0.020301577684328678,0.0778700229597538,0.1827835139829912,-0.163901380692477,0.026919719039240106,0.1827835139829912,-0.163901380692477,0.026919719039240106,0.28454486228658266,-0.16387942626583246,0.06291955102055308,0.27093895000806556,-0.18227247062461455,0.047665617800785716,0.1828528735838103,-0.16695488979344522,0.026919719039240106,0.6370732356261833,-0.15783670219035234,0.6039910508652822
MB-0580,79.3666666666667,True,-0.4043555303085387,-0.2917699120372,-0.16380660976479278,-0.9211513675516433,-0.9822560481326948,-0.8967801378479557,-0.9211513675516436,-0.9822560481326948,-0.9111542016574543,-0.9211513675516436,-0.982119032077082,-0.970728643983614,-0.921157483954686,-0.9484462833525545,-0.9232126227889463,-0.9300519257270642,-1.0218554660826773,-0.9111542016574543,0.5583399616951433,-0.48128028360112374,0.49828090984319984
MB-0581,7.86666666666667,True,1.282842018417378,1.2260928496868342,1.3256720165153522,2.525057030330243,2.623336776643027,2.4857657066466574,2.5162689410507943,2.4142660940633793,2.4857657066466574,2.5162689410507943,2.4142660940633793,2.6653736635699747,2.4801560884045974,2.3195178039991644,2.5736124850096087,2.5250570303302426,2.5472073765065346,2.4857657066466574,-3.772275156122734,-0.7014792986535402,-0.8387668539743595
MB-0582,15.5333333333333,True,0.534877651862046,0.43354354174319004,0.5440569202546784,1.1377366698677625,1.1317348259920847,1.0504486626375886,1.1377366698677625,1.1219595058031362,1.0504486626375886,1.1377366698677625,1.3046118470987298,1.0504486626375886,1.137739096579576,1.1219595058031357,1.0504486626375888,1.1616825501608317,1.173724344413762,1.0504486626375886,0.2606297490669398,0.13819364396816675,1.534293845315934
MB-0583,62.6333333333333,False,-0.17122169678335816,-0.15759397160816285,-0.15585698406290252,-0.05305035313176795,0.0030735233687310885,-0.02583194086493919,-0.05305035313176795,-0.030183822445999278,-0.018117275654567697,-0.05558997056907447,-0.030183822445999278,-0.022067341874446776,-0.07902548832288481,-0.01881901608583984,-0.027722297985587754,-0.052992809807494996,-0.20656558677539083,-0.31021553728356627,-0.025445316692543535,-0.29091753305009044,1.3438063203968533
MB-0584,118.2,False,-0.33172846923031374,-0.47759810746200243,-0.6094818962973463,-1.512532091642209,-1.1699552420645352,-1.089806380501943,-1.310015535389602,-1.1699552420645352,-1.089806380501943,-1.310015535389602,-1.1698192795453557,-1.089806380501943,-1.407247737230252,-1.1949911364946473,-1.089806380501943,-1.588951250106063,-1.1670362842002915,-1.089806380501943,-0.1470455068463331,1.4388735938426587,-0.5308324871691382
MB-0586,77.2333333333333,True,0.3533903335431601,0.17816146790364734,0.25807706453137463,0.47658201008909973,0.2774724630163457,0.1837354787969021,0.4550797000795369,0.5962799686005157,0.16102453015752263,0.4550796985451442,0.5962799686005157,0.17979365749019108,0.45893407258842117,0.5924573110088922,0.1763763086068439,0.3962802935223107,0.5962799686005157,0.37200534336372937,-0.63057798997102,0.00020164295512421895,-0.04637066919387357
MB-0588,119.733333333333,False,0.127003214674073,0.14197521449280343,0.17698904677061195,0.43408111760670154,0.5624297206906262,0.45272134008949816,0.6772224118869106,0.5624297206906262,0.45272134008949816,0.6772224118869106,0.5623473961713836,0.45272134008949816,0.5330663179440076,0.5576159829479531,0.4527213400894983,0.3660358455863915,0.5770652189815881,0.45272134008949816,0.0553649749135539,0.3239119776314283,-0.9960519234647858
MB-0589,125.8,False,0.6875827143127763,0.5736202538608721,0.39011825622078444,0.915110549358015,1.21942859589811,1.0036482242842946,0.9151105493580147,1.2224431993899847,1.2304944237595188,0.9151105493580147,1.1071459716911136,0.920174910371289,0.9151159442936339,1.222443199389986,1.184622948063893,0.9028880272994146,1.2476814584385132,1.2304944237595188,0.41211740512833367,0.9520218679998016,1.4672068853838773
MB-0590,72.4666666666667,True,0.3905305711364789,0.11621432853571761,0.198291949027536,0.7253565935886952,1.3343502394790974,1.3225714921681124,0.725356593588695,0.7118720494322656,1.3216362385126044,0.725356593588695,0.7118720494322656,1.2889942972529393,0.7253598214075149,0.717575204959433,1.3160794499828936,0.7166079874613498,0.7118720494322656,1.0390902653615681,-0.263788160540625,-0.30075585250454295,0.40635416902981664
MB-0591,119.466666666667,True,0.10902345880742177,0.14752366841054917,0.24852753150698537,0.22807282928272135,0.4228506464528996,0.4317899980125684,0.2280728292827216,0.40365051691137777,0.4317899980125684,0.2280728292827216,0.580577497470067,0.531836767941541,0.2280712102017916,0.4036505169113769,0.4817752527873421,0.2254921976269821,0.3469008360576148,0.4317899980125684,-0.46332413970987085,1.4367365400889385,-0.09506466916037241
MB-0593,34.6666666666667,True,0.7295644221408006,0.4628084083443165,1.5068728231261794,2.1066764383597105,2.3332697731678347,2.3129745314783317,2.068219513189649,2.428239605858273,2.3129745314783317,2.068219513189649,2.2296080695375555,2.3129745314783317,2.024903890864166,2.2599244958321822,2.3129745314783317,2.0590655174461103,2.3508880980558122,2.3129745314783317,1.2297538109392712,-0.6326942125201124,0.406900000422897
MB-0594,44.2333333333333,False,0.4413858003788095,0.36859150493356646,0.5119129612076744,0.46088766456254854,0.5834772296098343,0.7213306343745892,0.5015488049924852,0.5834772296098343,0.7213306343745892,0.5015488049924852,0.5834911397276455,0.7550639087717766,0.5570182001777823,0.5932191374884069,0.7542881987988022,0.46088766456254815,0.5460375773825503,0.7213306343745892,-1.1053671072691253,-0.8083277018861249,0.440622290368524
MB-0596,107.1,True,-0.2608377437566026,-0.10960047334945691,-0.1663470874536402,-0.22726421024006288,-0.40842905220091485,-0.029276539024282046,-0.2078454708835623,-0.12970298748662712,-0.00339708748125378,-0.2078454708835623,-0.12970298748662712,-0.020946170359986162,-0.17178856252667063,-0.13210808206486374,-0.03284941626144963,-0.22726421024006296,-0.12970298748662712,-0.054562188564464965,1.0301551978238768,-0.36626701885025204,-0.4114967034028557
MB-0598,89.3666666666667,True,0.12477487835150372,0.021868822551531428,0.11453856485553182,0.544650314811232,0.24009202907648214,0.4634092174597042,0.5223318926950169,0.0967456188305329,0.4568975577167416,0.5223318952193847,0.17703752105631781,0.544600851267826,0.5591955672735431,0.20143531976067378,0.5565428578602164,0.3481084227211073,0.3342296940695968,0.6221026450470376,0.17681246373052467,-0.11471739196713679,-1.2415651857429464
MB-0599,123.266666666667,False,-0.37644844934359023,-0.08570008181985661,-0.1769916949279932,-0.8848267171271934,-0.34984584693093007,-0.6782676613440778,-0.8889302134735646,-0.35371854228843685,-0.6800448165746988,-0.8889302134735646,-0.38514735985583887,-0.6483609454417585,-0.9193508184395481,-0.3602838742768352,-0.6388081692536456,-0.8848267171271934,-0.4517311833532647,-0.6696369903438923,-0.8043056452824273,-1.4013182000990516,-1.2837453687148983
MB-0600,111.0,False,0.36101499097882467,0.3690788231999297,0.41358486252500437,0.7049958736072552,0.6761539301745355,0.5611864787331693,0.7049958736072552,0.6979030707410384,0.5436239584107374,0.6306729561751703,0.681703908923651,0.5721619946211948,0.6717040611341822,0.6979030707410381,0.573891233806565,0.7051468758752845,0.5598044756557831,0.42857171925187504,-0.28998189606931385,-0.03509478412884679,-1.7383665131115047
MB-0601,29.6666666666667,True,-0.13772383287477974,-0.3498282151760059,-0.341905468543966,-1.150198042494308,-0.9916618067863692,-1.1174499005254996,-1.1259145363471081,-1.011076022493707,-1.1421840649203412,-1.1259145363471081,-1.011076022493707,-1.1538537463099794,-1.12547745144054,-1.0304528170640865,-1.1300770466843932,-1.20069373881229,-0.9938261108477405,-1.1538341017350622,-0.9199936028121969,-1.6674865904394212,0.4612530204968294
MB-0603,121.966666666667,False,0.03757663397547689,0.07599489655873731,0.1035990689021703,0.8438625137763895,0.6107573874393193,0.4020078520614471,0.5836630759636281,0.4703443380143521,0.4314555014150526,0.5836630759636281,0.4703443380143521,0.4137844400746963,0.7450779906300283,0.3858837510098357,0.38979062302277473,0.8320608369966599,0.47399434634192616,0.39092119660924834,0.6750645184094394,1.3921384005454986,2.2185418386340072
MB-0605,114.6,False,-0.3771241934770038,-0.4036048372227954,-0.31165687742360937,-0.6901512810825905,-0.7803703947039542,-0.9919801158908427,-0.686565881219821,-0.7477680710368194,-0.8527418767652966,-0.6865658529698476,-0.9219685993613116,-1.13207842214502,-0.702365770119551,-0.7477680710368197,-0.8965255548094109,-0.7279829720191402,-0.8006113175265682,-0.8527418767652966,0.3479017619704715,-0.08099695140769417,-1.6990692976365478
MB-0606,27.4666666666667,True,-0.07477978128702813,-0.034730551266749385,-0.039481798007528573,-0.12437540708370219,-0.04032635281809215,-5.355525458541824e-05,-0.11123220443011868,-0.04032635281809215,-0.02752603688939308,-0.11123220443011868,-0.04032456639854714,-0.16293917448353354,-0.1303821200719493,-0.08791361051168754,-0.10649913156517321,-0.12437540708370239,0.046746626518815816,-0.02752603688939308,-0.5567961751531812,-0.6419577246959741,0.1382874588248894
MB-0607,87.8333333333333,False,-0.09354697294354969,-0.14398484648467902,-0.14708139819871244,-0.26225047565605947,-0.4581486166084585,-0.2736693453836501,-0.4225040731590052,-0.33285016527089983,-0.2736693453836501,-0.4225040731590052,-0.33285016527089983,-0.2736693453836501,-0.3463492536030553,-0.2653431338261453,-0.2736693453836499,-0.3824090194398755,-0.39214973021645444,-0.2736693453836501,-1.102218299054223,-0.9083381182835725,0.41098394260608617
MB-0608,63.9666666666667,True,0.7831888887048785,0.25591744081125806,0.39683796193697396,1.3543748637856245,1.1575520046031886,1.549246335480902,1.3728426184897211,1.288205223122483,1.5445766145757207,1.3728426184897211,1.2381988677342708,1.4651388235580696,1.4700668469537572,1.2021205654004021,1.4875731045141003,1.3543748637856245,1.0476973124212166,1.3648267652163364,0.30171609350107054,-0.38443047420819676,-0.9846256772614974
MB-0609,98.7,True,-0.40611298924593947,-0.09758678935437697,-0.4045502382490135,-0.9579035066026103,-1.0388405190948382,-0.8727812530864144,-0.9579035066026103,-1.0047127216917346,-0.8727812530864144,-0.9579035066026103,-0.9305744524096369,-0.9745627941407501,-0.9579055215788324,-0.9951753279316802,-0.9080249362691745,-0.961041220310342,-1.0602382866857605,-0.8727812530864144,0.9573856068419316,-0.22307946843042645,0.20442580206739108
MB-0610,76.7,False,0.026522080763147025,-0.003559288167329356,-0.0033794614161396473,0.06154139522316049,-0.5256420529730086,-0.207906831249536,0.16752849309480122,-0.44340004716958953,0.006879270878441879,0.16752849309480122,-0.431612473123805,-0.5617222921808693,0.048330064800663,-0.42505619113690374,-0.12342074043539718,-0.012735832520030674,-0.5403347089689743,0.006879270878441879,-0.11383634938188146,-1.0445109656113605,-1.0969368989183785
MB-0613,48.8,False,0.19747809523484916,0.17900747000851797,0.3322378266966857,0.35632395890934176,0.1720892492832188,0.4223594376702223,0.3742502297276876,0.20692858677164644,0.4223594376702223,0.37425022777337036,0.11261299416729205,0.4223594376702223,0.3639562742148736,0.20692858677164674,0.42235943767022227,0.4216251216268028,0.11713395268238694,0.4223594376702223,0.41835250088922316,-0.9197950938228345,1.2004021189881253
MB-0614,119.333333333333,False,-0.2881391835371661,-0.22836156371201297,-0.16725639682235818,-0.4523016659967478,-0.5085910877116051,-0.5636599164418026,-0.4542545786366642,-0.5085910877116051,-0.5795420051624518,-0.4542545786366642,-0.5085367528517745,-0.6657275780875049,-0.4711543715382242,-0.5161332374426482,-0.5445185631222532,-0.4523016659967477,-0.4802765480239631,-0.5795420051624518,-0.37602715054974273,-0.18717500506153661,-0.5942490563115667
MB-0616,29.0333333333333,True,0.29679272010216,0.294303699648259,0.3838942145379629,0.5439527645162044,0.43071378143993205,0.5338823881864213,0.5508403710823248,0.43071378143993205,0.5338823881864213,0.5508403738125162,0.43073308216117817,0.5338823881864213,0.5306353273613559,0.3981404584515754,0.5338823881864219,0.6263739764213984,0.43784166222812454,0.5338823881864213,0.06756920600942723,-0.520783747795641,0.10056038349126575
MB-0620,112.8,False,0.0055808853662726934,0.009543027143294953,0.002609653226257145,-0.18227519600610712,-0.5418037538414104,-0.4834866416392877,-0.07727036882108573,-0.19667398471830072,-0.16917296392638767,-0.07727036882108573,-0.19667398471830072,-0.6613160821945889,-0.13256061938515762,-0.1973283019231396,-0.2619614031782526,-0.4139122197093187,-0.19667398471830072,-0.16917296392638767,-0.2912829113936885,0.9392131036783211,0.6842415849945397
MB-0621,33.5666666666667,False,-0.010584867193133462,0.0024318790603257215,-0.020786352336178912,0.38130827548383084,0.2940768980807977,0.5640414743523688,0.19810007478736774,0.23010510066738366,0.5626495750062999,0.19810007478736774,0.31288404806279324,0.4404377991920609,0.2972633893784323,0.23010510066738363,0.48465495127820785,0.31275196279563033,0.27364501557560195,0.4727508805280873,0.2940421429749802,1.137870374245525,-0.4298193691923153
MB-0624,64.0333333333333,False,-0.16352833032148037,-0.038102601654348964,-0.06197623923749139,-0.3845704852050666,-0.23923441847110513,-0.18464860543949535,-0.38457048520506654,-0.16886870122266587,-0.2450506613133665,-0.38457048520506654,-0.1242647568639787,0.02140862522316027,-0.3845705850730578,-0.20221234496929005,-0.2097574326990883,-0.39208446112114276,-0.24930922881052486,-0.2450506613133665,-1.509772513035727,0.016021203599889625,-1.7912308228410456
MB-0626,35.5333333333333,True,-0.21143976006591877,-0.2539643430459401,-0.20797507839014825,-0.6371699688147745,-0.6421836201418226,-0.6278598949005642,-0.6378031753024983,-0.5673059896101889,-0.6527475182060093,-0.6378031753024983,-0.5673059896101889,-0.6560394278953884,-0.5843312453715941,-0.5319404950804566,-0.6274050955786307,-0.6371699688147748,-0.5571617448622559,-0.6239805068839189,0.6441905231896892,0.47359957205452774,-0.531255658935443
MB-0627,0.766666666666667,False,-0.024489990874311644,-0.03388954633223707,-0.04883462471467526,-0.1609924492357344,-0.1675102881783797,-0.14553357012776516,-0.1609924492357344,-0.1675102881783797,-0.14553357012776516,-0.2961579746008719,-0.16747176212769016,-0.14553357012776516,-0.2137965599798629,-0.14584238350413542,-0.1455335701277651,-0.16106042887377464,-0.19451761044274718,-0.14553357012776516,-0.2299324816033148,-1.33518837362512,0.7629952676464102
MB-0628,105.966666666667,False,-0.42864596215600503,-0.11157572753021616,-0.21282491276660276,-0.8449549011181512,-0.45515875678322837,-0.6019132788271928,-0.8325189118845192,-0.43472206008075737,-0.7382278307005556,-0.8325189118845192,-0.451160433760868,-0.6508501806446338,-0.8378768250342041,-0.4888141364086627,-0.7299336912432356,-0.8449549011181513,-0.4818074890971005,-0.7382278307005556,0.3586080676493852,0.6374177094326149,-0.08453265729342355
MB-0631,47.4333333333333,True,0.07422711727863845,0.16764017279400284,0.023474491867701727,0.4458563103746547,0.7350979851671082,0.27448507408228967,0.42169915783632256,0.8007854643656916,0.5204976538937526,0.42169920180221937,0.684002654964048,0.29321056280419644,0.4661708079684692,0.8007854643656914,0.507022914730323,0.18048084076478588,0.5991828201132972,0.5204976538937526,-0.340310127466209,-0.03058346951326358,0.2297891839639593
MB-0637,80.6666666666667,False,0.04123479885353072,0.10055142893503231,0.15080191422882222,0.19883626382669858,0.07548191365225662,0.40256312590154364,0.1988362638266988,0.23743628814562198,0.40256312590154364,0.1988362638266988,0.23743628814562198,0.1855727498270654,0.1988355491187307,0.39083699551388756,0.3229076033287458,0.19142989873512128,0.13802195004590756,0.40256312590154364,0.3203611893741035,0.48466831595083715,-1.0804018069049535
MB-0641,102.566666666667,False,-0.31372731195350523,-0.07640133318980846,-0.12690452515402084,-0.7004506511603946,-0.053441453802447164,-0.3069851231610257,-0.7105295467475138,-0.08516599641377678,-0.5277874142672476,-0.7105295467475138,-0.37940712707773866,-0.10041325593241897,-0.6966667756267243,-0.21275993925457246,-0.5786233398473447,-0.7004506511603945,-0.24945045559336732,-0.5277874142672476,-1.0725628041289215,1.6003561315936594,0.14322291081554303
MB-0642,84.2,True,-0.38410801537897765,-0.2684597638960368,-0.1878539408861335,-0.4050255026988903,-0.2821099302220776,-0.27871974970703517,-0.36945778006527785,-0.15183322836431642,-0.26075971228581246,-0.36945778006527785,-0.15183322836431642,-0.24210379421010647,-0.33871484446936995,-0.16030419682775596,-0.1913645574550988,-0.4050255026988905,-0.22699650897397344,-0.23810687329443092,1.189154412488462,-2.280857756344364,0.7281669899188168
MB-0643,19.7333333333333,True,1.2374104088611966,1.2358140180623058,0.7924637132423502,2.7330012430593174,2.7698220548388903,2.4829026206175917,2.7330012430593174,2.7698220548388903,2.523010209633945,2.8231266074851393,2.7695827864698286,2.6123227195854217,2.8044796388347435,2.804961312144701,2.634619185875959,2.733438097472093,2.7800593260508983,2.619189328310177,-1.7035445876372979,0.26094817905342854,0.03644802049061874
MB-0644,93.3,False,0.096781389744929,0.20745426040821485,0.07524054595885252,0.5028288644831286,0.498220827922073,0.6161226389017668,0.5036159127312857,0.4926443301353798,0.548165115307409,0.5036158932120123,0.4926443301353798,0.6538670480270523,0.5099009618723952,0.48023617566682086,0.5828376189653434,0.579999080039797,0.49763595891801876,0.548165115307409,-1.0392388147791862,-1.0991190631678631,1.9080145903201173
MB-0646,15.1666666666667,True,0.1591587509089935,0.15237839571370518,0.209082716299564,0.13426568017807353,0.05242179759721583,0.23108257738902063,0.08385931931503877,0.05242179759721583,0.23108257738902063,0.08385924821283056,0.05241705374475964,0.23108257738902063,0.11255286749480994,0.008330138582913853,0.23108257738902047,-0.06938920258768183,0.04849736030456178,0.23108257738902063,0.23566606953963426,0.592196691404488,-0.2077935782605395
MB-0650,25.5333333333333,False,0.0913498847370969,0.04467622957515804,0.10790610355516939,0.0854382286788291,-0.05264754820739552,0.22218062557758153,0.09667218870361259,0.25117126811698315,0.22218062557758153,0.09667218870361259,0.25117126811698315,0.22218062557758153,0.1316001251544781,0.25126596898623677,0.22218062557758164,0.08543822867882889,0.25117126811698315,0.22218062557758153,1.462842285184577,-1.313313437428466,-1.0413502363373355
MB-0652,96.6333333333333,True,0.3406060106434941,0.5549881938376178,0.5749045790631444,1.6441983719218085,1.8172440084345276,1.2941442054717,1.8024867133548363,1.8172440084345276,1.2941442054717,1.8024867133548363,1.8170565060682804,1.2941442054717,1.646323158460219,1.7907701034239605,1.2941442054717007,1.5932841607607884,1.822221984408801,1.2941442054717,0.2781263018080308,-0.49539956700399346,-1.6176592423461078
MB-0653,24.8,True,0.25315819894320707,0.393487793804897,0.25262162446426534,1.0291649269361327,0.8891126235516404,1.1833047153184935,0.8614473620638001,0.8853435920660356,1.184830578519175,0.8614473620638001,0.9917297260416121,1.1039707015954126,0.9806506918415646,0.8853435920660355,1.1038120974176,1.1316705436423953,0.9172155313074244,1.2725335180134223,-0.24790845527908614,0.20273375576037383,1.1520058911926843
MB-0657,30.4333333333333,False,0.19047006156459068,0.18878821975728638,0.2133014528747334,-0.21121669863354162,-0.3561699704471444,-0.2780207205028297,-0.21121669863354184,-0.3561699704471444,-0.15798417924378963,-0.21121669863354184,-0.3560080145968219,-0.252358335239627,-0.21122363858760956,-0.3308506069000049,-0.14424544488587748,-0.2097064162502505,-0.3535643678611919,-0.15798417924378963,-1.4250901432432643,0.6135093864353722,-0.0590182437964927
MB-0659,23.3333333333333,True,0.45918559439398765,0.38625726213680855,0.5696421901206009,0.9132954301191802,1.0649968473662004,1.2521714277564555,0.9252057334801437,1.0649968473662004,1.26494078507208,0.9252057334801437,1.064896744031029,1.2457036711348999,0.8800295785955462,1.04794643140944,1.2409256256143273,0.9132954301191802,1.0022463916283706,1.1466334598454953,-0.19127666443013225,0.07479408933657207,1.0116217798624403
MB-0660,18.9333333333333,True,0.8403232896316345,0.6506026287591311,1.9413167900730812,1.6877456322790956,2.7199304617784397,2.5498652204706787,1.4129446178906078,2.148700257833702,2.5498652204706787,1.4129446178906078,2.148700257833702,2.5498652204706787,1.5982828194104772,2.150276113445837,2.549865220470679,1.7000524307569373,2.148700257833702,2.5498652204706787,-0.019877011042093756,-0.7928309389878114,0.45766891877208543
MB-0661,20.0,True,-0.21815192223413293,-0.19045602597266523,-0.29426736634088624,-0.022659679831037602,0.10040688838102613,-0.16066277464884324,-0.022659679831037286,0.10040688838102613,-0.16066277464884324,-0.022659679831037286,0.1003430512646987,-0.16066277464884324,-0.02265660182477359,0.13584978436475614,-0.16066277464884293,-0.019744409999711266,0.10998186830780726,-0.16066277464884324,1.690568645339397,-0.553532217715408,1.6250842905757967
MB-0662,69.8,True,-0.3011131799262294,-0.09919750283409463,-0.2506203251133706,-0.6990653777040141,-1.027077682357461,-0.3587885700048491,-0.6990653777040141,-0.5911022666290567,-0.3587885700048491,-1.093503031718696,-0.5911022666290567,-0.4860584925023914,-0.9205980663923029,-0.5923281391041259,-0.4218254577192993,-0.6991878122463907,-0.5911022666290567,-0.3587885700048491,0.6221252216057821,0.8845028912493791,1.2661073627611317
MB-0664,11.0666666666667,True,1.0740913834369983,1.1838629379875678,1.4152973381736513,2.2940114144854746,2.5159304734737336,2.273870580431236,2.299954849831763,2.3940741285158933,2.273870580431236,2.299954836057739,2.626488098429087,2.2857561636710937,2.275153465721763,2.394074128515894,2.25610769253002,2.3837392314586765,2.5262284143882088,2.273870580431236,-1.5290928749284465,-0.005499615686538553,-0.3775545621683309
MB-0666,24.3333333333333,True,0.11674288615805875,0.1202644938180019,0.129245828692854,0.2670781158352004,0.165433100382354,0.19604051927219757,0.2670781158352004,0.2087634694707629,0.19501632708311747,0.2945805840388512,0.2087634694707629,0.21696644741668683,0.31019002399915685,0.24088684682891695,0.21639551920194355,0.267133931688596,0.23909410362354594,0.21028686799880225,2.0267790952431928,-1.6838143968410575,0.2738849009141932
MB-0869,112.4,True,0.07895606911383567,0.08512917164886624,0.12456473265312491,0.08362516571199755,0.3878111982038953,0.16574765101424105,0.08362516571199756,0.39826757696928206,0.16574765101424105,0.08362516571199756,0.4240149753572962,0.16547934024668431,0.08362347556168696,0.38833065836529884,0.14122461839044412,0.09223458258008856,0.430184685126153,0.16574765101424105,-0.39500987549879313,0.8436627082696916,1.085371992673057
MB-0877,14.4333333333333,True,0.49694812735282823,0.15339047112728085,0.2717850538275263,1.0282840378389344,1.114058159107075,1.2306759446712474,1.0375620649944646,1.0108295621036727,1.2344671749089138,1.0375620649944646,1.0108295621036727,1.2087961300966432,1.0367883601921124,1.012086674069771,1.2456673679982935,1.0282840378389342,1.0108295621036727,1.1562737759112756,-0.8794597147043167,0.41624847971347423,-1.23607514405535
MB-0880,1.23333333333333,False,-0.2571114957274594,-0.15217025323782235,-0.2410664778141184,-0.2230068012333714,-0.5372132649968642,-0.20929120887302247,-0.2230068012333714,-0.5142259173610783,-0.20929120887302247,-0.04747894410009608,-0.4245504950693573,-0.10400144994904101,-0.05904310490561865,-0.4632690579899516,-0.15185778977259956,-0.22297756874858027,-0.42127115454717073,-0.20929120887302247,1.4748226520869099,0.8734155452519468,1.4508959750608112
MB-0882,42.3666666666667,True,0.13384143416481611,0.07553615962397936,0.026720667690186713,0.4681459053802569,0.1729092016187048,0.017587000996717155,0.4681459053802569,0.16206142475821234,0.041005415186570734,0.6178980207941501,0.26924143993161265,0.23916144753848653,0.6004017251164604,0.16206142475821209,0.08713518543240276,0.4681284248887059,0.20440105613702764,0.041005415186570734,-0.049755760296968106,-0.3366274663766816,1.2119933423122224
MB-0884,93.6666666666667,True,0.30127254129562475,0.232209165332495,0.24001734742903863,0.368735726446152,0.09395299265792639,0.6981900012548857,0.368735726446152,0.09395299265792639,0.5541423409232229,0.5556765717549721,0.09396497950281663,0.7224149815705367,0.5770978954958399,0.12253635705531592,0.6524697953287957,0.36882153833600956,0.08731727635563677,0.5541423409232229,-0.3674025993780988,0.8281565184266096,0.9829258633114376
MB-0891,149.4,False,0.15056566281159375,0.23556510517646395,0.21649402962526298,0.5797276499426867,0.6916200967637253,0.3579954921373813,0.6927426223439401,0.7601239500564121,0.3579954921373813,0.6927426223439401,0.632070211985198,0.3597599452846544,0.6397625365634009,0.7601239500564119,0.35205501865718614,0.48342928396075235,0.7810412317436841,0.3579954921373813,0.2187859889352313,-1.0610649200016748,-0.20093216091699778
MB-0893,175.633333333333,False,0.22968166703020423,0.13097385511022064,0.25785831937231163,0.42972931460409697,0.38084105442894556,0.35042945492446803,0.4533472520607811,0.44014514388492204,0.35042945492446803,0.45334726975516726,0.43226463993682235,0.35042945492446803,0.4198037394858844,0.4142277273751518,0.35042945492446803,0.4405081576704368,0.47980942435093815,0.35042945492446803,0.8448887803757161,0.5699998108654594,0.3021410397429334
MB-0897,30.9666666666667,True,-0.35924121182391583,-0.11555419387315496,-0.17904744258490857,-0.7103465843203698,-0.9859231440672604,-1.1387917965859111,-0.7103465843203699,-0.909108617989081,-1.137543527301886,-0.7103465843203699,-0.830614437762656,-1.1011322075245817,-0.7103494362419589,-0.8584882090170205,-1.0905859842596286,-0.723378370199588,-1.0183247383266285,-1.2287531227625792,0.9933362044496503,-0.49038030962805695,-1.117239240902205
MB-0899,175.8,False,-0.363353326511559,-0.13941414613795344,-0.20907078914974897,-0.6102105983308543,-0.8067658727391831,-0.7834316881164355,-0.6102105983308544,-0.8231713817145638,-0.6109832956175952,-0.6102105983308544,-0.763204931757488,-0.7581843135393728,-0.6102106943911866,-0.7943483638711205,-0.6486392688192931,-0.613730624490807,-0.8412822200594515,-0.6109832956175952,-1.3752024000527405,0.6743517049201465,0.05795417383545341
MB-0901,136.166666666667,False,0.4475385900365029,0.18592503889277187,0.2610732915096142,1.013939027778762,1.1164595519189504,1.037285137761092,1.013939027778762,0.9342327680940343,1.031566935598005,1.0265559859347033,0.9342327680940343,0.914789016280066,0.9965648146802863,0.9334811551302525,0.9208268937684216,1.014094879756241,0.9342327680940343,0.5391135476970194,1.9984814702717295,1.00564411641639,-0.5873795214394222
MB-0904,144.7,True,0.06868843226572297,0.15108915711990506,0.18015875006509807,0.42923098645472313,0.5850291161620559,0.828591733874881,0.43740173657290543,0.5689798102472394,0.8518009173873451,0.43740173657290543,0.5689798102472394,0.8449529978345358,0.42278978764046504,0.5441317157861099,0.8284633737478734,0.42923098645472313,0.5946866144679082,0.8612310976705814,0.9468615879956256,-0.7359901520085294,0.08656396534241172
MB-0906,63.8666666666667,True,0.3177632996280152,0.24389731475705914,0.3595859042897903,0.48824352723325326,0.6350169173387834,0.5734429185748501,0.5346739171030567,0.6350169173387834,0.647406823841546,0.5346739171030567,0.6349826767192592,0.6590457737173946,0.5775264378166681,0.6527359210653424,0.599169256068767,0.48824352723325337,0.6687440613370852,0.7851023805910038,-0.37920106201315124,-0.051229479498743465,-0.49462626280097816
MB-2513,59.7,True,0.06774412015713008,0.04524810638682583,0.0996134035595023,0.09104525883684232,0.3184602644258904,0.5261523569340097,0.11830677942961217,0.20028418933968248,0.5155545193299479,0.11830677780021019,0.20028418933968248,0.40956038651592075,0.08256824714168334,0.19702465162287153,0.4587719295103258,0.06591263489069275,0.20028418933968248,0.5155545193299479,-0.8186598515214158,0.038954626455999015,0.28380351191921904
MB-2536,47.9,True,-0.4948545824967934,-0.7388961120202189,-0.3541512539322428,-1.2840265968858378,-1.5528582971218752,-1.6780573595531467,-1.287731625086132,-1.4282231672433972,-1.679211381973613,-1.287731682822211,-1.4282231672433972,-1.6339727249501812,-1.2845142475362399,-1.3905356524779673,-1.6210380923855257,-1.4313867277094252,-1.5396902455501682,-1.6021011357509283,-0.9690124307582063,1.1896648178406266,1.1793321763349756
MB-2556,180.0,False,0.13502439151481913,0.09395971577845033,0.1259635452317777,0.3436889811809566,0.2688180632655759,0.2626514740890429,0.3436889811809566,0.2688180632655759,0.2626514740890429,-0.12990327330336673,0.26875386116238253,0.004855122484644298,0.052137278499639145,0.20765116630689312,0.15710186322095962,0.3438112013268072,0.14279677182482253,0.2626514740890429,0.12337843757618257,0.7105580913697815,-1.3096031839146514
MB-2564,180.0,False,-0.41476986444286346,-0.8611115056445712,-0.7853402562567733,-1.2502419170682963,-1.4014944493417014,-1.2032250126266817,-1.1629611013757746,-1.3760337883070326,-1.2032250126266817,-1.1629611013757746,-1.3760337883070326,-1.1754685614684246,-1.1641951719868893,-1.3915618425959062,-1.1683972550356367,-1.343127562268965,-1.506546243093029,-1.2032250126266817,-0.6480162941896269,-1.2192775440104588,0.9253908755239111
MB-2610,180.0,False,-0.35064151812187955,-0.3959977529936733,-0.38900893836546196,-0.34895129504404465,-0.46059172854670133,-0.5481193334124039,-0.3489512950440448,-0.5482191799205923,-0.5481193334124039,-0.3489512950440448,-0.5482191799205923,-0.4750352282905451,-0.3489480056845103,-0.6071287471928063,-0.5038119491943739,-0.3517294094553213,-0.6008240764134549,-0.5481193334124039,-0.7648739652865205,0.45760826070855726,-1.9918125695175062
MB-2614,64.9333333333333,True,-0.29365980876625714,-0.1311944601647688,-0.4295081702444544,-0.7473121768725184,-0.6558291780883571,-0.9551483566714243,-0.7473121768725184,-0.45035357689531985,-0.9896503417880677,-0.8174874187541338,-0.45035357689531985,-0.9893230490794347,-0.8214909937234074,-0.45258927965988466,-0.9687677134612629,-0.7473358621716116,-0.45035357689531985,-1.0945230478797232,0.8112544049416356,0.7450892093791386,-2.1610333505271506
MB-2616,180.0,False,-0.37657784221423574,-0.15961326919309912,-0.2635511800482918,-0.4705098529259233,-0.8210078801680043,-0.7990922258210897,-0.4705098529259231,-0.6189017753785793,-0.6186770103230261,-0.4705098529259231,-0.6189017753785793,-1.044549080566615,-0.47050947287143197,-0.6190650694880239,-0.6966646961898829,-0.4700825332958979,-0.6189017753785793,-0.6186770103230261,0.36456734382632344,2.123805895927743,-0.11936867639809276
MB-2617,89.1,True,-0.24082630265946137,-0.12725832389857203,-0.08267404444344703,-0.6175595523702222,-0.4789481548288183,-0.6455868069861291,-0.6175595523702219,-0.45868328878171494,-0.6446903364885048,-0.6175595523702219,-0.5560961014373538,-0.6218896249387096,-0.6175644561940845,-0.4586832887817156,-0.6339416637445114,-0.619608634142018,-0.606041378727263,-0.6614198208720691,-0.3945712584237112,-1.6791490967541916,0.006729381639104526
MB-2629,180.0,False,-0.03616435492501896,0.01332042109295968,-0.004291667189843858,-0.24267440828985665,0.37999420289191593,0.02955251255167283,-0.24267440828985665,0.4210510922517032,-0.21934264697016054,-0.12551429054366464,0.2613909923613427,0.10768546615375499,-0.22102344814359148,0.21995683452613388,-0.234029935352029,-0.24269469602373145,0.3063023058255603,-0.21934264697016054,0.7342475961853729,-0.536352299933991,0.4428008536458607
MB-2645,44.7666666666667,True,0.2860881063292264,0.13682714071682522,0.3840180051154867,0.3364467271494358,0.20188557495860654,0.5134160314198902,0.3529662727722267,0.17610670530820352,0.5134160314198902,0.35296629383581485,0.21681598875856842,0.5248531805756651,0.37248468670478085,0.1815721497147509,0.5084727791051059,0.3041679557100399,0.2290538853557877,0.5134160314198902,1.3673786263056709,1.333371188087335,-1.647385270167446
MB-2669,73.7,True,-0.33757430253555876,-0.2735460882135031,-0.15360567750772733,-0.7497979828396552,-0.8941424886348324,-0.5965435429264468,-0.7432783169392949,-0.8941424886348324,-0.5897915971373779,-0.7432783169392949,-0.8940408691031387,-0.6549695945080944,-0.7575358635746612,-0.9183687115352637,-0.6624839791236538,-0.7497979828396553,-0.893475001211803,-0.5648396888594923,-1.0944963126296459,-1.355070298606693,-0.05993864274515743
MB-2686,177.266666666667,False,0.07773816007964628,0.054098690884062516,0.11105597985636653,-0.06334401124168423,-0.08403197198181656,0.04562549207402921,-0.0434611645547309,-0.08403197198181656,0.08870265155790068,-0.0434611645547309,-0.08399051119433582,0.08424105791061437,-0.0015119783982938638,-0.09673108188406439,0.05085675606801557,-0.06334401124168457,-0.0945973804057403,0.0346179948981661,-0.6032918841422477,-1.199460583924726,0.12652469722762597
MB-2708,133.233333333333,True,-0.37783180554508594,-0.16331469152841768,-0.220759039259868,-0.499045803498796,-0.6033974394825634,-0.6431505387485799,-0.49904580349879574,-0.5667168970613817,-0.636902378953487,-0.49904580349879574,-0.5667168970613817,-0.5406193621386566,-0.4990448717762619,-0.5619223470778429,-0.5463013434522115,-0.5016796435696025,-0.5667168970613817,-0.7866527553979908,0.9426218402198768,0.5170821953802978,1.2552049831711733
MB-2718,180.0,False,-0.06304165059281569,-0.22101126594001363,-0.1259714790346007,-0.11990659296496343,-0.37988606188777124,-0.28385503002727086,-0.10912902388517756,-0.4766635165180727,-0.28385503002727086,-0.10912908478777268,-0.4766635165180727,-0.28385503002727086,-0.13574398679013883,-0.5094339377418228,-0.28385503002727136,-0.0805906684585234,-0.5915182661766871,-0.28385503002727086,0.7189405658150543,1.0184086608787832,-0.10383958550657135
MB-2721,180.0,False,-0.7160978325261613,-1.020591420799445,-0.9681061871824714,-1.5659577435642023,-1.9551936509580101,-1.5148304639152148,-1.5967149903437245,-1.816857268711206,-1.5148304639152148,-1.596715007369015,-1.816857268711206,-1.5148304639152148,-1.5830889529528946,-1.737048020764272,-1.5148304639152153,-1.8097166396214697,-1.9476090458052233,-1.5148304639152148,0.22669885643799229,-0.6686804873755542,0.5289917483214575
MB-2728,51.4,True,-0.030590041580698224,-0.05517483058662479,-0.01057870031259138,-0.20574548010160004,-0.5028900323456592,-0.4247566368536545,-0.21354570402338813,-0.5685491281357494,-0.4180825804286585,-0.21354570402338813,-0.37285277014748275,-0.4241084911344079,-0.2387545658594862,-0.5685491281357489,-0.4103609740199026,-0.20574548010159976,-0.44695238806111487,-0.4854688257617015,1.1624211875584574,0.5401271722920614,-0.977425550328532
MB-2730,133.733333333333,False,0.3110876469338301,0.23639177220744004,0.3072816242649905,0.4628403489471703,0.11761008022470038,0.4493201833123452,0.4628403489471703,0.11761008022470038,0.44676658927180046,0.49849377354465246,0.11764802616531084,0.4278769104273675,0.44930923838184506,0.0880067741066556,0.43552371025226816,0.4628821798010145,0.11735147323978332,0.45733478710188563,-1.0882117291190974,0.11695526942994706,-0.18755463380009504
MB-2742,24.9,True,0.3549123345232599,0.11311722220166134,0.3463509385616061,0.5170109092424039,0.1472378879061679,0.3077760392726496,0.5170109092424037,0.3536786846980558,0.327807196535427,0.5170109092424037,0.3536786846980558,0.3686517584276433,0.5170127599268792,0.3632033487580845,0.3509266687265138,0.50723324777541,0.3536786846980558,0.25677330134242426,-1.479137833771104,1.518749034018734,-0.44553532113848804
MB-2750,145.433333333333,True,-0.4661494552587984,-0.5763111818118688,-0.725783145991605,-1.463744600200162,-1.7732807037344451,-1.5685663143890147,-1.4430809885035996,-1.7732807037344451,-1.5199725144441079,-1.44308100685851,-1.7731230800567988,-1.490012801337702,-1.4577895683856021,-1.773373643943227,-1.540892645833183,-1.5057703305429453,-1.7090466624754812,-1.4081944062582645,-0.8665073572768981,-0.001518439708736793,0.7033043786615792
MB-2752,81.9333333333333,True,-0.3362733565020723,-0.3788757077840607,-0.25084006777628143,-0.6857100957542029,-0.8565855868715365,-0.9359013123703618,-0.683135417578584,-0.8565855868715365,-0.9381926833030502,-0.6831354091003566,-0.8565062076094709,-0.9466452539252618,-0.6937138834155028,-0.8814901145259483,-0.9757982422049502,-0.6140911607208474,-0.8627191533236888,-0.9540785938600476,0.12254409553604008,0.9902473119680668,-0.9888192773432133
MB-2758,35.0,True,0.4244614069256343,0.22862892016161956,0.6179656302216796,0.5398183072174896,0.6966930959224801,0.7813074434665276,0.5407662416998946,0.6190327593663241,0.7813074434665276,0.5407661917078883,0.6190327593663241,0.7813074434665276,0.5565385767401145,0.6231818179836306,0.7813074434665276,0.5206650099330442,0.6190327593663241,0.7813074434665276,-0.7960867750951038,-0.9031178593142654,-0.8343224571300155
MB-2769,160.0,False,-0.48946129050390014,-0.5267699050049655,-0.31455843005189277,-0.5647545268415375,-0.5140544633190841,-0.7193690832406826,-0.5647545268415375,-0.6998371298347805,-0.8170886919969232,-0.5647545268415375,-0.6998371298347805,-0.7483913305845543,-0.5647554057241011,-0.7793421511095817,-0.7376887071117096,-0.5658380694807146,-0.664958144176085,-0.8170886919969232,-0.48721815642469163,-0.18487884946202174,0.5759881685469587
MB-2770,180.0,False,0.16921538364675315,0.19384869381139175,0.14945267650707977,0.3704667822444906,0.38961214360858576,0.2573324816167652,0.3704667822444903,0.27509821261852857,0.2573324816167652,0.3704667822444903,0.27509821261852857,0.2573324816167652,0.3704693946744121,0.3244355439046973,0.25733248161676514,0.3802023418788483,0.4511524850890913,0.2573324816167652,-0.9750001191003014,-0.09670445376181883,1.7894366621563087
MB-2771,44.8333333333333,True,-0.05832498100133825,-0.024566549988984505,-0.00989186587321228,-0.0006917501795743323,-0.0862565678918632,0.7512758065347295,-0.0006917501795744017,-0.0862565678918632,0.7383542157210007,-0.0006917501795744017,-0.08623283938096488,0.6747222250669247,-0.0006936533095358118,-0.07759130711905192,0.6024530618027081,-0.0014736539915933167,-0.09142498176786149,0.582122384609819,-0.6204291445949027,1.1391079474852248,0.3827033305295286
MB-2772,150.733333333333,True,-0.2810658419490004,-0.35997838259072973,-0.36100667345482323,-0.48822589157452667,-0.8410033787220462,-0.565084549863132,-0.48156961471567555,-0.8297592026575961,-0.565084549863132,-0.4815695754945798,-0.9840831069473426,-0.6052995759159897,-0.5077779737591341,-0.8297592026575965,-0.5998391741040866,-0.4492259198450313,-0.9333618836080019,-0.565084549863132,-1.0047872189929943,0.5796130395204568,0.30356029342843693
MB-2774,131.666666666667,True,0.11556529944058375,0.0076357804655224765,0.13215930813357357,0.3494865936615454,-0.0974154155051287,0.3167094106370964,0.355659515889402,-0.11228493272959922,0.3167094106370964,0.355659515889402,0.10194702829202483,0.3167094106370964,0.33817345859944076,0.04258933315870257,0.3167094106370964,0.34948659366154533,-0.028943930159373348,0.3167094106370964,0.36746620574561295,-0.7517531312935694,-0.3461423935879244
MB-2781,40.4333333333333,True,-0.06342543626724341,-0.06877147055789737,-0.08907482955988497,0.07282187194266462,-0.15783047366345285,0.027533910996967993,-0.06787856200658171,-0.1641582787792969,-0.11007831289240054,-0.06787856200658171,-0.047339933945662285,0.0789586405921185,0.03312958542193317,-0.053547208050546746,-0.06680254781311874,0.12234693336453252,-0.10143378012687046,-0.11007831289240054,0.7948910679832192,0.6819677636799354,1.0884252288953535
MB-2786,68.2666666666667,True,0.24300937890839552,0.3188000000360523,0.218664704426802,0.3774203269680589,0.5366710762001314,0.4685252789335189,0.3774203269680589,0.5607342064611082,0.52335277478302,0.409636424431087,0.36561116874784866,0.39211348541528207,0.3508663172924443,0.5607342064611088,0.5385571794888809,0.3774847319526993,0.45852597140615825,0.52335277478302,-0.48044593951821124,0.7706312764276145,0.5399169566568177
MB-2791,180.0,False,-0.5648075784047156,-0.6440093854743738,-0.7977537344910517,-1.2487526803259081,-1.4537105098115224,-1.3461324812741002,-1.2432367872906704,-1.479960904797381,-1.3461324812741002,-1.2432367834088207,-1.4713895589664203,-1.3461324812741002,-1.248197665229101,-1.4799609047973812,-1.3461324812741007,-1.2466216185438117,-1.4938934241527362,-1.3461324812741002,-0.2072657954706782,-0.11164572231944679,1.7331927193612702
MB-2792,110.766666666667,True,-0.3187682479390199,-0.2821246543663122,-0.30625928300483723,-0.5068686241694107,-0.531676862581503,-0.5426567947895248,-0.5181972929944385,-0.5371987739127686,-0.5426567947895248,-0.5181972929944385,-0.5371987739127686,-0.6088179079227206,-0.537258824498541,-0.5259639379645562,-0.5931522349910846,-0.5068686241694106,-0.5231732264559917,-0.5426567947895248,-0.5810325725119153,-0.25766231503180886,0.33071151034490437
MB-2796,87.7,True,-0.13973295496166477,-0.057707891219035655,-0.1669418405495713,-0.30688241920896075,-0.13059452694707888,-0.12626365806222511,-0.30688241920896075,-0.15926750331207307,-0.12987310809357186,-0.35785285137341766,-0.15926750331207307,-0.14498259334192368,-0.3818617637407925,-0.16226745574077406,-0.14579064859259155,-0.30694290714624417,-0.15926750331207307,-0.15926845367496162,0.5312512156361892,-0.19380324542255564,-0.9486769177776985
MB-2801,180.0,False,-0.15294159833603793,-0.18595168822353692,-0.20563887928609675,-0.08927631733742422,-0.10971712578683349,-0.11116263341685387,-0.08927631733742422,-0.11097727533433646,-0.11116263341685387,-0.07039100216728,-0.11097727533433646,-0.11116263341685387,-0.1404739153201363,-0.12834054512289703,-0.1111626334168537,-0.08917741270312,-0.12891256542361315,-0.11116263341685387,0.08905603873921995,-1.6949924059888835,-0.5699415008227597
MB-2820,180.0,False,-0.4247548865438659,-0.21105505370219377,-0.3262132868669869,-1.020777873390567,-1.3021908794014851,-1.3692967670221348,-1.0349024418737638,-1.212500879248696,-1.3868909802332676,-1.034902412021303,-1.212500879248696,-1.2221408152815791,-0.9944428197032011,-1.2067754215345554,-1.1861924617487891,-1.1333939479673036,-1.212500879248696,-1.4425693861328401,1.5941569003382141,0.18874300812461753,-0.9874045530855795
MB-2834,153.833333333333,True,-0.036166873062590796,-0.19234974618516432,-0.10394328132120434,-0.006380673804864345,-0.353127558095512,-0.12900984810502644,-0.0063806738048644215,-0.35614260655566304,-0.12900984810502644,-0.0063806738048644215,-0.35614260655566304,-0.12900984810502644,-0.006377078232258314,-0.3537231148534338,-0.12900984810502678,0.005778539192552916,-0.282486186073489,-0.12900984810502644,-1.0954720366375337,0.23457792922728007,-1.250820892910365
MB-2838,180.0,False,-0.22351773782579976,-0.25193573506279016,-0.16047299308195012,-0.3019912221305978,-0.16653851016437932,-0.2935332042676465,-0.2919421391584159,-0.23360598446028913,-0.28917304686925177,-0.2919420943455889,-0.23360598446028913,-0.29490203260904535,-0.30728884898089975,-0.2700189241518792,-0.2943828898672323,-0.24731586562624247,-0.19897397292830016,-0.285734039817312,0.36250249919104766,-0.8655285237589894,1.263717426531696
MB-2843,180.0,False,-0.34813647905980516,-0.11458169685462986,-0.42541241048653633,-0.8378203609839995,-0.6268818425287682,-0.7892121672111121,-0.8378203609839995,-0.6269951440772412,-0.794140994963565,-0.9693940035288333,-0.6191422672216793,-0.8066874456675539,-1.0752469233394277,-0.6029615023334416,-0.8153887705545128,-0.8379173751856265,-0.6055537335280206,-0.6379107972348661,0.4439913996466691,0.7424462498750674,0.8073369080982529
MB-2844,146.733333333333,False,-0.11669599861497904,-0.15577057215446055,-0.2300000383390767,-0.419793978605234,-0.5083374781220699,-0.5252733051737315,-0.42883778708605785,-0.5588006224432635,-0.5252733051737315,-0.4288377950385455,-0.30516027900018805,-0.5252733051737315,-0.4258613834572113,-0.558800622443264,-0.5252733051737312,-0.32286565998250577,-0.4557624474108437,-0.5252733051737315,-0.3604401709908981,-1.3729669358236254,-1.2386443758091474
MB-2847,39.5333333333333,True,0.7703217324245145,0.9405598248655878,1.1028648151312959,1.6460084167773152,2.103098256997527,1.8406996161322502,1.6878755863687425,2.116632370551689,1.8406996161322502,1.6878755560869119,2.266506619673994,1.8406996161322502,1.6690432932053558,2.1166323705516907,1.84069961613225,1.7766179612202628,2.380772098449998,1.8406996161322502,0.5835341273827435,-0.5518128213929571,1.7813206828903434
MB-2848,180.0,False,-0.27784945398133176,-0.1301153975079053,-0.3255714130253804,-0.30434114013959235,-0.7316785423546661,0.030296423967543992,-0.30434114013959235,-0.7502753342460056,0.06881930475293913,-0.30434114013959235,-0.578099475863865,0.06134411953225512,-0.30433932716003104,-0.5840780531485686,0.04399570979237851,-0.3058655355863613,-0.6949530457956401,0.08755487519848396,-1.4385226489904384,-0.4752190689915521,0.24456072616609906
MB-2849,43.2,True,0.11660434426459862,0.06362222134081601,0.06624403123630848,0.22440762030854222,0.542474093448021,0.37022798276115365,0.22440762030854222,0.2593190551479103,0.3734313258842031,0.3270239969401252,0.2593190551479103,0.29086691214736266,0.2398382551997148,0.26031103876788303,0.28118035308522443,0.22440358118735104,0.2593190551479103,0.33113737999263876,2.118803030729321,1.9875098319889204,-0.9568919886003732
MB-2854,180.0,False,-0.13168915795367048,-0.09942612519646486,-0.3157362861795249,-0.6742775119738894,-0.8607224181321211,-0.6774429328098303,-0.5401016335100783,-0.6527838331560951,-0.6774429328098303,-0.5401016335100783,-0.6527838331560951,-0.7633599843656255,-0.6489482425911888,-0.6564019061950253,-0.7304144433154711,-0.4709487934492583,-0.6527838331560951,-0.6774429328098303,-1.3420444532864415,-1.5991840632578807,0.3862219414396623
MB-2857,180.0,False,0.03863861269561433,-0.0955089896647943,-0.016943134411104743,-0.16972723547330523,-0.4159660317822515,-0.14597643482123582,-0.16972723547330523,-0.3724184935483266,-0.14597643482123582,0.11565996336309967,-0.3724184935483266,-0.1773078597522956,-0.011248778793847093,-0.3354727499661604,-0.15789200201496748,-0.16981114683282178,-0.38356183237034014,-0.14597643482123582,0.9198072605649881,0.562630255206262,-0.06919425535493127
MB-2858,141.566666666667,True,-0.20448296240503405,-0.06982552330997117,-0.18679414844466768,-0.2395034101204613,-0.4719463907136265,-0.22619531856249497,-0.23787564489870566,-0.45478160761356756,-0.22619531856249497,-0.23787564489870566,-0.6240753579388126,-0.22619531856249497,-0.2708211296962944,-0.4293800117060156,-0.22619531856249447,-0.23950341012046125,-0.24615376049220175,-0.22619531856249497,-1.121122678939223,0.9421232775889631,-0.772654754156563
MB-2863,180.0,False,-0.2751321429860861,-0.19211810508474586,-0.3728541474905247,-0.7610729923340024,-0.4025169347116582,-0.771923098935901,-0.7467236413979496,-0.36177588421060636,-0.7321410585026776,-0.7467237049597579,-0.0979587746525727,-0.6836870281976752,-0.6985502955846651,-0.3617758842106065,-0.7097084514648545,-0.7503457404031422,-0.2892756689690304,-0.7252183737598059,1.1508830312317526,0.37772556403986696,-1.942934292422628
MB-2867,180.0,False,-0.3398213848588127,-0.23536009484478881,-0.3421455277965081,-1.0979681055692292,-1.0284147436732405,-0.8543897246954144,-1.0971004279824286,-1.1374786068472453,-0.8340019597567363,-1.0971004279824286,-1.2449763492888337,-0.8813030549607269,-1.079105667796671,-1.1555717843394224,-0.8686476649072669,-0.8549800234721706,-0.8799811341030479,-0.6479256462704454,-0.3847740266090023,1.1818079443533893,0.0367199044245328
MB-2896,180.0,False,-0.1096708054703276,-0.19020926292192425,-0.32513380292195,-0.20609381148334133,-0.3691133875361604,-0.5493406330644216,-0.2861329578804739,-0.36527886374466906,-0.5493406330644216,-0.2861329578804739,-0.3731309424557882,-0.5493406330644216,-0.26640332419915635,-0.36527886374466967,-0.5493406330644214,-0.13685655480598358,-0.2668463759112837,-0.5493406330644216,0.15842290716221127,-1.0027376871264224,0.2919958479014126
MB-2900,20.6666666666667,True,-0.005551792968624028,-0.049438402934464803,-0.08295640060295613,0.1318428615703964,-0.4624534042533963,-0.05535715248375161,0.13184286157039632,-0.3729285542089257,-0.05535715248375161,0.13184286157039632,-0.2679627972687797,-0.05535715248375161,0.13184625560243052,-0.2670525742598173,-0.055357152483751726,0.12884515289276666,-0.41907302620295256,-0.05535715248375161,0.05334375570673462,-2.280258602312189,-2.579077380532781
MB-2904,125.6,True,-0.04762004437510145,0.0299710723974079,-0.04280129985087622,-0.29007986411746256,-0.6027974618336562,-0.7580169674484851,-0.2737072060698055,-0.5200828293635636,-0.7531705171228856,-0.2737072060698055,-0.3930276587760005,-0.3752994203193026,-0.2744193500793456,-0.49774017552889266,-0.32815731873124215,-0.29007986411746234,-0.35459491626855033,-0.44228765108831497,1.100734095024795,0.7668178889702638,0.5549073291632637
MB-2922,14.4,True,0.23733177620245066,0.19068467634161906,0.2088036249398711,0.18438908002914547,0.17446271163531518,0.1773219922544402,0.18438908002914525,0.17446271163531518,0.1773219922544402,0.18438908002914525,0.1744528247149581,0.1773219922544402,0.184390143501759,0.3211630285299734,0.17732199225444,0.18766078997216534,0.1845395281991193,0.1773219922544402,-0.32154745014292635,-1.19582816467109,0.617633315273623
MB-2923,14.1,True,0.3600590179121571,0.21565694672830635,0.29335182956265665,0.5339965526655921,0.7059549022724398,0.7734522384121534,0.559525501118912,0.7720603870836109,0.7745882728651584,0.5595254327158965,0.7320570510257524,0.6371144977430387,0.5138182494931113,0.696473951746428,0.6365996127956097,0.631293038744174,0.7924382716766616,0.9174833364194689,-2.9671837099839435,-0.32639987654593494,-0.4697956074007749
MB-2929,180.0,False,-0.011005681339515752,0.02382859876196111,-0.05131175105045736,-0.0906634644476436,-0.2842890084545932,-0.10580302969489726,-0.09066346444764356,-0.3062020444531543,-0.10580302969489726,-0.09066346444764356,-0.4348494208323057,-0.1988115738613358,-0.09066075883606033,-0.3085085498754067,-0.16447496431212114,-0.08915352629008544,-0.2955744020677967,-0.10580302969489726,-0.7600587900644338,-1.1788459974247776,0.11212305491143672
MB-2931,180.0,False,-0.5007960215162253,-0.245360984832984,-0.7620042063260198,-1.0207027490991714,-1.323249512973006,-1.2000329579626217,-1.0153845279554325,-1.1621276146677362,-1.1843667379868341,-1.01538452418669,-1.1621276146677362,-1.1825568618585918,-1.0259825180971416,-1.1638191208117068,-1.2110742663817744,-0.9773076041842947,-1.1621276146677362,-1.2001709842805945,0.18371232308894828,1.0523418569495309,-0.2806581622889455
MB-2933,161.933333333333,True,-0.47509048491966316,-0.961777675760397,-0.5073188686437828,-1.6999699966128048,-1.7538026582472694,-1.6878618092663935,-1.5461119027899777,-1.6589217204324684,-1.4834364932110975,-1.5461119027899777,-1.6589217204324684,-1.8072559179886887,-1.6486880355254445,-1.6567945932073915,-1.5996986455705458,-1.747989099554245,-1.7191296002934207,-1.4834364932110975,-0.4404682048702619,0.8651502348674213,-0.837102565903231
MB-2947,112.0,False,-0.7715108485203278,-0.299127633245726,-0.8909055902624063,-1.886337725062585,-1.5050208751000422,-1.5548367727707815,-1.886337725062585,-1.5874449920788187,-1.5548367727707815,-2.01974210990729,-1.5874449920788187,-1.6725503049109895,-2.0626950672007096,-1.5917399177987466,-1.61446954137699,-1.8867104285603786,-1.5874449920788187,-1.5548367727707815,0.7698208513207979,-0.7200636619069942,-0.36005498048912127
MB-2951,180.0,False,-0.4478449002760006,-0.9031624500128688,-0.45791203181553575,-1.827421803724031,-1.729894257202436,-1.723166310256818,-1.6119738939265935,-1.6337271554863897,-1.514595296859941,-1.6119738939265935,-1.6337271554863897,-1.7478074183466985,-1.743401295295756,-1.6144967517428326,-1.5683110880555236,-1.488056948916461,-1.416615165439891,-1.514595296859941,1.0153269959744686,0.9034918446096601,1.3516038346747636
MB-2954,5.5,True,0.007148472949340082,0.008454412918647944,0.027127057528456695,0.2615305283974123,0.31527971930381643,0.18458921876455264,0.26153052839741225,0.21118233141959397,0.18458921876455264,0.26153052839741225,0.21118233141959397,0.2243425606666489,0.2615330736192939,0.1606550273687471,0.20846252928148615,0.2599499900373145,0.21804370710050552,0.18458921876455264,-0.14777180989980965,0.12127725931971635,-1.4506170874306672
MB-2957,180.0,False,-0.090946562016786,0.007470664451475409,-0.21475083729283892,-0.6648645060468874,-0.29833347052130205,-0.7200592003986285,-0.6648645060468874,-0.4241328100724557,-0.6664776508485665,-0.5181380955735897,-0.4241328100724557,-0.6678643140505357,-0.6052516667461902,-0.4219864315825611,-0.7087456592259717,-0.6651226482667747,-0.4241328100724557,-0.5787109043709291,-1.4896453943825119,-0.13938883055974702,0.2371922807599949
MB-2969,172.9,True,-0.38488861927006573,-0.4250663436784204,-0.42872956946711166,-0.4283889472340797,-0.5830617656935623,-0.5024666351524277,-0.4283889472340796,-0.5367412691263561,-0.5024666351524277,-0.4283889472340796,-0.5367412691263561,-0.5024666351524277,-0.42838811978146524,-0.5369300089949417,-0.5024666351524275,-0.42827754377670524,-0.5260537959515988,-0.5024666351524277,1.3841651100058967,0.05741666204236571,0.18411775561425542
MB-2971,180.0,False,-0.11386124774926586,-0.11539788630525968,-0.09205060285808853,0.06959754752804805,0.0929291534810574,0.09861882646279976,0.06959754752804811,0.0929291534810574,0.10483104218755736,0.06959754752804811,0.09286699095533194,0.06373302762844936,0.06960091732458015,0.06588958776966161,0.05483251352113168,0.0682976890968098,0.0838270882075414,0.10896395607682015,1.0830535001068178,-0.20274935984995607,-0.7076303040467823
MB-2977,110.6,True,-0.8479234669992436,-0.8072602271233317,-1.076093330460953,-1.942602581171254,-1.8138086790900416,-2.061355758030795,-1.942602581171254,-1.8138086790900416,-2.1239588724167078,-2.346388673821617,-1.8137051761142968,-2.104752720903954,-2.1383331867700095,-1.8539830730348135,-2.0762196390963714,-1.9429273960552478,-1.8908803177976492,-2.3154250888415704,-0.29919113426702376,0.6150052638109683,-0.4403392056116025
MB-2984,180.0,False,0.07971666944702319,0.07184129655265704,0.14557716274396548,-0.19233682236013802,0.06059172126900748,0.18994186828022333,-0.28507590535983185,0.10051405381510005,0.18994186828022333,-0.2850759233898726,0.2313183601028279,0.18994186828022333,-0.16183304467497792,0.11211327154813855,0.1899418682802238,-0.470850340449963,0.006640072498799784,0.18994186828022333,2.1082884113927522,0.3103475704430823,-1.4004134038437392
MB-2993,180.0,False,0.07445110308822198,0.035957547974394835,0.0632292009662685,0.5897701056358964,0.30767116681516693,0.5081843545702132,0.24149842244675881,0.1366642374011667,0.5094892336978984,0.24149842244675881,0.1366642374011667,0.4165708474388372,0.4108060584674022,0.09494620563710533,0.3797834063627485,0.6158950363624777,0.20568762046234346,0.49595155434469695,-0.3488754600926644,-0.34946714643382215,-0.8519621895254362
MB-2994,180.0,False,0.018160321183368355,0.014128360447937943,-0.00845000052049713,0.09421009629727273,0.09465648780515906,-0.2035947388683757,0.09547220835433895,0.09465648780515906,-0.20603269328784726,0.09547220835433895,0.09464706704903086,-0.2266043117610054,0.08281735182229319,0.06912382909535013,-0.2321068255540302,0.09421009629727291,0.07095889312030726,-0.2278483511294864,-1.1371197204183754,1.0062557458155574,0.014951829987135528
MB-3002,140.566666666667,True,-0.0038826802102842617,-0.08488435640110245,-0.06619262672435064,0.016526036649714557,-0.09063053949244321,-0.24490635192691174,-0.17636638073476077,-0.21535951232091918,-0.24490635192691174,-0.17636638073476077,-0.21535951232091918,-0.24490635192691174,-0.03987618503577863,-0.27472815917412335,-0.2449063519269118,-0.007747733819360094,-0.18560169186845238,-0.24490635192691174,-0.1558734337510055,-0.611475614763826,0.3267159033813245
MB-3006,15.7,True,0.03276445924566447,0.08691258518370981,-0.01957045604020631,-0.07792552083612476,0.188395669230232,-0.17948315433647372,-0.07792552083612476,0.13656696842703148,-0.17948315433647372,0.11888236824351733,0.3434375856700312,-0.10352037625611991,0.07775895682568296,0.13656696842703137,-0.16376694708777148,-0.07787239541953987,0.2997901068777496,-0.17948315433647372,1.0778337155057705,0.2869336430674523,-0.8983768023366759
MB-3013,180.0,False,-0.5115483416257356,-0.5341784981935084,-0.5314705728803694,-1.06402320556191,-1.130496389873888,-1.122745115413535,-1.0592992949426665,-1.1060738601686562,-1.1222997068628155,-1.0592992949426665,-1.1060738601686562,-1.1212999285732188,-1.0696057810071713,-1.12526080031694,-1.128433720198015,-1.0640232055619103,-1.1810561111825852,-1.1750366565499424,-0.9374534425425158,0.4221553712523149,3.056342448576572
MB-3035,180.0,False,-0.1953380252474846,-0.39440791683496645,-0.44735555249252057,-0.5855958323220102,-1.2621557562806813,-0.9510045202097598,-0.8604849914664259,-1.2621557562806813,-0.9510045202097598,-0.8604849914664259,-1.2620181908382684,-0.9204348579427876,-0.7046299921730691,-1.2672823856245428,-0.9506502204274233,-0.6778195808237837,-1.2627806273926039,-0.9510045202097598,1.9512250777434486,1.4788070598365304,-0.5703445497605464
MB-3088,180.0,False,-0.29200597089598906,-0.29470722908087343,-0.37803845244122436,-0.5822976029624526,-0.3789646785101104,-0.7691832726591911,-0.605629062328097,-0.3789646785101104,-0.8241098263167205,-0.6056290008024697,-0.3789606764115189,-0.8262180169807268,-0.5991594052890822,-0.4240032561957324,-0.7949433877669339,-0.6384389683340483,-0.3669182002906613,-0.8060132434275263,-0.8965262145720566,-0.505441363348968,0.12733000408860684
MB-3102,180.0,False,-0.28913263591735666,-0.28261347975730305,-0.16788857527324139,-0.3898419446923138,-0.5139341772634938,-0.44744631481557007,-0.42300403698179745,-0.4931479053817248,-0.32765377589958866,-0.42300403698179745,-0.4931479053817248,-0.554648758124797,-0.34449532613758077,-0.40143649816085486,-0.44108586170338276,-0.3898419446923138,-0.5240623926284872,-0.32765377589958866,0.9544222763812404,1.7430824463104067,-0.23058008113661133
MB-3121,131.333333333333,True,-0.6904876006222441,-0.24834812967758801,-0.6472563414724442,-0.9285550803886483,-0.9305666231526242,-0.8441963012046702,-0.9281118421877722,-0.9840394753046275,-0.8441963012046702,-0.9281118421877722,-1.000071623935144,-0.8441963012046702,-0.9421213430097378,-1.0173697548983176,-0.8441963012046702,-0.9285550803886481,-0.8738179819433057,-0.8441963012046702,0.544462374203177,0.17616495162242465,-0.3997797846506893
MB-3165,180.0,False,0.06163005976553656,0.04571334186721174,0.0526481646924051,-0.06732833407194275,0.3702265650624441,-0.020198371294066996,-0.07101872403935888,0.36456454929052473,-0.15796879780032583,-0.0710187531655366,0.2847583766479774,0.05731392773292844,-0.07377309324008038,0.2689997007294433,-0.15502144046377797,-0.005560336029071949,0.3417132081361581,-0.15796879780032583,-0.15405705958282354,-0.1939769106525731,1.301068922967908
MB-3167,136.933333333333,False,-0.16958220331690282,-0.10002633568602452,-0.14427489653840597,-0.04848316461127404,0.23567319115450025,0.04799206125847283,-0.06318014535002235,0.1755383139211453,-0.14639673507449955,-0.06318016304680464,0.09758847019403605,0.07791205869202508,-0.05563736016760217,0.09495352832932527,-0.14093350694936996,-0.009646230799700442,0.34931569233091664,-0.14639673507449955,1.080532978717757,-0.6724727509386108,-0.4788113807596332
MB-3181,178.166666666667,True,-0.6470527730878184,-0.6841928596967443,-0.31586299118671723,-1.133140407169539,-1.1438733511083667,-0.968402159062287,-1.1331404071695388,-1.2104940923670557,-0.9664957891842075,-1.1331404071695388,-1.2104940923670557,-1.0133020427675465,-1.1331459854608958,-1.208024194005519,-1.0186286757836518,-1.1310197037965266,-1.172420206442737,-0.9959772492215649,-1.4997987888681947,0.5862934190545325,1.3343888148654877
MB-3218,180.0,False,-0.008554874555732148,-0.026364056783242447,0.002218351936090518,-0.26736099891262427,-0.26758303232708275,-0.41586712434955275,-0.26736099891262427,-0.26758303232708275,-0.41411945622524343,-0.3490306702393167,-0.26754845736651306,-0.39745309211958935,-0.3901642716878125,-0.2842396432900159,-0.4281215020095526,-0.2674406937510995,-0.24919848034470105,-0.3285697293795127,1.3575717869331891,0.048935244442381544,1.1418162824452363
MB-3253,55.8333333333333,True,-0.06722436984475616,-0.043716596716009797,-0.13163897022650706,-0.14608577987069396,-0.7658134658145729,-0.20115269864461227,-0.1489428345327305,-0.2281458517082303,-0.20115269864461227,-0.14894278745417255,-0.2281458517082303,-0.20115269864461227,-0.14905503908169707,-0.22852628185371748,-0.20115269864461194,-0.20897587130813694,-0.2281458517082303,-0.20115269864461227,-0.0636840289702414,-1.1036092659277856,-1.0456651626015647
MB-3272,22.6666666666667,True,0.2222557149573896,0.3537597453991619,0.20414225390966276,0.8585344717207872,0.947138385677118,0.837530188310491,1.0703025602687903,0.9648513285074224,0.9432484655243734,1.0703025602687903,0.6372685889658333,0.819740784292464,0.893345721730326,0.9648513285074233,0.8860505016116861,0.8421615341779647,0.8302984080814504,0.9432484655243734,-0.5424352498635134,-1.1278871762586364,1.0354934939748968
MB-3275,41.5333333333333,True,-0.4185464864188346,-0.37336265665003776,-0.2663652867808007,-1.0876237384304552,-0.9324231835499047,-1.0140104416813438,-1.0876237384304552,-0.9324231835499047,-1.0698275980406224,-1.0393917273730968,-0.9323000583583939,-1.15818953584482,-1.0396869687177814,-0.9410894877715669,-1.0421273007998237,-1.0879298455028907,-0.9307380703662423,-1.0698275980406224,0.7491740480400813,-0.5555192078005339,-0.650378085201944
MB-3292,180.0,False,0.04062537709871947,0.03302556075619944,0.039268738167344025,0.06670288803410379,0.07578266880146223,0.07995036406008207,0.06670288803410379,0.07578266880146223,0.11002012233964027,0.07279050182239097,0.07579229917913405,0.36223344507225125,0.1414144927179919,0.1412085742953738,0.12276266959545562,0.06670521575723491,0.07414920562881186,0.11002012233964027,1.0598990135992437,-0.6760060038711679,2.736458725862448
MB-3300,180.0,False,-0.1128639657129275,-0.09326759157572595,-0.2720811602395462,-0.3550689364252606,-0.23526057803674683,-0.5661134893298984,-0.3976307046148126,-0.4922535697728396,-0.5661134893298984,-0.3976307046148126,-0.4922535697728396,-0.5669438964245485,-0.35659882818724625,-0.4915648857244745,-0.5559520841041993,-0.4119021513871119,-0.4922535697728396,-0.5661134893298984,0.7697954306236166,1.0903023917272097,-0.385830367287836
MB-3329,37.9666666666667,True,0.18868068573769986,0.2114290359085222,0.20267691964966564,0.2651840055386656,0.372943026894285,0.3461545443746871,0.30721598091504576,0.44714484092817897,0.3461545443746871,0.30721602346567445,0.49307144840169637,0.38434634823499186,0.30368025529401216,0.4471448409281799,0.3666165936392084,0.2862518449938477,0.4474171739044253,0.3461545443746871,1.9995038210449867,1.3755382979701785,-0.9409262342036953
MB-3350,180.0,False,-0.3723755588058545,-0.1324939943030156,-0.2791584157098102,-0.527120761425472,-0.4113745101241984,-0.386338711138955,-0.5180448557739825,-0.5051266481175181,-0.386338711138955,-0.5180448557739825,-0.5051266481175181,-0.3666327498223822,-0.5355572818005131,-0.5066056162854902,-0.37976267966339555,-0.5271207614254722,-0.5051266481175181,-0.386338711138955,1.0807260760500983,0.8685596238675084,-1.9110762706218807
MB-3355,109.0,False,0.7217887879017788,0.21837047101810952,0.39045803031930637,1.2335682198495561,1.30690640369886,1.4129068448999043,1.2459281020423945,0.9399621038835689,1.260500728485496,1.2459281020423945,0.9399621038835689,1.9392138650822515,1.1924989570825755,0.9468838285402665,1.3949695894824783,1.2335682198495563,0.9399621038835689,1.260500728485496,1.2835066324204059,0.35786889003106337,-1.2930451619066796
MB-3357,38.0333333333333,True,-0.4565831541990577,-0.35644641188844955,-0.5206875234481034,-0.7678815056994571,-0.8391754034693377,-0.6233096957798899,-0.7809658864523829,-0.8391754034693377,-0.6447967457403015,-0.7809658864523829,-0.8390668033056926,-0.6603235816022512,-0.8148916999752415,-0.8654285588437554,-0.645525485985376,-0.7678815056994568,-0.8371651774203183,-0.5816172838679899,-0.5398639371765148,-0.4282382078446079,-0.5806489121155585
MB-3360,26.7666666666667,True,-0.2168489471223835,-0.06574841832446747,-0.09415488043155607,-0.577742913352001,-0.7585755205524929,-0.5201074454935505,-0.577742913352001,-0.5389618234901216,-0.35836891819003164,-1.0155570774309173,-0.5389618234901216,-1.0233698579443533,-0.8749869700946209,-0.5450979362891863,-0.4761501701856414,-0.5779162976841176,-0.5389618234901216,-0.35836891819003164,0.10652377706202956,0.054483210920245655,-0.9980278030069736
MB-3361,68.2,True,0.0006438356173268933,-0.0003569592565573487,-0.004069556637143645,-0.2463395482550823,-0.11704694462340809,-0.09759504676762212,-0.24633954825508214,-0.25536019195105497,-0.09759504676762212,-0.24633954825508214,-0.25536019195105497,-0.09759504676762212,-0.2463429497826954,-0.25265736925494187,-0.09759504676762176,-0.2366813097417405,-0.25536019195105497,-0.09759504676762212,0.5629825823255228,0.8847070060285458,-1.2286868961543402
MB-3363,10.8666666666667,True,-0.22793508218934966,-0.2086928170676078,-0.12886252521395927,-0.7156328601570016,-0.7436006643445162,-0.6403296716585293,-0.7156328601570016,-0.7344680469449427,-0.6361006680439475,-0.6214700615076413,-0.8008622365046774,-0.672260873926069,-0.659289909937291,-0.7344680469449433,-0.6695983505914862,-0.7158019785477208,-0.7964964413982643,-0.7550093662997931,-0.017742236703293637,2.1309722337233126,-0.695339730098914
MB-3367,179.433333333333,False,-0.16149428981714106,-0.09972758426559264,-0.057702428928404756,-0.4794758552949525,-0.4984172853433595,-0.24587843780116983,-0.4794758552949523,-0.4984172853433595,-0.24587843780116983,-0.4794758552949523,-0.4983126704346688,-0.30415776499881403,-0.4794806048701418,-0.5183410435781756,-0.2727919894820791,-0.48489169775199564,-0.5217773816996906,-0.24587843780116983,0.3016352331732358,0.9128992053017935,-0.20654774379907875
MB-3381,180.0,False,-0.14263416544266577,-0.259595628645664,-0.2510307557959892,-0.19985286060558366,-0.48793134891718165,-0.4032860484123727,-0.21704472258612373,-0.42464235099208925,-0.4032860484123727,-0.21704471930545857,-0.42464235099208925,-0.4032860484123727,-0.22464166829838952,-0.43812351330923427,-0.40328604841237253,-0.2054189985440344,-0.434652018989634,-0.4032860484123727,0.42610476613456866,-0.28041214429472394,1.449347374642348
MB-3382,136.233333333333,False,0.30036048551687117,0.11937181275421964,0.2856434786153764,0.2968814599068853,0.9376888389549638,0.6200576567006253,0.29461926352019613,0.7683790281844566,0.6193645137262013,0.29461926352019613,0.6449191097745003,0.6313325498597763,0.24116242917761002,0.6826165994937635,0.6260758413218916,0.2968814599068852,0.9424509059174835,0.8637491597212869,0.8442439176815353,0.03802507577088776,-1.7032948888086792
MB-3386,55.6333333333333,True,0.18546347949618908,0.2600476367526381,0.1791255853552521,0.22468026772987867,0.1025117635721314,0.1285630260489858,0.30586855118126277,0.19449612019246784,0.1285630260489858,0.30586855118126277,0.19449612019246784,0.0273754515191011,0.2239032078555435,0.23413775339123116,0.07238556795080156,0.19555286495506718,0.159709290155359,0.1285630260489858,-0.10160889077002393,-0.48254490115183274,-0.5516409984891103
MB-3388,180.0,False,-0.08006492801436878,-0.10307982088526799,-0.0756438258789643,-0.15520127975212816,-0.20174638522550248,-0.05823812599312471,-0.19559970578685876,-0.2066404268531907,-0.05823812599312471,-0.19559970578685876,0.0205721751608507,-0.011875849610720366,-0.13640912764470686,-0.2066404268531909,-0.03617126760549019,-0.03574980735480375,-0.01873837100234073,-0.05823812599312471,-0.34979921539188125,-0.7823985759494164,-0.9538936052004362
MB-3389,180.0,False,-0.08312227028787139,-0.017891197096733803,-0.08192032135856514,-0.29111749228837164,-0.0024453860326489945,-0.339198005390545,-0.28669032184277526,-0.010419262239636885,-0.538751758193071,-0.2866903283781818,-0.03915265114654593,-0.439973914650796,-0.31488324664548845,-0.07071811389597742,-0.5813281451704496,-0.21449144824610483,-0.21590524853116738,-0.538751758193071,-0.8283156502165506,-0.18424200221796436,-1.5151477943471543
MB-3395,180.0,False,-0.05090929713246205,-0.008700458026238622,-0.0986268073894356,-0.23830615642487077,0.02897442883102234,-0.14891369489225698,-0.3099959858520398,-0.09721034653611173,-0.10419790115051308,-0.3099959858520398,-0.09721034653611173,-0.10786675572584893,-0.2794822790277321,-0.09545942562221144,-0.1351621482972657,-0.3254247472549292,-0.09721034653611173,-0.23373507399457114,-0.8917323261422714,0.19561469220511585,-1.2661366565204208
MB-3403,138.333333333333,False,-0.4209567616637971,-0.16174091724394063,-0.49149360211047066,-0.6084966843519996,-0.9952570983021041,-0.7939615506460261,-0.6084966843519996,-0.9816276176112266,-0.7899192282307359,-0.6084966843519996,-0.7921631371521938,-0.7910222866013106,-0.6084966257567056,-0.7994819478612534,-0.7984728281395892,-0.610568806788733,-0.9157861438102791,-0.8191025514397225,1.172451227346323,1.8359015866775639,-0.9057348401478296
MB-3412,180.0,False,0.07256737478052873,0.078582520674131,0.10584897489381496,0.12871511159119955,0.6572627863890459,-0.05787406568693283,-0.08329543305820941,0.16774060236042862,-0.05787406568693283,-0.08329543305820941,0.16774060236042862,-0.036976483744903546,0.033263796648087915,0.16599293061624132,-0.04655542265164705,0.050201700506273435,0.16774060236042862,-0.05787406568693283,-0.08452148800245243,0.05203246995339342,0.717043436255085
MB-3430,180.0,False,0.052473436570953304,0.001898888876501581,0.04810324993103085,0.3090204208479085,0.10632119100111538,0.2005680091105119,0.317968164546262,0.13888741300849836,0.2005680091105119,0.3179682132426315,0.18725675903566052,0.2005680091105119,0.31162090780617757,0.16260935950750519,0.20056800911051234,0.3254250881664138,0.07081870495310999,0.2005680091105119,0.7869443810905431,1.3573580749634357,-0.1939005756185201
MB-3435,25.4333333333333,True,0.14595504455902114,0.18601909337316494,0.24087537108495255,-0.04318047714594948,0.11131422309927945,0.21867790176934876,-0.04318047714594948,0.11341141769907871,0.19095315072433347,-0.04130545395525653,-0.04206273409614095,0.16536205109816343,-0.12877980987677035,0.11341141769907999,0.18556936374182756,-0.0432773233826303,0.14213950493430855,0.23443577402877336,-1.297363846342752,1.7674890811247375,-0.5379851125064337
MB-3436,50.7666666666667,True,0.2922102738315189,0.43605760989625725,0.37000398857584216,-0.2064221485354359,0.0008424550375758663,0.10164295116152557,-0.22352385485257847,0.019868828658530745,0.09372944047231893,-0.22352385485257847,-0.11081666162590306,0.12317717372199778,-0.20682269694763364,0.019868828658531904,0.1467342416319952,-0.33711459369842484,-0.12160781251802381,0.029542129745713127,-1.9381681078391828,0.07880787025970594,0.6112916946490713
MB-3453,32.8333333333333,True,0.2320811465057509,0.1158288304566071,0.22506860028293926,0.30877916223936924,0.7600291422840283,0.459785611037766,0.30877916223936924,0.43835526578693,0.490770218838042,0.484457740772266,0.43835526578693,0.4736611869401166,0.47281658363308865,0.4391321645160142,0.4515679304402128,0.308741763657823,0.43835526578693,0.5199791729679609,-1.0490912309999634,1.6077988876162386,0.28076949259843537
MB-3459,180.0,False,-0.5274897569051397,-0.39522797395005593,-0.49856788608696717,-0.7702088650423848,-0.7189348086520639,-0.7227467265758195,-0.7705863323272695,-0.7189348086520639,-0.7227467265758195,-0.7705863323272695,-0.718893201008486,-0.7227467265758195,-0.7903572335261875,-0.7470285496653812,-0.7227467265758193,-0.7702088650423848,-0.7245955242070273,-0.7227467265758195,1.146626967509505,0.7149354045688833,-0.2233288441794942
MB-3462,180.0,False,-0.5339038505200504,-0.681651265916671,-0.638601261002554,-1.3305049356336358,-1.1533247714530352,-1.0845661421987154,-1.3305049356336358,-1.227202646661095,-1.0845661421987154,-1.1693466358182545,-1.227202646661095,-1.0845661421987154,-1.2154917107857264,-1.253340700974906,-1.0845661421987156,-1.330742768034503,-1.2143827043375268,-1.0845661421987154,1.0680774398324595,-0.4175352949596159,0.384285843261079
MB-3466,180.0,False,-0.42310772967052146,-0.359639322760809,-0.21744219036533663,-0.7450803485728137,-0.7998064365169607,-0.8742629863099461,-0.7962722419911742,-0.8049686351743591,-0.9240121891132955,-0.7962722419911742,-1.0059512697582327,-1.03016983453533,-0.6563127747682785,-0.8049686351743595,-1.0744778171715847,-0.7450803485728137,-0.8265621703632358,-0.995884638970423,0.3320386078520851,0.2651800248488781,-0.8283509853404322
MB-3467,38.8,True,0.029928183268097985,0.08382588037534205,-0.17031583551195062,-0.7395809861728629,-0.21993509600732883,-0.5655162376256154,-0.42638882586523774,-0.16972929863571662,-0.5655162376256154,-0.42638882586523774,-0.5390074020522199,-0.6314913979014227,-0.6215392517339001,-0.16972929863571473,-0.5806398958152791,-0.7237871655374734,-0.39049050136405217,-0.5655162376256154,-0.8021701501599596,0.02287781804493067,0.6273813419491036
MB-3479,180.0,False,-0.0620685267334207,-0.11012989685603737,-0.04158018357746418,-0.09280997281941122,-0.09959780536841037,-0.0011693685739743442,-0.13682111310421718,-0.13789028786650734,-0.0011693685739743442,-0.13682111310421718,-0.13789028786650734,-0.03659621447149075,-0.13721063295661068,-0.12323133719045196,-0.03889379443968723,0.19286102902408525,0.0844471879952646,-0.0011693685739743442,-0.1308026415658544,-0.23233902994495106,0.4669249482525825
MB-3487,180.0,False,-0.41946727578726695,-0.07794360216101315,-0.18191394013516837,-1.0463744039843996,-0.47135370547396666,-0.9832208706486167,-1.0540786889191565,-0.4592346575588071,-1.141416956807271,-1.0540786889191565,-0.5850332696951671,-0.9983256599204419,-1.0999587430596456,-0.5847305468851651,-1.1174398606223663,-1.0463744039843996,-0.44655312182050844,-1.141416956807271,-0.29776047979893233,-0.1987812329949336,-0.4123042751157769
MB-3488,27.4666666666667,True,0.07678792738826867,-0.011634077831525397,-0.1252135132990836,-0.30418594199584786,-0.5924268775568766,-0.6152827137298641,-0.29616666926213653,-0.5867449763243554,-0.6152827137298641,-0.29616666926213653,-0.3759684360835576,-0.5402360993122127,-0.33409976046744705,-0.5867449763243545,-0.576603270679782,-0.30418594199584786,-0.43781024777775457,-0.6152827137298641,-0.34497334609531666,0.14420930347298908,-1.219476167503311
MB-3492,118.133333333333,True,-0.05117411771164772,-0.03885129342288876,-0.11298207223330377,-0.16177191722664178,-0.6774803169772189,-0.10220677691816857,-0.1839221906389313,-0.15557677389748364,-0.10220677691816857,-0.1839221156033771,-0.15557677389748364,-0.10220677691816857,-0.1390803994582828,-0.15099081046916557,-0.10220677691816825,-0.37751406811050164,-0.15557677389748364,-0.10220677691816857,-2.506069837315632,0.43418114048221673,1.520064360242507
MB-3502,180.0,False,0.20904703757035362,0.08773789929032406,0.12533376615771918,0.3126344580332816,0.33606410580574064,0.11541086457943993,0.3052526331024959,0.21546356853123097,0.11541086457943993,0.3052526331024959,0.21546356853123097,0.06659296589235109,0.27114136208255324,0.20910745221082006,0.05398884010276311,0.3126344580332818,0.21546356853123097,0.11541086457943993,-0.857926385962197,-0.8848818751587286,0.09420101341934806
MB-3510,59.6,True,-0.2572160694743389,-0.1382104154665059,-0.20181074556436912,-0.30717070131434115,-0.040463006404027835,-0.08131483425012737,-0.30717070131434115,-0.2939696320592133,-0.2211522040826326,-0.33906425043601385,-0.2939696320592133,0.0933708071267207,-0.38229151237738934,-0.2945524505577981,-0.22775865356191977,-0.30710650908211984,-0.2939696320592133,-0.2211522040826326,-0.19010887568223522,-0.009387661996193952,3.051264990379793
MB-3525,180.0,False,0.2848286658139586,0.23051566867208953,0.18151237967916534,0.2159005015536923,0.2002860441330509,0.05645535948869699,0.2159005015536925,0.2002860441330509,0.06796908014472766,0.2159005015536925,0.20030286276222947,0.20343235552858005,0.21590025508623464,0.24579417254566327,0.20894167414427803,0.21602942212613024,0.20420445659442937,0.24713858992927154,1.5164277898120941,-1.5223550219450055,-0.6534090705331795
MB-3526,86.0666666666667,True,0.01594995277602432,0.022912180753068133,-0.01736185409755442,-0.19864875239223836,-0.08973950970371958,-0.14452710138491298,-0.152309408477869,-0.18145699054243464,-0.11055969950038089,-0.152309408477869,-0.18145699054243464,-0.10723421020386109,-0.2127351176855839,-0.18184506855175214,-0.13544617116299593,-0.12049645442060726,-0.18145699054243464,-0.04029422811212435,0.16074305913174441,0.26079549928020807,0.8528430151794992
MB-3528,113.666666666667,False,0.34229295062357457,0.44451052096578325,0.30680548919319006,1.1117473816293055,1.0415397897950323,0.7200962582859255,1.406686898270465,1.1091901261046755,0.6624955833832123,1.406686898270465,0.731010128208109,0.7048320755069051,1.1735454085153798,1.1091901261046764,0.6809611714243085,1.1347248101010783,1.0824314022562302,0.8322496786496166,1.4008882862628078,0.6235994757813844,-0.4342191613258609
MB-3536,86.2333333333333,True,-0.24264026289290208,-0.22626948936459051,-0.28563441694403924,-0.6147840824074245,-0.9512006561715104,-0.6981533400000731,-0.6147840824074249,-0.9512006561715104,-0.6981533400000731,-0.6147840824074249,-0.9511267503551102,-0.6172976700877901,-0.6147847816781662,-0.9788796017103838,-0.6738242797912766,-0.6018547011808558,-0.886626567396672,-0.6981533400000731,-0.39370690875944603,0.1639548383598068,0.25366805322113894
MB-3567,180.0,False,-0.0022043697355352138,0.061597398392858674,0.04711721922925677,-0.013087086330487135,0.3586970625958809,0.18163083791720605,-0.01308708633048724,0.43213769372775407,0.03207544692291943,-0.01308708633048724,0.35178735513771003,0.219940971772175,-0.013089282992203476,0.2980970420578991,-0.031258645486564374,-0.016234353984585795,0.19573379935996266,0.03207544692291943,-0.2526885812478079,0.28585315191874305,0.8333912121455666
MB-3576,24.8666666666667,True,-0.07090228545704531,-0.175237869556575,-0.1575680621549974,-0.535403145260269,-0.9224001260388308,-0.5420694111854866,-0.6756915627432387,-0.9224001260388308,-0.5420694111854866,-0.6756915627432387,-0.9222289128424203,-0.5420694111854866,-0.6055419641911445,-0.9067366389192056,-0.5420694111854861,-0.551348836169631,-0.9137336592763167,-0.5420694111854866,-3.899421730054339,0.5899431035596658,-0.7993078114412265
MB-3600,180.0,False,-0.18077417565802245,-0.13878387994277208,-0.34788331332745737,-0.4051738158778092,-0.3506253822903568,-0.22265658775568176,-0.3722920472491714,-0.3847203072567999,-0.22737153011791508,-0.3722920472491714,-0.33624947438612707,-0.22827967523611434,-0.36414287429265435,-0.3169372023443022,-0.22326973602438835,-0.41800475913289675,-0.3388005202904729,-0.21461909670093463,0.463330339207019,-0.6651008442169998,-0.10009046486167383
MB-3606,110.633333333333,False,0.6949631133083547,0.5006871753113389,0.7493782918542424,1.2916811228232712,1.1533086085791622,1.5223999386830478,1.2916811228232707,1.1050008107236011,1.4780490105621504,1.2916811228232707,1.2496833862250916,1.4693444246015501,1.2916825593269086,1.105000810723602,1.4958897046288842,1.2888698454769478,1.2255749330664498,1.5378837066772961,0.5470956613393337,-0.239048859324589,0.1609415933976301
MB-3614,180.0,False,0.05789693872456875,0.07602372216483866,0.11790975791868612,0.16111345587449993,0.2914471914673487,0.24793842552150364,0.16984300409139658,0.2914471914673487,0.24793842552150364,0.16984300409139658,0.29143983675733703,0.24290186180670345,0.15953549646063367,0.3517774987691897,0.2552581838153231,0.16111345587449993,0.2918159659649714,0.24793842552150364,1.763759069559374,0.5109220438157845,0.11348010352709692
MB-3702,180.0,False,-0.12971464252530943,-0.017924372820236706,-0.0645417825921952,-0.3769760006288882,-0.18275238065518346,-0.22225610462095363,-0.36908283995900165,-0.16138873736950424,-0.32896023222093207,-0.36908288013023927,-0.30696469973502744,-0.46207089762422865,-0.40063417316329136,-0.249470513568581,-0.3806415099414889,-0.3224938296760346,-0.19266085134076322,-0.32896023222093207,-0.48676121079282914,1.001885734729143,0.5964510286999168
MB-3707,180.0,False,0.12580817438184594,0.18822416558717087,0.11285523079540374,0.24700124089521133,0.24174298570254563,0.09081134248008399,0.35296134279114955,0.29827318370697886,0.18474802434653378,0.35296134279114955,0.04155714494903429,-0.13795126425379664,0.24643368072883456,0.2982731837069783,0.12275867818970085,0.0337618291714369,0.11030631589016085,0.18474802434653378,0.09415415619704649,0.39492140134525255,1.0255631696971512
MB-3711,180.0,False,-0.6786830766116716,-0.3224411504868535,-0.9294564603533232,-1.542508603483795,-1.7466565982107383,-1.5714115199580474,-1.5334458072467816,-1.5903392598097197,-1.5714115199580474,-1.533445809580066,-1.5903392598097197,-1.5996178693466947,-1.5284635053889848,-1.588989494085463,-1.5938560691167183,-1.608732918320013,-1.5903392598097197,-1.5714115199580474,-0.7055279547210833,2.552859422355194,0.8336283388549325
MB-3752,75.3333333333333,True,-0.18385093644110795,-0.12710637685237972,-0.06906507412521032,-0.41005942663777356,-0.4444467580525367,-0.44288374451780543,-0.41005942663777356,-0.43521972284516464,-0.45617030230486555,-0.41005942663777356,-0.5477276741162875,-0.4523340622634143,-0.4100618780159327,-0.4352197228451648,-0.5231218259240203,-0.41496857866198394,-0.4887609338166719,-0.4839056998419538,-1.1762570649202813,-0.09136057218487154,0.26301255606830115
MB-3754,92.7333333333333,True,-0.29457913600175634,-0.17102691636095704,-0.10154954067616676,-0.7791636473012274,-0.7075284560304262,-0.738891827492378,-0.7791636473012272,-0.6772432112163845,-0.7467553449780935,-0.7791636473012272,-0.7425761056695884,-0.7095708244207695,-0.7791699830055361,-0.6772432112163851,-0.7031217459358541,-0.7778170082052881,-0.7336193235601746,-0.6963809515315611,-0.7131079667369583,0.9996604293548461,-0.34737294742823766
MB-3781,180.0,False,-0.5847902589289974,-0.5374958313176694,-0.37992705166726465,-1.3246875666130926,-1.1566352216737135,-1.0923159589699438,-1.3246875666130926,-1.1566352216737135,-1.1849197701998209,-1.3381015163403314,-1.1565502763660027,-1.1388440848223724,-1.375848235981241,-1.173482853994986,-1.2024671962918196,-1.3249335592140914,-1.1638327638466839,-1.1849197701998209,-0.3449985240857874,1.266727678250083,-1.1296835823802003
MB-3797,180.0,False,-0.13449217589288187,-0.061705193332369145,-0.03509009934636344,-0.051864151569303185,-0.13250058561960593,0.06425499452439339,-0.05186415156930304,-0.11158855857113976,0.06425499452439339,-0.05186415156930304,-0.11158855857113976,0.09829621309221094,-0.051866054207032115,-0.10924820409872046,0.09857597631156562,-0.051270792821749005,-0.11158855857113976,0.06425499452439339,1.3554380286698136,-0.13376984634177783,-0.7354984590489994
MB-3823,180.0,False,-0.3828635909120047,-0.5759030070399197,-0.6299574915022003,-0.8374951561564372,-1.1370557996519284,-1.1281626166974208,-0.8379152228080796,-1.1003388044297793,-1.1249405392508787,-0.8379152546424605,-1.1003388044297793,-1.1281421713371544,-0.8406087310678977,-1.094069538870778,-1.1306319176621968,-0.8639647593448061,-1.1212943970578066,-1.1450545445156215,0.0022116025733781067,-0.8205128822027424,-0.5285487871678283
MB-3824,126.466666666667,True,-0.4077801391762086,-0.15563866693015654,-0.4591508087703859,-0.9907361994710413,-0.701382059101747,-0.7813582527162992,-0.9907361994710413,-0.8334586469715417,-0.7813582527162992,-0.9304898310385945,-0.8334586469715417,-0.7813582527162992,-0.9502097874479583,-0.8354811249503611,-0.7813582527162989,-0.9909822682231998,-0.8334586469715417,-0.7813582527162992,-0.7905448096678757,-1.1826029275271916,0.6827140633050368
MB-3978,100.866666666667,True,0.2981582777840846,0.08490516894883685,0.14731693909756866,0.5251840520554566,0.48243856155299225,0.5708715761173501,0.5251840520554566,0.4234744344979854,0.5783040804216624,0.5251840520554566,0.4234744344979854,0.4436447417824453,0.5251853247834213,0.41965750228947085,0.41171766087992406,0.5420591251037602,0.4234744344979854,0.741808121052597,0.14187782824173303,0.16227699982917104,-0.3636101787076367
